file,category,description,quest,version,original_file_date,wayback_capture,original_url,wayback_url,source_page,bytes,sha1,note,previous_file
A Fairy Tale Part II - Cure a Queen/July-11-2006-a-fairy-tale-part-ii-cure-a-queen-quest-completion-img126.imageshack.us.gif,official game: quest scroll,,A Fairy Tale Part II - Cure a Queen,new-style,2006-07-11,20060911190611,http://img126.imageshack.us/img126/8058/ftp2reward9qo.gif,https://web.archive.org/web/20060911190611/http://img126.imageshack.us/img126/8058/ftp2reward9qo.gif,,746166,e33a006ed298c2ae4933c205e84233d9edacac97,"New-style scroll in a client screenshot, Quest Points 183.",
A Fairy Tale Part II - Cure a Queen/July-11-2006-a-fairy-tale-part-ii-cure-a-queen-quest-completion-runehq.com.gif,official game: quest scroll,,A Fairy Tale Part II - Cure a Queen,new-style,2006-07-11,20071107075919,http://www.runehq.com/image/quests/p2p/afairytaleparttwo/qc.gif,https://web.archive.org/web/20071107075919/http://www.runehq.com/image/quests/p2p/afairytaleparttwo/qc.gif,,24657,7e2693ab2788dcc54c6b60698b7a05b41b674177,runehq.com guide image found by the 2001-2005 fansite scan; guide page: Rune Headquarters :.:.: Your unfair Runescape advantage (https://web.archive.org/web/20061020235655/http://www.runehq.com/RHQQuestsView.php?id=00750%3FEnglish=true),
A Fairy Tale Part II - Cure a Queen/July-13-2006-a-fairy-tale-part-ii-cure-a-queen-quest-completion-runescape.salmoneus.net.png,official game: quest scroll,,A Fairy Tale Part II - Cure a Queen,,2006-07-13,20060821082308,http://www.runescape.salmoneus.net:80/quests/CureAQueen/complete.png,https://web.archive.org/web/20060821082308/http://www.runescape.salmoneus.net:80/quests/CureAQueen/complete.png,,37303,40552049b55ff57f9d0f5f1f468bf0e5e93df815,auto-detected,Quest Completion Scrolls\Other Quests - new style (2005-06)\file dated 2006-07-13 - runescape.salmoneus.net - CureAQueen - complete.png
A Soul's Bane/April-3-2006-a-souls-bane-quest-completion-runehq.com.gif,official game: quest scroll,,A Soul's Bane,,2006-04-03,20060524062701,http://runehq.com:80/image/quests/p2p/asoulsbane/qc.gif,https://web.archive.org/web/20060524062701/http://runehq.com:80/image/quests/p2p/asoulsbane/qc.gif,,24035,73b1d5a8d748b777f6d9bcb2b872d54c1bd5abc4,auto-detected,Quest Completion Scrolls\Other Quests - new style (2005-06)\file dated 2006-04-03 - runehq.com - asoulsbane - qc.gif
A Tail of Two Cats/October-19-2005-a-tail-of-two-cats-quest-completion-runehq.com.gif,official game: quest scroll,,A Tail of Two Cats,,2005-10-19,20060523023729,http://www.runehq.com:80/images/quests/memberquests/atailoftwocats/questcomplete.gif,https://web.archive.org/web/20060523023729/http://www.runehq.com:80/images/quests/memberquests/atailoftwocats/questcomplete.gif,,22306,2af78a309b01547aafe7a050dafb0a05baf3e485,auto-detected,Quest Completion Scrolls\Other Quests - new style (2005-06)\file dated 2005-10-19 - runehq.com - atailoftwocats - questcomplete.gif
A Tail of Two Cats/September-26-2005-a-tail-of-two-cats-quest-completion-img304.imageshack.us.jpg,official game: quest scroll,,A Tail of Two Cats,,2005-09-26,20051216121206,http://img304.imageshack.us/img304/1259/twocats9ox.jpg,https://web.archive.org/web/20051216121206/http://img304.imageshack.us/img304/1259/twocats9ox.jpg,,34577,1cd8dc9e29df40a442eaa67078b0b9ab92e71d92,auto-detected,Quest Completion Scrolls\Other Quests - new style (2005-06)\file dated 2005-09-26 - img304.imageshack.us - twocats9ox.jpg
Animal Magnetism/December-12-2006-animal-magnetism-quest-completion-img72.imageshack.us.png,official game: quest scroll,,Animal Magnetism,new-style,2006-12-12,20070219083544,http://img72.imageshack.us:80/img72/782/animalrewardng1.png,https://web.archive.org/web/20070219083544/http://img72.imageshack.us:80/img72/782/animalrewardng1.png,,202081,4979458446e2119d13c492ef53660ee194376c4c,New-style scroll in a client screenshot.,
Between a Rock/March-21-2005-between-a-rock-quest-completion-img82.exs.cx.png,official game: quest scroll,,Between a Rock,,2005-03-21,20051016112703,http://img82.exs.cx:80/img82/15/questreward6ky.png,https://web.archive.org/web/20051016112703/http://img82.exs.cx:80/img82/15/questreward6ky.png,,34676,ccc5452153d5a3b5015fd8227ee2eb9a399debc3,auto-detected,Quest Completion Scrolls\Other Quests - new style (2005-06)\file dated 2005-03-21 - img82.exs.cx - questreward6ky.png
Between a Rock/March-26-2005-between-a-rock-quest-completion-runeweb.net.png,official game: quest scroll,,Between a Rock,,2005-03-26,20060114015553,http://www.runeweb.net:80/Roth/B-a-rock/quest-complete.PNG,https://web.archive.org/web/20060114015553/http://www.runeweb.net:80/Roth/B-a-rock/quest-complete.PNG,,38513,67e01b15d7c6ab5d563074d5b3de3c7016f22838,auto-detected,Quest Completion Scrolls\Other Quests - new style (2005-06)\file dated 2005-03-26 - runeweb.net - B-a-rock - quest-complete.PNG
Between a Rock/November-18-2005-between-a-rock-quest-completion-runescape.salmoneus.net.png,official game: quest scroll,,Between a Rock,,2005-11-18,20060502034858,http://runescape.salmoneus.net:80/quests/BetweenRock/betweenrockcomplt.png,https://web.archive.org/web/20060502034858/http://runescape.salmoneus.net:80/quests/BetweenRock/betweenrockcomplt.png,,23855,801e9ecf8622d2e1bddfb665d43a2ca7f1e787e4,auto-detected,Quest Completion Scrolls\Other Quests - new style (2005-06)\file dated 2005-11-18 - runescape.salmoneus.net - BetweenRock - betweenrockcomplt.png
Between a Rock/October-19-2005-between-a-rock-quest-completion-runehq.com.gif,official game: quest scroll,,Between a Rock,,2005-10-19,20060524184335,http://runehq.com:80/images/quests/memberquests/betweenarock/qc.gif,https://web.archive.org/web/20060524184335/http://runehq.com:80/images/quests/memberquests/betweenarock/qc.gif,,25269,2323133195b449790c5c5d1bb29138271325396e,auto-detected,Quest Completion Scrolls\Other Quests - new style (2005-06)\file dated 2005-10-19 - runehq.com - betweenarock - qc.gif
Big Chompy Bird Hunting/June-9-2004-big-chompy-bird-hunting-quest-completion-koti.mbnet.fi.jpg,official game: quest scroll,,Big Chompy Bird Hunting,"2004-05 old-style, full client",2004-06-09,20050122210411,http://koti.mbnet.fi:80/kuukke/data/bigchompybird.JPG,https://web.archive.org/web/20050122210411/http://koti.mbnet.fi:80/kuukke/data/bigchompybird.JPG,,82807,23e746db3f3d149346c85f7a7eea956b5e791fee,"Finnish player screenshot folder koti.mbnet.fi/kuukke, found by the ISP-homepage folder ranking",
Big Chompy Bird Hunting/May-11-2005-big-chompy-bird-hunting-quest-completion-runeweb.net.png,official game: quest scroll,,Big Chompy Bird Hunting,,2005-05-11,20060113200242,http://www.runeweb.net:80/fireball/chompyreward.PNG,https://web.archive.org/web/20060113200242/http://www.runeweb.net:80/fireball/chompyreward.PNG,,40184,35b1af5b425284f7d16e273f05f58d164c8c6371,auto-detected,Quest Completion Scrolls\Other Quests - new style (2005-06)\file dated 2005-05-11 - runeweb.net - fireball - chompyreward.PNG
Big Chompy Bird Hunting/May-18-2004-big-chompy-bird-hunting-quest-completion-koti.mbnet.fi.jpg,official game: quest scroll,,Big Chompy Bird Hunting,"2004 old-style, scroll crop (Total Points 115)",2004-05-18,20040903081833,http://koti.mbnet.fi:80/kuukke/data/UusiQuesti.JPG,https://web.archive.org/web/20040903081833/http://koti.mbnet.fi:80/kuukke/data/UusiQuesti.JPG,,21833,ee43d51b4db926860425c5afecbc63569d350bf4,"Finnish player screenshot folder on koti.mbnet.fi, found by the ISP-homepage folder ranking",
Big Chompy Bird Hunting/November-12-2005-big-chompy-bird-hunting-quest-completion-runehq.com.gif,official game: quest scroll,,Big Chompy Bird Hunting,,2005-11-12,20060525003140,http://runehq.com:80/images/quests/memberquests/chompyquestcompleted.gif,https://web.archive.org/web/20060525003140/http://runehq.com:80/images/quests/memberquests/chompyquestcompleted.gif,,26384,3ee8bb979eaca72bdac981db7dad2b1675357777,auto-detected,Quest Completion Scrolls\Other Quests - new style (2005-06)\file dated 2005-11-12 - runehq.com - chompyquestcompleted.gif
Big Chompy Bird Hunting/November-18-2005-big-chompy-bird-hunting-quest-completion-runescape.salmoneus.net.png,official game: quest scroll,,Big Chompy Bird Hunting,,2005-11-18,20060502060200,http://runescape.salmoneus.net:80/quests/ChompyBird/chompycomplt.png,https://web.archive.org/web/20060502060200/http://runescape.salmoneus.net:80/quests/ChompyBird/chompycomplt.png,,21093,3e68048daaa354ebe36881f52e079337472b7612,auto-detected,Quest Completion Scrolls\Other Quests - old style (2004)\file dated 2005-11-18 - runescape.salmoneus.net - ChompyBird - chompycomplt.png
Big Chompy Bird Hunting/September-29-2005-big-chompy-bird-hunting-quest-completion-runehq.net.gif,official game: quest scroll,,Big Chompy Bird Hunting,,2005-09-29,20060406053221,http://runehq.net/images/quests/memberquests/chumpyquest.gif,https://web.archive.org/web/20060406053221/http://runehq.net/images/quests/memberquests/chumpyquest.gif,,22056,d75038adb388979771add2fa61aedc1522bd3a53,auto-detected,Quest Completion Scrolls\Other Quests - old style (2004)\file dated 2005-09-29 - runehq.net - chumpyquest.gif
Biohazard/August-31-2004-biohazard-quest-completion-runescape.salmoneus.net.png,official game: quest scroll,,Biohazard,,2004-08-31,20040923233732,http://runescape.salmoneus.net:80/quests/Biohazard/biohazardcomplt.png,https://web.archive.org/web/20040923233732/http://runescape.salmoneus.net:80/quests/Biohazard/biohazardcomplt.png,,30891,624dae1debea0657b7397912dde5ebfda765a8e8,auto-detected,Quest Completion Scrolls\Other Quests - old style (2004)\file dated 2004-08-31 - runescape.salmoneus.net - Biohazard - biohazardcomplt.png
Biohazard/December-6-2005-biohazard-quest-completion-runehq.com.gif,official game: quest scroll,,Biohazard,,2005-12-06,20060523015239,http://www.runehq.com:80/images/quests/Biohazard/biohazardreward.gif,https://web.archive.org/web/20060523015239/http://www.runehq.com:80/images/quests/Biohazard/biohazardreward.gif,,24171,9ba96233c355a669b96a31b59ab8ccbd46a5da0d,auto-detected,Quest Completion Scrolls\Other Quests - new style (2005-06)\file dated 2005-12-06 - runehq.com - Biohazard - biohazardreward.gif
Biohazard/March-9-2005-biohazard-quest-completion-runeweb.net.png,official game: quest scroll,,Biohazard,,2005-03-09,20060114005023,http://www.runeweb.net:80/fireball/Biohazard%20Images/biohazard19.PNG,https://web.archive.org/web/20060114005023/http://www.runeweb.net:80/fireball/Biohazard%20Images/biohazard19.PNG,,114964,2e0e34fbcf6727af0f6bf4cc93fdb2038a1de769,auto-detected,Quest Completion Scrolls\Other Quests - old style (2004)\file dated 2005-03-09 - runeweb.net - Biohazard Images - biohazard19.PNG
Black Knights' Fortress/August-14-2004-black-knights-fortress-quest-completion-runescape.salmoneus.net.png,official game: quest scroll,,Black Knights' Fortress,,2004-08-14,20040821082950,http://runescape.salmoneus.net:80/quests/KnightFortress/knightfortcomplt.png,https://web.archive.org/web/20040821082950/http://runescape.salmoneus.net:80/quests/KnightFortress/knightfortcomplt.png,,29680,fa4efaf788d4c14da4ee3b6d0dff446390bf2106,auto-detected,Quest Completion Scrolls\Other Quests - old style (2004)\file dated 2004-08-14 - runescape.salmoneus.net - KnightFortress - knightfortcomplt.png
Black Knights' Fortress/August-3-2006-black-knights-fortress-quest-completion-runehq.com.gif,official game: quest scroll,,Black Knights' Fortress,new-style,2006-08-03,20071107051313,http://www.runehq.com/image/quests/f2p/black_knight/qc.gif,https://web.archive.org/web/20071107051313/http://www.runehq.com/image/quests/f2p/black_knight/qc.gif,,25596,2528e55a4b3bd53b77f2099460265c392471cce5,runehq.com guide image found by the 2001-2005 fansite scan; guide page: Rune Headquarters :.:.: Your unfair Runescape advantage (https://web.archive.org/web/20061021001411/http://www.runehq.com/RHQQuestsView.php?id=00154%3FEnglish=true),
Black Knights' Fortress/December-9-2004-black-knights-fortress-quest-completion-img105.exs.cx.png,official game: quest scroll,,Black Knights' Fortress,,2004-12-09,20050302000512,http://img105.exs.cx:80/img105/4412/complete5mr.png,https://web.archive.org/web/20050302000512/http://img105.exs.cx:80/img105/4412/complete5mr.png,,54832,65265f607cda4ce1abc05d8d61629f809d86e28e,auto-detected,Quest Completion Scrolls\Other Quests - old style (2004)\file dated 2004-12-09 - img105.exs.cx - complete5mr.png
Black Knights' Fortress/July-26-2005-black-knights-fortress-quest-completion-img1.zybez.net.gif,official game: quest scroll,,Black Knights' Fortress,,2005-07-26,20070211155008,http://img1.zybez.net:80/img/qimg/blackknight/scroll.gif,https://web.archive.org/web/20070211155008/http://img1.zybez.net:80/img/qimg/blackknight/scroll.gif,,23276,a26b69aba7e98854225e72c8db31a6e7058751fb,auto-detected,Quest Completion Scrolls\Other Quests - new style (2005-06)\file dated 2005-07-26 - img1.zybez.net - blackknight - scroll.gif
Black Knights' Fortress/March-6-2006-black-knights-fortress-quest-completion-runeweb.net.png,official game: quest scroll,,Black Knights' Fortress,,2006-03-06,20060521113259,http://www.runeweb.net:80/images/content/119/bkfort.png,https://web.archive.org/web/20060521113259/http://www.runeweb.net:80/images/content/119/bkfort.png,,58699,f9754a580f4cf7b3bb72425458c948178332e4d7,auto-detected,Quest Completion Scrolls\Other Quests - new style (2005-06)\file dated 2006-03-06 - runeweb.net - bkfort.png
Cabin Fever/February-25-2006-cabin-fever-quest-completion-img1.zybez.net.gif,official game: quest scroll,,Cabin Fever,,2006-02-25,20070301130754,http://img1.zybez.net:80/img/qimg/cabinfever/scroll.gif,https://web.archive.org/web/20070301130754/http://img1.zybez.net:80/img/qimg/cabinfever/scroll.gif,,24071,622b4137c269770316dcb0ddb1504319b8cfd06c,auto-detected,Quest Completion Scrolls\Other Quests - new style (2005-06)\file dated 2006-02-25 - img1.zybez.net - cabinfever - scroll.gif
Cabin Fever/February-7-2006-cabin-fever-quest-completion-runehq.com.gif,official game: quest scroll,,Cabin Fever,,2006-02-07,20060518183528,http://runehq.com:80/images/quests/memberquests/cabinfever/qc.gif,https://web.archive.org/web/20060518183528/http://runehq.com:80/images/quests/memberquests/cabinfever/qc.gif,,24514,e3f5854eea5d60b2b03f6b3e5a71391211123df6,auto-detected,Quest Completion Scrolls\Other Quests - new style (2005-06)\file dated 2006-02-07 - runehq.com - cabinfever - qc.gif
Cabin Fever/February-8-2006-cabin-fever-quest-completion-runescape.salmoneus.net.png,official game: quest scroll,,Cabin Fever,,2006-02-08,20060502051511,http://runescape.salmoneus.net:80/quests/CabinFever/cabincomplt.png,https://web.archive.org/web/20060502051511/http://runescape.salmoneus.net:80/quests/CabinFever/cabincomplt.png,,30910,459c96162978c3b9fda27eac0682df230dcebfb7,auto-detected,Quest Completion Scrolls\Other Quests - new style (2005-06)\file dated 2006-02-08 - runescape.salmoneus.net - CabinFever - cabincomplt.png
Clock Tower/July-13-2006-clock-tower-quest-completion-img162.imageshack.us.jpg,official game: quest scroll,,Clock Tower,new-style,2006-07-13,20090829061835,http://img162.imageshack.us/img162/581/clocktower129ib.jpg,https://web.archive.org/web/20090829061835/http://img162.imageshack.us/img162/581/clocktower129ib.jpg,,11750,0932b47d5172bec737d4d0ee893605abb7797e55,"New-style scroll in a client screenshot, 1 Quest Point and 500 coins.",
Clock Tower/March-9-2005-clock-tower-quest-completion-runeweb.net.png,official game: quest scroll,,Clock Tower,,2005-03-09,20060113175553,http://www.runeweb.net:80/fireball/Clock%20Tower%20Images/ClockTower6.PNG,https://web.archive.org/web/20060113175553/http://www.runeweb.net:80/fireball/Clock%20Tower%20Images/ClockTower6.PNG,,85555,5d61c3d9462548bce4daaa6f2a6c9effd0d9aaf8,auto-detected,Quest Completion Scrolls\Other Quests - old style (2004)\file dated 2005-03-09 - runeweb.net - Clock Tower Images - ClockTower6.PNG
Clock Tower/May-17-2006-clock-tower-quest-completion-runehq.com.gif,official game: quest scroll,,Clock Tower,,2006-05-17,20071107104402,http://runehq.com/images/quests/memberquests/clocktowercomplete.gif,https://web.archive.org/web/20071107104402/http://runehq.com/images/quests/memberquests/clocktowercomplete.gif,,25587,7465570e5040175c5a1d99fa1d0c70e125355628,auto-detected,Quest Completion Scrolls\Other Quests - new style (2005-06)\file dated 2006-05-17 - runehq.com - clocktowercomplete.gif
Clock Tower/November-18-2005-clock-tower-quest-completion-runescape.salmoneus.net.png,official game: quest scroll,,Clock Tower,,2005-11-18,20060502012840,http://runescape.salmoneus.net:80/quests/ClockTower/clocktowercomplt.png,https://web.archive.org/web/20060502012840/http://runescape.salmoneus.net:80/quests/ClockTower/clocktowercomplt.png,,16399,795cc76a4087cf917399b70dae39c85c721b837f,auto-detected,Quest Completion Scrolls\Other Quests - new style (2005-06)\file dated 2005-11-18 - runescape.salmoneus.net - ClockTower - clocktowercomplt.png
Cook's Assistant/July-6-2005-cooks-assistant-quest-completion-runeweb.net.jpg,official game: quest scroll,,Cook's Assistant,,2005-07-06,20051223215937,http://runeweb.net:80/makoto/CookComplete.jpg,https://web.archive.org/web/20051223215937/http://runeweb.net:80/makoto/CookComplete.jpg,,37499,b96e1ec3b4cd8597d3e0f2854e151f03387cb2ba,auto-detected,Quest Completion Scrolls\Other Quests - new style (2005-06)\file dated 2005-07-06 - runeweb.net - makoto - CookComplete.jpg
Cook's Assistant/June-16-2004-cooks-assistant-quest-completion-img22.imageshack.us.png,official game: quest scroll,,Cook's Assistant,,2004-06-16,20041129051200,http://img22.imageshack.us/img22/2766/Finished.png,https://web.archive.org/web/20041129051200/http://img22.imageshack.us/img22/2766/Finished.png,,74513,a7ae64734c588c8ee79a21c9a073d6ff3c3cb87a,auto-detected,Quest Completion Scrolls\Other Quests - old style (2004)\file dated 2004-06-16 - img22.imageshack.us - Finished.png
Cook's Assistant/June-27-2004-cooks-assistant-quest-completion-img38.imageshack.us.jpg,official game: quest scroll,,Cook's Assistant,old-style,2004-06-27,20040924193127,http://img38.imageshack.us:80/img38/4750/cook9.jpg,https://web.archive.org/web/20040924193127/http://img38.imageshack.us:80/img38/4750/cook9.jpg,,26149,7cf84206a164e628870e57d351da9fde5b7cd803,"Old-style (2004) scroll (""the Cooks' Quest""), Total Points 1.",
Cook's Assistant/November-18-2005-cooks-assistant-quest-completion-runescape.salmoneus.net.png,official game: quest scroll,,Cook's Assistant,,2005-11-18,20060516000633,http://runescape.salmoneus.net:80/quests/CookAssistant/cookquestcomplt.png,https://web.archive.org/web/20060516000633/http://runescape.salmoneus.net:80/quests/CookAssistant/cookquestcomplt.png,,36015,95271c63aed66b666877747b84c564548ef4b1f4,auto-detected,Quest Completion Scrolls\Other Quests - old style (2004)\file dated 2005-11-18 - runescape.salmoneus.net - CookAssistant - cookquestcomplt.png
Cook's Assistant/November-29-2005-cooks-assistant-quest-completion-runehq.com.png,official game: quest scroll,,Cook's Assistant,,2005-11-29,20070331110127,http://runehq.com/images/quests/Cooks_Assistant/cooksassistantpic4hn.png,https://web.archive.org/web/20070331110127/http://runehq.com/images/quests/Cooks_Assistant/cooksassistantpic4hn.png,,29832,2cfa3aeac5535298024a8957e8e080ff1193b4b0,auto-detected,Quest Completion Scrolls\Other Quests - new style (2005-06)\file dated 2005-11-29 - runehq.com - Cooks_Assistant - cooksassistantpic4hn.png
Cook's Assistant/September-2-2006-cook-s-assistant-quest-completion-www.runehq.com.gif,official game: quest scroll,,Cook's Assistant,,2006-09-02,20071107225533,http://www.runehq.com/image/quests/f2p/cooks_assistant/caquestcomplete.gif,https://web.archive.org/web/20071107225533/http://www.runehq.com/image/quests/f2p/cooks_assistant/caquestcomplete.gif,,25532,8a77f2f3d77e08879b0ae9608115b353c70e38af,"RuneHQ quest-guide image. Found by the 2026-10 manual-check re-scan (CLIP ranking, verified by eye).",
Creature of Fenkenstrain/April-15-2006-creature-of-fenkenstrain-quest-completion-img153.imageshack.us.png,official game: quest scroll,,Creature of Fenkenstrain,new-style,2006-04-15,20060515214953,http://img153.imageshack.us:80/img153/6476/questdone0rk.png,https://web.archive.org/web/20060515214953/http://img153.imageshack.us:80/img153/6476/questdone0rk.png,,25745,335564d22dd03a8bf30df309cc15fd511744f6e9,"New-style scroll, Quest Points 62.",
Creature of Fenkenstrain/January-2-2007-creature-of-fenkenstrain-quest-completion-img167.imageshack.us.gif,official game: quest scroll,,Creature of Fenkenstrain,new-style,2007-01-02,20070119073503,http://img167.imageshack.us:80/img167/588/quest02zy5.gif,https://web.archive.org/web/20070119073503/http://img167.imageshack.us:80/img167/588/quest02zy5.gif,,28554,cafa57eb1e7e054c863f3e77615b7bf466d769e3,New-style scroll on a black background.,
Creature of Fenkenstrain/July-6-2005-creature-of-fenkenstrain-quest-completion-zybez.net.gif,official game: quest scroll,,Creature of Fenkenstrain,,2005-07-06,20070421223634,http://www.zybez.net/img/qimg/creaturefrank/scroll.gif,https://web.archive.org/web/20070421223634/http://www.zybez.net/img/qimg/creaturefrank/scroll.gif,,21025,9ba7c1ebd339f3a22db5940e0a265c0e3fa4f900,auto-detected,Quest Completion Scrolls\Other Quests - new style (2005-06)\file dated 2005-07-06 - zybez.net - creaturefrank - scroll.gif
Creature of Fenkenstrain/March-9-2005-creature-of-fenkenstrain-quest-completion-runeweb.net.png,official game: quest scroll,,Creature of Fenkenstrain,,2005-03-09,20060113201633,http://www.runeweb.net:80/Roth/Creature_Quest/13.PNG,https://web.archive.org/web/20060113201633/http://www.runeweb.net:80/Roth/Creature_Quest/13.PNG,,47367,14d667a193cc2355ae4d61d609ca7732b3eb7b6a,auto-detected,Quest Completion Scrolls\Other Quests - new style (2005-06)\file dated 2005-03-09 - runeweb.net - Creature_Quest - 13.PNG
Creature of Fenkenstrain/November-18-2005-creature-of-fenkenstrain-quest-completion-runescape.salmoneus.net.png,official game: quest scroll,,Creature of Fenkenstrain,,2005-11-18,20060502051651,http://runescape.salmoneus.net:80/quests/Fenkenstrain/creaturefenkcomplt.png,https://web.archive.org/web/20060502051651/http://runescape.salmoneus.net:80/quests/Fenkenstrain/creaturefenkcomplt.png,,28335,c2ad1fa3827c2777d864ae6143d46e1c5a5ac7bd,auto-detected,Quest Completion Scrolls\Other Quests - new style (2005-06)\file dated 2005-11-18 - runescape.salmoneus.net - Fenkenstrain - creaturefenkcomplt.png
Creature of Fenkenstrain/October-19-2005-creature-of-fenkenstrain-quest-completion-runehq.com.gif,official game: quest scroll,,Creature of Fenkenstrain,,2005-10-19,20060519034440,http://runehq.com:80/images/quests/memberquests/questcomplete2gm.gif,https://web.archive.org/web/20060519034440/http://runehq.com:80/images/quests/memberquests/questcomplete2gm.gif,,23285,5d95d0c065d0fa70eddf898950a26f6697ad429e,auto-detected,Quest Completion Scrolls\Other Quests - new style (2005-06)\file dated 2005-10-19 - runehq.com - questcomplete2gm.gif
Darkness of Hallowvale/September-7-2006-darkness-of-hallowvale-quest-completion-runehq.com.gif,official game: quest scroll,,Darkness of Hallowvale,new-style,2006-09-07,20071107181135,http://www.runehq.com/image/quests/p2p/darknessofhallowvale/qc.gif,https://web.archive.org/web/20071107181135/http://www.runehq.com/image/quests/p2p/darknessofhallowvale/qc.gif,,28496,a07e4b52bc548dd0da151e5c084b7c8d9ad7ee24,runehq.com guide image found by the 2001-2005 fansite scan; guide page: Rune Headquarters :.:.: Your unfair Runescape advantage (https://web.archive.org/web/20061020234530/http://www.runehq.com/RHQQuestsView.php?id=00768),
Death Plateau/November-18-2005-death-plateau-quest-completion-runescape.salmoneus.net.png,official game: quest scroll,,Death Plateau,,2005-11-18,20060221103023,http://runescape.salmoneus.net:80/quests/DeathPlateau/dethplatcomplt.png,https://web.archive.org/web/20060221103023/http://runescape.salmoneus.net:80/quests/DeathPlateau/dethplatcomplt.png,,23338,4ebc6a9ae71b3ac7d51aebaabcb70878d2e13a8e,auto-detected,Quest Completion Scrolls\Other Quests - old style (2004)\file dated 2005-11-18 - runescape.salmoneus.net - DeathPlateau - dethplatcomplt.png
Death Plateau/September-1-2004-death-plateau-quest-completion-runehq.com.gif,official game: quest scroll,,Death Plateau,,2004-09-01,20050228150344,http://runehq.com:80/images/quests/memberquests/deathplateau_complete.gif,http://web.archive.org/web/20050228150344/http://runehq.com:80/images/quests/memberquests/deathplateau_complete.gif,,23384,618dd0cbc606fb0e79913ab81fa4030a85b8f823,auto-detected,Quest Completion Scrolls\Other Quests - old style (2004)\file dated 2004-09-01 - runehq.com - deathplateau_complete.gif
Death to the Dorgeshuun/June-21-2006-death-to-the-dorgeshuun-quest-completion-runehq.com.gif,official game: quest scroll,,Death to the Dorgeshuun,new-style,2006-06-21,20071107101653,http://runehq.com:80/image/quests/p2p/deathtothedorgeshuun/qc.gif,https://web.archive.org/web/20071107101653/http://runehq.com:80/image/quests/p2p/deathtothedorgeshuun/qc.gif,,25372,bd8eb70cd86672bfbc3e13aa1b9150d247e0c8de,RuneHQ guide image found by the 2001-2005 fansite scan; guide page: Rune Headquarters :.:.: Your unfair Runescape advantage (https://web.archive.org/web/20060703101708/http://runehq.com:80/RHQQuestsView.php?id=00734),
Death to the Dorgeshuun/June-24-2006-death-to-the-dorgeshuun-quest-completion-runescape.salmoneus.net.png,official game: quest scroll,,Death to the Dorgeshuun,,2006-06-24,20060821084339,http://www.runescape.salmoneus.net:80/quests/DeathToDorgeshuun/complete.png,https://web.archive.org/web/20060821084339/http://www.runescape.salmoneus.net:80/quests/DeathToDorgeshuun/complete.png,,27023,2d6f1d75a3c0b47c00cebe45edd58e7ebfc6127f,auto-detected,Quest Completion Scrolls\Other Quests - new style (2005-06)\file dated 2006-06-24 - runescape.salmoneus.net - DeathToDorgeshuun - complete.png
Demon Slayer/August-19-2004-demon-slayer-quest-completion-runescape.salmoneus.net.png,official game: quest scroll,,Demon Slayer,,2004-08-19,20040901034614,http://runescape.salmoneus.net:80/quests/DemonSlayer/demonslaycomplt.png,https://web.archive.org/web/20040901034614/http://runescape.salmoneus.net:80/quests/DemonSlayer/demonslaycomplt.png,,27034,eaef75c1a451c2511a58d3094b7107cda85049d2,auto-detected,Quest Completion Scrolls\Other Quests - old style (2004)\file dated 2004-08-19 - runescape.salmoneus.net - DemonSlayer - demonslaycomplt.png
Demon Slayer/August-4-2006-demon-slayer-quest-completion-runehq.com.gif,official game: quest scroll,,Demon Slayer,new-style,2006-08-04,20070801080901,http://www.runehq.com/image/quests/f2p/demon_slayer/qc.gif,https://web.archive.org/web/20070801080901/http://www.runehq.com/image/quests/f2p/demon_slayer/qc.gif,,21914,076cfdc3858f4bdb6114ee5a8fce1ff5af93128d,runehq.com guide image found by the 2001-2005 fansite scan; guide page: Rune Headquarters :.:.: Your unfair Runescape advantage (https://web.archive.org/web/20061021001352/http://www.runehq.com/RHQQuestsView.php?id=00181%3FEnglish=true),
Demon Slayer/February-7-2004-demon-slayer-quest-completion-koti.mbnet.fi.jpg,official game: quest scroll,,Demon Slayer,"2004-05 old-style, full client",2004-02-07,20050128134659,http://koti.mbnet.fi:80/kuukke/data/deamoni.JPG,https://web.archive.org/web/20050128134659/http://koti.mbnet.fi:80/kuukke/data/deamoni.JPG,,24710,e48355834267a47358ed6140e8b4168b51c732ea,"Finnish player screenshot folder koti.mbnet.fi/kuukke, found by the ISP-homepage folder ranking",
Demon Slayer/July-2-2005-demon-slayer-quest-completion-runeweb.net.gif,official game: quest scroll,,Demon Slayer,,2005-07-02,20051224001621,http://runeweb.net:80/rathofdoom/quests/demonslayer/complete.gif,https://web.archive.org/web/20051224001621/http://runeweb.net:80/rathofdoom/quests/demonslayer/complete.gif,,46093,185677e6de6b3420f5ef8bf880d9eb8c38d29a7e,auto-detected,Quest Completion Scrolls\Other Quests - new style (2005-06)\file dated 2005-07-02 - runeweb.net - demonslayer - complete.gif
Demon Slayer/July-5-2005-demon-slayer-quest-completion-img1.zybez.net.gif,official game: quest scroll,,Demon Slayer,,2005-07-05,20070211154928,http://img1.zybez.net:80/img/qimg/demonslayer/scroll.gif,https://web.archive.org/web/20070211154928/http://img1.zybez.net:80/img/qimg/demonslayer/scroll.gif,,23479,e76397cb022a597de0dfb6c8d9f1b5ae34fb67ab,auto-detected,Quest Completion Scrolls\Other Quests - new style (2005-06)\file dated 2005-07-05 - img1.zybez.net - demonslayer - scroll.gif
Desert Treasure/April-21-2005-desert-treasure-quest-completion-runeweb.net.png,official game: quest scroll,,Desert Treasure,,2005-04-21,20060114014438,http://www.runeweb.net:80/Roth/Desert_Treasure/25.png,https://web.archive.org/web/20060114014438/http://www.runeweb.net:80/Roth/Desert_Treasure/25.png,,20657,25fcf62d022b0256c8614ab02d1da1d1111834ea,auto-detected,Quest Completion Scrolls\Other Quests - new style (2005-06)\file dated 2005-04-21 - runeweb.net - Desert_Treasure - 25.png
Desert Treasure/February-1-2006-desert-treasure-quest-completion-runehq.com.gif,official game: quest scroll,,Desert Treasure,,2006-02-01,20060523072331,http://www.runehq.com:80/images/quests/memberquests/desert_treasure/questfinish.gif,https://web.archive.org/web/20060523072331/http://www.runehq.com:80/images/quests/memberquests/desert_treasure/questfinish.gif,,23965,ae847f2f6f0176c88aa820bcd8b425073b6623d6,auto-detected,Quest Completion Scrolls\Other Quests - new style (2005-06)\file dated 2006-02-01 - runehq.com - desert_treasure - questfinish.gif
Desert Treasure/June-24-2006-desert-treasure-quest-completion-img226.imageshack.us.png,official game: quest scroll,,Desert Treasure,new-style,2006-06-24,20060717224247,http://img226.imageshack.us:80/img226/5654/dtfinished4nc.png,https://web.archive.org/web/20060717224247/http://img226.imageshack.us:80/img226/5654/dtfinished4nc.png,,167791,9c851f31b62bc0c246b29bf77f3cab001d88f35f,"New-style scroll in a full client screenshot, Quest Points 56, chat ""Gratz on dt!!"".",
Desert Treasure/June-27-2006-desert-treasure-quest-completion-img139.imageshack.us.png,official game: quest scroll,,Desert Treasure,new-style,2006-06-27,20060714061414,http://img139.imageshack.us:80/img139/9369/deserttreasureowned22pl.png,https://web.archive.org/web/20060714061414/http://img139.imageshack.us:80/img139/9369/deserttreasureowned22pl.png,,31861,e93d4007fe21ee0bb700ce0fb3e7103fc8408ffd,"New-style scroll, Quest Points 126.",
Desert Treasure/May-24-2005-desert-treasure-quest-completion-runevillage.com.gif,official game: quest scroll,,Desert Treasure,,2005-05-24,20060106135921,http://runevillage.com:80/images/rsDesert36.gif,https://web.archive.org/web/20060106135921/http://runevillage.com:80/images/rsDesert36.gif,,24130,dc57c87b2bf10044c85c8aa5257a3f4623740705,auto-detected,Quest Completion Scrolls\Other Quests - new style (2005-06)\file dated 2005-05-24 - runevillage.com - rsDesert36.gif
Desert Treasure/November-18-2005-desert-treasure-quest-completion-runescape.salmoneus.net.png,official game: quest scroll,,Desert Treasure,,2005-11-18,20060503092146,http://runescape.salmoneus.net:80/quests/DesertTreasure/deserttreasurecomplt.png,https://web.archive.org/web/20060503092146/http://runescape.salmoneus.net:80/quests/DesertTreasure/deserttreasurecomplt.png,,24398,940666121aae83e1de423227e1a0a4e2fff2d3d7,auto-detected,Quest Completion Scrolls\Other Quests - new style (2005-06)\file dated 2005-11-18 - runescape.salmoneus.net - DesertTreasure - deserttreasurecomplt.png
Desert Treasure/November-19-2005-desert-treasure-quest-completion-img507.imageshack.us.png,official game: quest scroll,,Desert Treasure,new-style,2005-11-19,20070205172126,http://img507.imageshack.us:80/img507/5066/deserttreasurequest8ry.png,https://web.archive.org/web/20070205172126/http://img507.imageshack.us:80/img507/5066/deserttreasurequest8ry.png,,69022,2d67ffc6bda4688cd279f7f771efb17f96db8241,New-style scroll in a client screenshot.,
Desert Treasure/October-1-2005-desert-treasure-quest-completion-koti.mbnet.fi.png,official game: quest scroll,,Desert Treasure,"2005 new-style, full client",2005-10-01,20051112091642,http://koti.mbnet.fi:80/toni2/data/desert%20treasure%20done.PNG,https://web.archive.org/web/20051112091642/http://koti.mbnet.fi:80/toni2/data/desert%20treasure%20done.PNG,,121735,f4713d8fadd71a6361427cfd18e41e22c1d80180,"Finnish player screenshot folder on koti.mbnet.fi, found by the ISP-homepage folder ranking",
Desert Treasure/October-18-2005-desert-treasure-quest-completion-brad.rsbandb.com.jpg,official game: quest scroll,,Desert Treasure,,2005-10-18,20060904050045,http://brad.rsbandb.com:80/wp-content/thumb-QuestComplete.JPG,https://web.archive.org/web/20060904050045/http://brad.rsbandb.com:80/wp-content/thumb-QuestComplete.JPG,,19989,03177afc3e3f16595184e029d1c3ca650b871abf,auto-detected,Quest Completion Scrolls\Other Quests - new style (2005-06)\file dated 2005-10-18 - brad.rsbandb.com - wp-content - thumb-QuestComplete.JPG
Desert Treasure/October-19-2005-desert-treasure-quest-completion-runehq.com.jpg,official game: quest scroll,,Desert Treasure,new-style,2005-10-19,20110918041306,http://runehq.com:80/images/quests/memberquests/desert_treasure/reward.jpg,https://web.archive.org/web/20110918041306/http://runehq.com:80/images/quests/memberquests/desert_treasure/reward.jpg,,37353,9cf036e943a9a1a0c675cec8491a9b5768ad1d09,RuneHQ guide image found by the 2001-2005 fansite scan (file date 19 Oct 2005 is RuneHQ's server-migration date); guide page: Rune Headquarters :.:.: Your unfair Runescape advantage (https://web.archive.org/web/20051105010341/http://runehq.com:80/RHQQuestsView.php?id=00480),
Devious Minds/December-19-2005-devious-minds-quest-completion-img1.zybez.net.gif,official game: quest scroll,,Devious Minds,,2005-12-19,20070211224508,http://img1.zybez.net:80/img/qimg/deviousmind/scroll.gif,https://web.archive.org/web/20070211224508/http://img1.zybez.net:80/img/qimg/deviousmind/scroll.gif,,20234,4582e2247a9de8c6e77de82998c64a71299eed6f,auto-detected,Quest Completion Scrolls\Other Quests - new style (2005-06)\file dated 2005-12-19 - img1.zybez.net - deviousmind - scroll.gif
Devious Minds/December-19-2005-devious-minds-quest-completion-runehq.com.gif,official game: quest scroll,,Devious Minds,,2005-12-19,20060524092857,http://runehq.com:80/images/quests/memberquests/deviousminds/qc.gif,https://web.archive.org/web/20060524092857/http://runehq.com:80/images/quests/memberquests/deviousminds/qc.gif,,24964,d74a5afd5fe74d9641b3fae45a6f47b1be6b6eeb,auto-detected,Quest Completion Scrolls\Other Quests - new style (2005-06)\file dated 2005-12-19 - runehq.com - deviousminds - qc.gif
Devious Minds/December-21-2005-devious-minds-quest-completion-runescape.salmoneus.net.jpg,official game: quest scroll,,Devious Minds,,2005-12-21,20060430212511,http://runescape.salmoneus.net:80/quests/DeviousMinds/deviouscomplt.jpg,https://web.archive.org/web/20060430212511/http://runescape.salmoneus.net:80/quests/DeviousMinds/deviouscomplt.jpg,,26107,29e67c694a838adffa8f24e228ce4c534c63e13c,auto-detected,Quest Completion Scrolls\Other Quests - new style (2005-06)\file dated 2005-12-21 - runescape.salmoneus.net - DeviousMinds - deviouscomplt.jpg
Devious Minds/January-19-2006-devious-minds-quest-completion-runevillage.com.gif,official game: quest scroll,,Devious Minds,,2006-01-19,20060505222245,http://runevillage.com:80/images/rs2Quests/rsDevious8.gif,https://web.archive.org/web/20060505222245/http://runevillage.com:80/images/rs2Quests/rsDevious8.gif,,22574,4827cd5531ec37bf593961866b5f99dd8f1e6fe7,auto-detected,Quest Completion Scrolls\Other Quests - new style (2005-06)\file dated 2006-01-19 - runevillage.com - rsDevious8.gif
Devious Minds/September-1-2006-devious-minds-quest-completion-runehq.com.gif,official game: quest scroll,,Devious Minds,new-style,2006-09-01,20070226093739,http://www.runehq.com/image/quests/p2p/deviousminds/dmquestcomplete.gif,https://web.archive.org/web/20070226093739/http://www.runehq.com/image/quests/p2p/deviousminds/dmquestcomplete.gif,,30163,85b379be52cfdc19afea2681247252898e42c8e2,runehq.com guide image found by the 2001-2005 fansite scan; guide page: Rune Headquarters :.:.: Your unfair Runescape advantage (https://web.archive.org/web/20061021000017/http://www.runehq.com/RHQQuestsView.php?id=00639%3FEnglish=true),
Doric's Quest/April-2-2005-dorics-quest-quest-completion-runeweb.net.png,official game: quest scroll,,Doric's Quest,,2005-04-02,20060113190211,http://www.runeweb.net:80/Roth/Misc/dorics-complete.PNG,https://web.archive.org/web/20060113190211/http://www.runeweb.net:80/Roth/Misc/dorics-complete.PNG,,45573,92c872f6476421b6da140a1777e2956e7989bf2a,auto-detected,Quest Completion Scrolls\Other Quests - old style (2004)\file dated 2005-04-02 - runeweb.net - Misc - dorics-complete.PNG
Doric's Quest/May-29-2006-dorics-quest-quest-completion-img509.imageshack.us.jpg,official game: quest scroll,,Doric's Quest,new-style,2006-05-29,20091027201454,http://img509.imageshack.us/img509/3488/reward4lv.jpg,https://web.archive.org/web/20091027201454/http://img509.imageshack.us/img509/3488/reward4lv.jpg,,18444,bd916f72f8cd2608bbff9ae8bd488c000478049a,"New-style scroll, Quest Points 1.",
Doric's Quest/November-18-2005-dorics-quest-quest-completion-runescape.salmoneus.net.png,official game: quest scroll,,Doric's Quest,,2005-11-18,20060509162047,http://www.runescape.salmoneus.net:80/quests/DoricQuest/doricquestcomplt.png,https://web.archive.org/web/20060509162047/http://www.runescape.salmoneus.net:80/quests/DoricQuest/doricquestcomplt.png,,32248,d68337cb3bc2fd2ad72742f2ac9fd28e0b5604cf,auto-detected,Quest Completion Scrolls\Other Quests - old style (2004)\file dated 2005-11-18 - runescape.salmoneus.net - DoricQuest - doricquestcomplt.png
Doric's Quest/September-2-2006-dorics-quest-quest-completion-runehq.com.gif,official game: quest scroll,,Doric's Quest,new-style,2006-09-02,20071107074416,http://www.runehq.com/image/quests/f2p/doric/questcomplete.gif,https://web.archive.org/web/20071107074416/http://www.runehq.com/image/quests/f2p/doric/questcomplete.gif,,48954,1dd12106c89ca9e8bdb36a9c8be8da8e3dfd79da,runehq.com guide image found by the 2001-2005 fansite scan; guide page: Rune Headquarters :.:.: Your unfair Runescape advantage (https://web.archive.org/web/20061021001325/http://www.runehq.com/RHQQuestsView.php?id=00165%3FEnglish=true),
Dragon Slayer/July-10-2004-dragon-slayer-quest-completion-img21.exs.cx.png,official game: quest scroll,,Dragon Slayer,,2004-07-10,20051219024333,http://img21.exs.cx:80/img21/6161/RewardScroll.png,https://web.archive.org/web/20051219024333/http://img21.exs.cx:80/img21/6161/RewardScroll.png,,46689,f49188e20cb2d047f5b268e854d989a508796bcf,auto-detected,Quest Completion Scrolls\Other Quests - old style (2004)\file dated 2004-07-10 - img21.exs.cx - RewardScroll.png
Dragon Slayer/July-2006-dragon-slayer-quest-completion-youtube-axEBudfxx9s.png,official game: quest scroll,"Frame grab of the quest complete scroll from the YouTube video ""lvl 35 finishing d slayer"" uploaded by hieko (July 2006). Recorded on Jagex's real game.",Dragon Slayer,"new-style (YouTube frame grab, real game)",2006-07,,https://www.youtube.com/watch?v=axEBudfxx9s&t=117s,,,202500,1f8ecf60eccde24136ceb9add0e75d8be6ff44d0,"Upload date, not recording date.",
Dragon Slayer/July-27-2006-dragon-slayer-quest-completion-img1.zybez.net.gif,official game: quest scroll,,Dragon Slayer,,2006-07-27,20070211224429,http://img1.zybez.net:80/img/qimg/dragslayer/scroll.gif,https://web.archive.org/web/20070211224429/http://img1.zybez.net:80/img/qimg/dragslayer/scroll.gif,,25217,a45670594b16af81706889a9e935a91f026d9919,auto-detected,Quest Completion Scrolls\Other Quests - new style (2005-06)\file dated 2006-07-27 - img1.zybez.net - dragslayer - scroll.gif
Dragon Slayer/July-5-2005-dragon-slayer-quest-completion-runeweb.net.gif,official game: quest scroll,,Dragon Slayer,,2005-07-05,20051223234926,http://runeweb.net:80/rathofdoom/quests/dragonslayer/19.gif,https://web.archive.org/web/20051223234926/http://runeweb.net:80/rathofdoom/quests/dragonslayer/19.gif,,46942,8b3f90c6d8dcead4e9373a1f725b27851afa964c,auto-detected,Quest Completion Scrolls\Other Quests - new style (2005-06)\file dated 2005-07-05 - runeweb.net - dragonslayer - 19.gif
Dragon Slayer/November-18-2005-dragon-slayer-quest-completion-runescape.salmoneus.net.png,official game: quest scroll,,Dragon Slayer,,2005-11-18,20051210123145,http://runescape.salmoneus.net:80/quests/DragonSlayer/dragslaycomplt.png,https://web.archive.org/web/20051210123145/http://runescape.salmoneus.net:80/quests/DragonSlayer/dragslaycomplt.png,,28784,cb7e11602a86ee03bd6c73b3aeddd569ad2ed935,auto-detected,Quest Completion Scrolls\Other Quests - old style (2004)\file dated 2005-11-18 - runescape.salmoneus.net - DragonSlayer - dragslaycomplt.png
Druidic Ritual/July-21-2006-druidic-ritual-quest-completion-youtube.com.jpg,official game: quest scroll,,Druidic Ritual,2006 new-style (YouTube frame grab),2006-07-21,,https://www.youtube.com/watch?v=n8RIbXtW5V4&t=357s,https://www.youtube.com/watch?v=n8RIbXtW5V4&t=357s,,58375,,"Frame at 5:57 of the video ""druidic ritual"" uploaded by tyrell444 on 21 Jul 2006 (HyperCam recording, 640x480).",Quest Completion Scrolls\Target Quests\Druidic Ritual\2006 new-style (YouTube frame grab) - uploaded 2006-07-21 - youtube.com - n8RIbXtW5V4 @5m57s.jpg
Druidic Ritual/May-17-2006-druidic-ritual-quest-completion-runehq.com.png,official game: quest scroll,,Druidic Ritual,new-style,2006-05-17,20120418071444,http://www.runehq.com/images/quests/memberquests/druidicritualcomplete.png,https://web.archive.org/web/20120418071444/http://www.runehq.com/images/quests/memberquests/druidicritualcomplete.png,,15504,963964e14e2073ff3dbe214e9fe7aae3084c226a,runehq.com guide image found by the 2001-2005 fansite scan; guide page: Rune Headquarters :.:.: Your unfair Runescape advantage (https://web.archive.org/web/20061020235212/http://www.runehq.com/RHQQuestsView.php?id=00185%3FEnglish=true),
Druidic Ritual/May-22-2008-druidic-ritual-quest-completion-youtube-Ik3L46NaTb8.png,official game: quest scroll,"Frame grab of the quest complete scroll from the YouTube video ""how to do druidic ritual as a lvl 3."" uploaded by davidtheretard (2008-05-22). Recorded on Jagex's real game.",Druidic Ritual,"new-style (YouTube frame grab, real game)",2008-05-22,,https://www.youtube.com/watch?v=Ik3L46NaTb8&t=371s,,,192219,b6462fbed831c936876e2f4cece690e2da879101,"Upload date, not recording date.",
Dwarf Cannon/March-9-2005-dwarf-cannon-quest-completion-runeweb.net.png,official game: quest scroll,,Dwarf Cannon,,2005-03-09,20060114035457,http://www.runeweb.net:80/fireball/Dwarf%20Cannon%20Images/DwarfCannon12.PNG,https://web.archive.org/web/20060114035457/http://www.runeweb.net:80/fireball/Dwarf%20Cannon%20Images/DwarfCannon12.PNG,,67605,1c79ec9f7cc79c187c43c86511a700c5104d8986,auto-detected,Quest Completion Scrolls\Other Quests - old style (2004)\file dated 2005-03-09 - runeweb.net - Dwarf Cannon Images - DwarfCannon12.PNG
Dwarf Cannon/November-18-2005-dwarf-cannon-quest-completion-runescape.salmoneus.net.png,official game: quest scroll,,Dwarf Cannon,,2005-11-18,20060221102859,http://runescape.salmoneus.net:80/quests/DwarfCannon/cannoncomplt.png,https://web.archive.org/web/20060221102859/http://runescape.salmoneus.net:80/quests/DwarfCannon/cannoncomplt.png,,27495,2b19c298c862701758013907a5f9022c7ef57212,auto-detected,Quest Completion Scrolls\Other Quests - old style (2004)\file dated 2005-11-18 - runescape.salmoneus.net - DwarfCannon - cannoncomplt.png
Dwarf Cannon/October-19-2005-dwarf-cannon-quest-completion-runehq.com.jpg,official game: quest scroll,,Dwarf Cannon,,2005-10-19,20060524062536,http://runehq.com:80/images/guidedb/dwarfcannon2.jpg,https://web.archive.org/web/20060524062536/http://runehq.com:80/images/guidedb/dwarfcannon2.jpg,,30977,426a1fac13ba26f99d8c695a9fcf3b0afa0395cc,auto-detected,Quest Completion Scrolls\Other Quests - new style (2005-06)\file dated 2005-10-19 - runehq.com - guidedb - dwarfcannon2.jpg
Eadgar's Ruse/May-11-2005-eadgars-ruse-quest-completion-runeweb.net.png,official game: quest scroll,,Eadgar's Ruse,,2005-05-11,20060114031251,http://www.runeweb.net:80/fireball/Eadgars%20Ruse%20Images/Eadgar19.PNG,https://web.archive.org/web/20060114031251/http://www.runeweb.net:80/fireball/Eadgars%20Ruse%20Images/Eadgar19.PNG,,77082,360904ad77753b0dc38666df9a69138bcd126212,auto-detected,Quest Completion Scrolls\Other Quests - new style (2005-06)\file dated 2005-05-11 - runeweb.net - Eadgars Ruse Images - Eadgar19.PNG
Eadgar's Ruse/November-18-2005-eadgars-ruse-quest-completion-runescape.salmoneus.net.png,official game: quest scroll,,Eadgar's Ruse,,2005-11-18,20051228165643,http://runescape.salmoneus.net:80/quests/EadgarsRuse/eadgarcomplt.png,https://web.archive.org/web/20051228165643/http://runescape.salmoneus.net:80/quests/EadgarsRuse/eadgarcomplt.png,,30756,5e786cf3c6d75580e45d564c9edfd1851cdd0f16,auto-detected,Quest Completion Scrolls\Other Quests - new style (2005-06)\file dated 2005-11-18 - runescape.salmoneus.net - EadgarsRuse - eadgarcomplt.png
Eadgar's Ruse/October-7-2004-eadgars-ruse-quest-completion-runehq.com.png,official game: quest scroll,,Eadgar's Ruse,,2004-10-07,20050916124611,http://www.runehq.com/images/quests/memberquests/Complete.png,http://web.archive.org/web/20050916124611/http://www.runehq.com/images/quests/memberquests/Complete.png,,24007,9d78ba02cc9a534b8f8885e9b9127370572d0a24,auto-detected,Quest Completion Scrolls\Other Quests - new style (2005-06)\file dated 2004-10-07 - runehq.com - Complete.png
Eagles' Peak/November-28-2006-eagles-peak-quest-completion-runehq.com.gif,official game: quest scroll,,Eagles' Peak,new-style,2006-11-28,20071107225218,http://www.runehq.com:80/image/quests/p2p/eaglespeak/qc.gif,https://web.archive.org/web/20071107225218/http://www.runehq.com:80/image/quests/p2p/eaglespeak/qc.gif,,28883,c0bf5770e2371f7cee1a5055ae1dc765b69d203c,runehq.com guide image found by the 2001-2005 fansite scan; guide page: Rune Headquarters :.:.: Your unfair Runescape advantage (https://web.archive.org/web/20061205072528/http://www.runehq.com:80/RHQQuestsView.php?id=00840?English=true),
Elemental Workshop II/October-2-2006-elemental-workshop-ii-quest-completion-runehq.com.gif,official game: quest scroll,,Elemental Workshop II,new-style,2006-10-02,20071107050719,http://www.runehq.com/image/quests/p2p/elementalworkshopii/qc.gif,https://web.archive.org/web/20071107050719/http://www.runehq.com/image/quests/p2p/elementalworkshopii/qc.gif,,28717,5a0d5e2c80139a3d4f4ea96d565a9e12b50f2194,runehq.com guide image found by the 2001-2005 fansite scan; guide page: Rune Headquarters :.:.: Your unfair Runescape advantage (https://web.archive.org/web/20061020235331/http://www.runehq.com/RHQQuestsView.php?id=00802%3FEnglish=true),
Elemental Workshop/July-5-2004-elemental-workshop-quest-completion-runescape.informare.ro.jpg,official game: quest scroll,,Elemental Workshop,,2004-07-05,20041127154525,http://runescape.informare.ro:80/Rs2/Img-quest/cert-elemental.JPG,https://web.archive.org/web/20041127154525/http://runescape.informare.ro:80/Rs2/Img-quest/cert-elemental.JPG,,35443,f337628a1aae65f6e76de27fb041f41dcbd9a699,auto-detected,Quest Completion Scrolls\Other Quests - thumbnails\file dated 2004-07-05 - runescape.informare.ro - Img-quest - cert-elemental.JPG
Elemental Workshop/July-7-2005-elemental-workshop-quest-completion-runeweb.net.png,official game: quest scroll,,Elemental Workshop,,2005-07-07,20051224001507,http://runeweb.net:80/rathofdoom/quests/elementalworkshop/5.png,https://web.archive.org/web/20051224001507/http://runeweb.net:80/rathofdoom/quests/elementalworkshop/5.png,,83858,a02ea20662b3e9960677085a64bd3a6272655dfc,auto-detected,Quest Completion Scrolls\Other Quests - old style (2004)\file dated 2005-07-07 - runeweb.net - elementalworkshop - 5.png
Elemental Workshop/June-2-2004-elemental-workshop-quest-completion-koti.mbnet.fi.jpg,official game: quest scroll,,Elemental Workshop,"2004-05 old-style, full client",2004-06-02,20050113044448,http://koti.mbnet.fi:80/kuukke/data/elemental_valmis.JPG,https://web.archive.org/web/20050113044448/http://koti.mbnet.fi:80/kuukke/data/elemental_valmis.JPG,,87497,f147df9e788545b59326a234585e9414183b3236,"Finnish player screenshot folder koti.mbnet.fi/kuukke, found by the ISP-homepage folder ranking",
Elemental Workshop/June-4-2004-elemental-workshop-quest-completion-koti.mbnet.fi.jpg,official game: quest scroll,,Elemental Workshop,2004 old-style (Total Points 115),2004-06-04,20040617042907,http://koti.mbnet.fi:80/~timpat/kirja2/kuvat/050604.jpg,https://web.archive.org/web/20040617042907/http://koti.mbnet.fi:80/~timpat/kirja2/kuvat/050604.jpg,,33283,cec8b492e73ad3de3bc519fab0702438ea354ce2,"Finnish player screenshot folder koti.mbnet.fi/~timpat, found by the ISP-homepage folder ranking",
Elemental Workshop/November-18-2005-elemental-workshop-quest-completion-runescape.salmoneus.net.png,official game: quest scroll,,Elemental Workshop,,2005-11-18,20051222052942,http://runescape.salmoneus.net:80/quests/ElementWorkshop/elementshopcomplt.png,https://web.archive.org/web/20051222052942/http://runescape.salmoneus.net:80/quests/ElementWorkshop/elementshopcomplt.png,,28266,649d0207b85186a3e71d8f70feb5537aa379380b,auto-detected,Quest Completion Scrolls\Other Quests - old style (2004)\file dated 2005-11-18 - runescape.salmoneus.net - ElementWorkshop - elementshopcomplt.png
Elemental Workshop/October-19-2005-elemental-workshop-quest-completion-runehq.com.gif,official game: quest scroll,,Elemental Workshop,,2005-10-19,20060523134800,http://www.runehq.com:80/images/quests/Elemental_Workshop/elemworkdone.gif,https://web.archive.org/web/20060523134800/http://www.runehq.com:80/images/quests/Elemental_Workshop/elemworkdone.gif,,21637,3a520a98bd81a6033c46d66ee60a3da28b98e42d,auto-detected,Quest Completion Scrolls\Other Quests - old style (2004)\file dated 2005-10-19 - runehq.com - Elemental_Workshop - elemworkdone.gif
Elemental Workshop/October-24-2004-elemental-workshop-quest-completion-runecrypt.com.jpg,official game: quest scroll,,Elemental Workshop,,2004-10-24,20050226074718,http://www.runecrypt.com:80/images/quests/elemental_12.JPG,https://web.archive.org/web/20050226074718/http://www.runecrypt.com:80/images/quests/elemental_12.JPG,,27423,53fcf626d7f8a73e8a3f6fe94f844f41fee12416,auto-detected,Quest Completion Scrolls\Other Quests - old style (2004)\file dated 2004-10-24 - runecrypt.com - elemental_12.JPG
Elemental Workshop/October-6-2005-elemental-workshop-quest-completion-runevillage.com.gif,official game: quest scroll,,Elemental Workshop,,2005-10-06,20051215220530,http://runevillage.com:80/images/rsElemental10.gif,https://web.archive.org/web/20051215220530/http://runevillage.com:80/images/rsElemental10.gif,,27251,fd20ff0a9f5c4453bf4b0503a40384f5acb29476,auto-detected,Quest Completion Scrolls\Other Quests - old style (2004)\file dated 2005-10-06 - runevillage.com - rsElemental10.gif
Elemental Workshop/October-7-2004-elemental-workshop-quest-completion-img2.exs.cx.png,official game: quest scroll,,Elemental Workshop,,2004-10-07,20050128173402,http://img2.exs.cx:80/img2/6467/elementalcomplete.png,https://web.archive.org/web/20050128173402/http://img2.exs.cx:80/img2/6467/elementalcomplete.png,,50920,b3336bfade05b6e941ce7cb4dd1bf2b99b058618,auto-detected,Quest Completion Scrolls\Other Quests - old style (2004)\file dated 2004-10-07 - img2.exs.cx - elementalcomplete.png
Enakhra's Lament/January-23-2006-enakhras-lament-quest-completion-runehq.com.gif,official game: quest scroll,,Enakhra's Lament,,2006-01-23,20060524191230,http://runehq.com:80/images/quests/memberquests/enakhraslament/qc.gif,https://web.archive.org/web/20060524191230/http://runehq.com:80/images/quests/memberquests/enakhraslament/qc.gif,,25142,e8e6b6943aac9fc8afad36013e9bf817da779f4d,auto-detected,Quest Completion Scrolls\Other Quests - new style (2005-06)\file dated 2006-01-23 - runehq.com - enakhraslament - qc.gif
Enakhra's Lament/January-24-2006-enakhras-lament-quest-completion-runescape.salmoneus.net.png,official game: quest scroll,,Enakhra's Lament,,2006-01-24,20060210133434,http://www.runescape.salmoneus.net:80/quests/EnakhrasLament/lamentcomplt.png,https://web.archive.org/web/20060210133434/http://www.runescape.salmoneus.net:80/quests/EnakhrasLament/lamentcomplt.png,,22565,d2e7b14f880f7927b08a085bcb9b42fe0cde7a71,auto-detected,Quest Completion Scrolls\Other Quests - new style (2005-06)\file dated 2006-01-24 - runescape.salmoneus.net - EnakhrasLament - lamentcomplt.png
Ernest the Chicken/December-30-2005-ernest-the-chicken-quest-completion-runecrypt.com.gif,official game: quest scroll,,Ernest the Chicken,,2005-12-30,20060525000343,http://www.runecrypt.com:80/images/quests/ernest_the_chicken/ernest2.gif,https://web.archive.org/web/20060525000343/http://www.runecrypt.com:80/images/quests/ernest_the_chicken/ernest2.gif,,91204,155d0e41bc720f1d093a36d6077d1584c0dc797f,auto-detected,Quest Completion Scrolls\Other Quests - old style (2004)\file dated 2005-12-30 - runecrypt.com - ernest_the_chicken - ernest2.gif
Ernest the Chicken/February-6-2006-ernest-the-chicken-quest-completion-runehq.com.png,official game: quest scroll,,Ernest the Chicken,,2006-02-06,20060523032012,http://www.runehq.com:80/image/quests/f2p/ernest_the_chicken/ernestthechickenreward.png,https://web.archive.org/web/20060523032012/http://www.runehq.com:80/image/quests/f2p/ernest_the_chicken/ernestthechickenreward.png,,14246,d2f5888ef9871fa8da20a643eeb4a0b01abab78d,auto-detected,Quest Completion Scrolls\Other Quests - new style (2005-06)\file dated 2006-02-06 - runehq.com - ernest_the_chicken - ernestthechickenreward.png
Ernest the Chicken/July-4-2005-ernest-the-chicken-quest-completion-runeweb.net.gif,official game: quest scroll,,Ernest the Chicken,,2005-07-04,20051224001300,http://runeweb.net:80/rathofdoom/quests/earnestthechicken/9.gif,https://web.archive.org/web/20051224001300/http://runeweb.net:80/rathofdoom/quests/earnestthechicken/9.gif,,45321,31b762d518cb5881cfccf0b9b54df7cef1feb7d0,auto-detected,Quest Completion Scrolls\Other Quests - new style (2005-06)\file dated 2005-07-04 - runeweb.net - earnestthechicken - 9.gif
Ernest the Chicken/November-18-2005-ernest-the-chicken-quest-completion-runescape.salmoneus.net.png,official game: quest scroll,,Ernest the Chicken,,2005-11-18,20060502140230,http://runescape.salmoneus.net:80/quests/ErnestChicken/ernestchikncomplt.png,https://web.archive.org/web/20060502140230/http://runescape.salmoneus.net:80/quests/ErnestChicken/ernestchikncomplt.png,,36484,d8704835fa77174fb56f8858c4cd5782dcceadbe,auto-detected,Quest Completion Scrolls\Other Quests - old style (2004)\file dated 2005-11-18 - runescape.salmoneus.net - ErnestChicken - ernestchikncomplt.png
Ernest the Chicken/November-22-2005-ernest-the-chicken-quest-completion-runehq.com.gif,official game: quest scroll,,Ernest the Chicken,new-style,2005-11-22,20110919232033,http://runehq.com:80/images/quests/ernestthechickencomplete0qy.gif,https://web.archive.org/web/20110919232033/http://runehq.com:80/images/quests/ernestthechickencomplete0qy.gif,,23630,2f89beeae5b5825a3825e00e19d78b36c1df1315,RuneHQ guide image found by the 2001-2005 fansite scan; guide page: Rune Headquarters :.:.: Your unfair Runescape advantage (https://web.archive.org/web/20051204165204/http://runehq.com:80/RHQQuestsView.php?id=00168),
Ernest the Chicken/September-6-2006-ernest-the-chicken-quest-completion-runehq.com.gif,official game: quest scroll,,Ernest the Chicken,new-style,2006-09-06,20071107052025,http://www.runehq.com/image/quests/f2p/ernest_the_chicken/etcquestcompleted.gif,https://web.archive.org/web/20071107052025/http://www.runehq.com/image/quests/f2p/ernest_the_chicken/etcquestcompleted.gif,,27756,c21deecf085b69c86989e2751a15b7f0a0a63214,runehq.com guide image found by the 2001-2005 fansite scan; guide page: Rune Headquarters :.:.: Your unfair Runescape advantage (https://web.archive.org/web/20061021001340/http://www.runehq.com/RHQQuestsView.php?id=00168%3FEnglish=true),
Family Crest/July-5-2005-family-crest-quest-completion-img1.zybez.net.gif,official game: quest scroll,,Family Crest,,2005-07-05,20070211224108,http://img1.zybez.net:80/img/qimg/familycrest/scroll.gif,https://web.archive.org/web/20070211224108/http://img1.zybez.net:80/img/qimg/familycrest/scroll.gif,,24183,3644a23ebe5b360fbbc9a6f983244ac376ef6374,auto-detected,Quest Completion Scrolls\Other Quests - new style (2005-06)\file dated 2005-07-05 - img1.zybez.net - familycrest - scroll.gif
Family Crest/May-8-2004-family-crest-quest-completion-koti.mbnet.fi.jpg,official game: quest scroll,,Family Crest,"2004-05 old-style, full client",2004-05-08,20050128141522,http://koti.mbnet.fi:80/kuukke/data/familycresttehty.JPG,https://web.archive.org/web/20050128141522/http://koti.mbnet.fi:80/kuukke/data/familycresttehty.JPG,,82158,15c76263c332a284b7f590137b579176f6abf763,"Finnish player screenshot folder koti.mbnet.fi/kuukke, found by the ISP-homepage folder ranking",
Family Crest/November-18-2005-family-crest-quest-completion-runescape.salmoneus.net.png,official game: quest scroll,,Family Crest,,2005-11-18,20051218080605,http://runescape.salmoneus.net:80/quests/FamilyCrest/crestcomplt.png,https://web.archive.org/web/20051218080605/http://runescape.salmoneus.net:80/quests/FamilyCrest/crestcomplt.png,,40901,245b2e48b1aafb43bf5e504b4f3c12afaf708d01,auto-detected,Quest Completion Scrolls\Other Quests - old style (2004)\file dated 2005-11-18 - runescape.salmoneus.net - FamilyCrest - crestcomplt.png
Family Crest/November-29-2005-family-crest-quest-completion-runehq.com.gif,official game: quest scroll,,Family Crest,new-style,2005-11-29,20120319004436,http://runehq.com:80/images/quests/memberquests/familycrest/questfinished.gif,https://web.archive.org/web/20120319004436/http://runehq.com:80/images/quests/memberquests/familycrest/questfinished.gif,,24543,f07b365597c3cd28078f89790c484c9f4e0cb7e3,RuneHQ guide image found by the 2001-2005 fansite scan; guide page: Rune Headquarters :.:.: Your unfair Runescape advantage (https://web.archive.org/web/20060902130059/http://runehq.com:80/RHQQuestsView.php?id=00332?English=true),
Family Crest/October-28-2006-family-crest-quest-completion-img80.imageshack.us.png,official game: quest scroll,,Family Crest,new-style,2006-10-28,20070128001158,http://img80.imageshack.us:80/img80/5396/familycrestquestfg8.png,https://web.archive.org/web/20070128001158/http://img80.imageshack.us:80/img80/5396/familycrestquestfg8.png,,85250,21531166ed1f371afe76f06c4e468c1a3d978cec,New-style scroll in a client screenshot.,
Fight Arena/July-6-2005-fight-arena-quest-completion-runeweb.net.png,official game: quest scroll,,Fight Arena,2005 new-style (short reward list),2005-07-06,20051223232901,http://runeweb.net:80/rathofdoom/quests/fightarena/4.png,http://web.archive.org/web/20051223232901/http://runeweb.net:80/rathofdoom/quests/fightarena/4.png,,67204,73eba8f8f8039ba4900544a44d147706479f44c0,"RuneWeb guide by rathofdoom. Lists only '2 Quest Points, 1000 coins' - an earlier wording than the later scrolls.",Quest Completion Scrolls\Target Quests\Fight Arena\2005 new-style (short reward list) - file dated 2005-07-06 - runeweb.net - fightarena - 4.png
Fight Arena/November-18-2005-fight-arena-quest-completion-runescape.salmoneus.net.png,official game: quest scroll,,Fight Arena,2005 new-style (full reward list),2005-11-18,20060501222252,http://runescape.salmoneus.net:80/quests/FightArena/fightarenacomplt.png,https://web.archive.org/web/20060501222252/http://runescape.salmoneus.net:80/quests/FightArena/fightarenacomplt.png,,29067,523fa269552bbbe807398e6674955d80bdeb3eb3,Sal's Realm guide image.,Quest Completion Scrolls\Target Quests\Fight Arena\2005 new-style (full reward list) - file dated 2005-11-18 - runescape.salmoneus.net - FightArena - fightarenacomplt.png
Fight Arena/October-19-2005-fight-arena-quest-completion-runehq.com.gif,official game: quest scroll,,Fight Arena,2005 new-style (full reward list),2005-10-19,20060524062845,http://runehq.com:80/images/quests/Fight_Arena/fightarena9bm.gif,https://web.archive.org/web/20060524062845/http://runehq.com:80/images/quests/Fight_Arena/fightarena9bm.gif,,19456,3484d8b60f14dbbd51480ffeb77a88adc1700896,RuneHQ guide image; adds Attack and Thieving XP lines.,Quest Completion Scrolls\Target Quests\Fight Arena\2005 new-style (full reward list) - file dated 2005-10-19 - runehq.com - Fight_Arena - fightarena9bm.gif
Fishing Contest/August-12-2006-fishing-contest-quest-completion-runehq.com.gif,official game: quest scroll,,Fishing Contest,new-style,2006-08-12,20070226090905,http://www.runehq.com/image/quests/p2p/fishingcontest/qc.gif,https://web.archive.org/web/20070226090905/http://www.runehq.com/image/quests/p2p/fishingcontest/qc.gif,,19143,cc8d83954c1e08123c7b4f022c00604d9fca4372,runehq.com guide image found by the 2001-2005 fansite scan; guide page: Rune Headquarters :.:.: Your unfair Runescape advantage (https://web.archive.org/web/20061020235507/http://www.runehq.com/RHQQuestsView.php?id=00162%3FEnglish=true),
Fishing Contest/July-5-2004-fishing-contest-quest-completion-runescape.informare.ro.jpg,official game: quest scroll,,Fishing Contest,,2004-07-05,20041127154541,http://runescape.informare.ro:80/Rs2/Img-quest/fishing%202.JPG,https://web.archive.org/web/20041127154541/http://runescape.informare.ro:80/Rs2/Img-quest/fishing%202.JPG,,10455,dbe613a2f7e59d77653e76248349bf3941bf71a6,auto-detected,Quest Completion Scrolls\Other Quests - thumbnails\file dated 2004-07-05 - runescape.informare.ro - Img-quest - fishing 2.JPG
Fishing Contest/June-19-2004-fishing-contest-quest-completion-img39.imageshack.us.png,official game: quest scroll,,Fishing Contest,old-style,2004-06-19,20060902043723,http://img39.imageshack.us:80/img39/7775/scroll.png,https://web.archive.org/web/20060902043723/http://img39.imageshack.us:80/img39/7775/scroll.png,,48419,eb1ab70457d82df5d1867f3d156d60db231351a7,"Old-style scroll with the red ""Close Window"" label (""Fishing Competition Quest""), Total Points 1. Same uploader folder (7775) as the Plague City, Observatory and Horror from the Deep scrolls and the blank template.",
Fishing Contest/November-18-2005-fishing-contest-quest-completion-runescape.salmoneus.net.png,official game: quest scroll,,Fishing Contest,,2005-11-18,20060501222214,http://runescape.salmoneus.net:80/quests/FishContest/fishcontestcomplt.png,https://web.archive.org/web/20060501222214/http://runescape.salmoneus.net:80/quests/FishContest/fishcontestcomplt.png,,30685,6d9b52d5dbc1ffc541ca5f7bbd7882d4e8d5bdce,auto-detected,Quest Completion Scrolls\Other Quests - new style (2005-06)\file dated 2005-11-18 - runescape.salmoneus.net - FishContest - fishcontestcomplt.png
Fishing Contest/October-19-2005-fishing-contest-quest-completion-runehq.com.png,official game: quest scroll,,Fishing Contest,,2005-10-19,20060524081631,http://runehq.com:80/images/quests/memberquests/runescape/Fishing_Contest/Quest_Complete.png,https://web.archive.org/web/20060524081631/http://runehq.com:80/images/quests/memberquests/runescape/Fishing_Contest/Quest_Complete.png,,18484,b6269d7ad7a8454ffda4a43f4a07fca626bc708c,auto-detected,Quest Completion Scrolls\Other Quests - new style (2005-06)\file dated 2005-10-19 - runehq.com - Fishing_Contest - Quest_Complete.png
Fishing Contest/September-25-2004-fishing-contest-quest-completion-img10.exs.cx.png,official game: quest scroll,,Fishing Contest,,2004-09-25,20050121061658,http://img10.exs.cx:80/img10/6651/fishingcomp.png,https://web.archive.org/web/20050121061658/http://img10.exs.cx:80/img10/6651/fishingcomp.png,,24530,e61127dbc2df1ba9c8e5606b2c6863b89fc36889,auto-detected,Quest Completion Scrolls\Other Quests - old style (2004)\file dated 2004-09-25 - img10.exs.cx - fishingcomp.png
Forgettable Tale of a Drunken Dwarf/October-19-2005-forgettable-tale-of-a-drunken-dwarf-quest-completion-runehq.com.gif,official game: quest scroll,,Forgettable Tale of a Drunken Dwarf,,2005-10-19,20070706070405,http://www.runehq.com/images/quests/Forget/forgettabletaleofadrunkendwarfquestcomplete.gif,https://web.archive.org/web/20070706070405/http://www.runehq.com/images/quests/Forget/forgettabletaleofadrunkendwarfquestcomplete.gif,,25031,d25deffaa214d128a826c1191ba506dafbbaf28d,auto-detected,Quest Completion Scrolls\Other Quests - new style (2005-06)\file dated 2005-10-19 - runehq.com - Forget - forgettabletaleofadrunkendwarfquestcomplete.gif
Garden of Tranquillity/August-30-2005-garden-of-tranquillity-quest-completion-runescape.salmoneus.net.png,official game: quest scroll,,Garden of Tranquillity,,2005-08-30,20060828143213,http://www.runescape.salmoneus.net:80/quests/GardenTranquility/gardencomplt.png,https://web.archive.org/web/20060828143213/http://www.runescape.salmoneus.net:80/quests/GardenTranquility/gardencomplt.png,,46261,52bbbbd55164c10bb113ad750502b682fe0305f5,auto-detected,Quest Completion Scrolls\Other Quests - new style (2005-06)\file dated 2005-08-30 - runescape.salmoneus.net - GardenTranquility - gardencomplt.png
Garden of Tranquillity/August-9-2006-garden-of-tranquillity-quest-completion-runehq.com.gif,official game: quest scroll,,Garden of Tranquillity,new-style,2006-08-09,20071107225648,http://www.runehq.com/image/quests/p2p/gardenoftranquillity/questcomplete.gif,https://web.archive.org/web/20071107225648/http://www.runehq.com/image/quests/p2p/gardenoftranquillity/questcomplete.gif,,30323,a290415f53eee1cdc5e98e96f5e7d082c02aff25,runehq.com guide image found by the 2001-2005 fansite scan; guide page: Rune Headquarters :.:.: Your unfair Runescape advantage (https://web.archive.org/web/20061020234516/http://www.runehq.com/RHQQuestsView.php?id=00583%3FEnglish=true),
Garden of Tranquillity/October-19-2005-garden-of-tranquillity-quest-completion-runehq.com.gif,official game: quest scroll,,Garden of Tranquillity,,2005-10-19,20060523072023,http://www.runehq.com:80/images/quests/memberquests/gardenoftranquillity/qc.gif,https://web.archive.org/web/20060523072023/http://www.runehq.com:80/images/quests/memberquests/gardenoftranquillity/qc.gif,,25430,d4db39c283247d6088e226d8018fe1b7c7445236,auto-detected,Quest Completion Scrolls\Other Quests - new style (2005-06)\file dated 2005-10-19 - runehq.com - gardenoftranquillity - qc.gif
Garden of Tranquillity/September-15-2005-garden-of-tranquillity-quest-completion-runevillage.com.gif,official game: quest scroll,,Garden of Tranquillity,,2005-09-15,20051220102230,http://runevillage.com:80/images/rsGarden14.gif,https://web.archive.org/web/20051220102230/http://runevillage.com:80/images/rsGarden14.gif,,22266,565d259337409cbe74efe0cbc3a502c825d6070e,auto-detected,Quest Completion Scrolls\Other Quests - new style (2005-06)\file dated 2005-09-15 - runevillage.com - rsGarden14.gif
Gertrude's Cat/March-9-2005-gertrudes-cat-quest-completion-runeweb.net.gif,official game: quest scroll,,Gertrude's Cat,,2005-03-09,20060113200855,http://www.runeweb.net:80/fireball/Gertrudes%20Cat%20Images/complete.gif,https://web.archive.org/web/20060113200855/http://www.runeweb.net:80/fireball/Gertrudes%20Cat%20Images/complete.gif,,38822,8bdcb147003be4a956f43b0af4d83a1f7b2f51c8,auto-detected,Quest Completion Scrolls\Other Quests - old style (2004)\file dated 2005-03-09 - runeweb.net - Gertrudes Cat Images - complete.gif
Gertrude's Cat/May-17-2006-gertrudes-cat-quest-completion-runehq.com.gif,official game: quest scroll,,Gertrude's Cat,new-style,2006-05-17,20111226171528,http://www.runehq.com/images/quests/memberquests/gertrudecomplete.gif,https://web.archive.org/web/20111226171528/http://www.runehq.com/images/quests/memberquests/gertrudecomplete.gif,,27662,88c1b87f9da3c84440234cedbae396a0cae49b82,runehq.com guide image found by the 2001-2005 fansite scan; guide page: Rune Headquarters :.:.: Your unfair Runescape advantage (https://web.archive.org/web/20061020234549/http://www.runehq.com/RHQQuestsView.php?id=00177%3FEnglish=true),
Gertrude's Cat/October-4-2004-gertrudes-cat-quest-completion-img15.exs.cx.png,official game: quest scroll,,Gertrude's Cat,,2004-10-04,20050131135750,http://img15.exs.cx:80/img15/1838/scroll1.png,https://web.archive.org/web/20050131135750/http://img15.exs.cx:80/img15/1838/scroll1.png,,51268,639bac2ba4ea9dff383f496118fcf4cfa9aa132f,auto-detected,Quest Completion Scrolls\Other Quests - old style (2004)\file dated 2004-10-04 - img15.exs.cx - scroll1.png
Ghost Ahoy/November-18-2005-ghost-ahoy-quest-completion-runescape.salmoneus.net.png,official game: quest scroll,,Ghost Ahoy,,2005-11-18,20060430202941,http://runescape.salmoneus.net:80/quests/GhostAhoy/ghostahoycomplt.png,https://web.archive.org/web/20060430202941/http://runescape.salmoneus.net:80/quests/GhostAhoy/ghostahoycomplt.png,,28389,1871f5afe90d8622681a7aff14723bbba451a746,auto-detected,Quest Completion Scrolls\Other Quests - new style (2005-06)\file dated 2005-11-18 - runescape.salmoneus.net - GhostAhoy - ghostahoycomplt.png
Goblin Diplomacy/December-4-2004-goblin-diplomacy-quest-completion-img.photobucket.com.png,official game: quest scroll,,Goblin Diplomacy,old-style,2004-12-04,20041220111246,http://img.photobucket.com:80/albums/v71/yankeefan/completedgob.png,https://web.archive.org/web/20041220111246/http://img.photobucket.com:80/albums/v71/yankeefan/completedgob.png,,47522,493d269a59f34efc894ff4bb3aabaa2cab24bb95,"Old-style (2004) scroll with the red ""Close Window"" label, Total Points 6.",
Goblin Diplomacy/July-2-2005-goblin-diplomacy-quest-completion-runeweb.net.gif,official game: quest scroll,,Goblin Diplomacy,,2005-07-02,20051224001533,http://runeweb.net:80/rathofdoom/quests/goblindiplomacy/end.gif,https://web.archive.org/web/20051224001533/http://runeweb.net:80/rathofdoom/quests/goblindiplomacy/end.gif,,46392,36fb1d77fa8e9282579bce7883b4101c479f4c87,auto-detected,Quest Completion Scrolls\Other Quests - new style (2005-06)\file dated 2005-07-02 - runeweb.net - goblindiplomacy - end.gif
Goblin Diplomacy/June-22-2004-goblin-diplomacy-quest-completion-img40.imageshack.us.png,official game: quest scroll,,Goblin Diplomacy,,2004-06-22,20050118020532,http://img40.imageshack.us/img40/9758/Reward.png,https://web.archive.org/web/20050118020532/http://img40.imageshack.us/img40/9758/Reward.png,,86191,4028ee1f56b608fb099a8783d79c7f7cbe2af577,auto-detected,Quest Completion Scrolls\Other Quests - old style (2004)\file dated 2004-06-22 - img40.imageshack.us - Reward.png
Goblin Diplomacy/November-18-2005-goblin-diplomacy-quest-completion-runescape.salmoneus.net.png,official game: quest scroll,,Goblin Diplomacy,,2005-11-18,20060502094017,http://runescape.salmoneus.net:80/quests/GoblinDiplomacy/goblindiplomacomplt.png,https://web.archive.org/web/20060502094017/http://runescape.salmoneus.net:80/quests/GoblinDiplomacy/goblindiplomacomplt.png,,30715,c875398634034a0831482f416cdf5f252ea7504a,auto-detected,Quest Completion Scrolls\Other Quests - old style (2004)\file dated 2005-11-18 - runescape.salmoneus.net - GoblinDiplomacy - goblindiplomacomplt.png
Goblin Diplomacy/September-1-2006-goblin-diplomacy-quest-completion-runehq.com.gif,official game: quest scroll,,Goblin Diplomacy,new-style,2006-09-01,20071107152047,http://www.runehq.com/image/quests/f2p/goblin_diplomacy/qc.gif,https://web.archive.org/web/20071107152047/http://www.runehq.com/image/quests/f2p/goblin_diplomacy/qc.gif,,24720,f0d2c8a362626ef5af1077d16987db659d1a7dd1,runehq.com guide image found by the 2001-2005 fansite scan; guide page: Rune Headquarters :.:.: Your unfair Runescape advantage (https://web.archive.org/web/20061021001336/http://www.runehq.com/RHQQuestsView.php?id=00245%3FEnglish=true),
Growing Pains/February-27-2006-a-fairy-tale-part-i-growing-pains-quest-completion-runehq.com.gif,official game: quest scroll,,Growing Pains,new-style,2006-02-27,20110603145440,http://www.runehq.com/images/quests/memberquests/afairytalepartone/qc.gif,https://web.archive.org/web/20110603145440/http://www.runehq.com/images/quests/memberquests/afairytalepartone/qc.gif,,24008,9044ee569634ac427878a3cf080102c21483bbe4,runehq.com guide image found by the 2001-2005 fansite scan; guide page: Rune Headquarters :.:.: Your unfair Runescape advantage (https://web.archive.org/web/20061020235307/http://www.runehq.com/RHQQuestsView.php?id=00680%3FEnglish=true),
Growing Pains/March-1-2006-growing-pains-quest-completion-runescape.salmoneus.net.png,official game: quest scroll,,Growing Pains,,2006-03-01,20060526052009,http://runescape.salmoneus.net:80/quests/GrowingPains/growpaincomplt.png,https://web.archive.org/web/20060526052009/http://runescape.salmoneus.net:80/quests/GrowingPains/growpaincomplt.png,,31651,aad73b16e10511395c7f3f6b1c31e823d0832dfc,auto-detected,Quest Completion Scrolls\Other Quests - new style (2005-06)\file dated 2006-03-01 - runescape.salmoneus.net - GrowingPains - growpaincomplt.png
Haunted Mine/December-22-2004-haunted-mine-quest-completion-runehq.com.png,official game: quest scroll,,Haunted Mine,,2004-12-22,20050116052536,http://www.runehq.com:80/images/quests/memberquests/complete7mk.png,http://web.archive.org/web/20050116052536/http://www.runehq.com:80/images/quests/memberquests/complete7mk.png,,22730,096df5caa9a266f87a457e988611dfde0f02313e,auto-detected,Quest Completion Scrolls\Other Quests - old style (2004)\file dated 2004-12-22 - runehq.com - complete7mk.png
Haunted Mine/January-28-2005-haunted-mine-quest-completion-runevillage.com.gif,official game: quest scroll,,Haunted Mine,,2005-01-28,20051215201353,http://runevillage.com:80/images/rshaunted24.gif,https://web.archive.org/web/20051215201353/http://runevillage.com:80/images/rshaunted24.gif,,14197,f4fefce1ab543ae3692ae800e1195a4799704d2d,auto-detected,Quest Completion Scrolls\Other Quests - old style (2004)\file dated 2005-01-28 - runevillage.com - rshaunted24.gif
Haunted Mine/May-15-2005-haunted-mine-quest-completion-runeweb.net.png,official game: quest scroll,,Haunted Mine,,2005-05-15,20060114005202,http://www.runeweb.net:80/fireball/hauntedreward.PNG,https://web.archive.org/web/20060114005202/http://www.runeweb.net:80/fireball/hauntedreward.PNG,,48316,79c97de084cca01b8f4cede0b52067e612cc906a,auto-detected,Quest Completion Scrolls\Other Quests - new style (2005-06)\file dated 2005-05-15 - runeweb.net - fireball - hauntedreward.PNG
Haunted Mine/November-18-2005-haunted-mine-quest-completion-runescape.salmoneus.net.png,official game: quest scroll,,Haunted Mine,,2005-11-18,20051228170449,http://runescape.salmoneus.net:80/quests/HauntedMine/hauntedminecomlt.png,https://web.archive.org/web/20051228170449/http://runescape.salmoneus.net:80/quests/HauntedMine/hauntedminecomlt.png,,24032,ab57621ddacfc6b5fdb4682353618fee06485607,auto-detected,Quest Completion Scrolls\Other Quests - old style (2004)\file dated 2005-11-18 - runescape.salmoneus.net - HauntedMine - hauntedminecomlt.png
Hazeel Cult/March-21-2008-hazeel-cult-kind-of-completed-scroll-youtube-hFBJx_xERQ4.png,official game: quest scroll,"Frame grab of the genuine in-game 'kind of completed' mid-quest scroll from the YouTube video ""RuneScape - Pre-EOC - Hazeel Cult"" uploaded by GoingCrazy201 (2008-03-21). Recorded on Jagex's real game.",Hazeel Cult,"new-style (YouTube frame grab, real game)",2008-03-21,,https://www.youtube.com/watch?v=hFBJx_xERQ4&t=650s,,,80676,7d5b58da5aae2f3a37bf4f1c429eaab40306a739,"Upload date, not recording date.",
Hazeel Cult/March-21-2008-hazeel-cult-quest-completion-youtube-hFBJx_xERQ4.png,official game: quest scroll,"Frame grab of the quest complete scroll from the YouTube video ""RuneScape - Pre-EOC - Hazeel Cult"" uploaded by GoingCrazy201 (2008-03-21). Recorded on Jagex's real game.",Hazeel Cult,"new-style (YouTube frame grab, real game)",2008-03-21,,https://www.youtube.com/watch?v=hFBJx_xERQ4&t=723s,,,81876,2ffde2cbd89a7fd01733e49469310229eb59aa3b,"Upload date, not recording date.",
Hazeel Cult/March-7-2008-hazeel-cult-kind-of-completed-scroll-youtube-Kf95y-YdviA.png,official game: quest scroll,"Frame grab of the genuine in-game 'kind of completed' mid-quest scroll from the YouTube video ""Runescape Quest - Hazeel Cult"" uploaded by arun55555 (2008-03-07). Recorded on Jagex's real game.",Hazeel Cult,"new-style (YouTube frame grab, real game)",2008-03-07,,https://www.youtube.com/watch?v=Kf95y-YdviA&t=330s,,,163167,0cf861d2cd2a2c56cd24f2677e499b0e1ed08b3f,"Upload date, not recording date.",
Hazeel Cult/March-7-2008-hazeel-cult-quest-completion-youtube-Kf95y-YdviA.png,official game: quest scroll,"Frame grab of the quest complete scroll from the YouTube video ""Runescape Quest - Hazeel Cult"" uploaded by arun55555 (2008-03-07). Recorded on Jagex's real game.",Hazeel Cult,"new-style (YouTube frame grab, real game)",2008-03-07,,https://www.youtube.com/watch?v=Kf95y-YdviA&t=372s,,,171809,5ad24f1f799f6f36b738cb58547b1db2bf73e8ea,"Upload date, not recording date.",
Hazeel Cult/May-17-2006-hazeel-cult-quest-completion-runehq.com.gif,official game: quest scroll,,Hazeel Cult,2006 new-style,2006-05-17,20071107131227,http://runehq.com/images/quests/memberquests/hazeelcomplete.gif,https://web.archive.org/web/20071107131227/http://runehq.com/images/quests/memberquests/hazeelcomplete.gif,,25731,9f9aed2398825d44355d1598a4b2ef32700c4c1f,RuneHQ guide image.,Quest Completion Scrolls\Target Quests\Hazeel Cult\2006 new-style - file dated 2006-05-17 - runehq.com - hazeelcomplete.gif
Hazeel Cult/May-8-2005-hazeel-cult-kind-of-completed-runeweb.net.png,official game: quest scroll,,Hazeel Cult,2005 'kind of completed' scroll,2005-05-08,20060114024909,http://www.runeweb.net:80/fireball/Hazeel%20Cult%20Images/Hazeel3.PNG,https://web.archive.org/web/20060114024909/http://www.runeweb.net:80/fireball/Hazeel%20Cult%20Images/Hazeel3.PNG,,62263,667c9b2c438719715b8eb4f57fcec65f5cdc9b52,"Mid-quest joke scroll ('You have... kind of... completed', 5 coins) from the same guide.",Quest Completion Scrolls\Target Quests\Hazeel Cult\2005 'kind of completed' scroll - file dated 2005-05-08 - runeweb.net - Hazeel Cult Images - Hazeel3.PNG
Hazeel Cult/May-8-2005-hazeel-cult-quest-completion-runeweb.net.png,official game: quest scroll,,Hazeel Cult,2005 new-style,2005-05-08,20060114005505,http://www.runeweb.net:80/fireball/Hazeel%20Cult%20Images/Hazeel4.PNG,https://web.archive.org/web/20060114005505/http://www.runeweb.net:80/fireball/Hazeel%20Cult%20Images/Hazeel4.PNG,,72578,fad09f6150993f8339f3fd72e73cc3f3d0cda19a,"RuneWeb guide by Fireball301. New-style scroll (2000 coins, 1500 Thieving XP).",Quest Completion Scrolls\Target Quests\Hazeel Cult\2005 new-style - file dated 2005-05-08 - runeweb.net - Hazeel Cult Images - Hazeel4.PNG
Hazeel Cult/November-18-2005-hazeel-cult-quest-completion-runescape.salmoneus.net-2.gif,official game: quest scroll,,Hazeel Cult,2004 old-style (thumbnail),2005-11-18,20060515205039,http://runescape.salmoneus.net:80/quests/HazeelCult/hazeelcomplt_small.gif,https://web.archive.org/web/20060515205039/http://runescape.salmoneus.net:80/quests/HazeelCult/hazeelcomplt_small.gif,,7777,7a22065caadbffdbf9cbcbe610c40864bf1c6e2a,Thumbnail of the above.,Quest Completion Scrolls\Target Quests\Hazeel Cult\2004 old-style (thumbnail) - file dated 2005-11-18 - runescape.salmoneus.net - HazeelCult - hazeelcomplt_small.gif
Hazeel Cult/November-18-2005-hazeel-cult-quest-completion-runescape.salmoneus.net.png,official game: quest scroll,,Hazeel Cult,2004 old-style (side unknown),2005-11-18,20060515205152,http://runescape.salmoneus.net:80/quests/HazeelCult/hazeelcomplt.png,https://web.archive.org/web/20060515205152/http://runescape.salmoneus.net:80/quests/HazeelCult/hazeelcomplt.png,,27541,3b9b7444a9fc7b750f43bd105d31186dd892f009,"Sal's Realm guide image, first referenced by the archived guide page of 22 May 2005. Old-style scroll, Total Points 92. Guide does not say which side.",Quest Completion Scrolls\Target Quests\Hazeel Cult\2004 old-style (side unknown) - file dated 2005-11-18 - runescape.salmoneus.net - HazeelCult - hazeelcomplt.png
Heroes' Quest/April-9-2004-heroes-quest-quest-completion-koti.mbnet.fi.jpg,official game: quest scroll,,Heroes' Quest,"2004-05 old-style, full client",2004-04-09,20040918040053,http://koti.mbnet.fi:80/kuukke/data/123456789.JPG,https://web.archive.org/web/20040918040053/http://koti.mbnet.fi:80/kuukke/data/123456789.JPG,,46389,73105b07ca0a60dccf5373c1d3a411006f5beaf0,"Finnish player screenshot folder koti.mbnet.fi/kuukke, found by the ISP-homepage folder ranking",
Heroes' Quest/March-21-2006-heroes-quest-quest-completion-img1.zybez.net.gif,official game: quest scroll,,Heroes' Quest,,2006-03-21,20070223160306,http://img1.zybez.net:80/img/qimg/hero/scroll.gif,https://web.archive.org/web/20070223160306/http://img1.zybez.net:80/img/qimg/hero/scroll.gif,,23655,b6e1f2697a80e294293af4cc7cf72ce26b4cf26d,auto-detected,Quest Completion Scrolls\Other Quests - new style (2005-06)\file dated 2006-03-21 - img1.zybez.net - hero - scroll.gif
Heroes' Quest/November-18-2005-heroes-quest-quest-completion-runescape.salmoneus.net.png,official game: quest scroll,,Heroes' Quest,,2005-11-18,20060514083703,http://www.runescape.salmoneus.net:80/quests/HeroesQuest/heroescomplt.png,https://web.archive.org/web/20060514083703/http://www.runescape.salmoneus.net:80/quests/HeroesQuest/heroescomplt.png,,36369,9a3c7147cf930c2425d0cc91f26b3f66341c28e2,auto-detected,Quest Completion Scrolls\Other Quests - new style (2005-06)\file dated 2005-11-18 - runescape.salmoneus.net - HeroesQuest - heroescomplt.png
Heroes' Quest/October-19-2005-heroes-quest-quest-completion-runehq.com.gif,official game: quest scroll,,Heroes' Quest,,2005-10-19,20060523003733,http://www.runehq.com:80/images/quests/heros8ll.gif,https://web.archive.org/web/20060523003733/http://www.runehq.com:80/images/quests/heros8ll.gif,,24026,68d41566378378c23a42fdd1774687fdf9609eb5,auto-detected,Quest Completion Scrolls\Other Quests - new style (2005-06)\file dated 2005-10-19 - runehq.com - heros8ll.gif
Holy Grail/August-5-2004-holy-grail-quest-completion-runevillage.com.gif,official game: quest scroll,,Holy Grail,,2004-08-05,20051215210113,http://runevillage.com:80/images/rsholygrail8.gif,https://web.archive.org/web/20051215210113/http://runevillage.com:80/images/rsholygrail8.gif,,43528,00b4416a6b6ad9aeb7c2d3178cd05d48734affd3,auto-detected,Quest Completion Scrolls\Other Quests - old style (2004)\file dated 2004-08-05 - runevillage.com - rsholygrail8.gif
Holy Grail/June-28-2006-holy-grail-quest-completion-runehq.com.gif,official game: quest scroll,,Holy Grail,new-style,2006-06-28,20071107023009,http://www.runehq.com/image/quests/p2p/holygrail/holygrailqc.gif,https://web.archive.org/web/20071107023009/http://www.runehq.com/image/quests/p2p/holygrail/holygrailqc.gif,,24244,09c11abf0ae201ba9d143f1082cd79cd38cd7f61,runehq.com guide image found by the 2001-2005 fansite scan; guide page: Rune Headquarters :.:.: Your unfair Runescape advantage (https://web.archive.org/web/20061020235131/http://www.runehq.com/RHQQuestsView.php?id=00347%3FEnglish=true),
Holy Grail/May-8-2005-holy-grail-quest-completion-runeweb.net.png,official game: quest scroll,,Holy Grail,,2005-05-08,20060114024220,http://www.runeweb.net:80/fireball/Holy%20Grail%20Images/Grail18.PNG,https://web.archive.org/web/20060114024220/http://www.runeweb.net:80/fireball/Holy%20Grail%20Images/Grail18.PNG,,61562,7358ed54b040a746b2b2ce3b338491bcc83a77a8,auto-detected,Quest Completion Scrolls\Other Quests - new style (2005-06)\file dated 2005-05-08 - runeweb.net - Holy Grail Images - Grail18.PNG
Holy Grail/November-18-2005-holy-grail-quest-completion-runescape.salmoneus.net.png,official game: quest scroll,,Holy Grail,,2005-11-18,20060515223543,http://runescape.salmoneus.net:80/quests/HolyGrail/holygrailcomplt.png,https://web.archive.org/web/20060515223543/http://runescape.salmoneus.net:80/quests/HolyGrail/holygrailcomplt.png,,48591,bc91251e23bb93eefe2567a8f5cd4ba65c232b59,auto-detected,Quest Completion Scrolls\Other Quests - new style (2005-06)\file dated 2005-11-18 - runescape.salmoneus.net - HolyGrail - holygrailcomplt.png
Horror from the Deep/January-7-2006-horror-from-the-deep-quest-completion-runescape.salmoneus.net.png,official game: quest scroll,,Horror from the Deep,,2006-01-07,20060221103126,http://runescape.salmoneus.net:80/quests/HorrorFromDeep/horrordeepcomplt.png,https://web.archive.org/web/20060221103126/http://runescape.salmoneus.net:80/quests/HorrorFromDeep/horrordeepcomplt.png,,27690,b5343da406bada7a854c08df50becf1825ee5d6c,auto-detected,Quest Completion Scrolls\Other Quests - new style (2005-06)\file dated 2006-01-07 - runescape.salmoneus.net - HorrorFromDeep - horrordeepcomplt.png
Horror from the Deep/November-17-2004-horror-from-the-deep-quest-completion-koti.mbnet.fi.jpg,official game: quest scroll,,Horror from the Deep,"2004-05 old-style, full client",2004-11-17,20050113051510,http://koti.mbnet.fi:80/kuukke/data/horrordone.JPG,https://web.archive.org/web/20050113051510/http://koti.mbnet.fi:80/kuukke/data/horrordone.JPG,,76463,ff091fcd47e79222eaba3d6e8b7b6d3e986f85ec,"Finnish player screenshot folder koti.mbnet.fi/kuukke, found by the ISP-homepage folder ranking",
Horror from the Deep/November-19-2004-horror-from-the-deep-quest-completion-img87.exs.cx.png,official game: quest scroll,,Horror from the Deep,,2004-11-19,20050130100351,http://img87.exs.cx:80/img87/7775/scroll.png,https://web.archive.org/web/20050130100351/http://img87.exs.cx:80/img87/7775/scroll.png,,23841,39283f1e2a9b4f0721ca9afe18f0a56cb2c89223,auto-detected,Quest Completion Scrolls\Other Quests - old style (2004)\file dated 2004-11-19 - img87.exs.cx - scroll.png
Horror from the Deep/November-22-2004-horror-from-the-deep-quest-completion-runevillage.com.gif,official game: quest scroll,,Horror from the Deep,,2004-11-22,20050413022422,http://runevillage.com:80/images/rshorrorquest6.gif,https://web.archive.org/web/20050413022422/http://runevillage.com:80/images/rshorrorquest6.gif,,44402,95689b066a032f902b30a56b1f098ce44905330f,auto-detected,Quest Completion Scrolls\Other Quests - old style (2004)\file dated 2004-11-22 - runevillage.com - rshorrorquest6.gif
Horror from the Deep/October-19-2005-horror-from-the-deep-quest-completion-runehq.com.gif,official game: quest scroll,,Horror from the Deep,,2005-10-19,20060524090818,http://runehq.com:80/images/quests/Horror_of_the_Deep/rewardhorror.gif,https://web.archive.org/web/20060524090818/http://runehq.com:80/images/quests/Horror_of_the_Deep/rewardhorror.gif,,19429,0cdf915292dcecfd015404ffb5a7031ede46d4b8,auto-detected,Quest Completion Scrolls\Other Quests - new style (2005-06)\file dated 2005-10-19 - runehq.com - Horror_of_the_Deep - rewardhorror.gif
Horror from the Deep/September-1-2006-horror-from-the-deep-quest-completion-runehq.com.gif,official game: quest scroll,,Horror from the Deep,new-style,2006-09-01,20071107153214,http://www.runehq.com/image/quests/p2p/horrorofthedeep/hotdquestcomplete.gif,https://web.archive.org/web/20071107153214/http://www.runehq.com/image/quests/p2p/horrorofthedeep/hotdquestcomplete.gif,,29730,fccc9a62c1c006c016bafad0783df46da49ee26a,runehq.com guide image found by the 2001-2005 fansite scan; guide page: Rune Headquarters :.:.: Your unfair Runescape advantage (https://web.archive.org/web/20061021000115/http://www.runehq.com/RHQQuestsView.php?id=00432%3FEnglish=true),
Icthlarin's Little Helper/April-30-2005-icthlarins-little-helper-quest-completion-runevillage.com.gif,official game: quest scroll,,Icthlarin's Little Helper,,2005-04-30,20060106151246,http://runevillage.com:80/images/rsIcthlarin22.gif,https://web.archive.org/web/20060106151246/http://runevillage.com:80/images/rsIcthlarin22.gif,,23451,4cf4dfa54629e0a7bd038275039c0dbac17f8b3e,auto-detected,Quest Completion Scrolls\Other Quests - new style (2005-06)\file dated 2005-04-30 - runevillage.com - rsIcthlarin22.gif
Icthlarin's Little Helper/October-19-2005-icthlarins-little-helper-quest-completion-runehq.com.png,official game: quest scroll,,Icthlarin's Little Helper,,2005-10-19,20071107000103,http://runehq.com/images/quests/memberquests/icthlarins_little_helper/catreward.png,https://web.archive.org/web/20071107000103/http://runehq.com/images/quests/memberquests/icthlarins_little_helper/catreward.png,,49177,969ac2f0dc88210e88c5fba741cfae534de4ea79,auto-detected,Quest Completion Scrolls\Other Quests - new style (2005-06)\file dated 2005-10-19 - runehq.com - icthlarins_little_helper - catreward.png
Imp Catcher/February-6-2006-imp-catcher-quest-completion-runehq.com.png,official game: quest scroll,,Imp Catcher,new-style,2006-02-06,20071107101900,http://www.runehq.com/image/quests/f2p/imp_catcher/impcatcherreward.png,https://web.archive.org/web/20071107101900/http://www.runehq.com/image/quests/f2p/imp_catcher/impcatcherreward.png,,14885,ef7b11f36d08688978f8cb7e4e3da3bcf302db3a,runehq.com guide image found by the 2001-2005 fansite scan; guide page: Rune Headquarters :.:.: Your unfair Runescape advantage (https://web.archive.org/web/20061021001545/http://www.runehq.com/RHQQuestsView.php?id=00190%3FEnglish=true),
Imp Catcher/July-17-2004-imp-catcher-quest-completion-img9.exs.cx.png,official game: quest scroll,,Imp Catcher,,2004-07-17,20050129095334,http://img9.exs.cx:80/img9/3798/Impcatcherscroll.png,https://web.archive.org/web/20050129095334/http://img9.exs.cx:80/img9/3798/Impcatcherscroll.png,,56147,a5b6378279fbb86e5c93f766c323229b98e84b7b,auto-detected,Quest Completion Scrolls\Other Quests - old style (2004)\file dated 2004-07-17 - img9.exs.cx - Impcatcherscroll.png
Imp Catcher/June-27-2004-imp-catcher-quest-completion-img25.imageshack.us.jpg,official game: quest scroll,,Imp Catcher,old-style,2004-06-27,20090829065938,http://img25.imageshack.us/img25/4865/questcomplete.jpg,https://web.archive.org/web/20090829065938/http://img25.imageshack.us/img25/4865/questcomplete.jpg,,28103,456b18dd368eb84f82a277adc5f196888f34068b,"Old-style (2004) scroll with the red ""Close Window"" label, Total Points 3.",
Imp Catcher/November-18-2005-imp-catcher-quest-completion-runescape.salmoneus.net.png,official game: quest scroll,,Imp Catcher,,2005-11-18,20060221102923,http://runescape.salmoneus.net:80/quests/ImpCatcher/impcatchcomplt.png,https://web.archive.org/web/20060221102923/http://runescape.salmoneus.net:80/quests/ImpCatcher/impcatchcomplt.png,,35637,fe914587bc4a53dbd84ade0e639154ad77a72067,auto-detected,Quest Completion Scrolls\Other Quests - old style (2004)\file dated 2005-11-18 - runescape.salmoneus.net - ImpCatcher - impcatchcomplt.png
In Aid of the Myreque/March-23-2006-in-aid-of-the-myreque-quest-completion-runehq.com.gif,official game: quest scroll,,In Aid of the Myreque,,2006-03-23,20060523033721,http://www.runehq.com:80/image/quests/p2p/inaidofthemyreque/qc.gif,https://web.archive.org/web/20060523033721/http://www.runehq.com:80/image/quests/p2p/inaidofthemyreque/qc.gif,,23948,cae9f2f903d76843451d1b86bf04d3c72bdae757,auto-detected,Quest Completion Scrolls\Other Quests - new style (2005-06)\file dated 2006-03-23 - runehq.com - inaidofthemyreque - qc.gif
In Aid of the Myreque/March-24-2006-in-aid-of-the-myreque-quest-completion-runescape.salmoneus.net.gif,official game: quest scroll,,In Aid of the Myreque,,2006-03-24,20060503055631,http://runescape.salmoneus.net:80/quests/InAidOfTheMyreque/aidcomplt.gif,https://web.archive.org/web/20060503055631/http://runescape.salmoneus.net:80/quests/InAidOfTheMyreque/aidcomplt.gif,,38157,f2654750e653165f11d007e9b5937232e1f0152d,auto-detected,Quest Completion Scrolls\Other Quests - new style (2005-06)\file dated 2006-03-24 - runescape.salmoneus.net - InAidOfTheMyreque - aidcomplt.gif
In Search of the Myreque/May-15-2005-in-search-of-the-myreque-quest-completion-runeweb.net.png,official game: quest scroll,,In Search of the Myreque,,2005-05-15,20060114021211,http://www.runeweb.net:80/fireball/myrequereward.PNG,https://web.archive.org/web/20060114021211/http://www.runeweb.net:80/fireball/myrequereward.PNG,,64200,150bfa125243c91c18a033c26714e043d8ce2658,auto-detected,Quest Completion Scrolls\Other Quests - new style (2005-06)\file dated 2005-05-15 - runeweb.net - fireball - myrequereward.PNG
In Search of the Myreque/November-18-2005-in-search-of-the-myreque-quest-completion-runescape.salmoneus.net.png,official game: quest scroll,,In Search of the Myreque,,2005-11-18,20060506194539,http://runescape.salmoneus.net:80/quests/ISOMyreque/myrequecomplt.png,https://web.archive.org/web/20060506194539/http://runescape.salmoneus.net:80/quests/ISOMyreque/myrequecomplt.png,,27342,dbe0e5499dcef7cbc34b84a326eec0c1707d0ce1,auto-detected,Quest Completion Scrolls\Other Quests - new style (2005-06)\file dated 2005-11-18 - runescape.salmoneus.net - ISOMyreque - myrequecomplt.png
In Search of the Myreque/October-19-2005-in-search-of-the-myreque-quest-completion-runehq.com.jpg,official game: quest scroll,,In Search of the Myreque,,2005-10-19,20060518161250,http://runehq.com:80/images/quests/memberquests/13nn.jpg,https://web.archive.org/web/20060518161250/http://runehq.com:80/images/quests/memberquests/13nn.jpg,,40710,2d91c152be6b98ccf0104510d5b21f46b6cbcd02,auto-detected,Quest Completion Scrolls\Other Quests - new style (2005-06)\file dated 2005-10-19 - runehq.com - 13nn.jpg
In Search of the Myreque/September-5-2006-in-search-of-the-myreque-quest-completion-runehq.com.gif,official game: quest scroll,,In Search of the Myreque,new-style,2006-09-05,20071107104256,http://www.runehq.com/image/quests/p2p/insearchofthemyreque/isotmquestcompleted.gif,https://web.archive.org/web/20071107104256/http://www.runehq.com/image/quests/p2p/insearchofthemyreque/isotmquestcompleted.gif,,28496,ed2ab0868df7ca11859c01475cbff429d027ffa5,runehq.com guide image found by the 2001-2005 fansite scan; guide page: Rune Headquarters :.:.: Your unfair Runescape advantage (https://web.archive.org/web/20061020235606/http://www.runehq.com/RHQQuestsView.php?id=00441%3FEnglish=true),
Jungle Potion/December-21-2005-jungle-potion-quest-completion-zybez.net.gif,official game: quest scroll,,Jungle Potion,,2005-12-21,20060828221807,http://www.zybez.net:80/img/qimg/junglepotion/scroll.gif,https://web.archive.org/web/20060828221807/http://www.zybez.net:80/img/qimg/junglepotion/scroll.gif,,23458,28c9432ac9e75f463d518d512aabcb1dac23c5c2,auto-detected,Quest Completion Scrolls\Other Quests - new style (2005-06)\file dated 2005-12-21 - zybez.net - junglepotion - scroll.gif
Jungle Potion/March-9-2005-jungle-potion-quest-completion-runeweb.net.gif,official game: quest scroll,,Jungle Potion,,2005-03-09,20060113175635,http://www.runeweb.net:80/images/site/guides/rs2/quests/junglepotion/8.gif,https://web.archive.org/web/20060113175635/http://www.runeweb.net:80/images/site/guides/rs2/quests/junglepotion/8.gif,,32897,65e2df1992738e08f5738d6ca292cf1b7911c5fd,auto-detected,Quest Completion Scrolls\Other Quests - old style (2004)\file dated 2005-03-09 - runeweb.net - junglepotion - 8.gif
Jungle Potion/May-17-2006-jungle-potion-quest-completion-runehq.com.gif,official game: quest scroll,,Jungle Potion,,2006-05-17,20070801075458,http://www.runehq.com/images/quests/memberquests/junglecomplete.gif,https://web.archive.org/web/20070801075458/http://www.runehq.com/images/quests/memberquests/junglecomplete.gif,,25821,daccf6f4d17eb18c8f7eed8c4ea6af3fb32188ee,auto-detected,Quest Completion Scrolls\Other Quests - new style (2005-06)\file dated 2006-05-17 - runehq.com - junglecomplete.gif
Jungle Potion/November-18-2005-jungle-potion-quest-completion-runescape.salmoneus.net.png,official game: quest scroll,,Jungle Potion,,2005-11-18,20060430185558,http://runescape.salmoneus.net:80/quests/JunglePotion/junglepotcomplt.png,https://web.archive.org/web/20060430185558/http://runescape.salmoneus.net:80/quests/JunglePotion/junglepotcomplt.png,,28552,5b7e50b3479679073cff65af2d16bc47d964b515,auto-detected,Quest Completion Scrolls\Other Quests - old style (2004)\file dated 2005-11-18 - runescape.salmoneus.net - JunglePotion - junglepotcomplt.png
Jungle Potion/November-29-2005-jungle-potion-quest-completion-runehq.com.gif,official game: quest scroll,,Jungle Potion,new-style,2005-11-29,20130223190842,http://runehq.com:80/images/quests/memberquests/junglepotion/junglepotionquestcompleted.gif,https://web.archive.org/web/20130223190842/http://runehq.com:80/images/quests/memberquests/junglepotion/junglepotionquestcompleted.gif,,23546,705ce9665bd2051ee354c64fb73ad36181c9355c,RuneHQ guide image found by the 2001-2005 fansite scan; guide page: Rune Headquarters :.:.: Your unfair Runescape advantage (https://web.archive.org/web/20051130111031/http://runehq.com:80/RHQQuestsView.php?id=00031),
Legends Quest/August-17-2004-legends-quest-quest-completion-koti.mbnet.fi.png,official game: quest scroll,,Legends Quest,"2004-05 old-style, full client",2004-08-17,20041122144005,http://koti.mbnet.fi:80/kuukke/data/!!!!!!!!!!!!!!!!legends.PNG,https://web.archive.org/web/20041122144005/http://koti.mbnet.fi:80/kuukke/data/!!!!!!!!!!!!!!!!legends.PNG,,147655,ff612d1ee250d1bb8604f994d7badb98231ead68,"Finnish player screenshot folder koti.mbnet.fi/kuukke, found by the ISP-homepage folder ranking",
Legends Quest/December-30-2005-legends-quest-quest-completion-runecrypt.com.png,official game: quest scroll,,Legends Quest,,2005-12-30,20060112042030,http://www.runecrypt.com:80/mkportal/modules/gallery/album/a_517.png,https://web.archive.org/web/20060112042030/http://www.runecrypt.com:80/mkportal/modules/gallery/album/a_517.png,,72985,49c870ad32e01f5fa0071a20f537687eee04403a,auto-detected,Quest Completion Scrolls\Other Quests - new style (2005-06)\file dated 2005-12-30 - runecrypt.com - a_517.png
Legends Quest/February-6-2006-legends-quest-quest-completion-runehq.com.png,official game: quest scroll,,Legends Quest,,2006-02-06,20060524081852,http://runehq.com:80/image/quests/p2p/legends/legendreward.png,https://web.archive.org/web/20060524081852/http://runehq.com:80/image/quests/p2p/legends/legendreward.png,,13537,ebee35d9e86108c0918d1ab25dd3ca1908f830ec,auto-detected,Quest Completion Scrolls\Other Quests - new style (2005-06)\file dated 2006-02-06 - runehq.com - legends - legendreward.png
Legends Quest/June-13-2004-legends-quest-quest-completion-img29.imageshack.us.png,official game: quest scroll,,Legends Quest,,2004-06-13,20050118091920,http://img29.imageshack.us/img29/4197/legendscomplete.png,https://web.archive.org/web/20050118091920/http://img29.imageshack.us/img29/4197/legendscomplete.png,,78204,58ab31f67222b9e33e376b2d85e818fcbd5a5a2b,auto-detected,Quest Completion Scrolls\Other Quests - old style (2004)\file dated 2004-06-13 - img29.imageshack.us - legendscomplete.png
Legends Quest/June-24-2004-legends-quest-quest-completion-koti.mbnet.fi.jpg,official game: quest scroll,,Legends Quest,"2004-05 old-style, full client",2004-06-24,20050128142329,http://koti.mbnet.fi:80/kuukke/data/knighttekeelegends.JPG,https://web.archive.org/web/20050128142329/http://koti.mbnet.fi:80/kuukke/data/knighttekeelegends.JPG,,95715,34340a3f159a73762fb8c7d2b71b0134af0ba6fd,"Finnish player screenshot folder koti.mbnet.fi/kuukke, found by the ISP-homepage folder ranking",
Legends Quest/June-27-2004-legends-quest-quest-completion-koti.mbnet.fi.jpg,official game: quest scroll,,Legends Quest,"2004-05 old-style, full client",2004-06-27,20041122141623,http://koti.mbnet.fi:80/kuukke/data/legendaarista.JPG,https://web.archive.org/web/20041122141623/http://koti.mbnet.fi:80/kuukke/data/legendaarista.JPG,,89887,f0567b525cad8821c978d1f797d7521510c46207,"Finnish player screenshot folder koti.mbnet.fi/kuukke, found by the ISP-homepage folder ranking",
Legends Quest/November-18-2005-legends-quest-quest-completion-runescape.salmoneus.net.png,official game: quest scroll,,Legends Quest,,2005-11-18,20060503014332,http://runescape.salmoneus.net:80/quests/LegendsQuest/legendscomplt.png,https://web.archive.org/web/20060503014332/http://runescape.salmoneus.net:80/quests/LegendsQuest/legendscomplt.png,,34631,b11be7448eb8aa1c5ea4d11c989084757f43dbfa,auto-detected,Quest Completion Scrolls\Other Quests - new style (2005-06)\file dated 2005-11-18 - runescape.salmoneus.net - LegendsQuest - legendscomplt.png
Legends Quest/November-21-2004-legends-quest-quest-completion-runehq.com.jpg,official game: quest scroll,,Legends Quest,,2004-11-21,20041223143458,http://www.runehq.com:80/RHQInn/uploads/1100914096/gallery_113_51_1101007530.jpg,https://web.archive.org/web/20041223143458/http://www.runehq.com:80/RHQInn/uploads/1100914096/gallery_113_51_1101007530.jpg,,36040,6a95ff50b1f55901a5b268f505dd4ebddb867b9c,auto-detected,Quest Completion Scrolls\Other Quests - old style (2004)\file dated 2004-11-21 - runehq.com - gallery_113_51_1101007530.jpg
Legends Quest/October-19-2005-legends-quest-quest-completion-runehq.com.gif,official game: quest scroll,,Legends Quest,new-style,2005-10-19,20110918043526,http://runehq.com:80/images/quests/Legends/legendreward.gif,https://web.archive.org/web/20110918043526/http://runehq.com:80/images/quests/Legends/legendreward.gif,,23900,7f6d6c20833ba5ae4f26b7e78db665a71e9ae383,RuneHQ guide image found by the 2001-2005 fansite scan (file date 19 Oct 2005 is RuneHQ's server-migration date); guide page: Rune Headquarters :.:.: Your unfair Runescape advantage (https://web.archive.org/web/20051114044104/http://runehq.com:80/RHQQuestsView.php?id=00244),
Legends Quest/September-16-2006-legends-quest-quest-completion-i68.photobucket.com.png,official game: quest scroll,,Legends Quest,new-style,2006-09-16,20060926121013,http://i68.photobucket.com:80/albums/i1/Bananamatic/06IX11-17.png,https://web.archive.org/web/20060926121013/http://i68.photobucket.com:80/albums/i1/Bananamatic/06IX11-17.png,,235480,7c75fb61a5413897ca6b3118dd7dada8c078b590,"New-style scroll in a full client screenshot: Legends Guild Quest, 4 Quest Points, access to the Legends Guild, 7650 XP in four skills; Quest Points 149.",
Lost City/August-1-2006-lost-city-quest-completion-img403.imageshack.us.png,official game: quest scroll,,Lost City,new-style,2006-08-01,20060907134859,http://img403.imageshack.us/img403/6149/questddska7.png,https://web.archive.org/web/20060907134859/http://img403.imageshack.us/img403/6149/questddska7.png,,372386,5adf26c013b74fdaaf452c652a84164bff6af73f,"New-style scroll in a full World 26 client screenshot; worded ""Lost City Of Zanaris Quest"", Quest Points 5.",
Lost City/March-9-2005-lost-city-quest-completion-runeweb.net.png,official game: quest scroll,,Lost City,,2005-03-09,20060113195353,http://www.runeweb.net:80/fireball/Lost%20City%20Images/LostCity5.PNG,https://web.archive.org/web/20060113195353/http://www.runeweb.net:80/fireball/Lost%20City%20Images/LostCity5.PNG,,50112,639c2d9fb243bca16bfa4ba3f19302c1553e5d07,auto-detected,Quest Completion Scrolls\Other Quests - old style (2004)\file dated 2005-03-09 - runeweb.net - Lost City Images - LostCity5.PNG
Lunar Diplomacy/August-10-2006-lunar-diplomacy-quest-completion-img89.imageshack.us.png,official game: quest scroll,,Lunar Diplomacy,new-style,2006-08-10,20060820225950,http://img89.imageshack.us:80/img89/3834/questcompletecd0.png,https://web.archive.org/web/20060820225950/http://img89.imageshack.us:80/img89/3834/questcompletecd0.png,,40776,31de85eabc8a634448372fdb98895181f9430a84,"New-style scroll, Quest Points 207.",
Lunar Diplomacy/September-3-2006-lunar-diplomacy-quest-completion-runehq.com.gif,official game: quest scroll,,Lunar Diplomacy,new-style,2006-09-03,20071107222227,http://runehq.com:80/image/quests/p2p/lunardiplomacy/qc.gif,https://web.archive.org/web/20071107222227/http://runehq.com:80/image/quests/p2p/lunardiplomacy/qc.gif,,28427,7a9424f2ad76de7616efc8d4a47593ad76e8b753,RuneHQ guide image found by the 2001-2005 fansite scan; guide page: Rune Headquarters :.:.: Your unfair Runescape advantage (https://web.archive.org/web/20060821125424/http://runehq.com:80/RHQQuestsView.php?id=00758),
Making History/November-22-2005-making-history-quest-completion-runehq.com.gif,official game: quest scroll,,Making History,,2005-11-22,20060523195151,http://www.runehq.com:80/images/quests/memberquests/makinghistory/qc.gif,https://web.archive.org/web/20060523195151/http://www.runehq.com:80/images/quests/memberquests/makinghistory/qc.gif,,26211,390379222676da4bb462e4e8df36a86c6766ea0a,auto-detected,Quest Completion Scrolls\Other Quests - new style (2005-06)\file dated 2005-11-22 - runehq.com - makinghistory - qc.gif
Making History/November-22-2005-making-history-quest-completion-runescape.salmoneus.net.png,official game: quest scroll,,Making History,,2005-11-22,20060526033042,http://runescape.salmoneus.net:80/quests/MakingHistory/historycomplt.png,https://web.archive.org/web/20060526033042/http://runescape.salmoneus.net:80/quests/MakingHistory/historycomplt.png,,33615,bef46b3b1d9587fcc7e7f0180c0f85f49f6ef872,auto-detected,Quest Completion Scrolls\Other Quests - new style (2005-06)\file dated 2005-11-22 - runescape.salmoneus.net - MakingHistory - historycomplt.png
Merlin's Crystal/March-29-2006-merlins-crystal-quest-completion-img35.exs.cx.jpg,official game: quest scroll,,Merlin's Crystal,,2006-03-29,20060906162812,http://img35.exs.cx:80/img35/3967/merlin2.jpg,https://web.archive.org/web/20060906162812/http://img35.exs.cx:80/img35/3967/merlin2.jpg,,21893,32189059583cbd023312d74293bb0e7bbbad9dc7,auto-detected,Quest Completion Scrolls\Other Quests - old style (2004)\file dated 2006-03-29 - img35.exs.cx - merlin2.jpg
Merlin's Crystal/November-18-2005-merlins-crystal-quest-completion-runescape.salmoneus.net.jpg,official game: quest scroll,,Merlin's Crystal,,2005-11-18,20060221103057,http://runescape.salmoneus.net:80/quests/MerlinsCrystal/merlincomplt.jpg,https://web.archive.org/web/20060221103057/http://runescape.salmoneus.net:80/quests/MerlinsCrystal/merlincomplt.jpg,,33071,d84a6034d2e07822143d46c96634cf5ba3296db1,auto-detected,Quest Completion Scrolls\Other Quests - new style (2005-06)\file dated 2005-11-18 - runescape.salmoneus.net - MerlinsCrystal - merlincomplt.jpg
Merlin's Crystal/September-6-2006-merlins-crystal-quest-completion-runehq.com.gif,official game: quest scroll,,Merlin's Crystal,new-style,2006-09-06,20070217123735,http://www.runehq.com/image/quests/p2p/merlin/merlinscrystalreward.gif,https://web.archive.org/web/20070217123735/http://www.runehq.com/image/quests/p2p/merlin/merlinscrystalreward.gif,,27788,bb26e30561f50638b5ac4468decd4fda620743fc,runehq.com guide image found by the 2001-2005 fansite scan; guide page: Rune Headquarters :.:.: Your unfair Runescape advantage (https://web.archive.org/web/20061020235950/http://www.runehq.com/RHQQuestsView.php?id=00193%3FEnglish=true),
Monk's Friend/July-6-2005-monks-friend-quest-completion-runeweb.net.jpg,official game: quest scroll,,Monk's Friend,2005 new-style,2005-07-06,20051223232925,http://runeweb.net:80/rathofdoom/quests/monksfriend/1.jpg,http://web.archive.org/web/20051223232925/http://runeweb.net:80/rathofdoom/quests/monksfriend/1.jpg,,25725,c41cf62d2abd43abe8aa9a574c6ee12d8542f7b3,RuneWeb guide by rathofdoom. New-style scroll.,Quest Completion Scrolls\Target Quests\Monk's Friend\2005 new-style - file dated 2005-07-06 - runeweb.net - monksfriend - 1.jpg
Monk's Friend/March-7-2008-monks-friend-quest-completion-youtube-q1csdrVjVjs.png,official game: quest scroll,"Frame grab of the quest complete scroll from the YouTube video ""RuneScape - Pre-EOC - Monk's Friend"" uploaded by GoingCrazy201 (2008-03-07). Recorded on Jagex's real game.",Monk's Friend,"new-style (YouTube frame grab, real game)",2008-03-07,,https://www.youtube.com/watch?v=q1csdrVjVjs&t=441s,,,101613,afbed39c799442db1b132fcd196a408e40e9615f,"Upload date, not recording date.",
Monkey Madness/December-6-2004-monkey-madness-quest-completion-img50.exs.cx.png,official game: quest scroll,,Monkey Madness,,2004-12-06,20050130044758,http://img50.exs.cx:80/img50/3724/a5pmonkeycomplete.png,https://web.archive.org/web/20050130044758/http://img50.exs.cx:80/img50/3724/a5pmonkeycomplete.png,,50268,448eb4426cdc3045d70a60eb2a9f6661e6a7c3e7,auto-detected,Quest Completion Scrolls\Other Quests - old style (2004)\file dated 2004-12-06 - img50.exs.cx - a5pmonkeycomplete.png
Monkey Madness/May-16-2005-monkey-madness-quest-completion-runeweb.net.png,official game: quest scroll,,Monkey Madness,,2005-05-16,20060114011417,http://www.runeweb.net:80/fireball/monkeyreward.PNG,https://web.archive.org/web/20060114011417/http://www.runeweb.net:80/fireball/monkeyreward.PNG,,67038,949ce7684dc3c63da557fc9383fb900ca8c68558,auto-detected,Quest Completion Scrolls\Other Quests - new style (2005-06)\file dated 2005-05-16 - runeweb.net - fireball - monkeyreward.PNG
Monkey Madness/October-19-2005-monkey-madness-quest-completion-runehq.com.gif,official game: quest scroll,,Monkey Madness,new-style,2005-10-19,20110527224714,http://runehq.com:80/images/quests/memberquests/monkey_madness_complete.gif,https://web.archive.org/web/20110527224714/http://runehq.com:80/images/quests/memberquests/monkey_madness_complete.gif,,22241,13f74744753298fcff4479c07a5864a4c017d8ee,RuneHQ guide image found by the 2001-2005 fansite scan (file date 19 Oct 2005 is RuneHQ's server-migration date); guide page: Rune Headquarters :.:.: Your unfair Runescape advantage (https://web.archive.org/web/20051114044154/http://runehq.com:80/RHQQuestsView.php?id=00435),
Mountain Daughter/November-18-2005-mountain-daughter-quest-completion-runescape.salmoneus.net.png,official game: quest scroll,,Mountain Daughter,,2005-11-18,20060507003653,http://runescape.salmoneus.net:80/quests/MountainDaughter/mtdaughtercomplt.png,https://web.archive.org/web/20060507003653/http://runescape.salmoneus.net:80/quests/MountainDaughter/mtdaughtercomplt.png,,24393,ad68fafcafa7d6b32c393381ca2cc82c4c9dc0e2,auto-detected,Quest Completion Scrolls\Other Quests - new style (2005-06)\file dated 2005-11-18 - runescape.salmoneus.net - MountainDaughter - mtdaughtercomplt.png
Mountain Daughter/October-19-2005-mountain-daughter-quest-completion-runehq.com.gif,official game: quest scroll,,Mountain Daughter,,2005-10-19,20060524122215,http://runehq.com:80/images/quests/memberquests/mountaindaughter/qc.gif,https://web.archive.org/web/20060524122215/http://runehq.com:80/images/quests/memberquests/mountaindaughter/qc.gif,,22895,76779656692b838eac6510f95c29cf822fd01c92,auto-detected,Quest Completion Scrolls\Other Quests - new style (2005-06)\file dated 2005-10-19 - runehq.com - mountaindaughter - qc.gif
Mourning's End Part I/August-11-2006-mournings-end-part-i-quest-completion-runehq.com.gif,official game: quest scroll,,Mourning's End Part I,new-style,2006-08-11,20071107051614,http://www.runehq.com/image/quests/p2p/mourningsendspart1/questcomplete.gif,https://web.archive.org/web/20071107051614/http://www.runehq.com/image/quests/p2p/mourningsendspart1/questcomplete.gif,,29205,9e98d79aca3597817d111b505604f3bff37f8c5a,runehq.com guide image found by the 2001-2005 fansite scan; guide page: Rune Headquarters :.:.: Your unfair Runescape advantage (https://web.archive.org/web/20061020235726/http://www.runehq.com/RHQQuestsView.php?id=00552%3FEnglish=true),
Mourning's End Part I/July-20-2005-mournings-end-part-i-quest-completion-img263.imageshack.us.jpg,official game: quest scroll,,Mourning's End Part I,new-style,2005-07-20,20060216044456,http://img263.imageshack.us:80/img263/7213/mourningsendp18xs.jpg,https://web.archive.org/web/20060216044456/http://img263.imageshack.us:80/img263/7213/mourningsendp18xs.jpg,,45974,d1f0d0c23abd864bf69d07de64e8709a73929cad,"New-style scroll in a client screenshot, Quest Points 171.",
Mourning's End Part I/May-21-2006-mournings-end-part-i-quest-completion-img212.imageshack.us.jpg,official game: quest scroll,,Mourning's End Part I,new-style,2006-05-21,20090829065934,http://img212.imageshack.us/img212/9981/pergaminomourningparti5je.jpg,https://web.archive.org/web/20090829065934/http://img212.imageshack.us/img212/9981/pergaminomourningparti5je.jpg,,44052,2462cc7d99b25d0411c5dd6af5fc927d85c6b1c6,"New-style scroll, Quest Points 123.",
Mourning's End Part I/November-18-2005-mournings-end-part-i-quest-completion-runescape.salmoneus.net.png,official game: quest scroll,,Mourning's End Part I,,2005-11-18,20060507035713,http://runescape.salmoneus.net:80/quests/MourningsEndPart1/mourningcomplete.png,https://web.archive.org/web/20060507035713/http://runescape.salmoneus.net:80/quests/MourningsEndPart1/mourningcomplete.png,,22575,48edf797b065a3be9de63edfbd4a9435d1a9edc7,auto-detected,Quest Completion Scrolls\Other Quests - new style (2005-06)\file dated 2005-11-18 - runescape.salmoneus.net - MourningsEndPart1 - mourningcomplete.png
Mourning's End Part I/October-19-2005-mournings-end-part-i-quest-completion-runehq.com.gif,official game: quest scroll,,Mourning's End Part I,new-style,2005-10-19,20111001171734,http://runehq.com:80/images/quests/memberquests/mourningsendspart1/questcomplete.gif,https://web.archive.org/web/20111001171734/http://runehq.com:80/images/quests/memberquests/mourningsendspart1/questcomplete.gif,,23017,4955351900e179b10d427bd94d90da3935d43d1b,RuneHQ guide image found by the 2001-2005 fansite scan (file date 19 Oct 2005 is RuneHQ's server-migration date); guide page: Rune Headquarters :.:.: Your unfair Runescape advantage (https://web.archive.org/web/20050808081640/http://runehq.com:80/RHQQuestsView.php?id=00552),
Mourning's End Part II/August-11-2006-mourning-s-end-part-ii-quest-completion-www.runehq.com.gif,official game: quest scroll,,Mourning's End Part II,,2006-08-11,20071107102158,http://www.runehq.com/image/quests/p2p/mourningsendspart2/questcomplete.gif,https://web.archive.org/web/20071107102158/http://www.runehq.com/image/quests/p2p/mourningsendspart2/questcomplete.gif,,29245,3fbd11453d57edfb67450d15428741ae5233bd6b,"RuneHQ quest-guide image. Found by the 2026-10 manual-check re-scan (CLIP ranking, verified by eye).",
Mourning's End Part II/October-27-2005-mournings-end-part-ii-quest-completion-runehq.com.gif,official game: quest scroll,,Mourning's End Part II,,2005-10-27,20060523125151,http://www.runehq.com:80/images/quests/memberquests/mourningsendspart2/qc.gif,https://web.archive.org/web/20060523125151/http://www.runehq.com:80/images/quests/memberquests/mourningsendspart2/qc.gif,,22803,bc0cc876b22951a61af2a241b606a4628db57bc6,auto-detected,Quest Completion Scrolls\Other Quests - new style (2005-06)\file dated 2005-10-27 - runehq.com - mourningsendspart2 - qc.gif
Murder Mystery/May-8-2005-murder-mystery-quest-completion-runeweb.net.png,official game: quest scroll,,Murder Mystery,,2005-05-08,20060113200625,http://www.runeweb.net:80/fireball/Murder%20Mystery%20Images/MurderMystery2.PNG,https://web.archive.org/web/20060113200625/http://www.runeweb.net:80/fireball/Murder%20Mystery%20Images/MurderMystery2.PNG,,22374,3d67b6a2064888f47be38f992af5f441ec229c8d,auto-detected,Quest Completion Scrolls\Other Quests - new style (2005-06)\file dated 2005-05-08 - runeweb.net - Murder Mystery Images - MurderMystery2.PNG
Murder Mystery/November-18-2005-murder-mystery-quest-completion-runescape.salmoneus.net.png,official game: quest scroll,,Murder Mystery,,2005-11-18,20060515231755,http://runescape.salmoneus.net:80/quests/MurderMystery/murdermystcomplt.png,https://web.archive.org/web/20060515231755/http://runescape.salmoneus.net:80/quests/MurderMystery/murdermystcomplt.png,,28490,0201a2bb4288959274893ab9408ffd1e71a5d9ec,auto-detected,Quest Completion Scrolls\Other Quests - old style (2004)\file dated 2005-11-18 - runescape.salmoneus.net - MurderMystery - murdermystcomplt.png
Murder Mystery/September-1-2006-murder-mystery-quest-completion-runehq.com.gif,official game: quest scroll,,Murder Mystery,new-style,2006-09-01,20071107024342,http://www.runehq.com/image/quests/p2p/murdermystery/mmquestcompleted.gif,https://web.archive.org/web/20071107024342/http://www.runehq.com/image/quests/p2p/murdermystery/mmquestcompleted.gif,,27770,1e62d9bc56b164947ca3e35dddf2f5103d393df1,runehq.com guide image found by the 2001-2005 fansite scan; guide page: Rune Headquarters :.:.: Your unfair Runescape advantage (https://web.archive.org/web/20061020234638/http://www.runehq.com/RHQQuestsView.php?id=00328%3FEnglish=true),
My Arm's Big Adventure/October-23-2006-my-arms-big-adventure-quest-completion-img319.imageshack.us.png,official game: quest scroll,,My Arm's Big Adventure,new-style,2006-10-23,20070301181843,http://img319.imageshack.us:80/img319/3181/myarmrewardsd9.png,https://web.archive.org/web/20070301181843/http://img319.imageshack.us:80/img319/3181/myarmrewardsd9.png,,53330,8300a74fb89d1e94231afb15ba7513fe5f18252b,"New-style scroll (""You have tolerated My Arm's Big Adventure!""), Quest Points 229.",
My Arm's Big Adventure/October-23-2006-my-arms-big-adventure-quest-completion-runehq.com.gif,official game: quest scroll,,My Arm's Big Adventure,new-style,2006-10-23,20071107075252,http://www.runehq.com:80/image/quests/p2p/myarmsbigadventure/qc.gif,https://web.archive.org/web/20071107075252/http://www.runehq.com:80/image/quests/p2p/myarmsbigadventure/qc.gif,,28399,6f111412f120494421f40f48af701a2dec16d0c9,runehq.com guide image found by the 2001-2005 fansite scan; guide page: Rune Headquarters :.:.: Your unfair Runescape advantage (https://web.archive.org/web/20061102125506/http://www.runehq.com:80/RHQQuestsView.php?id=00826),
Nature Spirit/August-13-2004-nature-spirit-quest-completion-wildernessguardians.com.jpg,official game: quest scroll,,Nature Spirit,"2004 old-style, shown in the full game client",2004-08-13,20040906194130,http://www.wildernessguardians.com/7.JPG,https://web.archive.org/web/20040906194130/http://www.wildernessguardians.com/7.JPG,,75842,7c89fb6d3655405907c3f90dc899a25a09e36dca,"Posted in the RuneHQ forum (The Inn) thread ""Nature Spirit Quest Guide"", Aug 2004 (https://web.archive.org/web/20040823020320/http://www.runehq.com:80/TheInn/viewtopic.php?p=341865); image hosted on the clan site wildernessguardians.com. Found by the 2001-2005 fansite forum scan.",
Nature Spirit/August-9-2004-nature-spirit-quest-completion-koti.mbnet.fi.jpg,official game: quest scroll,,Nature Spirit,"2004 old-style, full client (Total Points 109)",2004-08-09,20040823024039,http://koti.mbnet.fi:80/~timpat/kirja2/kuvat/090804.jpg,https://web.archive.org/web/20040823024039/http://koti.mbnet.fi:80/~timpat/kirja2/kuvat/090804.jpg,,275406,922eec6d9cf00fdb50c80c4646ca82c4696505f7,"Finnish player screenshot folder koti.mbnet.fi/~timpat, found by the ISP-homepage folder ranking",
Nature Spirit/February-23-2005-nature-spirit-quest-completion-runevillage.com.gif,official game: quest scroll,,Nature Spirit,,2005-02-23,20051215225926,http://runevillage.com:80/images/rsnaturespirit2.gif,https://web.archive.org/web/20051215225926/http://runevillage.com:80/images/rsnaturespirit2.gif,,23113,117f60d5a7ca914ef9da65a9f3906980895d1caf,auto-detected,Quest Completion Scrolls\Other Quests - old style (2004)\file dated 2005-02-23 - runevillage.com - rsnaturespirit2.gif
Nature Spirit/July-10-2006-nature-spirit-quest-completion-img163.imageshack.us.png,official game: quest scroll,,Nature Spirit,new-style,2006-07-10,20090829070715,http://img163.imageshack.us/img163/6168/naturespirit8up.png,https://web.archive.org/web/20090829070715/http://img163.imageshack.us/img163/6168/naturespirit8up.png,,52125,d27d1cde959605bad201ccf8598e43077eb76f43,"New-style scroll, Quest Points 122.",
Nature Spirit/July-13-2004-nature-spirit-quest-completion-img44.exs.cx.png,official game: quest scroll,,Nature Spirit,,2004-07-13,20050428231032,http://img44.exs.cx:80/img44/3913/naturespiritrewardscroll.png,https://web.archive.org/web/20050428231032/http://img44.exs.cx:80/img44/3913/naturespiritrewardscroll.png,,540822,d8dcc3788806543fda349207a8e135f2cf0d71ba,auto-detected,Quest Completion Scrolls\Other Quests - old style (2004)\file dated 2004-07-13 - img44.exs.cx - naturespiritrewardscroll.png
Nature Spirit/July-13-2004-nature-spirit-quest-completion-koti.mbnet.fi.jpg,official game: quest scroll,,Nature Spirit,"2004-05 old-style, full client",2004-07-13,20050122211757,http://koti.mbnet.fi:80/kuukke/data/nature_questi_tehty.JPG,https://web.archive.org/web/20050122211757/http://koti.mbnet.fi:80/kuukke/data/nature_questi_tehty.JPG,,81427,3ac2324e1042c8d5d9485eba3c8f1c7659be4696,"Finnish player screenshot folder on koti.mbnet.fi, found by the ISP-homepage folder ranking",
Nature Spirit/July-13-2004-nature-spirit-quest-completion-runehq.com.png,official game: quest scroll,,Nature Spirit,,2004-07-13,20040821153220,http://www.runehq.com:80/images/quests/memberquests/endnaturespiritquest.PNG,http://web.archive.org/web/20040821153220/http://www.runehq.com:80/images/quests/memberquests/endnaturespiritquest.PNG,,154094,06aaf263698cb13e9f45150baf09566b59c0ce79,auto-detected,Quest Completion Scrolls\Other Quests - old style (2004)\file dated 2004-07-13 - runehq.com - endnaturespiritquest.PNG
Nature Spirit/July-6-2005-nature-spirit-quest-completion-runeweb.net.png,official game: quest scroll,,Nature Spirit,,2005-07-06,20051223234511,http://runeweb.net:80/rathofdoom/quests/naturespirit/8.png,https://web.archive.org/web/20051223234511/http://runeweb.net:80/rathofdoom/quests/naturespirit/8.png,,40222,d5b87e7e09d0ab21bc30c6ddc5e2a85a80b6c7a3,auto-detected,Quest Completion Scrolls\Other Quests - old style (2004)\file dated 2005-07-06 - runeweb.net - naturespirit - 8.png
Nature Spirit/November-18-2005-nature-spirit-quest-completion-runescape.salmoneus.net.png,official game: quest scroll,,Nature Spirit,,2005-11-18,20060506214107,http://runescape.salmoneus.net:80/quests/NatureSpirit/natspiritcomplt.png,https://web.archive.org/web/20060506214107/http://runescape.salmoneus.net:80/quests/NatureSpirit/natspiritcomplt.png,,24447,9c57d534a8717dec64ea7cb4c54f4eeb8bb499ad,auto-detected,Quest Completion Scrolls\Other Quests - old style (2004)\file dated 2005-11-18 - runescape.salmoneus.net - NatureSpirit - natspiritcomplt.png
Nature Spirit/November-2-2005-nature-spirit-quest-completion-runehq.com.gif,official game: quest scroll,,Nature Spirit,,2005-11-02,20060518163237,http://runehq.com:80/images/quests/Nature_Spirit/natspirit9xs.gif,https://web.archive.org/web/20060518163237/http://runehq.com:80/images/quests/Nature_Spirit/natspirit9xs.gif,,40548,2e933f7de8a385ab394d1b4ed1b0da3e9fec7552,auto-detected,Quest Completion Scrolls\Other Quests - new style (2005-06)\file dated 2005-11-02 - runehq.com - Nature_Spirit - natspirit9xs.gif
Nature Spirit/September-5-2006-nature-spirit-quest-completion-runehq.com.gif,official game: quest scroll,,Nature Spirit,new-style,2006-09-05,20071107130355,http://www.runehq.com/image/quests/p2p/naturespirit/natspirit9xs.gif,https://web.archive.org/web/20071107130355/http://www.runehq.com/image/quests/p2p/naturespirit/natspirit9xs.gif,,28595,6598ad93a091e82cbeb5f6485c4caf994c4229d0,runehq.com guide image found by the 2001-2005 fansite scan; guide page: Rune Headquarters :.:.: Your unfair Runescape advantage (https://web.archive.org/web/20061020235917/http://www.runehq.com/RHQQuestsView.php?id=00398%3FEnglish=true),
Observatory Quest/August-12-2004-observatory-quest-quest-completion-runescape.salmoneus.net.png,official game: quest scroll,,Observatory Quest,,2004-08-12,20040821115607,http://runescape.salmoneus.net:80/quests/ObservatoryQuest/observatorycomplt.png,https://web.archive.org/web/20040821115607/http://runescape.salmoneus.net:80/quests/ObservatoryQuest/observatorycomplt.png,,30265,aef6ee2a21ec5ce1f390589ff170f8a4f591b567,auto-detected,Quest Completion Scrolls\Other Quests - old style (2004)\file dated 2004-08-12 - runescape.salmoneus.net - ObservatoryQuest - observatorycomplt.png
Observatory Quest/August-5-2004-observatory-quest-quest-completion-img54.imageshack.us.png,official game: quest scroll,,Observatory Quest,old-style,2004-08-05,20040821180757,http://img54.imageshack.us:80/img54/8494/obsrv6.png,https://web.archive.org/web/20040821180757/http://img54.imageshack.us:80/img54/8494/obsrv6.png,,46002,4cf95851b0a23706003f7e7d8d9013bed3c654ee,"Old-style (2004) scroll, Total Points 109. The original upload of the screenshot RuneVillage later used (its Feb 2005 GIF is in quest-completion/); this PNG is earlier and full quality.",
Observatory Quest/February-24-2005-observatory-quest-quest-completion-runevillage.com.gif,official game: quest scroll,,Observatory Quest,,2005-02-24,20051215235521,http://runevillage.com:80/images/rsobservatoryquest4.gif,https://web.archive.org/web/20051215235521/http://runevillage.com:80/images/rsobservatoryquest4.gif,,39790,b7b720b54c7ce7427993d35f8e24a508477b3741,auto-detected,Quest Completion Scrolls\Other Quests - old style (2004)\file dated 2005-02-24 - runevillage.com - rsobservatoryquest4.gif
Observatory Quest/March-9-2005-observatory-quest-quest-completion-runeweb.net.gif,official game: quest scroll,,Observatory Quest,,2005-03-09,20060114024357,http://www.runeweb.net:80/fireball/Observatory%20Images/finished.gif,https://web.archive.org/web/20060114024357/http://www.runeweb.net:80/fireball/Observatory%20Images/finished.gif,,38380,061f1dd1a746539eae39afaa982b028e68fae396,auto-detected,Quest Completion Scrolls\Other Quests - old style (2004)\file dated 2005-03-09 - runeweb.net - Observatory Images - finished.gif
Observatory Quest/November-13-2005-observatory-quest-quest-completion-runehq.com.gif,official game: quest scroll,,Observatory Quest,new-style,2005-11-13,20110928223238,http://runehq.com:80/images/quests/observatory/observatoryreward.gif,https://web.archive.org/web/20110928223238/http://runehq.com:80/images/quests/observatory/observatoryreward.gif,,24531,82c07e1045bf8ed84e461850a859bf21acca2984,RuneHQ guide image found by the 2001-2005 fansite scan; guide page: Rune Headquarters :.:.: Your unfair Runescape advantage (https://web.archive.org/web/20051210042319/http://runehq.com:80/RHQQuestsView.php?id=00179),
Observatory Quest/September-3-2004-observatory-quest-quest-completion-img85.exs.cx.png,official game: quest scroll,,Observatory Quest,,2004-09-03,20041123195653,http://img85.exs.cx:80/img85/7775/scroll.png,https://web.archive.org/web/20041123195653/http://img85.exs.cx:80/img85/7775/scroll.png,,86176,ae0267676aeaf3186b69d17aa40420c97478c884,auto-detected,Quest Completion Scrolls\Other Quests - old style (2004)\file dated 2004-09-03 - img85.exs.cx - scroll.png
One Small Favour/March-9-2005-one-small-favour-quest-completion-runeweb.net.png,official game: quest scroll,,One Small Favour,,2005-03-09,20060114020508,http://www.runeweb.net:80/Roth/OSF/0questcomplete.PNG,https://web.archive.org/web/20060114020508/http://www.runeweb.net:80/Roth/OSF/0questcomplete.PNG,,49104,b353526fad00435cfe914b24950d1bee884f074e,auto-detected,Quest Completion Scrolls\Other Quests - new style (2005-06)\file dated 2005-03-09 - runeweb.net - OSF - 0questcomplete.PNG
One Small Favour/October-19-2005-one-small-favour-quest-completion-runehq.com.png,official game: quest scroll,,One Small Favour,,2005-10-19,20060519034540,http://runehq.com:80/images/quests/memberquests/onesmallfavour_questcomplete.png,https://web.archive.org/web/20060519034540/http://runehq.com:80/images/quests/memberquests/onesmallfavour_questcomplete.png,,29587,5341c89b5a93d4621f55160c41943a78f5e5bb66,auto-detected,Quest Completion Scrolls\Other Quests - new style (2005-06)\file dated 2005-10-19 - runehq.com - onesmallfavour_questcomplete.png
Pirate's Treasure/August-2-2004-pirates-treasure-quest-completion-img57.exs.cx.gif,official game: quest scroll,,Pirate's Treasure,,2004-08-02,20040823134459,http://img57.exs.cx:80/img57/5854/piratecompleted.gif,https://web.archive.org/web/20040823134459/http://img57.exs.cx:80/img57/5854/piratecompleted.gif,,31708,d66d5e79fc6db98eaf7647dc9e824c4842faa10f,auto-detected,Quest Completion Scrolls\Other Quests - old style (2004)\file dated 2004-08-02 - img57.exs.cx - piratecompleted.gif
Pirate's Treasure/August-7-2004-pirates-treasure-quest-completion-runescape.salmoneus.net.png,official game: quest scroll,,Pirate's Treasure,,2004-08-07,20040821205440,http://runescape.salmoneus.net:80/quests/PirateTreasure/piratresurcomplt.png,https://web.archive.org/web/20040821205440/http://runescape.salmoneus.net:80/quests/PirateTreasure/piratresurcomplt.png,,24519,841b3b88c88e9a2e77d19de0e8bffb7b9a185783,auto-detected,Quest Completion Scrolls\Other Quests - old style (2004)\file dated 2004-08-07 - runescape.salmoneus.net - PirateTreasure - piratresurcomplt.png
Pirate's Treasure/July-10-2005-pirates-treasure-quest-completion-runeweb.net.gif,official game: quest scroll,,Pirate's Treasure,,2005-07-10,20051224000803,http://runeweb.net:80/rathofdoom/quests/piratestreasure/9.gif,https://web.archive.org/web/20051224000803/http://runeweb.net:80/rathofdoom/quests/piratestreasure/9.gif,,36287,4cd6d68087975d3e7e3d636118786016fdf845eb,auto-detected,Quest Completion Scrolls\Other Quests - new style (2005-06)\file dated 2005-07-10 - runeweb.net - piratestreasure - 9.gif
Pirate's Treasure/June-21-2004-pirates-treasure-quest-completion-img34.imageshack.us.jpg,official game: quest scroll,,Pirate's Treasure,,2004-06-21,20060914170322,http://img34.imageshack.us/img34/8195/QuestScroll.jpg,https://web.archive.org/web/20060914170322/http://img34.imageshack.us/img34/8195/QuestScroll.jpg,,20951,55c41af42ab5151500c516759c0faf64d490d2ab,auto-detected,Quest Completion Scrolls\Other Quests - old style (2004)\file dated 2004-06-21 - img34.imageshack.us - QuestScroll.jpg
Plague City/July-12-2006-plague-city-quest-completion-runehq.com.gif,official game: quest scroll,,Plague City,new-style,2006-07-12,20070228135308,http://www.runehq.com/image/quests/p2p/plaguecity/plaguecitycompleted.gif,https://web.archive.org/web/20070228135308/http://www.runehq.com/image/quests/p2p/plaguecity/plaguecitycompleted.gif,,24374,e256217ca254def3cd863a0cd80e6092231d0c15,runehq.com guide image found by the 2001-2005 fansite scan; guide page: Rune Headquarters :.:.: Your unfair Runescape advantage (https://web.archive.org/web/20061020235525/http://www.runehq.com/RHQQuestsView.php?id=00155%3FEnglish=true),
Plague City/March-9-2005-plague-city-quest-completion-runeweb.net.png,official game: quest scroll,,Plague City,,2005-03-09,20060113193930,http://www.runeweb.net:80/fireball/Plague%20City%20Images/PlagueCity6.PNG,https://web.archive.org/web/20060113193930/http://www.runeweb.net:80/fireball/Plague%20City%20Images/PlagueCity6.PNG,,78738,a83e244a7bc186754883e7546906596245cb9c8d,auto-detected,Quest Completion Scrolls\Other Quests - old style (2004)\file dated 2005-03-09 - runeweb.net - Plague City Images - PlagueCity6.PNG
Plague City/November-18-2005-plague-city-quest-completion-runescape.salmoneus.net.png,official game: quest scroll,,Plague City,,2005-11-18,20060502102023,http://runescape.salmoneus.net:80/quests/PlagueCity/plaguecitycomplt.png,https://web.archive.org/web/20060502102023/http://runescape.salmoneus.net:80/quests/PlagueCity/plaguecitycomplt.png,,22473,0f984c9b2026df4e28a37b2856a0b477478beb14,auto-detected,Quest Completion Scrolls\Other Quests - old style (2004)\file dated 2005-11-18 - runescape.salmoneus.net - PlagueCity - plaguecitycomplt.png
Priest in Peril/July-6-2004-priest-in-peril-quest-completion-runescape.informare.ro.jpg,official game: quest scroll,,Priest in Peril,,2004-07-06,20041127154410,http://runescape.informare.ro:80/Rs2/Img-quest/priest-diploma.JPG,https://web.archive.org/web/20041127154410/http://runescape.informare.ro:80/Rs2/Img-quest/priest-diploma.JPG,,8740,0b5de52f8d249edf9c3aa3a2a5726eeb12dc9122,auto-detected,Quest Completion Scrolls\Other Quests - thumbnails\file dated 2004-07-06 - runescape.informare.ro - Img-quest - priest-diploma.JPG
Priest in Peril/June-29-2004-priest-in-peril-quest-completion-img39.imageshack.us.jpg,official game: quest scroll,,Priest in Peril,old-style,2004-06-29,20041128032910,http://img39.imageshack.us:80/img39/8462/quest10.jpg,https://web.archive.org/web/20041128032910/http://img39.imageshack.us:80/img39/8462/quest10.jpg,,27117,e8b3f359e83a7f087b7049e71ea5e40cd32b446b,"Old-style (2004) scroll, Total Points 117. Captured 28 Nov 2004.",
Priest in Peril/June-29-2004-priest-in-peril-quest-completion-runehq.com.jpg,official game: quest scroll,,Priest in Peril,,2004-06-29,20050228184233,http://runehq.com:80/images/quests/memberquests/priest/perilaward.jpg,https://web.archive.org/web/20050228184233/http://runehq.com:80/images/quests/memberquests/priest/perilaward.jpg,,37998,09b3f116027e6eecc02ea034a3105204c3e43791,auto-detected,Quest Completion Scrolls\Other Quests - old style (2004)\file dated 2004-06-29 - runehq.com - priest - perilaward.jpg
Priest in Peril/June-30-2004-priest-in-peril-quest-completion-img39.imageshack.us.jpg,official game: quest scroll,,Priest in Peril,old-style,2004-06-30,20040922005856,http://img39.imageshack.us:80/img39/736/doneit.jpg,https://web.archive.org/web/20040922005856/http://img39.imageshack.us:80/img39/736/doneit.jpg,,40248,3b8e3429d94a40b7488cf49e1004d75cdbedb7d9,"Old-style (2004) scroll in a client screenshot, Total Points 95.",
Priest in Peril/October-11-2006-priest-in-peril-quest-completion-runehq.com.png,official game: quest scroll,,Priest in Peril,new-style,2006-10-11,20071107153450,http://www.runehq.com/image/quests/p2p/priestinperil/pipquestcompleted.png,https://web.archive.org/web/20071107153450/http://www.runehq.com/image/quests/p2p/priestinperil/pipquestcompleted.png,,18738,ee25df96ae2397c6ab27cfc538e5b72b26fa9876,runehq.com guide image found by the 2001-2005 fansite scan; guide page: Rune Headquarters :.:.: Your unfair Runescape advantage (https://web.archive.org/web/20061020234421/http://www.runehq.com/RHQQuestsView.php?id=00373%3FEnglish=true),
Prince Ali Rescue/November-18-2005-prince-ali-rescue-quest-completion-runescape.salmoneus.net.png,official game: quest scroll,,Prince Ali Rescue,,2005-11-18,20051218082246,http://runescape.salmoneus.net:80/quests/PrinceAliRescue/aliquestcomplt.png,https://web.archive.org/web/20051218082246/http://runescape.salmoneus.net:80/quests/PrinceAliRescue/aliquestcomplt.png,,25053,41fc24066b6fc95db2b213c4126ed8f3f4bdbf1e,auto-detected,Quest Completion Scrolls\Other Quests - old style (2004)\file dated 2005-11-18 - runescape.salmoneus.net - PrinceAliRescue - aliquestcomplt.png
Rag and Bone Man/April-10-2006-rag-and-bone-man-quest-completion-runehq.com.gif,official game: quest scroll,,Rag and Bone Man,,2006-04-10,20060524083839,http://runehq.com:80/image/quests/p2p/ragandboneman/qc.gif,https://web.archive.org/web/20060524083839/http://runehq.com:80/image/quests/p2p/ragandboneman/qc.gif,,24566,c9b91904b2f6ce8750ad9f84e0c4bb90f0fd09e1,auto-detected,Quest Completion Scrolls\Other Quests - new style (2005-06)\file dated 2006-04-10 - runehq.com - ragandboneman - qc.gif
Rag and Bone Man/April-11-2006-rag-and-bone-man-quest-completion-runescape.salmoneus.net.png,official game: quest scroll,,Rag and Bone Man,,2006-04-11,20060501174231,http://runescape.salmoneus.net:80/quests/RagAndBoneMan/ragbonecomplt.png,https://web.archive.org/web/20060501174231/http://runescape.salmoneus.net:80/quests/RagAndBoneMan/ragbonecomplt.png,,30714,621036b49d0beb99541f03e9d14fee992c358758,auto-detected,Quest Completion Scrolls\Other Quests - new style (2005-06)\file dated 2006-04-11 - runescape.salmoneus.net - RagAndBoneMan - ragbonecomplt.png
Rag and Bone Man/April-12-2006-rag-and-bone-man-quest-completion-runehq.com.gif,official game: quest scroll,,Rag and Bone Man,,2006-04-12,20060524084025,http://runehq.com:80/image/quests/p2p/ragandboneman/qc2.gif,https://web.archive.org/web/20060524084025/http://runehq.com:80/image/quests/p2p/ragandboneman/qc2.gif,,24274,db216b090345a70e21b3593798002e62f1bcbbf1,auto-detected,Quest Completion Scrolls\Other Quests - new style (2005-06)\file dated 2006-04-12 - runehq.com - ragandboneman - qc2.gif
Rag and Bone Man/April-21-2006-rag-and-bone-man-quest-completion-runescape.salmoneus.net.png,official game: quest scroll,,Rag and Bone Man,,2006-04-21,20060501173641,http://runescape.salmoneus.net:80/quests/RagAndBoneMan/ragbonecomplt2.png,https://web.archive.org/web/20060501173641/http://runescape.salmoneus.net:80/quests/RagAndBoneMan/ragbonecomplt2.png,,29174,279064bea2815f84174f70cd6824af3c61305b3e,auto-detected,Quest Completion Scrolls\Other Quests - new style (2005-06)\file dated 2006-04-21 - runescape.salmoneus.net - RagAndBoneMan - ragbonecomplt2.png
Ratcatchers/December-2-2005-ratcatchers-quest-completion-runescape.salmoneus.net.png,official game: quest scroll,,Ratcatchers,,2005-12-02,20060528201928,http://runescape.salmoneus.net:80/quests/RatCatcher/ratcatchercomplt.png,https://web.archive.org/web/20060528201928/http://runescape.salmoneus.net:80/quests/RatCatcher/ratcatchercomplt.png,,30115,86d0d50b547c398b5c6d3a7bcb7c3fb5096018ac,auto-detected,Quest Completion Scrolls\Other Quests - new style (2005-06)\file dated 2005-12-02 - runescape.salmoneus.net - RatCatcher - ratcatchercomplt.png
Ratcatchers/November-29-2005-ratcatchers-quest-completion-runehq.com.gif,official game: quest scroll,,Ratcatchers,,2005-11-29,20060524095748,http://runehq.com:80/images/quests/memberquests/ratcatchers/qc.gif,https://web.archive.org/web/20060524095748/http://runehq.com:80/images/quests/memberquests/ratcatchers/qc.gif,,24091,033b875a9c8d14bfe743ad3c6b2d60dc4f620be6,auto-detected,Quest Completion Scrolls\Other Quests - new style (2005-06)\file dated 2005-11-29 - runehq.com - ratcatchers - qc.gif
Recipe for Disaster - Awowogei/March-18-2006-recipe-for-disaster-awowogei-quest-completion-runehq.com.gif,official game: quest scroll,,Recipe for Disaster - Awowogei,new-style,2006-03-18,20070120202326,http://runehq.com:80/image/quests/p2p/recipefordisaster/qc9.gif,https://web.archive.org/web/20070120202326/http://runehq.com:80/image/quests/p2p/recipefordisaster/qc9.gif,,24489,8aaa2b8c27a47dc56a8f724b948d88363b491d16,RuneHQ guide image found by the 2001-2005 fansite scan; guide page: Rune Headquarters :.:.: Your unfair Runescape advantage (https://web.archive.org/web/20060405014356/http://runehq.com:80/RHQQuestsView.php?id=00691),
Recipe for Disaster - Awowogei/March-18-2006-recipe-for-disaster-awowogei-quest-completion-runescape.salmoneus.net.png,official game: quest scroll,,Recipe for Disaster - Awowogei,,2006-03-18,20060514115515,http://runescape.salmoneus.net:80/quests/RecipeForDisaster/recipeawowcomplt.png,https://web.archive.org/web/20060514115515/http://runescape.salmoneus.net:80/quests/RecipeForDisaster/recipeawowcomplt.png,,43277,431cc8d939e0f46747d688f38bb829e785480264,auto-detected,Quest Completion Scrolls\Other Quests - new style (2005-06)\file dated 2006-03-18 - runescape.salmoneus.net - RecipeForDisaster - recipeawowcomplt.png
Recipe for Disaster - Cook/March-17-2006-recipe-for-disaster-cook-quest-completion-runehq.com.gif,official game: quest scroll,,Recipe for Disaster - Cook,new-style,2006-03-17,20070120202300,http://runehq.com:80/image/quests/p2p/recipefordisaster/qc1.gif,https://web.archive.org/web/20070120202300/http://runehq.com:80/image/quests/p2p/recipefordisaster/qc1.gif,,25235,3202eac1ca6585f1d7779a6e4b7f56de955224d2,RuneHQ guide image found by the 2001-2005 fansite scan; guide page: Rune Headquarters :.:.: Your unfair Runescape advantage (https://web.archive.org/web/20060405014356/http://runehq.com:80/RHQQuestsView.php?id=00691),
Recipe for Disaster - Cook/March-18-2006-recipe-for-disaster-cook-quest-completion-runescape.salmoneus.net.png,official game: quest scroll,,Recipe for Disaster - Cook,,2006-03-18,20060514115527,http://runescape.salmoneus.net:80/quests/RecipeForDisaster/recipecookcomplt.png,https://web.archive.org/web/20060514115527/http://runescape.salmoneus.net:80/quests/RecipeForDisaster/recipecookcomplt.png,,37299,53c26cb11cfa0b16b646c9439ef3ffb6647602ef,auto-detected,Quest Completion Scrolls\Other Quests - new style (2005-06)\file dated 2006-03-18 - runescape.salmoneus.net - RecipeForDisaster - recipecookcomplt.png
Recipe for Disaster - Culinaromancer/June-18-2006-recipe-for-disaster-culinaromancer-quest-completion-img213.imageshack.us.png,official game: quest scroll,,Recipe for Disaster - Culinaromancer,new-style,2006-06-18,20060926141555,http://img213.imageshack.us:80/img213/9633/100thquest3tw.png,https://web.archive.org/web/20060926141555/http://img213.imageshack.us:80/img213/9633/100thquest3tw.png,,259447,da962bc89e75773952d98c5c56a8286ea39f98ef,"New-style scroll in a full client window (""Congratulations! You have defeated the Culinaromancer!""), Quest Points 208.",
Recipe for Disaster - Culinaromancer/March-16-2006-recipe-for-disaster-culinaromancer-quest-completion-img1.zybez.net.gif,official game: quest scroll,,Recipe for Disaster - Culinaromancer,,2006-03-16,20070317002659,http://img1.zybez.net:80/img/qimg/recipedisaster/culinomancerscroll.gif,https://web.archive.org/web/20070317002659/http://img1.zybez.net:80/img/qimg/recipedisaster/culinomancerscroll.gif,,24175,317231895ea3a9aab9ffe5f1faca0287fdcea657,auto-detected,Quest Completion Scrolls\Other Quests - new style (2005-06)\file dated 2006-03-16 - img1.zybez.net - recipedisaster - culinomancerscroll.gif
Recipe for Disaster - Culinaromancer/March-16-2006-recipe-for-disaster-culinaromancer-quest-completion-img95.imageshack.us.png,official game: quest scroll,,Recipe for Disaster - Culinaromancer,new-style,2006-03-16,20070305155623,http://img95.imageshack.us:80/img95/5890/meisthekingofquests8ig.png,https://web.archive.org/web/20070305155623/http://img95.imageshack.us:80/img95/5890/meisthekingofquests8ig.png,,105302,147d6d48f1e2b78cc64fedb903689353c7081357,"New-style scroll in a client screenshot (""You have defeated the Culinaromancer!"").",
Recipe for Disaster - Culinaromancer/March-18-2006-recipe-for-disaster-culinaromancer-quest-completion-runehq.com.gif,official game: quest scroll,,Recipe for Disaster - Culinaromancer,new-style,2006-03-18,20070120202307,http://runehq.com:80/image/quests/p2p/recipefordisaster/qc10.gif,https://web.archive.org/web/20070120202307/http://runehq.com:80/image/quests/p2p/recipefordisaster/qc10.gif,,24295,64c910ee2a1929c3e7bff74f73ec5125fa93a553,RuneHQ guide image found by the 2001-2005 fansite scan; guide page: Rune Headquarters :.:.: Your unfair Runescape advantage (https://web.archive.org/web/20060405014356/http://runehq.com:80/RHQQuestsView.php?id=00691),
Recipe for Disaster - Culinaromancer/March-18-2006-recipe-for-disaster-culinaromancer-quest-completion-runescape.salmoneus.net.png,official game: quest scroll,,Recipe for Disaster - Culinaromancer,,2006-03-18,20060514115616,http://runescape.salmoneus.net:80/quests/RecipeForDisaster/recipeculincomplt.png,https://web.archive.org/web/20060514115616/http://runescape.salmoneus.net:80/quests/RecipeForDisaster/recipeculincomplt.png,,40873,ed74ac128c916f3df8746387e3c6919900a0cbd9,auto-detected,Quest Completion Scrolls\Other Quests - new style (2005-06)\file dated 2006-03-18 - runescape.salmoneus.net - RecipeForDisaster - recipeculincomplt.png
Recipe for Disaster - Culinaromancer/May-13-2006-recipe-for-disaster-culinaromancer-quest-completion-img.photobucket.com.png,official game: quest scroll,,Recipe for Disaster - Culinaromancer,new-style,2006-05-13,20061111203444,http://img.photobucket.com:80/albums/v254/Kjgmusic/rfd5.png,https://web.archive.org/web/20061111203444/http://img.photobucket.com:80/albums/v254/Kjgmusic/rfd5.png,,71964,a10993895dfbc731fcb765e2a2df5ec4cf0a5974,"New-style scroll: ""Congratulations! You have defeated the Culinaromancer!"", 20,000 XP lamp, full access to the Culinaromancer's Chest.",
Recipe for Disaster - Dwarf/March-16-2006-recipe-for-disaster-dwarf-quest-completion-img1.zybez.net.gif,official game: quest scroll,,Recipe for Disaster - Dwarf,,2006-03-16,20070317002437,http://img1.zybez.net:80/img/qimg/recipedisaster/dwarf/dwarfscroll.gif,https://web.archive.org/web/20070317002437/http://img1.zybez.net:80/img/qimg/recipedisaster/dwarf/dwarfscroll.gif,,19979,3d401963f313f4bc0fbde65268340b194dfe6e82,auto-detected,Quest Completion Scrolls\Other Quests - new style (2005-06)\file dated 2006-03-16 - img1.zybez.net - dwarf - dwarfscroll.gif
Recipe for Disaster - Dwarf/March-17-2006-recipe-for-disaster-dwarf-quest-completion-runehq.com.gif,official game: quest scroll,,Recipe for Disaster - Dwarf,new-style,2006-03-17,20070111174736,http://runehq.com:80/image/quests/p2p/recipefordisaster/qc2.gif,https://web.archive.org/web/20070111174736/http://runehq.com:80/image/quests/p2p/recipefordisaster/qc2.gif,,25460,0e738fe03c8dbb68e99ba4bf9a2fc83f053602fe,RuneHQ guide image found by the 2001-2005 fansite scan; guide page: Rune Headquarters :.:.: Your unfair Runescape advantage (https://web.archive.org/web/20060405014356/http://runehq.com:80/RHQQuestsView.php?id=00691),
Recipe for Disaster - Dwarf/March-18-2006-recipe-for-disaster-dwarf-quest-completion-runescape.salmoneus.net.png,official game: quest scroll,,Recipe for Disaster - Dwarf,,2006-03-18,20060514115710,http://runescape.salmoneus.net:80/quests/RecipeForDisaster/recipedwarfcomplete.png,https://web.archive.org/web/20060514115710/http://runescape.salmoneus.net:80/quests/RecipeForDisaster/recipedwarfcomplete.png,,37319,9fc9682555a004437cf7b712c031ade934955130,auto-detected,Quest Completion Scrolls\Other Quests - new style (2005-06)\file dated 2006-03-18 - runescape.salmoneus.net - RecipeForDisaster - recipedwarfcomplete.png
Recipe for Disaster - Evil Dave/February-19-2007-recipe-for-disaster-evil-dave-quest-completion-runehq.com.gif,official game: quest scroll,,Recipe for Disaster - Evil Dave,new-style,2007-02-19,20071109063124,http://runehq.com:80/image/quests/p2p/recipefordisaster/qc6.gif,https://web.archive.org/web/20071109063124/http://runehq.com:80/image/quests/p2p/recipefordisaster/qc6.gif,,52078,989b42350d422d743c136a113a558ad5779f8806,RuneHQ guide image found by the 2001-2005 fansite scan; guide page: Rune Headquarters :.:.: Your unfair Runescape advantage (https://web.archive.org/web/20060405014356/http://runehq.com:80/RHQQuestsView.php?id=00691),
Recipe for Disaster - Evil Dave/March-18-2006-recipe-for-disaster-evil-dave-quest-completion-runescape.salmoneus.net.png,official game: quest scroll,,Recipe for Disaster - Evil Dave,,2006-03-18,20060514115539,http://runescape.salmoneus.net:80/quests/RecipeForDisaster/recipedavecomplt.png,https://web.archive.org/web/20060514115539/http://runescape.salmoneus.net:80/quests/RecipeForDisaster/recipedavecomplt.png,,42990,cfed0054a84c31c9fbbe67854709c34872530778,auto-detected,Quest Completion Scrolls\Other Quests - new style (2005-06)\file dated 2006-03-18 - runescape.salmoneus.net - RecipeForDisaster - recipedavecomplt.png
Recipe for Disaster - Goblin Generals/March-17-2006-recipe-for-disaster-goblin-generals-quest-completion-runehq.com.gif,official game: quest scroll,,Recipe for Disaster - Goblin Generals,new-style,2006-03-17,20070919224548,http://runehq.com:80/image/quests/p2p/recipefordisaster/qc3.gif,https://web.archive.org/web/20070919224548/http://runehq.com:80/image/quests/p2p/recipefordisaster/qc3.gif,,24671,bfaed49380c2bfeef70f560db6ca7b4ebb576668,RuneHQ guide image found by the 2001-2005 fansite scan; guide page: Rune Headquarters :.:.: Your unfair Runescape advantage (https://web.archive.org/web/20060405014356/http://runehq.com:80/RHQQuestsView.php?id=00691),
Recipe for Disaster - Goblin Generals/March-18-2006-recipe-for-disaster-goblin-generals-quest-completion-runescape.salmoneus.net.png,official game: quest scroll,,Recipe for Disaster - Goblin Generals,,2006-03-18,20060514115723,http://runescape.salmoneus.net:80/quests/RecipeForDisaster/recipee-goblincomplt.png,https://web.archive.org/web/20060514115723/http://runescape.salmoneus.net:80/quests/RecipeForDisaster/recipee-goblincomplt.png,,33118,6fafffe29ff3a2cda1e45c70b6bc3790ee17962a,auto-detected,Quest Completion Scrolls\Other Quests - new style (2005-06)\file dated 2006-03-18 - runescape.salmoneus.net - RecipeForDisaster - recipee-goblincomplt.png
Recipe for Disaster - Lumbridge Guide/March-18-2006-recipe-for-disaster-lumbridge-guide-quest-completion-runehq.com.gif,official game: quest scroll,,Recipe for Disaster - Lumbridge Guide,new-style,2006-03-18,20070919224939,http://runehq.com:80/image/quests/p2p/recipefordisaster/qc5.gif,https://web.archive.org/web/20070919224939/http://runehq.com:80/image/quests/p2p/recipefordisaster/qc5.gif,,25039,f42551931b7c4295233e946f893d4080119e5665,RuneHQ guide image found by the 2001-2005 fansite scan; guide page: Rune Headquarters :.:.: Your unfair Runescape advantage (https://web.archive.org/web/20060405014356/http://runehq.com:80/RHQQuestsView.php?id=00691),
Recipe for Disaster - Lumbridge Guide/March-18-2006-recipe-for-disaster-lumbridge-guide-quest-completion-runescape.salmoneus.net.png,official game: quest scroll,,Recipe for Disaster - Lumbridge Guide,,2006-03-18,20060514115552,http://runescape.salmoneus.net:80/quests/RecipeForDisaster/recipelumbcomplt.png,https://web.archive.org/web/20060514115552/http://runescape.salmoneus.net:80/quests/RecipeForDisaster/recipelumbcomplt.png,,40912,e677fa2736fea6518cb4b1744fb95ecfdd47a1c3,auto-detected,Quest Completion Scrolls\Other Quests - new style (2005-06)\file dated 2006-03-18 - runescape.salmoneus.net - RecipeForDisaster - recipelumbcomplt.png
Recipe for Disaster - Pirate Pete/March-18-2006-recipe-for-disaster-pirate-pete-quest-completion-runehq.com.gif,official game: quest scroll,,Recipe for Disaster - Pirate Pete,new-style,2006-03-18,20070919225458,http://runehq.com:80/image/quests/p2p/recipefordisaster/qc4.gif,https://web.archive.org/web/20070919225458/http://runehq.com:80/image/quests/p2p/recipefordisaster/qc4.gif,,25460,b29d3cd9b8edb9c4b236d790ceef21ea468ad0d5,RuneHQ guide image found by the 2001-2005 fansite scan; guide page: Rune Headquarters :.:.: Your unfair Runescape advantage (https://web.archive.org/web/20060405014356/http://runehq.com:80/RHQQuestsView.php?id=00691),
Recipe for Disaster - Pirate Pete/March-18-2006-recipe-for-disaster-pirate-pete-quest-completion-runescape.salmoneus.net.png,official game: quest scroll,,Recipe for Disaster - Pirate Pete,,2006-03-18,20060514115659,http://runescape.salmoneus.net:80/quests/RecipeForDisaster/recipepiratecomplt.png,https://web.archive.org/web/20060514115659/http://runescape.salmoneus.net:80/quests/RecipeForDisaster/recipepiratecomplt.png,,45131,844cf90ad985b4996a68212b7386accae9d2349e,auto-detected,Quest Completion Scrolls\Other Quests - new style (2005-06)\file dated 2006-03-18 - runescape.salmoneus.net - RecipeForDisaster - recipepiratecomplt.png
Recipe for Disaster - Sir Amik Varze/March-18-2006-recipe-for-disaster-sir-amik-varze-quest-completion-runehq.com.gif,official game: quest scroll,,Recipe for Disaster - Sir Amik Varze,new-style,2006-03-18,20070120202328,http://runehq.com:80/image/quests/p2p/recipefordisaster/qc8.gif,https://web.archive.org/web/20070120202328/http://runehq.com:80/image/quests/p2p/recipefordisaster/qc8.gif,,25129,9491abfa2b73167daf7c6e8ceac3dd48d115e0ec,RuneHQ guide image found by the 2001-2005 fansite scan; guide page: Rune Headquarters :.:.: Your unfair Runescape advantage (https://web.archive.org/web/20060405014356/http://runehq.com:80/RHQQuestsView.php?id=00691),
Recipe for Disaster - Sir Amik Varze/March-18-2006-recipe-for-disaster-sir-amik-varze-quest-completion-runescape.salmoneus.net.png,official game: quest scroll,,Recipe for Disaster - Sir Amik Varze,,2006-03-18,20060514115059,http://runescape.salmoneus.net:80/quests/RecipeForDisaster/recipeamik.png,https://web.archive.org/web/20060514115059/http://runescape.salmoneus.net:80/quests/RecipeForDisaster/recipeamik.png,,36284,bdb2c023136495e95b5239507e2651afe88c7235,auto-detected,Quest Completion Scrolls\Other Quests - new style (2005-06)\file dated 2006-03-18 - runescape.salmoneus.net - RecipeForDisaster - recipeamik.png
Recipe for Disaster - Skrach Uglogwee/March-18-2006-recipe-for-disaster-skrach-uglogwee-quest-completion-runehq.com.gif,official game: quest scroll,,Recipe for Disaster - Skrach Uglogwee,new-style,2006-03-18,20070120202300,http://runehq.com:80/image/quests/p2p/recipefordisaster/qc7.gif,https://web.archive.org/web/20070120202300/http://runehq.com:80/image/quests/p2p/recipefordisaster/qc7.gif,,24757,ee0fc5bb80b91ba68a6f658389916602c46dd25b,RuneHQ guide image found by the 2001-2005 fansite scan; guide page: Rune Headquarters :.:.: Your unfair Runescape advantage (https://web.archive.org/web/20060405014356/http://runehq.com:80/RHQQuestsView.php?id=00691),
Recipe for Disaster - Skrach Uglogwee/March-18-2006-recipe-for-disaster-skrach-uglogwee-quest-completion-runescape.salmoneus.net.png,official game: quest scroll,,Recipe for Disaster - Skrach Uglogwee,,2006-03-18,20060514115636,http://runescape.salmoneus.net:80/quests/RecipeForDisaster/recipeeogrecomplt.png,https://web.archive.org/web/20060514115636/http://runescape.salmoneus.net:80/quests/RecipeForDisaster/recipeeogrecomplt.png,,38945,0527fffc34d3f1647d41df4fc485f8d2257e0547,auto-detected,Quest Completion Scrolls\Other Quests - new style (2005-06)\file dated 2006-03-18 - runescape.salmoneus.net - RecipeForDisaster - recipeeogrecomplt.png
Recipe for Disaster/March-16-2006-recipe-for-disaster-quest-completion-img1.zybez.net.gif,official game: quest scroll,,Recipe for Disaster,,2006-03-16,20070316233432,http://img1.zybez.net:80/img/qimg/recipedisaster/scroll.gif,https://web.archive.org/web/20070316233432/http://img1.zybez.net:80/img/qimg/recipedisaster/scroll.gif,,18611,c2e3f8dc6eb03ce7a524b4ab2976b82ee5c688e3,auto-detected,Quest Completion Scrolls\Other Quests - new style (2005-06)\file dated 2006-03-16 - img1.zybez.net - recipedisaster - scroll.gif
Recruitment Drive/July-2-2005-recruitment-drive-quest-completion-runevillage.com.gif,official game: quest scroll,,Recruitment Drive,,2005-07-02,20051215225418,http://runevillage.com:80/images/rsRecruitment13.gif,https://web.archive.org/web/20051215225418/http://runevillage.com:80/images/rsRecruitment13.gif,,25189,5fb0461f4a5db3261c29532c5964fb46c57caa4a,auto-detected,Quest Completion Scrolls\Other Quests - new style (2005-06)\file dated 2005-07-02 - runevillage.com - rsRecruitment13.gif
Recruitment Drive/June-27-2005-recruitment-drive-quest-completion-runeweb.net.png,official game: quest scroll,,Recruitment Drive,,2005-06-27,20051224003943,http://runeweb.net:80/images/site/guides/rs2/quests/recruitmentdrive/7.PNG,https://web.archive.org/web/20051224003943/http://runeweb.net:80/images/site/guides/rs2/quests/recruitmentdrive/7.PNG,,44617,6834d6964be1f1a535be55287898867b6c6b39f3,auto-detected,Quest Completion Scrolls\Other Quests - new style (2005-06)\file dated 2005-06-27 - runeweb.net - recruitmentdrive - 7.PNG
Recruitment Drive/November-18-2005-recruitment-drive-quest-completion-runescape.salmoneus.net.png,official game: quest scroll,,Recruitment Drive,,2005-11-18,20051215222139,http://runescape.salmoneus.net:80/quests/RecruitDrive/recruitcomplete.png,https://web.archive.org/web/20051215222139/http://runescape.salmoneus.net:80/quests/RecruitDrive/recruitcomplete.png,,25602,c94ac80a266ee8a0cebc927e5261a6b39a25fca7,auto-detected,Quest Completion Scrolls\Other Quests - new style (2005-06)\file dated 2005-11-18 - runescape.salmoneus.net - RecruitDrive - recruitcomplete.png
Recruitment Drive/October-19-2005-recruitment-drive-quest-completion-runehq.com.gif,official game: quest scroll,,Recruitment Drive,,2005-10-19,20060522234809,http://runehq.com:80/images/quests/memberquests/recruitmentdrive/recruitmentdriveqc.gif,https://web.archive.org/web/20060522234809/http://runehq.com:80/images/quests/memberquests/recruitmentdrive/recruitmentdriveqc.gif,,22842,f132ff4112a300043eb5a3b1aef5e44cf8443032,auto-detected,Quest Completion Scrolls\Other Quests - new style (2005-06)\file dated 2005-10-19 - runehq.com - recruitmentdrive - recruitmentdriveqc.gif
Regicide/April-17-2005-regicide-iorwerth-message-runeweb.net.png,official game: quest scroll,,Regicide,2005 Iorwerth message scroll,2005-04-17,20060114023527,http://www.runeweb.net:80/fireball/Regicide%20Images/Regicide27.PNG,https://web.archive.org/web/20060114023527/http://www.runeweb.net:80/fireball/Regicide%20Images/Regicide27.PNG,,93242,3a4d13776d0c5c6457429080f0a95b4f18b22261,Warmaster Iorwerth's message scroll from the same guide.,Quest Completion Scrolls\Target Quests\Regicide\2005 Iorwerth message scroll - file dated 2005-04-17 - runeweb.net - Regicide Images - Regicide27.PNG
Regicide/April-17-2005-regicide-quest-completion-runeweb.net.png,official game: quest scroll,,Regicide,2005 new-style,2005-04-17,20060114023551,http://www.runeweb.net:80/fireball/Regicide%20Images/Regicide28.PNG,https://web.archive.org/web/20060114023551/http://www.runeweb.net:80/fireball/Regicide%20Images/Regicide28.PNG,,90491,7323a8ad11f80b8b51ecb9b053402f6fcbccee46,RuneWeb guide by Fireball301. New-style scroll.,Quest Completion Scrolls\Target Quests\Regicide\2005 new-style - file dated 2005-04-17 - runeweb.net - Regicide Images - Regicide28.PNG
Regicide/April-19-2008-regicide-king-lathass-message-scroll-not-completion-youtube-VaeBJWqd90s.png,official game: quest scroll,"Frame grab of the King Lathas's message scroll (not completion) from the YouTube video ""Regicide Quest Guide [Part 1]"" uploaded by Playinard (2008-04-19). Recorded on Jagex's real game.",Regicide,"new-style (YouTube frame grab, real game)",2008-04-19,,https://www.youtube.com/watch?v=VaeBJWqd90s&t=42s,,,158532,44bf4e08819cab6e2e8806709265b778d2bb7c13,"Upload date, not recording date.",
Regicide/August-14-2006-regicide-start-message-img81.imageshack.us.png,official game: quest scroll,,Regicide,message scroll,2006-08-14,20090829071020,http://img81.imageshack.us/img81/6739/scrollzg5.png,https://web.archive.org/web/20090829071020/http://img81.imageshack.us/img81/6739/scrollzg5.png,,21881,612f0341ef251a9ee4a51a857658df6d42c7bd33,"Start-of-quest message scroll from King Lathas (""the well of voyage""), player name blanked out. No watermark, unlike the RuneHQ copy.",
Regicide/January-9-2006-regicide-quest-completion-img1.zybez.net.gif,official game: quest scroll,,Regicide,2006 new-style,2006-01-09,20070212065526,http://img1.zybez.net:80/img/qimg/regicide/scroll.gif,https://web.archive.org/web/20070212065526/http://img1.zybez.net:80/img/qimg/regicide/scroll.gif,,23440,a7bd545e0c0a994c1a8508eee781eb96cfa21e12,Zybez guide image.,Quest Completion Scrolls\Target Quests\Regicide\2006 new-style - file dated 2006-01-09 - img1.zybez.net - regicide - scroll.gif
Regicide/November-18-2005-regicide-quest-completion-runescape.salmoneus.net.png,official game: quest scroll,,Regicide,2005 new-style,2005-11-18,20060516000248,http://runescape.salmoneus.net:80/quests/Regicide/regicidecomplt.png,https://web.archive.org/web/20060516000248/http://runescape.salmoneus.net:80/quests/Regicide/regicidecomplt.png,,30604,121f2665791dbf0ca84fc7e5384f01cd793711fd,Sal's Realm guide image.,Quest Completion Scrolls\Target Quests\Regicide\2005 new-style - file dated 2005-11-18 - runescape.salmoneus.net - Regicide - regicidecomplt.png
Regicide/October-19-2005-regicide-quest-completion-runehq.com.gif,official game: quest scroll,,Regicide,2005 new-style,2005-10-19,20051212064747,http://runehq.com:80/images/quests/regicidecompletescroll8jf.gif,http://web.archive.org/web/20051212064747/http://runehq.com:80/images/quests/regicidecompletescroll8jf.gif,,27386,3f6d235089e360e85482fc53035c600d20276ec6,"RuneHQ guide image (originally an ImageShack upload, per the filename suffix).",Quest Completion Scrolls\Target Quests\Regicide\2005 new-style - file dated 2005-10-19 - runehq.com - regicidecompletescroll8jf.gif
Regicide/October-19-2005-regicide-start-message-runehq.com.png,official game: quest scroll,,Regicide,,2005-10-19,20051212061949,http://runehq.com:80/images/skillguides/Scroll.PNG,https://web.archive.org/web/20051212061949/http://runehq.com:80/images/skillguides/Scroll.PNG,,21972,49113e6874fcfc36f829d3a36f7e5ed858ddd8bf,auto-detected,Quest Completion Scrolls\Other Quests - new style (2005-06)\file dated 2005-10-19 - runehq.com - skillguides - Scroll.PNG
Regicide/September-22-2004-regicide-start-message-img88.exs.cx.png,official game: quest scroll,,Regicide,2004 start-of-quest message scroll,2004-09-22,20041123193847,http://img88.exs.cx:80/img88/1433/MessagefromtheKing.png,https://web.archive.org/web/20041123193847/http://img88.exs.cx:80/img88/1433/MessagefromtheKing.png,,46418,5769eba8f308629eece4663632439605735fea9c,Player upload two days after Regicide's release: King Lathas's summons scroll (not the completion scroll).,Quest Completion Scrolls\Target Quests\Regicide\2004 start-of-quest message scroll - file dated 2004-09-22 - img88.exs.cx - MessagefromtheKing.png
Romeo & Juliet/August-13-2006-romeo-juliet-quest-completion-runehq.com.gif,official game: quest scroll,,Romeo & Juliet,new-style,2006-08-13,20071107022341,http://www.runehq.com/image/quests/f2p/romeojuliet/romeoquestcomplete.gif,https://web.archive.org/web/20071107022341/http://www.runehq.com/image/quests/f2p/romeojuliet/romeoquestcomplete.gif,,29011,ebb54f51d349076004866004ce7e77f1f06563aa,runehq.com guide image found by the 2001-2005 fansite scan; guide page: Rune Headquarters :.:.: Your unfair Runescape advantage (https://web.archive.org/web/20061021001419/http://www.runehq.com/RHQQuestsView.php?id=00183%3FEnglish=true),
Romeo & Juliet/May-14-2005-romeo-and-juliet-quest-completion-runeweb.net.jpg,official game: quest scroll,,Romeo & Juliet,,2005-05-14,20060113200129,http://www.runeweb.net:80/images/site/guides/rs2/quests/romeojuliet/10.jpg,https://web.archive.org/web/20060113200129/http://www.runeweb.net:80/images/site/guides/rs2/quests/romeojuliet/10.jpg,,35875,d9226b22e3d2c690bf3c2f92e27129829be0c5a9,auto-detected,Quest Completion Scrolls\Other Quests - new style (2005-06)\file dated 2005-05-14 - runeweb.net - romeojuliet - 10.jpg
Romeo & Juliet/November-18-2005-romeo-and-juliet-quest-completion-runescape.salmoneus.net.png,official game: quest scroll,,Romeo & Juliet,,2005-11-18,20060430193921,http://runescape.salmoneus.net:80/quests/RomeoAndJuliet/romeojulietcomplt.png,https://web.archive.org/web/20060430193921/http://runescape.salmoneus.net:80/quests/RomeoAndJuliet/romeojulietcomplt.png,,25062,2ccb4c806d162dd58861277be3cdff2ab32e9eb7,auto-detected,Quest Completion Scrolls\Other Quests - old style (2004)\file dated 2005-11-18 - runescape.salmoneus.net - RomeoAndJuliet - romeojulietcomplt.png
Roving Elves/April-15-2006-roving-elves-quest-completion-img224.imageshack.us.png,official game: quest scroll,,Roving Elves,new-style,2006-04-15,20060516134808,http://img224.imageshack.us:80/img224/1784/rovingelvescompleted3vp.png,https://web.archive.org/web/20060516134808/http://img224.imageshack.us:80/img224/1784/rovingelvescompleted3vp.png,,49485,7d1c03a4fd4d8b3489ecb88be947277430ec8a39,"New-style scroll, Quest Points 122.",
Roving Elves/February-4-2006-roving-elves-quest-completion-runescape.salmoneus.net.png,official game: quest scroll,,Roving Elves,,2006-02-04,20060516020353,http://runescape.salmoneus.net:80/quests/RovingElves/rovingelvescomplt.png,https://web.archive.org/web/20060516020353/http://runescape.salmoneus.net:80/quests/RovingElves/rovingelvescomplt.png,,30436,a5554a81782a1497685ccb2615d3912634b890ac,auto-detected,Quest Completion Scrolls\Other Quests - new style (2005-06)\file dated 2006-02-04 - runescape.salmoneus.net - RovingElves - rovingelvescomplt.png
Roving Elves/February-8-2005-roving-elves-quest-completion-runecrypt.com.png,official game: quest scroll,,Roving Elves,,2005-02-08,20050219104342,http://www.runecrypt.com:80/images/quests/roving_5.png,https://web.archive.org/web/20050219104342/http://www.runecrypt.com:80/images/quests/roving_5.png,,57191,0c4370fed326d065f411e3109f5a0fb143e379df,auto-detected,Quest Completion Scrolls\Other Quests - new style (2005-06)\file dated 2005-02-08 - runecrypt.com - roving_5.png
Roving Elves/March-9-2005-roving-elves-quest-completion-runeweb.net.png,official game: quest scroll,,Roving Elves,,2005-03-09,20060113200945,http://www.runeweb.net:80/Roth/Roving_Elves/10.PNG,https://web.archive.org/web/20060113200945/http://www.runeweb.net:80/Roth/Roving_Elves/10.PNG,,39447,8a9a92ea26afe6f9bc83fb46b889b670d208752a,auto-detected,Quest Completion Scrolls\Other Quests - new style (2005-06)\file dated 2005-03-09 - runeweb.net - Roving_Elves - 10.PNG
Roving Elves/October-19-2005-roving-elves-quest-completion-runehq.com.png,official game: quest scroll,,Roving Elves,new-style,2005-10-19,20110918043935,http://runehq.com:80/images/quests/memberquests/rovingelves_complete.png,https://web.archive.org/web/20110918043935/http://runehq.com:80/images/quests/memberquests/rovingelves_complete.png,,14848,15606afc168bf9dae1235ac813b43bbb4e10e4a0,RuneHQ guide image found by the 2001-2005 fansite scan (file date 19 Oct 2005 is RuneHQ's server-migration date); guide page: Rune Headquarters :.:.: Your unfair Runescape advantage (https://web.archive.org/web/20051117140215/http://runehq.com:80/RHQQuestsView.php?id=00446),
Royal Trouble/May-22-2006-royal-trouble-quest-completion-img165.imageshack.us.gif,official game: quest scroll,,Royal Trouble,new-style,2006-05-22,20060710023620,http://img165.imageshack.us:80/img165/7116/royaltrouble4lp.gif,https://web.archive.org/web/20060710023620/http://img165.imageshack.us:80/img165/7116/royaltrouble4lp.gif,,50849,f521e1f24401bd561b6cf2ee954c1da22d15aa0e,"New-style scroll, Quest Points 216.",
Royal Trouble/May-22-2006-royal-trouble-quest-completion-runescape.salmoneus.net.png,official game: quest scroll,,Royal Trouble,,2006-05-22,20060821073951,http://www.runescape.salmoneus.net:80/quests/RoyalTrouble/troublecomplete.png,https://web.archive.org/web/20060821073951/http://www.runescape.salmoneus.net:80/quests/RoyalTrouble/troublecomplete.png,,42462,7c2b04a15d5ebf8501926ef4d442ff8ed07c0b76,auto-detected,Quest Completion Scrolls\Other Quests - new style (2005-06)\file dated 2006-05-22 - runescape.salmoneus.net - RoyalTrouble - troublecomplete.png
Royal Trouble/October-13-2006-royal-trouble-quest-completion-runehq.com.png,official game: quest scroll,,Royal Trouble,new-style,2006-10-13,20071108005105,http://www.runehq.com/image/quests/p2p/royaltrouble/qc.png,https://web.archive.org/web/20071108005105/http://www.runehq.com/image/quests/p2p/royaltrouble/qc.png,,19082,a0bb2695731aab8f8c1c375ff9af0e21a0f15011,runehq.com guide image found by the 2001-2005 fansite scan; guide page: Rune Headquarters :.:.: Your unfair Runescape advantage (https://web.archive.org/web/20061020235322/http://www.runehq.com/RHQQuestsView.php?id=00721%3FEnglish=true),
Rum Deal/November-1-2005-rum-deal-quest-completion-runehq.com.gif,official game: quest scroll,,Rum Deal,new-style,2005-11-01,20111221012603,http://runehq.com:80/images/quests/memberquests/rumdeal/qc.gif,https://web.archive.org/web/20111221012603/http://runehq.com:80/images/quests/memberquests/rumdeal/qc.gif,,24845,3c6b0794789c8b32f464c14376b48159f09691be,RuneHQ guide image found by the 2001-2005 fansite scan; guide page: Rune Headquarters :.:.: Your unfair Runescape advantage (https://web.archive.org/web/20051213084450/http://runehq.com:80/RHQQuestsView.php?id=00613),
Rum Deal/November-18-2005-rum-deal-quest-completion-runescape.salmoneus.net.png,official game: quest scroll,,Rum Deal,,2005-11-18,20060507003420,http://runescape.salmoneus.net:80/quests/RumDeal/rumdealcomplt.png,https://web.archive.org/web/20060507003420/http://runescape.salmoneus.net:80/quests/RumDeal/rumdealcomplt.png,,38128,7bd20cbd5d8e4a4390374a402be0399611a81fea,auto-detected,Quest Completion Scrolls\Other Quests - new style (2005-06)\file dated 2005-11-18 - runescape.salmoneus.net - RumDeal - rumdealcomplt.png
Rune Mysteries/December-2-2003-rune-mysteries-quest-completion-runehq.com.gif,official game: quest scroll,,Rune Mysteries,,2003-12-02,20041229012440,http://www.runehq.com/images/quests/freequests/mysteriesoftherune1.gif,https://web.archive.org/web/20041229012440/http://www.runehq.com/images/quests/freequests/mysteriesoftherune1.gif,,55906,5bbbc795ed01e1ecf9f8ff6c6c9cee96cf518941,auto-detected,Quest Completion Scrolls\Other Quests - old style (2004)\file dated 2003-12-02 - runehq.com - mysteriesoftherune1.gif
Rune Mysteries/February-6-2006-rune-mysteries-quest-completion-runehq.com.png,official game: quest scroll,,Rune Mysteries,,2006-02-06,20060513100120,http://runehq.com:80/image/quests/f2p/rune_mysteries/runemysteriesreward.png,https://web.archive.org/web/20060513100120/http://runehq.com:80/image/quests/f2p/rune_mysteries/runemysteriesreward.png,,14655,89de7ab4191e946646167445aca40661ae0c5e65,auto-detected,Quest Completion Scrolls\Other Quests - old style (2004)\file dated 2006-02-06 - runehq.com - rune_mysteries - runemysteriesreward.png
Rune Mysteries/July-2-2004-rune-mysteries-quest-completion-runescape.informare.ro.jpg,official game: quest scroll,,Rune Mysteries,,2004-07-02,20041220070851,http://runescape.informare.ro:80/Rs2/Img-Gen/lq5.JPG,https://web.archive.org/web/20041220070851/http://runescape.informare.ro:80/Rs2/Img-Gen/lq5.JPG,,10182,ed9b0771c6ec10a630e11c7ae7f26aee04c9296a,auto-detected,Quest Completion Scrolls\Other Quests - thumbnails\file dated 2004-07-02 - runescape.informare.ro - Img-Gen - lq5.JPG
Rune Mysteries/March-18-2004-rune-mysteries-quest-completion-koti.mbnet.fi.jpg,official game: quest scroll,,Rune Mysteries,"2004 old-style, scroll crop (Total Points 14)",2004-03-18,20040716100926,http://koti.mbnet.fi:80/kuukke/data/rs2runecraftingquest.jpg,https://web.archive.org/web/20040716100926/http://koti.mbnet.fi:80/kuukke/data/rs2runecraftingquest.jpg,,532014,af3f6594a863370b92e13abbc3b340ffe8559195,"Finnish player screenshot folder on koti.mbnet.fi, found by the ISP-homepage folder ranking",
Rune Mysteries/May-26-2005-rune-mysteries-quest-completion-runeweb.net.png,official game: quest scroll,,Rune Mysteries,,2005-05-26,20060113201135,http://www.runeweb.net:80/Roth/Rune_Mysteries/4.PNG,https://web.archive.org/web/20060113201135/http://www.runeweb.net:80/Roth/Rune_Mysteries/4.PNG,,45391,64eab884ce4258bb1639cee6441e6a1bad313214,auto-detected,Quest Completion Scrolls\Other Quests - old style (2004)\file dated 2005-05-26 - runeweb.net - Rune_Mysteries - 4.PNG
Rune Mysteries/November-18-2005-rune-mysteries-quest-completion-runescape.salmoneus.net.png,official game: quest scroll,,Rune Mysteries,,2005-11-18,20051228170325,http://runescape.salmoneus.net:80/quests/RuneMystery/runemystcomplt.png,https://web.archive.org/web/20051228170325/http://runescape.salmoneus.net:80/quests/RuneMystery/runemystcomplt.png,,29850,9dd02009923a045183fccd0037658d6dc2175c1c,auto-detected,Quest Completion Scrolls\Other Quests - old style (2004)\file dated 2005-11-18 - runescape.salmoneus.net - RuneMystery - runemystcomplt.png
Rune Mysteries/October-19-2005-rune-mysteries-quest-completion-runehq.com.gif,official game: quest scroll,,Rune Mysteries,new-style,2005-10-19,20110919225159,http://runehq.com:80/images/quests/runemysteries24mh.gif,https://web.archive.org/web/20110919225159/http://runehq.com:80/images/quests/runemysteries24mh.gif,,22407,de31a9e862a4ad248b07f9b3afbaf2b69fdaf334,RuneHQ guide image found by the 2001-2005 fansite scan (file date 19 Oct 2005 is RuneHQ's server-migration date); guide page: Rune Headquarters :.:.: Your unfair Runescape advantage (https://web.archive.org/web/20051114043927/http://runehq.com:80/RHQQuestsView.php?id=00117),
Scorpion Catcher/December-3-2006-scorpion-catcher-quest-completion-runescape.salmoneus.net.png,official game: quest scroll,,Scorpion Catcher,2005-06 new-style,2006-12-03,20070213080413,http://runescape.salmoneus.net:80/quests/ScorpionCatcher/scorpcatchercomplt.png,https://web.archive.org/web/20070213080413/http://runescape.salmoneus.net:80/quests/ScorpionCatcher/scorpcatchercomplt.png,,33175,8a7c840a189e3f9bee0924913975926f1d773746,Sal's Realm guide image.,Quest Completion Scrolls\Target Quests\Scorpion Catcher\2005-06 new-style - file dated 2006-12-03 - runescape.salmoneus.net - ScorpionCatcher - scorpcatchercomplt.png
Scorpion Catcher/May-1-2008-scorpion-catcher-quest-completion-youtube-crc-47rwjvE.png,official game: quest scroll,"Frame grab of the quest complete scroll from the YouTube video ""RuneScape - Pre-EOC - Scorpion Catcher"" uploaded by GoingCrazy201 (2008-05-01). Recorded on Jagex's real game.",Scorpion Catcher,"new-style (YouTube frame grab, real game)",2008-05-01,,https://www.youtube.com/watch?v=crc-47rwjvE&t=1139s,,,176829,d4063b1f4c21000694fa1e08637c1a7b91fefe5b,"Upload date, not recording date.",
Scorpion Catcher/May-22-2004-scorpion-catcher-quest-completion-koti.mbnet.fi.jpg,official game: quest scroll,,Scorpion Catcher,"2004 old-style, full client, Total Points 100",2004-05-22,20040918101830,http://koti.mbnet.fi/kuukke/data/!%20!%20!%20!Scorpion_Catcher_TEHTY!%20!%20!%20!.JPG,https://web.archive.org/web/20040918101830/http://koti.mbnet.fi/kuukke/data/!%20!%20!%20!Scorpion_Catcher_TEHTY!%20!%20!%20!.JPG,,71367,2ddf45232122d9f30703a6e404c924388b9cfbe8,Finnish player page koti.mbnet.fi/kuukke (player Magarooni/Best Riku); reported by the user; missed by earlier scans because the ISP homepage host was never indexed,
Scorpion Catcher/May-9-2005-scorpion-catcher-quest-completion-runeweb.net.png,official game: quest scroll,,Scorpion Catcher,2005 new-style,2005-05-09,20060113181723,http://www.runeweb.net:80/fireball/Scorpion%20Catcher%20Images/Scorp6.PNG,https://web.archive.org/web/20060113181723/http://www.runeweb.net:80/fireball/Scorpion%20Catcher%20Images/Scorp6.PNG,,79251,ca969dde6947f5efec0d8a7e1def830f90d52458,RuneWeb guide by Fireball301. New-style scroll.,Quest Completion Scrolls\Target Quests\Scorpion Catcher\2005 new-style - file dated 2005-05-09 - runeweb.net - Scorpion Catcher Images - Scorp6.PNG
Sea Slug/December-8-2004-sea-slug-quest-completion-img38.exs.cx.jpg,official game: quest scroll,,Sea Slug,new-style,2004-12-08,20130406065755,http://img38.exs.cx/img38/1262/sslug7.jpg,https://web.archive.org/web/20130406065755/http://img38.exs.cx/img38/1262/sslug7.jpg,,25352,c6d4bb5ecf622ed9ea6338c6cd88113004ef96ba,img38.exs.cx guide image found by the 2001-2005 fansite scan; guide page: Zybez.com - RuneScape Help [ Beta ] (https://web.archive.org/web/20050507205933/http://www.zybez.com:80/quests.php?id=30),
Sea Slug/November-18-2005-sea-slug-quest-completion-runescape.salmoneus.net.png,official game: quest scroll,,Sea Slug,,2005-11-18,20060501232133,http://runescape.salmoneus.net:80/quests/SeaSlug/seaslugcomplt.png,https://web.archive.org/web/20060501232133/http://runescape.salmoneus.net:80/quests/SeaSlug/seaslugcomplt.png,,24641,5647cacfd8604238a8ffacdfa7b4893526ecd97a,auto-detected,Quest Completion Scrolls\Other Quests - old style (2004)\file dated 2005-11-18 - runescape.salmoneus.net - SeaSlug - seaslugcomplt.png
Sea Slug/November-2-2005-sea-slug-quest-completion-runehq.com.gif,official game: quest scroll,,Sea Slug,,2005-11-02,20060523012014,http://www.runehq.com:80/images/quests/Sea_Slug/seaslug3zc.gif,https://web.archive.org/web/20060523012014/http://www.runehq.com:80/images/quests/Sea_Slug/seaslug3zc.gif,,44013,a16fe25854539f1a360359b185e8d4b3ae89d4cf,auto-detected,Quest Completion Scrolls\Other Quests - new style (2005-06)\file dated 2005-11-02 - runehq.com - Sea_Slug - seaslug3zc.gif
Sea Slug/November-30-2004-sea-slug-quest-completion-runevillage.com.gif,official game: quest scroll,,Sea Slug,,2004-11-30,20051215193646,http://runevillage.com:80/images/rsseaslug4.gif,https://web.archive.org/web/20051215193646/http://runevillage.com:80/images/rsseaslug4.gif,,17626,8be437bcc710fe12761487475e83ed61a87e4134,auto-detected,Quest Completion Scrolls\Other Quests - old style (2004)\file dated 2004-11-30 - runevillage.com - rsseaslug4.gif
Shades of Mort'ton/May-15-2005-shades-of-mortton-quest-completion-runeweb.net.png,official game: quest scroll,,Shades of Mort'ton,,2005-05-15,20060113175152,http://www.runeweb.net:80/fireball/morttonreward.PNG,https://web.archive.org/web/20060113175152/http://www.runeweb.net:80/fireball/morttonreward.PNG,,47529,6cb758cb4987b884b2038dae5c6f9105c0477a27,auto-detected,Quest Completion Scrolls\Other Quests - new style (2005-06)\file dated 2005-05-15 - runeweb.net - fireball - morttonreward.PNG
Shades of Mort'ton/November-18-2005-shades-of-mortton-quest-completion-runescape.salmoneus.net.png,official game: quest scroll,,Shades of Mort'ton,,2005-11-18,20051228170423,http://runescape.salmoneus.net:80/quests/ShadesMortton/morttoncomplt.png,https://web.archive.org/web/20051228170423/http://runescape.salmoneus.net:80/quests/ShadesMortton/morttoncomplt.png,,26086,6c8800b0860c9580420fbe81099b5c23f2e9ef53,auto-detected,Quest Completion Scrolls\Other Quests - old style (2004)\file dated 2005-11-18 - runescape.salmoneus.net - ShadesMortton - morttoncomplt.png
Shades of Mort'ton/October-18-2004-shades-of-mortton-quest-completion-koti.mbnet.fi.jpg,official game: quest scroll,,Shades of Mort'ton,"2004-05 old-style, full client",2004-10-18,20041127083112,http://koti.mbnet.fi:80/kuukke/data/uusijannaquestdone.JPG,https://web.archive.org/web/20041127083112/http://koti.mbnet.fi:80/kuukke/data/uusijannaquestdone.JPG,,95026,fdb5bd9e24cdd805d7547f284deae3905a40d733,"Finnish player screenshot folder on koti.mbnet.fi, found by the ISP-homepage folder ranking",
Shades of Mort'ton/October-19-2005-shades-of-mortton-quest-completion-runehq.com.gif,official game: quest scroll,,Shades of Mort'ton,,2005-10-19,20060524084107,http://runehq.com:80/images/quests/shadesofmorttonquestrs.gif,https://web.archive.org/web/20060524084107/http://runehq.com:80/images/quests/shadesofmorttonquestrs.gif,,24389,14cff96639ec526f3aa44f2af2f6d6563fa86341,auto-detected,Quest Completion Scrolls\Other Quests - new style (2005-06)\file dated 2005-10-19 - runehq.com - shadesofmorttonquestrs.gif
Shadow of the Storm/November-14-2005-shadow-of-the-storm-quest-completion-runehq.com.gif,official game: quest scroll,,Shadow of the Storm,,2005-11-14,20060524115444,http://runehq.com:80/images/quests/memberquests/shadowofthestorm/qc.gif,https://web.archive.org/web/20060524115444/http://runehq.com:80/images/quests/memberquests/shadowofthestorm/qc.gif,,23981,a9cee95540aa91eb70d7d42442f3bea02d8e2328,auto-detected,Quest Completion Scrolls\Other Quests - new style (2005-06)\file dated 2005-11-14 - runehq.com - shadowofthestorm - qc.gif
Shadow of the Storm/November-16-2005-shadow-of-the-storm-quest-completion-runescape.salmoneus.net.png,official game: quest scroll,,Shadow of the Storm,,2005-11-16,20060819124512,http://www.runescape.salmoneus.net:80/quests/ShadowOfTheStorm/shadowcomplt.png,https://web.archive.org/web/20060819124512/http://www.runescape.salmoneus.net:80/quests/ShadowOfTheStorm/shadowcomplt.png,,21782,6fea8b38b4ba8a7e0d59b39873f5d037486d8d10,auto-detected,Quest Completion Scrolls\Other Quests - new style (2005-06)\file dated 2005-11-16 - runescape.salmoneus.net - ShadowOfTheStorm - shadowcomplt.png
Shadow of the Storm/September-1-2006-shadow-of-the-storm-quest-completion-runehq.com.gif,official game: quest scroll,,Shadow of the Storm,new-style,2006-09-01,20070225025415,http://www.runehq.com/image/quests/p2p/shadowofthestorm/sotsquestcomplete.gif,https://web.archive.org/web/20070225025415/http://www.runehq.com/image/quests/p2p/shadowofthestorm/sotsquestcomplete.gif,,29336,876678ab9fe9b77268c9f56864bc151c9fecf2e6,runehq.com guide image found by the 2001-2005 fansite scan; guide page: Rune Headquarters :.:.: Your unfair Runescape advantage (https://web.archive.org/web/20061020234504/http://www.runehq.com/RHQQuestsView.php?id=00618%3FEnglish=true),
Sheep Herder/July-6-2005-sheep-herder-quest-completion-runeweb.net.png,official game: quest scroll,,Sheep Herder,,2005-07-06,20051223233149,http://runeweb.net:80/rathofdoom/quests/sheepherder/5.png,https://web.archive.org/web/20051223233149/http://runeweb.net:80/rathofdoom/quests/sheepherder/5.png,,66878,f296387daa565febbaf2c1a0b268150fb54c27ee,auto-detected,Quest Completion Scrolls\Other Quests - old style (2004)\file dated 2005-07-06 - runeweb.net - sheepherder - 5.png
Sheep Herder/June-27-2006-sheep-herder-quest-completion-runehq.com.gif,official game: quest scroll,,Sheep Herder,new-style,2006-06-27,20070212011613,http://www.runehq.com/image/quests/p2p/sheepherder/qc.gif,https://web.archive.org/web/20070212011613/http://www.runehq.com/image/quests/p2p/sheepherder/qc.gif,,23371,c6a8e6ecc17c552e2af95eab9204f450c9c559a9,runehq.com guide image found by the 2001-2005 fansite scan; guide page: Rune Headquarters :.:.: Your unfair Runescape advantage (https://web.archive.org/web/20061020235415/http://www.runehq.com/RHQQuestsView.php?id=00174%3FEnglish=true),
Sheep Shearer/August-13-2006-sheep-shearer-quest-completion-runehq.com.gif,official game: quest scroll,,Sheep Shearer,new-style,2006-08-13,20071107130223,http://www.runehq.com/image/quests/f2p/sheep_shearer/questcomplete.gif,https://web.archive.org/web/20071107130223/http://www.runehq.com/image/quests/f2p/sheep_shearer/questcomplete.gif,,29383,b9debbbeac0916b6e72992f2c2fd4c1db161429c,runehq.com guide image found by the 2001-2005 fansite scan; guide page: Rune Headquarters :.:.: Your unfair Runescape advantage (https://web.archive.org/web/20061021001428/http://www.runehq.com/RHQQuestsView.php?id=00164%3FEnglish=true),
Sheep Shearer/December-1-2003-sheep-shearer-quest-completion-home.ripway.com.jpg,official game: quest scroll,,Sheep Shearer,old-style,2003-12-01,20040121122108,http://home.ripway.com:80/2003-9/23591/quest_complete.JPG,https://web.archive.org/web/20040121122108/http://home.ripway.com:80/2003-9/23591/quest_complete.JPG,,72321,bcf703115bb45f6410b45937e6300c7864e0f1cc,"Old-style scroll in the earliest wording (only ""Quest Points: 3"", no ""You are awarded"" line), full RuneScape 2 beta client with a ""Trade/duel"" button. File dated 1 Dec 2003, the day the RS2 members beta opened; captured 21 Jan 2004.",
Sheep Shearer/June-14-2004-sheep-shearer-quest-completion-img16.imageshack.us.png,official game: quest scroll,,Sheep Shearer,,2004-06-14,20041128035501,http://img16.imageshack.us/img16/1738/Congrats.png,https://web.archive.org/web/20041128035501/http://img16.imageshack.us/img16/1738/Congrats.png,,66602,512a14e5ebab677a471ba04d2c3ef7007d07239e,auto-detected,Quest Completion Scrolls\Other Quests - old style (2004)\file dated 2004-06-14 - img16.imageshack.us - Congrats.png
Sheep Shearer/November-18-2005-sheep-shearer-quest-completion-runescape.salmoneus.net.png,official game: quest scroll,,Sheep Shearer,,2005-11-18,20060506204049,http://runescape.salmoneus.net:80/quests/SheepShearer/shpshrcomplt.png,https://web.archive.org/web/20060506204049/http://runescape.salmoneus.net:80/quests/SheepShearer/shpshrcomplt.png,,32664,2d0c42c7149a71e8db65fbaeb9d4d4454420237b,auto-detected,Quest Completion Scrolls\Other Quests - old style (2004)\file dated 2005-11-18 - runescape.salmoneus.net - SheepShearer - shpshrcomplt.png
Sheep Shearer/October-19-2005-sheep-shearer-quest-completion-runehq.com.png,official game: quest scroll,,Sheep Shearer,new-style,2005-10-19,20110918074840,http://runehq.com:80/images/monsterdb/q1.PNG,https://web.archive.org/web/20110918074840/http://runehq.com:80/images/monsterdb/q1.PNG,,72428,2999969e92d5ecaff4fbea3ab7e4c815c0bdde66,RuneHQ guide image found by the 2001-2005 fansite scan (file date 19 Oct 2005 is RuneHQ's server-migration date); guide page: Rune Headquarters :.:.: Your unfair Runescape advantage (https://web.archive.org/web/20051130070115/http://runehq.com:80/RHQQuestsView.php?id=00164),
Shield of Arrav/August-3-2004-shield-of-arrav-quest-completion-runevillage.com.gif,official game: quest scroll,,Shield of Arrav,,2004-08-03,20051215210757,http://runevillage.com:80/images/shieldArrav1.gif,https://web.archive.org/web/20051215210757/http://runevillage.com:80/images/shieldArrav1.gif,,38852,53b3e43cda8d7d68a25bd39fe567036179831c7b,auto-detected,Quest Completion Scrolls\Other Quests - old style (2004)\file dated 2004-08-03 - runevillage.com - shieldArrav1.gif
Shield of Arrav/June-30-2005-shield-of-arrav-quest-completion-runeweb.net.gif,official game: quest scroll,,Shield of Arrav,,2005-06-30,20051224003317,http://runeweb.net:80/images/site/guides/rs2/quests/shieldofarrav/13.gif,https://web.archive.org/web/20051224003317/http://runeweb.net:80/images/site/guides/rs2/quests/shieldofarrav/13.gif,,41308,873166e290e281d8f0c0ab1aca6691d132ba1d12,auto-detected,Quest Completion Scrolls\Other Quests - new style (2005-06)\file dated 2005-06-30 - runeweb.net - shieldofarrav - 13.gif
Shield of Arrav/November-18-2005-shield-of-arrav-quest-completion-runescape.salmoneus.net.png,official game: quest scroll,,Shield of Arrav,,2005-11-18,20060221085915,http://runescape.salmoneus.net:80/quests/ShieldOfArrav/shieldarravcomplt.png,https://web.archive.org/web/20060221085915/http://runescape.salmoneus.net:80/quests/ShieldOfArrav/shieldarravcomplt.png,,26695,8ae97f8bc4d6878132834675fc3741a9ac6f917e,auto-detected,Quest Completion Scrolls\Other Quests - old style (2004)\file dated 2005-11-18 - runescape.salmoneus.net - ShieldOfArrav - shieldarravcomplt.png
Shilo Village/August-1-2004-shilo-village-quest-completion-img35.exs.cx.png,official game: quest scroll,,Shilo Village,,2004-08-01,20040823132714,http://img35.exs.cx:80/img35/3205/shilocomplete.png,https://web.archive.org/web/20040823132714/http://img35.exs.cx:80/img35/3205/shilocomplete.png,,34454,f16f713ae1fbead65c93d9a24abdc0e05f3c6aab,auto-detected,Quest Completion Scrolls\Other Quests - old style (2004)\file dated 2004-08-01 - img35.exs.cx - shilocomplete.png
Shilo Village/March-26-2005-shilo-village-quest-completion-runeweb.net.png,official game: quest scroll,,Shilo Village,,2005-03-26,20060114032330,http://www.runeweb.net:80/fireball/Shilo%20Village%20Images/Shilo23.PNG,https://web.archive.org/web/20060114032330/http://www.runeweb.net:80/fireball/Shilo%20Village%20Images/Shilo23.PNG,,42102,b90f688de8e547fa6e18f5096dd3cdec28796122,auto-detected,Quest Completion Scrolls\Other Quests - new style (2005-06)\file dated 2005-03-26 - runeweb.net - Shilo Village Images - Shilo23.PNG
Shilo Village/November-18-2005-shilo-village-quest-completion-runescape.salmoneus.net.png,official game: quest scroll,,Shilo Village,,2005-11-18,20060507003527,http://runescape.salmoneus.net:80/quests/ShiloVillage/shilocomplt.png,https://web.archive.org/web/20060507003527/http://runescape.salmoneus.net:80/quests/ShiloVillage/shilocomplt.png,,25162,d026f0a458ec78fdaf8f65b19553676621114928,auto-detected,Quest Completion Scrolls\Other Quests - new style (2005-06)\file dated 2005-11-18 - runescape.salmoneus.net - ShiloVillage - shilocomplt.png
Shilo Village/October-19-2005-shilo-village-quest-completion-runehq.com.gif,official game: quest scroll,,Shilo Village,,2005-10-19,20070217031848,http://runehq.com:80/images/quests/Shillo/shiloreward0ce.gif,https://web.archive.org/web/20070217031848/http://runehq.com:80/images/quests/Shillo/shiloreward0ce.gif,,24198,c417725483f974e4270d765e52e2d8e2e31fb44c,auto-detected,Quest Completion Scrolls\Other Quests - new style (2005-06)\file dated 2005-10-19 - runehq.com - Shillo - shiloreward0ce.gif
Shilo Village/October-19-2005-shilo-village-quest-completion-runehq.com.png,official game: quest scroll,,Shilo Village,new-style,2005-10-19,20120114221002,http://runehq.com:80/images/otherguides/shilocomplete.png,https://web.archive.org/web/20120114221002/http://runehq.com:80/images/otherguides/shilocomplete.png,,25271,07835bf286b9179d70eaf0055b5e0972714c9202,RuneHQ guide image found by the 2001-2005 fansite scan (file date 19 Oct 2005 is RuneHQ's server-migration date); guide page: Rune Headquarters :.:.: Your unfair Runescape advantage (https://web.archive.org/web/20051130111259/http://runehq.com:80/RHQQuestsView.php?id=00209),
Shilo Village/September-6-2007-shilo-village-quest-completion-img146.imageshack.us.jpg,official game: quest scroll,,Shilo Village,new-style,2007-09-06,20090829071021,http://img146.imageshack.us/img146/9325/reward5an.jpg,https://web.archive.org/web/20090829071021/http://img146.imageshack.us/img146/9325/reward5an.jpg,,54977,a224c116282edb8a08b212827766c264e01f9235,"New-style scroll, Quest Points 80.",
Slug Menace/September-22-2006-slug-menace-quest-completion-runehq.com.gif,official game: quest scroll,,Slug Menace,new-style,2006-09-22,20071106211933,http://www.runehq.com/image/quests/p2p/slugmenace/qc.gif,https://web.archive.org/web/20071106211933/http://www.runehq.com/image/quests/p2p/slugmenace/qc.gif,,31442,1cff9b36cf0c8c6fd19b02d9b363ccec8ad684a9,runehq.com guide image found by the 2001-2005 fansite scan; guide page: Rune Headquarters :.:.: Your unfair Runescape advantage (https://web.archive.org/web/20061020234704/http://www.runehq.com/RHQQuestsView.php?id=00774),
Spirits of the Elid/December-5-2005-spirits-of-the-elid-quest-completion-runehq.com.gif,official game: quest scroll,,Spirits of the Elid,new-style,2005-12-05,20120319001638,http://runehq.com:80/images/quests/memberquests/spiritsoftheelid/qc.gif,https://web.archive.org/web/20120319001638/http://runehq.com:80/images/quests/memberquests/spiritsoftheelid/qc.gif,,25443,2bae15c7317dfe32daefb7db7a2395dc0abd5f1d,RuneHQ guide image found by the 2001-2005 fansite scan; guide page: Rune Headquarters :.:.: Your unfair Runescape advantage (https://web.archive.org/web/20060409052435/http://runehq.com:80/RHQQuestsView.php?id=00633),
Spirits of the Elid/December-6-2005-spirits-of-the-elid-quest-completion-runescape.salmoneus.net.png,official game: quest scroll,,Spirits of the Elid,,2005-12-06,20060516130627,http://runescape.salmoneus.net:80/quests/SpiritsOfElid/elidcomplt.png,https://web.archive.org/web/20060516130627/http://runescape.salmoneus.net:80/quests/SpiritsOfElid/elidcomplt.png,,36514,d9f3262d34a4fd273495da5426b33b9530d2f070,auto-detected,Quest Completion Scrolls\Other Quests - new style (2005-06)\file dated 2005-12-06 - runescape.salmoneus.net - SpiritsOfElid - elidcomplt.png
Spirits of the Elid/September-22-2006-spirits-of-the-elid-quest-completion-www.runehq.com.gif,official game: quest scroll,,Spirits of the Elid,,2006-09-22,20070706072012,http://www.runehq.com/image/quests/p2p/spiritsoftheelid/sotequestcompleted.gif,https://web.archive.org/web/20070706072012/http://www.runehq.com/image/quests/p2p/spiritsoftheelid/sotequestcompleted.gif,,29086,fa13f5dbe3b2a9be7b89c0e66900a0f779e832f7,"RuneHQ quest-guide image. Found by the 2026-10 manual-check re-scan (CLIP ranking, verified by eye).",
Swan Song/August-9-2006-swan-song-quest-completion-runehq.com.gif,official game: quest scroll,,Swan Song,new-style,2006-08-09,20071107202633,http://runehq.com:80/image/quests/p2p/swansong/qc.gif,https://web.archive.org/web/20071107202633/http://runehq.com:80/image/quests/p2p/swansong/qc.gif,,29685,4322fe6a36cc2613180132c18541c00a93b727bf,RuneHQ guide image found by the 2001-2005 fansite scan; guide page: Rune Headquarters :.:.: Your unfair Runescape advantage (https://web.archive.org/web/20060614150648/http://runehq.com:80/RHQQuestsView.php?id=00711),
Swan Song/May-3-2006-swan-song-quest-completion-img102.imageshack.us.jpg,official game: quest scroll,,Swan Song,new-style,2006-05-03,20070218172557,http://img102.imageshack.us:80/img102/1817/reward5kw.jpg,https://web.archive.org/web/20070218172557/http://img102.imageshack.us:80/img102/1817/reward5kw.jpg,,37057,0e9b77282db10ac7f879cac400fa02072448f06f,"New-style scroll, Quest Points 215.",
Swan Song/May-4-2006-swan-song-quest-completion-img1.zybez.net.gif,official game: quest scroll,,Swan Song,,2006-05-04,20070315003624,http://img1.zybez.net:80/img/qimg/swansong/scroll.gif,https://web.archive.org/web/20070315003624/http://img1.zybez.net:80/img/qimg/swansong/scroll.gif,,24752,25922e119af8e71b01e026b8733638a3ccf65e04,auto-detected,Quest Completion Scrolls\Other Quests - new style (2005-06)\file dated 2006-05-04 - img1.zybez.net - swansong - scroll.gif
Tai Bwo Wannai Trio/May-14-2005-tai-bwo-wannai-trio-quest-completion-runeweb.net.png,official game: quest scroll,,Tai Bwo Wannai Trio,,2005-05-14,20060113183726,http://www.runeweb.net:80/fireball/twbtreward.PNG,https://web.archive.org/web/20060113183726/http://www.runeweb.net:80/fireball/twbtreward.PNG,,50294,5fc9f42589a045041afd049da45eeb7e5d5daf5a,auto-detected,Quest Completion Scrolls\Other Quests - new style (2005-06)\file dated 2005-05-14 - runeweb.net - fireball - twbtreward.PNG
Tai Bwo Wannai Trio/November-18-2005-tai-bwo-wannai-trio-quest-completion-runescape.salmoneus.net.png,official game: quest scroll,,Tai Bwo Wannai Trio,,2005-11-18,20051228165555,http://runescape.salmoneus.net:80/quests/TaiBwoTrio/taibwocomplt.png,https://web.archive.org/web/20051228165555/http://runescape.salmoneus.net:80/quests/TaiBwoTrio/taibwocomplt.png,,30895,c022914d3d107b91ff8f1fcae8cd7efd10f48684,auto-detected,Quest Completion Scrolls\Other Quests - old style (2004)\file dated 2005-11-18 - runescape.salmoneus.net - TaiBwoTrio - taibwocomplt.png
Tai Bwo Wannai Trio/November-2-2005-tai-bwo-wannai-trio-quest-completion-runehq.com.gif,official game: quest scroll,,Tai Bwo Wannai Trio,new-style,2005-11-02,20110919213720,http://runehq.com:80/images/quests/Tai_Bwo/taibaiwannaiquest0uj.gif,https://web.archive.org/web/20110919213720/http://runehq.com:80/images/quests/Tai_Bwo/taibaiwannaiquest0uj.gif,,24260,b81cd075e9b90273c5430624a8414ac405a83e70,RuneHQ guide image found by the 2001-2005 fansite scan; guide page: Rune Headquarters :.:.: Your unfair Runescape advantage (https://web.archive.org/web/20051205223427/http://runehq.com:80/RHQQuestsView.php?id=00420),
Tai Bwo Wannai Trio/September-16-2006-tai-bwo-wannai-trio-quest-completion-runehq.com.gif,official game: quest scroll,,Tai Bwo Wannai Trio,new-style,2006-09-16,20071107080120,http://www.runehq.com/image/quests/p2p/taibwowannaitrio/tbwtquestcompleted.gif,https://web.archive.org/web/20071107080120/http://www.runehq.com/image/quests/p2p/taibwowannaitrio/tbwtquestcompleted.gif,,28546,5591eefe364d485f43c8955f96126af51c328f5e,runehq.com guide image found by the 2001-2005 fansite scan; guide page: Rune Headquarters :.:.: Your unfair Runescape advantage (https://web.archive.org/web/20061020235059/http://www.runehq.com/RHQQuestsView.php?id=00420%3FEnglish=true),
Tears of Guthix/July-7-2005-tears-of-guthix-quest-completion-runeweb.net.png,official game: quest scroll,,Tears of Guthix,,2005-07-07,20051223235422,http://runeweb.net:80/rathofdoom/quests/tearsofguthix/5.png,https://web.archive.org/web/20051223235422/http://runeweb.net:80/rathofdoom/quests/tearsofguthix/5.png,,33112,fe76d9a1bdc7cff7fc31bf4378ec636efe9ce809,auto-detected,Quest Completion Scrolls\Other Quests - new style (2005-06)\file dated 2005-07-07 - runeweb.net - tearsofguthix - 5.png
Tears of Guthix/May-5-2005-tears-of-guthix-quest-completion-runehq.com.gif,official game: quest scroll,,Tears of Guthix,,2005-05-05,20050508110945,http://www.runehq.com:80/images/quests/memberquests/tears_of_guthix/reward.gif,http://web.archive.org/web/20050508110945/http://www.runehq.com:80/images/quests/memberquests/tears_of_guthix/reward.gif,,26761,7d1467a480604bd83aa07ce0c86d300995b0f357,auto-detected,Quest Completion Scrolls\Other Quests - new style (2005-06)\file dated 2005-05-05 - runehq.com - tears_of_guthix - reward.gif
Temple of Ikov/December-16-2008-temple-of-ikov-quest-completion-armadyl-side-youtube-j7FTaGt21es.png,official game: quest scroll,"Frame grab of the quest complete scroll (Armadyl side) from the YouTube video ""RuneScape - Pre-EOC - Temple of Ikov"" uploaded by GoingCrazy201 (2008-12-16). Recorded on Jagex's real game.",Temple of Ikov,"new-style (YouTube frame grab, real game)",2008-12-16,,https://www.youtube.com/watch?v=j7FTaGt21es&t=992s,,,201281,d2cd595fb29d9291ffbdfc981fa0b89c0555845c,"Upload date, not recording date.",
Temple of Ikov/December-3-2006-temple-of-ikov-armadyl-side-quest-completion-runescape.salmoneus.net.png,official game: quest scroll,,Temple of Ikov,2004 old-style (ARMADYL side),2006-12-03,20070223193459,http://runescape.salmoneus.net:80/quests/TempleOfIkov/templeikovcomplt.png,https://web.archive.org/web/20070223193459/http://runescape.salmoneus.net:80/quests/TempleOfIkov/templeikovcomplt.png,,27884,aaf05c0a34bb7d8a25d355309b3db2a3e23d1093,"Sal's Realm guide image, first referenced by the archived guide page of 13 Jul 2005. Old-style, 'for Armadyl', Total Points 126. NOT the Lucien side.",Quest Completion Scrolls\Target Quests\Temple of Ikov\2004 old-style (ARMADYL side) - file dated 2006-12-03 - runescape.salmoneus.net - TempleOfIkov - templeikovcomplt.png
Temple of Ikov/February-18-2006-temple-of-ikov-armadyl-side-quest-completion-img1.zybez.net.gif,official game: quest scroll,,Temple of Ikov,2006 new-style (ARMADYL side),2006-02-18,20070316233033,http://img1.zybez.net:80/img/qimg/templeikov/scroll.gif,https://web.archive.org/web/20070316233033/http://img1.zybez.net:80/img/qimg/templeikov/scroll.gif,,23898,9893a2a35a89d0e070c82df06c7e071409e39d03,Zybez guide image. NOT the Lucien side.,Quest Completion Scrolls\Target Quests\Temple of Ikov\2006 new-style (ARMADYL side) - file dated 2006-02-18 - img1.zybez.net - templeikov - scroll.gif
Temple of Ikov/October-14-2009-temple-of-ikov-lucien-side-quest-completion-zybez.net.gif,official game: quest scroll,,Temple of Ikov,later style (2007-09) LUCIEN side - wording reference only,2009-10-14,20100612123618,http://www.zybez.net/img/qimg/templeikov/scroll.gif,https://web.archive.org/web/20100612123618/http://www.zybez.net/img/qimg/templeikov/scroll.gif,,42768,872eea44fb0f034e2965ba7454af3746fdd9f5b9,"Zybez guide image captured 2010 (server file date 14 Oct 2009 is a migration date). Later scroll design, outside 2004-06; kept because it is the only Lucien-side scroll found and shows the wording.",Quest Completion Scrolls\Target Quests\Temple of Ikov\later style (2007-09) LUCIEN side - wording reference only - file dated 2009-10-14 - zybez.net - templeikov - scroll.gif
The Dig Site/February-6-2006-the-dig-site-quest-completion-runehq.com.png,official game: quest scroll,,The Dig Site,,2006-02-06,20060523011906,http://www.runehq.com:80/image/quests/p2p/digsite/digsitereward.png,https://web.archive.org/web/20060523011906/http://www.runehq.com:80/image/quests/p2p/digsite/digsitereward.png,,14004,f562da8805e926d134ef49f197e94a9047752b71,auto-detected,Quest Completion Scrolls\Other Quests - new style (2005-06)\file dated 2006-02-06 - runehq.com - digsite - digsitereward.png
The Dig Site/May-11-2005-the-dig-site-quest-completion-runeweb.net.png,official game: quest scroll,,The Dig Site,,2005-05-11,20060114020050,http://www.runeweb.net:80/fireball/digsitereward.PNG,https://web.archive.org/web/20060114020050/http://www.runeweb.net:80/fireball/digsitereward.PNG,,46327,6e53a6e547ee66589f1a2e8be0400bb3d4933a7e,auto-detected,Quest Completion Scrolls\Other Quests - new style (2005-06)\file dated 2005-05-11 - runeweb.net - fireball - digsitereward.PNG
The Dig Site/May-6-2006-the-dig-site-quest-completion-global-rs.com.gif,official game: quest scroll,,The Dig Site,,2006-05-06,20070203221219,http://www.global-rs.com:80/quests/members/digsite/completed.gif,https://web.archive.org/web/20070203221219/http://www.global-rs.com:80/quests/members/digsite/completed.gif,,28338,cbbfa660f55d6f7dbb660a07d7bb6585dd5841a6,auto-detected,Quest Completion Scrolls\Other Quests - new style (2005-06)\file dated 2006-05-06 - global-rs.com - digsite - completed.gif
The Dig Site/November-18-2005-the-dig-site-quest-completion-runescape.salmoneus.net.png,official game: quest scroll,,The Dig Site,,2005-11-18,20051222053522,http://runescape.salmoneus.net:80/quests/DigsiteQuest/digsitecomplt.png,https://web.archive.org/web/20051222053522/http://runescape.salmoneus.net:80/quests/DigsiteQuest/digsitecomplt.png,,26041,8c939f64361b61118b8ae5cbb26c73db093f6e1c,auto-detected,Quest Completion Scrolls\Other Quests - old style (2004)\file dated 2005-11-18 - runescape.salmoneus.net - DigsiteQuest - digsitecomplt.png
The Dig Site/October-19-2005-the-dig-site-quest-completion-runehq.com.gif,official game: quest scroll,,The Dig Site,new-style,2005-10-19,20120407045321,http://runehq.com:80/images/quests/Digsite/digsitereward8mc.gif,https://web.archive.org/web/20120407045321/http://runehq.com:80/images/quests/Digsite/digsitereward8mc.gif,,23852,be06cfac27bb046fe6c9749c569bd6abb7643b67,RuneHQ guide image found by the 2001-2005 fansite scan (file date 19 Oct 2005 is RuneHQ's server-migration date); guide page: Rune Headquarters :.:.: Your unfair Runescape advantage (https://web.archive.org/web/20051114044130/http://runehq.com:80/RHQQuestsView.php?id=00354),
The Eyes of Glouphrie/August-15-2006-the-eyes-of-glouphrie-quest-completion-runehq.com.gif,official game: quest scroll,,The Eyes of Glouphrie,new-style,2006-08-15,20071107022316,http://runehq.com:80/image/quests/p2p/theeyesofglouphrie/qc.gif,https://web.archive.org/web/20071107022316/http://runehq.com:80/image/quests/p2p/theeyesofglouphrie/qc.gif,,30457,bea0aae6b330df9ab2525ee6cb19209a90fbbfd2,RuneHQ guide image found by the 2001-2005 fansite scan; guide page: Rune Headquarters :.:.: Your unfair Runescape advantage (https://web.archive.org/web/20060821130417/http://runehq.com:80/RHQQuestsView.php?id=00761),
The Feud/April-26-2005-the-feud-quest-completion-runevillage.com.gif,official game: quest scroll,,The Feud,,2005-04-26,20050429232730,http://runevillage.com:80/images/rsFeud15.gif,https://web.archive.org/web/20050429232730/http://runevillage.com:80/images/rsFeud15.gif,,23490,65fcfcbc10a6dc19ecd8dc8cbf1ebbbb80e9ea6e,auto-detected,Quest Completion Scrolls\Other Quests - new style (2005-06)\file dated 2005-04-26 - runevillage.com - rsFeud15.gif
The Feud/April-5-2005-the-feud-quest-completion-runeweb.net.png,official game: quest scroll,,The Feud,,2005-04-05,20060114020417,http://www.runeweb.net:80/Roth/The_Feud/19.PNG,https://web.archive.org/web/20060114020417/http://www.runeweb.net:80/Roth/The_Feud/19.PNG,,36386,41dd6da2ff041dfa82ae1e727912b4aef060bb17,auto-detected,Quest Completion Scrolls\Other Quests - new style (2005-06)\file dated 2005-04-05 - runeweb.net - The_Feud - 19.PNG
The Feud/November-18-2005-the-feud-quest-completion-runescape.salmoneus.net.png,official game: quest scroll,,The Feud,,2005-11-18,20060506223448,http://runescape.salmoneus.net:80/quests/TheFeud/feudcomplt.png,https://web.archive.org/web/20060506223448/http://runescape.salmoneus.net:80/quests/TheFeud/feudcomplt.png,,23576,beec199c8fb8e4722f31341117d7830f631bce2a,auto-detected,Quest Completion Scrolls\Other Quests - new style (2005-06)\file dated 2005-11-18 - runescape.salmoneus.net - TheFeud - feudcomplt.png
The Feud/October-19-2005-the-feud-quest-completion-runehq.com.gif,official game: quest scroll,,The Feud,,2005-10-19,20060523015343,http://www.runehq.com:80/images/quests/memberquests/feud/TheFeudComplete.gif,https://web.archive.org/web/20060523015343/http://www.runehq.com:80/images/quests/memberquests/feud/TheFeudComplete.gif,,23497,a63989702cff94b229098b4149ba89e3a4ada08e,auto-detected,Quest Completion Scrolls\Other Quests - new style (2005-06)\file dated 2005-10-19 - runehq.com - feud - TheFeudComplete.gif
The Fremennik Isles/February-26-2007-the-fremennik-isles-quest-completion-xs112.xs.to.png,official game: quest scroll,,The Fremennik Isles,new-style,2007-02-26,20070228104620,http://xs112.xs.to:80/xs112/07091/ScreenShot166.png,https://web.archive.org/web/20070228104620/http://xs112.xs.to:80/xs112/07091/ScreenShot166.png,,175773,2e9cf1e3d7078ab4a22cb086a7c00e1b8fdab53c,"New-style scroll in a full client screenshot: Fremennik royal helm, 1 QP, access to a runite vein; Quest Points 183.",
The Fremennik Trials/July-6-2005-the-fremennik-trials-quest-completion-runeweb.net.png,official game: quest scroll,,The Fremennik Trials,,2005-07-06,20051224000915,http://runeweb.net:80/rathofdoom/quests/fremenniktrials/12.png,https://web.archive.org/web/20051224000915/http://runeweb.net:80/rathofdoom/quests/fremenniktrials/12.png,,50169,ed90d19935f2d71cf806e95f6cc5ac0ac09400d6,auto-detected,Quest Completion Scrolls\Other Quests - new style (2005-06)\file dated 2005-07-06 - runeweb.net - fremenniktrials - 12.png
The Fremennik Trials/March-5-2005-the-fremennik-trials-quest-completion-runecrypt.com.png,official game: quest scroll,,The Fremennik Trials,,2005-03-05,20050502033331,http://www.runecrypt.com:80/images/quests/fremennik_4.png,https://web.archive.org/web/20050502033331/http://www.runecrypt.com:80/images/quests/fremennik_4.png,,48140,3dbaeb979c2996a95cc24a1c35cc9e9ad69dce22,auto-detected,Quest Completion Scrolls\Other Quests - old style (2004)\file dated 2005-03-05 - runecrypt.com - fremennik_4.png
The Fremennik Trials/November-18-2005-the-fremennik-trials-quest-completion-runescape.salmoneus.net.png,official game: quest scroll,,The Fremennik Trials,,2005-11-18,20060506194530,http://runescape.salmoneus.net:80/quests/FremennikTrial/fremtrialscomplt.png,https://web.archive.org/web/20060506194530/http://runescape.salmoneus.net:80/quests/FremennikTrial/fremtrialscomplt.png,,33251,05961b8b8f0879bf50adca6c170795c24fe5184d,auto-detected,Quest Completion Scrolls\Other Quests - new style (2005-06)\file dated 2005-11-18 - runescape.salmoneus.net - FremennikTrial - fremtrialscomplt.png
The Fremennik Trials/October-19-2005-the-fremennik-trials-quest-completion-runehq.com.gif,official game: quest scroll,,The Fremennik Trials,,2005-10-19,20060524081827,http://runehq.com:80/images/quests/fmktltn8cv.gif,https://web.archive.org/web/20060524081827/http://runehq.com:80/images/quests/fmktltn8cv.gif,,22985,de3a111bd1e6981ad90395157f58b00cb52a77a5,auto-detected,Quest Completion Scrolls\Other Quests - new style (2005-06)\file dated 2005-10-19 - runehq.com - fmktltn8cv.gif
The Giant Dwarf/December-12-2005-the-giant-dwarf-quest-completion-runehq.com.gif,official game: quest scroll,,The Giant Dwarf,new-style,2005-12-12,20071107052342,http://www.runehq.com/image/quests/p2p/giantdwarf/giantdwarffinished.gif,https://web.archive.org/web/20071107052342/http://www.runehq.com/image/quests/p2p/giantdwarf/giantdwarffinished.gif,,26154,774b74efec230993dd22fc83f473d7e354fc1ab2,runehq.com guide image found by the 2001-2005 fansite scan; guide page: Rune Headquarters :.:.: Your unfair Runescape advantage (https://web.archive.org/web/20061020235401/http://www.runehq.com/RHQQuestsView.php?id=00512%3FEnglish=true),
The Giant Dwarf/June-21-2005-the-giant-dwarf-quest-completion-runeweb.net.png,official game: quest scroll,,The Giant Dwarf,,2005-06-21,20051224002737,http://runeweb.net:80/images/site/guides/rs2/quests/giantdwarf/17.PNG,https://web.archive.org/web/20051224002737/http://runeweb.net:80/images/site/guides/rs2/quests/giantdwarf/17.PNG,,45697,9e7b0bdeef0a0ce61a9ca7cad97f16419f3d8e75,auto-detected,Quest Completion Scrolls\Other Quests - new style (2005-06)\file dated 2005-06-21 - runeweb.net - giantdwarf - 17.PNG
The Giant Dwarf/November-18-2005-the-giant-dwarf-quest-completion-runescape.salmoneus.net.png,official game: quest scroll,,The Giant Dwarf,,2005-11-18,20060513142005,http://www.runescape.salmoneus.net:80/quests/GiantDwarf/giantdwarfcomplt.png,https://web.archive.org/web/20060513142005/http://www.runescape.salmoneus.net:80/quests/GiantDwarf/giantdwarfcomplt.png,,28756,27648859b0c419a7a2c296998b2c7e6ab54918f5,auto-detected,Quest Completion Scrolls\Other Quests - new style (2005-06)\file dated 2005-11-18 - runescape.salmoneus.net - GiantDwarf - giantdwarfcomplt.png
The Giant Dwarf/October-19-2005-the-giant-dwarf-quest-completion-runehq.com.jpg,official game: quest scroll,,The Giant Dwarf,new-style,2005-10-19,20120507040529,http://runehq.com:80/images/quests/memberquests/giant_dwarf/reward.jpg,https://web.archive.org/web/20120507040529/http://runehq.com:80/images/quests/memberquests/giant_dwarf/reward.jpg,,23022,4e8925addfe2284e1a0fdc80ee18b391f40c86bd,RuneHQ guide image found by the 2001-2005 fansite scan (file date 19 Oct 2005 is RuneHQ's server-migration date); guide page: Rune Headquarters :.:.: Your unfair Runescape advantage (https://web.archive.org/web/20051115035008/http://runehq.com:80/RHQQuestsView.php?id=00512),
The Giant Dwarf/October-21-2005-the-giant-dwarf-quest-completion-img485.imageshack.us.png,official game: quest scroll,,The Giant Dwarf,new-style,2005-10-21,20060707064233,http://img485.imageshack.us:80/img485/6707/giantdwarfreward3rr.png,https://web.archive.org/web/20060707064233/http://img485.imageshack.us:80/img485/6707/giantdwarfreward3rr.png,,57121,b2a6bb4daddfda639099eccfd72457fccf858c6e,"New-style scroll, Quest Points 162.",
The Golem/April-11-2005-the-golem-quest-completion-runeweb.net.png,official game: quest scroll,,The Golem,,2005-04-11,20060114005301,http://www.runeweb.net:80/Roth/The_Golem/x10.PNG,https://web.archive.org/web/20060114005301/http://www.runeweb.net:80/Roth/The_Golem/x10.PNG,,43328,4b967033433d502771804519f246b71622d25daf,auto-detected,Quest Completion Scrolls\Other Quests - new style (2005-06)\file dated 2005-04-11 - runeweb.net - The_Golem - x10.PNG
The Golem/November-18-2005-the-golem-quest-completion-runescape.salmoneus.net.png,official game: quest scroll,,The Golem,,2005-11-18,20060430202905,http://runescape.salmoneus.net:80/quests/TheGolem/golemcomplt.png,https://web.archive.org/web/20060430202905/http://runescape.salmoneus.net:80/quests/TheGolem/golemcomplt.png,,27078,c613da7cda0b9e49975ba01b52d78570d7242964,auto-detected,Quest Completion Scrolls\Other Quests - new style (2005-06)\file dated 2005-11-18 - runescape.salmoneus.net - TheGolem - golemcomplt.png
The Golem/October-19-2005-the-golem-quest-completion-runehq.com.gif,official game: quest scroll,,The Golem,new-style,2005-10-19,20120319004506,http://runehq.com:80/images/quests/memberquests/the_golem/quest_reward.gif,https://web.archive.org/web/20120319004506/http://runehq.com:80/images/quests/memberquests/the_golem/quest_reward.gif,,21436,0e0548a883bc73477cc3d75ebe2055a128b7522d,RuneHQ guide image found by the 2001-2005 fansite scan (file date 19 Oct 2005 is RuneHQ's server-migration date); guide page: Rune Headquarters :.:.: Your unfair Runescape advantage (https://web.archive.org/web/20051130070312/http://runehq.com:80/RHQQuestsView.php?id=00478),
The Golem/September-1-2006-the-golem-quest-completion-runehq.com.gif,official game: quest scroll,,The Golem,new-style,2006-09-01,20071107201338,http://www.runehq.com/image/quests/p2p/golem/golemquestcomplete.gif,https://web.archive.org/web/20071107201338/http://www.runehq.com/image/quests/p2p/golem/golemquestcomplete.gif,,29850,ee1064e27aa27dbd7f058de4b324616ffd9e1405,runehq.com guide image found by the 2001-2005 fansite scan; guide page: Rune Headquarters :.:.: Your unfair Runescape advantage (https://web.archive.org/web/20061020234351/http://www.runehq.com/RHQQuestsView.php?id=00478%3FEnglish=true),
The Grand Tree/November-25-2005-the-grand-tree-quest-completion-runehq.com.gif,official game: quest scroll,,The Grand Tree,,2005-11-25,20060523052813,http://www.runehq.com:80/images/quests/questcompletedgrandtree.gif,https://web.archive.org/web/20060523052813/http://www.runehq.com:80/images/quests/questcompletedgrandtree.gif,,24058,fcdfb7bbd9ad0eabbf74df5d31ddcd9860b0daed,auto-detected,Quest Completion Scrolls\Other Quests - new style (2005-06)\file dated 2005-11-25 - runehq.com - questcompletedgrandtree.gif
The Hand in the Sand/January-10-2006-the-hand-in-the-sand-quest-completion-runehq.com.gif,official game: quest scroll,,The Hand in the Sand,,2006-01-10,20071107152422,http://runehq.com/images/quests/memberquests/thehandinthesand/qc.gif,https://web.archive.org/web/20071107152422/http://runehq.com/images/quests/memberquests/thehandinthesand/qc.gif,,25062,2bc2b6c95c2395dab5681b152f498141e4fb6802,auto-detected,Quest Completion Scrolls\Other Quests - new style (2005-06)\file dated 2006-01-10 - runehq.com - thehandinthesand - qc.gif
The Hand in the Sand/January-11-2006-the-hand-in-the-sand-quest-completion-runescape.salmoneus.net.png,official game: quest scroll,,The Hand in the Sand,,2006-01-11,20060516133649,http://runescape.salmoneus.net:80/quests/HandInTheSand/sandcomplt.png,https://web.archive.org/web/20060516133649/http://runescape.salmoneus.net:80/quests/HandInTheSand/sandcomplt.png,,39984,6075cd4d3e7330e5f96bd1227c0209da8f658fce,auto-detected,Quest Completion Scrolls\Other Quests - new style (2005-06)\file dated 2006-01-11 - runescape.salmoneus.net - HandInTheSand - sandcomplt.png
The Knight's Sword/November-18-2005-the-knights-sword-quest-completion-runescape.salmoneus.net.png,official game: quest scroll,,The Knight's Sword,,2005-11-18,20060221103047,http://runescape.salmoneus.net:80/quests/KnightSword/knightswdcomplt.png,https://web.archive.org/web/20060221103047/http://runescape.salmoneus.net:80/quests/KnightSword/knightswdcomplt.png,,37628,4d63f4ecc169253403d1b39875a789a2f0a2c478,auto-detected,Quest Completion Scrolls\Other Quests - old style (2004)\file dated 2005-11-18 - runescape.salmoneus.net - KnightSword - knightswdcomplt.png
The Lost Tribe/January-19-2006-the-lost-tribe-quest-completion-runevillage.com.gif,official game: quest scroll,,The Lost Tribe,,2006-01-19,20060307142643,http://runevillage.com:80/images/rs2Quests/rsLostTribe11.gif,https://web.archive.org/web/20060307142643/http://runevillage.com:80/images/rs2Quests/rsLostTribe11.gif,,23457,2d150f844d56961605174e183c7f4e3cdcee0d29,auto-detected,Quest Completion Scrolls\Other Quests - new style (2005-06)\file dated 2006-01-19 - runevillage.com - rsLostTribe11.gif
The Lost Tribe/July-5-2005-the-lost-tribe-quest-completion-img1.zybez.net.gif,official game: quest scroll,,The Lost Tribe,,2005-07-05,20070211224308,http://img1.zybez.net:80/img/qimg/losttribe/scroll.gif,https://web.archive.org/web/20070211224308/http://img1.zybez.net:80/img/qimg/losttribe/scroll.gif,,23611,389dc84b5f63de5277563d8309420bc633605233,auto-detected,Quest Completion Scrolls\Other Quests - new style (2005-06)\file dated 2005-07-05 - img1.zybez.net - losttribe - scroll.gif
The Lost Tribe/March-6-2006-the-lost-tribe-quest-completion-runehq.com.gif,official game: quest scroll,,The Lost Tribe,,2006-03-06,20060523034226,http://www.runehq.com:80/images/quests/memberquests/lost_tribe/losttribeqc.gif,https://web.archive.org/web/20060523034226/http://www.runehq.com:80/images/quests/memberquests/lost_tribe/losttribeqc.gif,,23771,81fc84e3198dd467a48386c2251b4b4094157d61,auto-detected,Quest Completion Scrolls\Other Quests - new style (2005-06)\file dated 2006-03-06 - runehq.com - lost_tribe - losttribeqc.gif
The Lost Tribe/May-31-2005-the-lost-tribe-quest-completion-runeweb.net.png,official game: quest scroll,,The Lost Tribe,,2005-05-31,20060114023022,http://www.runeweb.net:80/fireball/Lost%20Tribe%20Images/Lost21.PNG,https://web.archive.org/web/20060114023022/http://www.runeweb.net:80/fireball/Lost%20Tribe%20Images/Lost21.PNG,,65424,1ef560f108346b0ee442f8ed478ad33d5b021678,auto-detected,Quest Completion Scrolls\Other Quests - new style (2005-06)\file dated 2005-05-31 - runeweb.net - Lost Tribe Images - Lost21.PNG
The Lost Tribe/November-18-2005-the-lost-tribe-quest-completion-runescape.salmoneus.net.png,official game: quest scroll,,The Lost Tribe,,2005-11-18,20060221102931,http://runescape.salmoneus.net:80/quests/LostTribe/losttribecomplt.png,https://web.archive.org/web/20060221102931/http://runescape.salmoneus.net:80/quests/LostTribe/losttribecomplt.png,,36422,b72004025dd001c6c5133bf6a27161392a146ee9,auto-detected,Quest Completion Scrolls\Other Quests - new style (2005-06)\file dated 2005-11-18 - runescape.salmoneus.net - LostTribe - losttribecomplt.png
The Restless Ghost/2006-the-restless-ghost-quest-completion-youtube-QX-ieoyDXh4.png,official game: quest scroll,"Frame grab of the quest complete scroll from the YouTube video ""Restless ghost"" uploaded by Tim Coysh (2006). Recorded on Jagex's real game.",The Restless Ghost,"new-style (YouTube frame grab, real game)",2006,,https://www.youtube.com/watch?v=QX-ieoyDXh4&t=980s,,,154624,df09221ab5d079bfd4e9f2bb20b232996c2ec55e,"Upload date, not recording date.",
The Restless Ghost/July-4-2005-the-restless-ghost-quest-completion-runeweb.net.gif,official game: quest scroll,,The Restless Ghost,,2005-07-04,20051223235158,http://runeweb.net:80/rathofdoom/quests/restlessghost/6.gif,https://web.archive.org/web/20051223235158/http://runeweb.net:80/rathofdoom/quests/restlessghost/6.gif,,44971,cee3327b59e9f2d513bbfc826b1b7ee253763037,auto-detected,Quest Completion Scrolls\Other Quests - new style (2005-06)\file dated 2005-07-04 - runeweb.net - restlessghost - 6.gif
The Restless Ghost/November-18-2005-the-restless-ghost-quest-completion-runescape.salmoneus.net.png,official game: quest scroll,,The Restless Ghost,,2005-11-18,20051228170852,http://runescape.salmoneus.net:80/quests/RestlessGhost/restghostcomplt.png,https://web.archive.org/web/20051228170852/http://runescape.salmoneus.net:80/quests/RestlessGhost/restghostcomplt.png,,34371,518af636e308f213b8b06388e3531b3a6deb120c,auto-detected,Quest Completion Scrolls\Other Quests - old style (2004)\file dated 2005-11-18 - runescape.salmoneus.net - RestlessGhost - restghostcomplt.png
The Restless Ghost/September-2-2006-the-restless-ghost-quest-completion-www.runehq.com.gif,official game: quest scroll,,The Restless Ghost,,2006-09-02,20070226093850,http://www.runehq.com/image/quests/f2p/restlessghost/rgquestcomplete.gif,https://web.archive.org/web/20070226093850/http://www.runehq.com/image/quests/f2p/restlessghost/rgquestcomplete.gif,,24753,97754474543f7d419af941b0e56beb54a231356b,"RuneHQ quest-guide image. Found by the 2026-10 manual-check re-scan (CLIP ranking, verified by eye).",
The Tourist Trap/July-7-2005-the-tourist-trap-quest-completion-runeweb.net.png,official game: quest scroll,,The Tourist Trap,,2005-07-07,20051223233452,http://runeweb.net:80/rathofdoom/quests/touristtrap/7.png,https://web.archive.org/web/20051223233452/http://runeweb.net:80/rathofdoom/quests/touristtrap/7.png,,35563,18c60840533136a8dcaf6248042ddb738a4e6650,auto-detected,Quest Completion Scrolls\Other Quests - old style (2004)\file dated 2005-07-07 - runeweb.net - touristtrap - 7.png
The Tourist Trap/November-18-2005-the-tourist-trap-quest-completion-runescape.salmoneus.net.png,official game: quest scroll,,The Tourist Trap,,2005-11-18,20060506214054,http://runescape.salmoneus.net:80/quests/TouristTrap/touristcomplt.png,https://web.archive.org/web/20060506214054/http://runescape.salmoneus.net:80/quests/TouristTrap/touristcomplt.png,,25959,e6437ea0817981e8c6c897f4f4c596367bd75ff5,auto-detected,Quest Completion Scrolls\Other Quests - new style (2005-06)\file dated 2005-11-18 - runescape.salmoneus.net - TouristTrap - touristcomplt.png
The Tourist Trap/November-9-2004-the-tourist-trap-quest-completion-img.photobucket.com.png,official game: quest scroll,,The Tourist Trap,,2004-11-09,20060215231122,http://img.photobucket.com/albums/v72/me9alomaniac/ttdone.png,https://web.archive.org/web/20060215231122/http://img.photobucket.com/albums/v72/me9alomaniac/ttdone.png,,54528,63875f70babb64a25a531f22f3350e87a49fc727,auto-detected,Quest Completion Scrolls\Other Quests - old style (2004)\file dated 2004-11-09 - img.photobucket.com - me9alomaniac - ttdone.png
The Tourist Trap/October-19-2005-the-tourist-trap-quest-completion-runehq.com.gif,official game: quest scroll,,The Tourist Trap,,2005-10-19,20060523012106,http://www.runehq.com:80/images/quests/Tourist_trap/torusttrapreward.gif,https://web.archive.org/web/20060523012106/http://www.runehq.com:80/images/quests/Tourist_trap/torusttrapreward.gif,,23410,86b8bf912a805fd5f4566c57bee9b9245df1cc84,auto-detected,Quest Completion Scrolls\Other Quests - new style (2005-06)\file dated 2005-10-19 - runehq.com - Tourist_trap - torusttrapreward.gif
Throne of Miscellania/March-9-2005-throne-of-miscellania-quest-completion-runeweb.net.jpg,official game: quest scroll,,Throne of Miscellania,,2005-03-09,20060113174344,http://www.runeweb.net:80/images/site/guides/rs2/quests/throne/3.jpg,https://web.archive.org/web/20060113174344/http://www.runeweb.net:80/images/site/guides/rs2/quests/throne/3.jpg,,21272,793ef0f630690ccbed713fc55f36bc3c92d06738,auto-detected,Quest Completion Scrolls\Other Quests - old style (2004)\file dated 2005-03-09 - runeweb.net - throne - 3.jpg
Throne of Miscellania/November-29-2004-throne-of-miscellania-quest-completion-koti.mbnet.fi.jpg,official game: quest scroll,,Throne of Miscellania,"2004-05 old-style, full client",2004-11-29,20050122210857,http://koti.mbnet.fi:80/kuukke/data/miscellaniadone.JPG,https://web.archive.org/web/20050122210857/http://koti.mbnet.fi:80/kuukke/data/miscellaniadone.JPG,,82697,829dfc55f117961175f624877e2d8cca9c93d732,"Finnish player screenshot folder on koti.mbnet.fi, found by the ISP-homepage folder ranking",
Throne of Miscellania/October-12-2006-throne-of-miscellania-quest-completion-runehq.com.png,official game: quest scroll,,Throne of Miscellania,new-style,2006-10-12,20070326050859,http://www.runehq.com/image/quests/p2p/throneofmiscellania/reward.png,https://web.archive.org/web/20070326050859/http://www.runehq.com/image/quests/p2p/throneofmiscellania/reward.png,,18260,59a2ffb8e6833a3b5589ef996d7bd7df58fe26e4,runehq.com guide image found by the 2001-2005 fansite scan; guide page: Rune Headquarters :.:.: Your unfair Runescape advantage (https://web.archive.org/web/20061020235618/http://www.runehq.com/RHQQuestsView.php?id=00434%3FEnglish=true),
Throne of Miscellania/October-19-2005-throne-of-miscellania-quest-completion-runehq.com.gif,official game: quest scroll,,Throne of Miscellania,new-style,2005-10-19,20111224181347,http://runehq.com:80/images/quests/memberquests/runescape/throne_of_miscellania/reward.gif,https://web.archive.org/web/20111224181347/http://runehq.com:80/images/quests/memberquests/runescape/throne_of_miscellania/reward.gif,,34798,976cd2898a432e2772fded8c7f1f0ee7e23463a8,RuneHQ guide image found by the 2001-2005 fansite scan (file date 19 Oct 2005 is RuneHQ's server-migration date); guide page: Rune Headquarters :.:.: Your unfair Runescape advantage (https://web.archive.org/web/20051204182713/http://runehq.com:80/RHQQuestsView.php?id=00434),
Tree Gnome Village/March-9-2005-tree-gnome-village-quest-completion-runeweb.net.png,official game: quest scroll,,Tree Gnome Village,,2005-03-09,20060113201349,http://www.runeweb.net:80/fireball/Tree%20Gnome%20Images/TreeGnome10.PNG,https://web.archive.org/web/20060113201349/http://www.runeweb.net:80/fireball/Tree%20Gnome%20Images/TreeGnome10.PNG,,99342,c9e098984445485a230c8c109e997514988c268e,auto-detected,Quest Completion Scrolls\Other Quests - old style (2004)\file dated 2005-03-09 - runeweb.net - Tree Gnome Images - TreeGnome10.PNG
Tribal Totem/December-27-2008-tribal-totem-quest-completion-youtube-Dal2Ozmbyys.png,official game: quest scroll,"Frame grab of the quest complete scroll from the YouTube video ""Runescape Trible Totem quest quide"" uploaded by wvdirttbike (2008-12-27). Recorded on Jagex's real game.",Tribal Totem,"new-style (YouTube frame grab, real game)",2008-12-27,,https://www.youtube.com/watch?v=Dal2Ozmbyys&t=541s,,,183478,ebc10272c6eca551090c43dccb4b7ee4a2f0a266,"Upload date, not recording date.",
Tribal Totem/July-12-2004-tribal-totem-quest-completion-runescape.informare.ro.jpg,official game: quest scroll,,Tribal Totem,2004 old-style (small),2004-07-12,20041128015808,http://runescape.informare.ro:80/Rs2/Img-quest/tribal-diploma.JPG,https://web.archive.org/web/20041128015808/http://runescape.informare.ro:80/Rs2/Img-quest/tribal-diploma.JPG,,10321,dad18afcfec66e20f2f643c0f483b8ec027b72ee,"Romanian fansite guide image, 350px. Old-style scroll, Total Points 60.",Quest Completion Scrolls\Target Quests\Tribal Totem\2004 old-style (small) - file dated 2004-07-12 - runescape.informare.ro - Img-quest - tribal-diploma.JPG
Tribal Totem/July-15-2004-tribal-totem-quest-completion-img1.exs.cx.jpg,official game: quest scroll,,Tribal Totem,2004 old-style (full size),2004-07-15,20050428211725,http://img1.exs.cx:80/img1/1831/reward3.jpg,https://web.archive.org/web/20050428211725/http://img1.exs.cx:80/img1/1831/reward3.jpg,,18486,38ee4b2c7762bac978c8ee32463cdae544f3abdf,"Player upload to exs.cx (ImageShack's 2004 domain). Old-style scroll, Total Points 86.",Quest Completion Scrolls\Target Quests\Tribal Totem\2004 old-style (full size) - file dated 2004-07-15 - img1.exs.cx - reward3.jpg
Tribal Totem/July-7-2005-tribal-totem-quest-completion-runeweb.net.png,official game: quest scroll,,Tribal Totem,2005 new-style,2005-07-07,20051223233838,http://runeweb.net:80/rathofdoom/quests/tribaltotem/8.png,https://web.archive.org/web/20051223233838/http://runeweb.net:80/rathofdoom/quests/tribaltotem/8.png,,64817,be9e6ca00d49bf7ed5e10776fa667f134aaf0d3c,RuneWeb guide by rathofdoom. New-style scroll with reward list.,Quest Completion Scrolls\Target Quests\Tribal Totem\2005 new-style - file dated 2005-07-07 - runeweb.net - tribaltotem - 8.png
Tribal Totem/May-21-2006-tribal-totem-quest-completion-img103.imageshack.us.png,official game: quest scroll,,Tribal Totem,new-style,2006-05-21,20090829070530,http://img103.imageshack.us/img103/5457/reward1lj.png,https://web.archive.org/web/20090829070530/http://img103.imageshack.us/img103/5457/reward1lj.png,,58746,69d155137d5711c66fa833391bd2216ac3f4426e,"New-style scroll, Quest Points 83.",
Tribal Totem/November-11-2005-tribal-totem-quest-completion-runehq.com.gif,official game: quest scroll,,Tribal Totem,2005 new-style,2005-11-11,20060513135037,http://runehq.com:80/images/quests/Tribal_Totem/triblareward.gif,https://web.archive.org/web/20060513135037/http://runehq.com:80/images/quests/Tribal_Totem/triblareward.gif,,34725,6ebeca34338713b44d99499b211a996d316b71a0,RuneHQ guide image.,Quest Completion Scrolls\Target Quests\Tribal Totem\2005 new-style - file dated 2005-11-11 - runehq.com - Tribal_Totem - triblareward.gif
Tribal Totem/November-18-2005-tribal-totem-quest-completion-runescape.salmoneus.net.png,official game: quest scroll,,Tribal Totem,2005 new-style,2005-11-18,20060501211050,http://runescape.salmoneus.net:80/quests/TribalTotem/tribalcomplt.png,https://web.archive.org/web/20060501211050/http://runescape.salmoneus.net:80/quests/TribalTotem/tribalcomplt.png,,33146,2f504f3f558c90887a5ee4497bca51def542c89b,Sal's Realm guide image (file date is a site-migration date).,Quest Completion Scrolls\Target Quests\Tribal Totem\2005 new-style - file dated 2005-11-18 - runescape.salmoneus.net - TribalTotem - tribalcomplt.png
Tribal Totem/September-26-2009-tribal-totem-quest-completion-youtube-sneq-Pth_WU.png,official game: quest scroll,"Frame grab of the quest complete scroll from the YouTube video ""Runescape Tribal Totem Quest guide"" uploaded by Misaki Suzumiya (2009-09-26). Recorded on Jagex's real game.",Tribal Totem,"new-style (YouTube frame grab, real game)",2009-09-26,,https://www.youtube.com/watch?v=sneq-Pth_WU&t=384s,,,140214,8588576adaaa0ac9aa4c1f6e74c1f350f8b245fc,"Upload date, not recording date.",
Troll Romance/January-5-2005-troll-romance-quest-completion-koti.mbnet.fi.jpg,official game: quest scroll,,Troll Romance,"2004-05 old-style, full client",2005-01-05,20050122205254,http://koti.mbnet.fi:80/kuukke/data/trolllove.JPG,https://web.archive.org/web/20050122205254/http://koti.mbnet.fi:80/kuukke/data/trolllove.JPG,,78021,a5fa8ec37dbf6447ef3a99c33d1f24efed0ea7b6,"Finnish player screenshot folder on koti.mbnet.fi, found by the ISP-homepage folder ranking",
Troll Romance/July-7-2005-troll-romance-quest-completion-runeweb.net.png,official game: quest scroll,,Troll Romance,,2005-07-07,20051224001800,http://runeweb.net:80/rathofdoom/quests/trollromance/trcomplete.png,https://web.archive.org/web/20051224001800/http://runeweb.net:80/rathofdoom/quests/trollromance/trcomplete.png,,34142,2475676de445505dc5d57f6cd9932f6ab4c63b57,auto-detected,Quest Completion Scrolls\Other Quests - new style (2005-06)\file dated 2005-07-07 - runeweb.net - trollromance - trcomplete.png
Troll Romance/November-18-2005-troll-romance-quest-completion-runescape.salmoneus.net.png,official game: quest scroll,,Troll Romance,,2005-11-18,20051228170531,http://runescape.salmoneus.net:80/quests/TrollRomance/trollrmcecomplt.png,https://web.archive.org/web/20051228170531/http://runescape.salmoneus.net:80/quests/TrollRomance/trollrmcecomplt.png,,23898,ef816a8eb45395d77188b7aa5c63ba6e87e2e2b8,auto-detected,Quest Completion Scrolls\Other Quests - new style (2005-06)\file dated 2005-11-18 - runescape.salmoneus.net - TrollRomance - trollrmcecomplt.png
Troll Romance/October-19-2005-troll-romance-quest-completion-runehq.com.jpg,official game: quest scroll,,Troll Romance,,2005-10-19,20060523134840,http://www.runehq.com:80/images/quests/memberquests/troll_romance_quest_complete.jpg,https://web.archive.org/web/20060523134840/http://www.runehq.com:80/images/quests/memberquests/troll_romance_quest_complete.jpg,,26116,b8e4d69bcf12f02de8bc80ef2cb99412488b0e71,auto-detected,Quest Completion Scrolls\Other Quests - new style (2005-06)\file dated 2005-10-19 - runehq.com - troll_romance_quest_complete.jpg
Troll Stronghold/April-25-2006-troll-stronghold-quest-completion-img243.imageshack.us.png,official game: quest scroll,,Troll Stronghold,new-style,2006-04-25,20060921041235,http://img243.imageshack.us:80/img243/5302/trollstronghold7oj.png,https://web.archive.org/web/20060921041235/http://img243.imageshack.us:80/img243/5302/trollstronghold7oj.png,,78527,f52e6cd0fcb82828fc98d49c6849b1767f775548,"New-style scroll, Quest Points 131.",
Troll Stronghold/March-9-2005-troll-stronghold-quest-completion-runeweb.net.png,official game: quest scroll,,Troll Stronghold,,2005-03-09,20060114035958,http://www.runeweb.net:80/fireball/Troll%20Stronghold%20Images/trollstr12.PNG,https://web.archive.org/web/20060114035958/http://www.runeweb.net:80/fireball/Troll%20Stronghold%20Images/trollstr12.PNG,,76461,4e100b50f8ab07c90d2c7b59f1a33f5623c18536,auto-detected,Quest Completion Scrolls\Other Quests - old style (2004)\file dated 2005-03-09 - runeweb.net - Troll Stronghold Images - trollstr12.PNG
Troll Stronghold/November-18-2005-troll-stronghold-quest-completion-runescape.salmoneus.net.png,official game: quest scroll,,Troll Stronghold,,2005-11-18,20060506214130,http://runescape.salmoneus.net:80/quests/TrollStronghold/trollstrholdcomplt.png,https://web.archive.org/web/20060506214130/http://runescape.salmoneus.net:80/quests/TrollStronghold/trollstrholdcomplt.png,,25810,9fa4652768e1a38117db47d3191394038a2e705b,auto-detected,Quest Completion Scrolls\Other Quests - old style (2004)\file dated 2005-11-18 - runescape.salmoneus.net - TrollStronghold - trollstrholdcomplt.png
Troll Stronghold/November-22-2005-troll-stronghold-quest-completion-runehq.com.gif,official game: quest scroll,,Troll Stronghold,new-style,2005-11-22,20111004031417,http://runehq.com:80/images/quests/Troll_Stronghold/trollstrongholdcomplete4er3lg.gif,https://web.archive.org/web/20111004031417/http://runehq.com:80/images/quests/Troll_Stronghold/trollstrongholdcomplete4er3lg.gif,,24332,ac387beaf4ba525945179fa182a975d9978f1f01,RuneHQ guide image found by the 2001-2005 fansite scan; guide page: Rune Headquarters :.:.: Your unfair Runescape advantage (https://web.archive.org/web/20051130111323/http://runehq.com:80/RHQQuestsView.php?id=00417),
Troll Stronghold/September-1-2004-troll-stronghold-quest-completion-runehq.com.png,official game: quest scroll,,Troll Stronghold,,2004-09-01,20050228132639,http://runehq.com:80/images/quests/memberquests/trollcomplete.png,http://web.archive.org/web/20050228132639/http://runehq.com:80/images/quests/memberquests/trollcomplete.png,,54226,379a3645862972923fe53c43b904b497090fada3,auto-detected,Quest Completion Scrolls\Other Quests - old style (2004)\file dated 2004-09-01 - runehq.com - trollcomplete.png
Underground Pass/April-2-2005-underground-pass-quest-completion-runeweb.net.png,official game: quest scroll,,Underground Pass,2005 new-style,2005-04-02,20060114041203,http://www.runeweb.net:80/fireball/Underground%20Pass%20Images/Underground27.PNG,https://web.archive.org/web/20060114041203/http://www.runeweb.net:80/fireball/Underground%20Pass%20Images/Underground27.PNG,,92691,0dedf2efb81ca2a9c82830e57bed6887a5169def,RuneWeb guide by Fireball301. New-style scroll.,Quest Completion Scrolls\Target Quests\Underground Pass\2005 new-style - file dated 2005-04-02 - runeweb.net - Underground Pass Images - Underground27.PNG
Underground Pass/April-24-2004-underground-pass-quest-completion-koti.mbnet.fi.jpg,official game: quest scroll,,Underground Pass,"2004 old-style, full client, Total Points 98",2004-04-24,20040917015143,http://koti.mbnet.fi/kuukke/data/Booooooooooooooooooof1.JPG,https://web.archive.org/web/20040917015143/http://koti.mbnet.fi/kuukke/data/Booooooooooooooooooof1.JPG,,72131,ddb767d4085bb58c7aef2686548a8d6dd71bbbac,Finnish player page koti.mbnet.fi/kuukke (player Magarooni/Best Riku); reported by the user; missed by earlier scans because the ISP homepage host was never indexed,
Underground Pass/December-12-2008-underground-pass-quest-completion-youtube-ZxXW0x86Ztc.png,official game: quest scroll,"Frame grab of the quest complete scroll from the YouTube video ""RuneScape - Pre-EOC - Underground Pass"" uploaded by GoingCrazy201 (2008-12-12). Recorded on Jagex's real game.",Underground Pass,"new-style (YouTube frame grab, real game)",2008-12-12,,https://www.youtube.com/watch?v=ZxXW0x86Ztc&t=2452s,,,225601,7e55cc2c7e09acf202a04cf7d4a0a432c72aa28f,"Upload date, not recording date.",
Underground Pass/December-20-2005-underground-pass-quest-completion-runehq.com.gif,official game: quest scroll,,Underground Pass,2005 new-style,2005-12-20,20071107022719,http://runehq.com/image/quests/p2p/underground_pass/undergroundreward.gif,https://web.archive.org/web/20071107022719/http://runehq.com/image/quests/p2p/underground_pass/undergroundreward.gif,,20735,8549c58e063c0d488b3e4d470dcfa8b1f1ebba6b,RuneHQ guide image.,Quest Completion Scrolls\Target Quests\Underground Pass\2005 new-style - file dated 2005-12-20 - runehq.com - underground_pass - undergroundreward.gif
Vampire Slayer/February-19-2007-vampire-slayer-quest-completion-www.runehq.com.png,official game: quest scroll,,Vampire Slayer,,2007-02-19,20071107181650,http://www.runehq.com/image/quests/f2p/vampire_slayer/vampireslayerreward.png,https://web.archive.org/web/20071107181650/http://www.runehq.com/image/quests/f2p/vampire_slayer/vampireslayerreward.png,,17410,e66f61dbc736b0d6901bb1558d4d133ce5249cef,"RuneHQ quest-guide image. Found by the 2026-10 manual-check re-scan (CLIP ranking, verified by eye).",
Vampire Slayer/June-25-2006-vampire-slayer-quest-completion-img99.imageshack.us.jpg,official game: quest scroll,,Vampire Slayer,new-style,2006-06-25,20090904030949,http://img99.imageshack.us/img99/4355/reward8lj.jpg,https://web.archive.org/web/20090904030949/http://img99.imageshack.us/img99/4355/reward8lj.jpg,,26401,8cf3f11badfa652fbae70151765bf87044d451d0,"New-style scroll, Quest Points 9.",
Vampire Slayer/November-18-2005-vampire-slayer-quest-completion-runescape.salmoneus.net.png,official game: quest scroll,,Vampire Slayer,,2005-11-18,20060502071352,http://runescape.salmoneus.net:80/quests/VampireSlayer/vampslaycomplt.png,https://web.archive.org/web/20060502071352/http://runescape.salmoneus.net:80/quests/VampireSlayer/vampslaycomplt.png,,33373,be21610a206ed323a4304f2d7859351d53046478,auto-detected,Quest Completion Scrolls\Other Quests - old style (2004)\file dated 2005-11-18 - runescape.salmoneus.net - VampireSlayer - vampslaycomplt.png
Wanted!/February-3-2006-wanted-quest-completion-runehq.com.gif,official game: quest scroll,,Wanted!,new-style,2006-02-03,20120221133637,http://www.runehq.com/images/quests/memberquests/wanted/wantedquestscroll.gif,https://web.archive.org/web/20120221133637/http://www.runehq.com/images/quests/memberquests/wanted/wantedquestscroll.gif,,24546,2be4d5dbbc76f9648d8a0eccb5e08683bb8cbbd0,runehq.com guide image found by the 2001-2005 fansite scan; guide page: Rune Headquarters :.:.: Your unfair Runescape advantage (https://web.archive.org/web/20061020235821/http://www.runehq.com/RHQQuestsView.php?id=00604%3FEnglish=true),
Wanted!/October-18-2005-wanted-quest-completion-img398.imageshack.us.png,official game: quest scroll,,Wanted!,new-style,2005-10-18,20060707174812,http://img398.imageshack.us:80/img398/8646/wantedquestcomplete6yv.png,https://web.archive.org/web/20060707174812/http://img398.imageshack.us:80/img398/8646/wantedquestcomplete6yv.png,,79739,43692c2c0496ab6c86fb7ae8129f4aaf59c4b85f,"New-style scroll, Quest Points 155.",
Wanted!/October-22-2005-wanted-quest-completion-img1.zybez.net.gif,official game: quest scroll,,Wanted!,,2005-10-22,20070212041457,http://img1.zybez.net:80/img/qimg/wanted/scroll.gif,https://web.archive.org/web/20070212041457/http://img1.zybez.net:80/img/qimg/wanted/scroll.gif,,25243,bb7bdc611f3f19407a77f618a5d57de6b48ef712,auto-detected,Quest Completion Scrolls\Other Quests - new style (2005-06)\file dated 2005-10-22 - img1.zybez.net - wanted - scroll.gif
Watchtower/February-24-2005-watchtower-quest-completion-runecrypt.com.png,official game: quest scroll,,Watchtower,,2005-02-24,20050301140313,http://runecrypt.com:80/images/quests/watch_tower33.PNG,https://web.archive.org/web/20050301140313/http://runecrypt.com:80/images/quests/watch_tower33.PNG,,76077,05eb870786868a794525b4461d1092297da0f97d,auto-detected,Quest Completion Scrolls\Other Quests - old style (2004)\file dated 2005-02-24 - runecrypt.com - watch_tower33.PNG
Watchtower/June-27-2004-watchtower-quest-completion-img7.imageshack.us.jpg,official game: quest scroll,,Watchtower,,2004-06-27,20060904160957,http://img7.imageshack.us/img7/9247/complete.jpg,https://web.archive.org/web/20060904160957/http://img7.imageshack.us/img7/9247/complete.jpg,,20404,fead3927674686db1579ab56445d2232e6abc2b8,auto-detected,Quest Completion Scrolls\Other Quests - old style (2004)\file dated 2004-06-27 - img7.imageshack.us - complete.jpg
Watchtower/June-27-2004-watchtower-quest-completion-koti.mbnet.fi.jpg,official game: quest scroll,,Watchtower,"2004-05 old-style, full client",2004-06-27,20050129211839,http://koti.mbnet.fi:80/kuukke/data/watchtower.JPG,https://web.archive.org/web/20050129211839/http://koti.mbnet.fi:80/kuukke/data/watchtower.JPG,,82433,04f3bad31c98309b701212a63432272e2803eb02,"Finnish player screenshot folder on koti.mbnet.fi, found by the ISP-homepage folder ranking",
Watchtower/November-18-2005-watchtower-quest-completion-runescape.salmoneus.net.png,official game: quest scroll,,Watchtower,,2005-11-18,20060507003637,http://runescape.salmoneus.net:80/quests/WatchTower/watchtowercomplt.png,https://web.archive.org/web/20060507003637/http://runescape.salmoneus.net:80/quests/WatchTower/watchtowercomplt.png,,37269,4398aac3b9757551d8328b2b819afaf70fdc1032,auto-detected,Quest Completion Scrolls\Other Quests - new style (2005-06)\file dated 2005-11-18 - runescape.salmoneus.net - WatchTower - watchtowercomplt.png
Watchtower/October-19-2005-watchtower-quest-completion-runehq.com.gif,official game: quest scroll,,Watchtower,,2005-10-19,20060524095631,http://runehq.com:80/images/quests/watchtreward2dh.gif,https://web.archive.org/web/20060524095631/http://runehq.com:80/images/quests/watchtreward2dh.gif,,24753,5ac3a41547dd5381d23a8c4b166cd39da3ddb58c,auto-detected,Quest Completion Scrolls\Other Quests - new style (2005-06)\file dated 2005-10-19 - runehq.com - watchtreward2dh.gif
Waterfall Quest/November-18-2005-waterfall-quest-quest-completion-runescape.salmoneus.net.png,official game: quest scroll,,Waterfall Quest,,2005-11-18,20060515221345,http://runescape.salmoneus.net:80/quests/WaterfallQuest/waterfallcomplt.png,https://web.archive.org/web/20060515221345/http://runescape.salmoneus.net:80/quests/WaterfallQuest/waterfallcomplt.png,,25422,dc70d74b52bf701adeb7fb1a1ff48dbcec404e6c,auto-detected,Quest Completion Scrolls\Other Quests - old style (2004)\file dated 2005-11-18 - runescape.salmoneus.net - WaterfallQuest - waterfallcomplt.png
Waterfall Quest/October-19-2005-waterfall-quest-quest-completion-runehq.com.gif,official game: quest scroll,,Waterfall Quest,new-style,2005-10-19,20111227055922,http://runehq.com:80/images/quests/Waterfall/waterfallreward.gif,https://web.archive.org/web/20111227055922/http://runehq.com:80/images/quests/Waterfall/waterfallreward.gif,,24295,e0ac47cb4b472e01ba0612efc27f9ad23e521d3c,RuneHQ guide image found by the 2001-2005 fansite scan (file date 19 Oct 2005 is RuneHQ's server-migration date); guide page: Rune Headquarters :.:.: Your unfair Runescape advantage (https://web.archive.org/web/20051202151230/http://runehq.com:80/RHQQuestsView.php?id=00238),
Witch's House/April-7-2005-witchs-house-quest-completion-zybez.com.gif,official game: quest scroll,,Witch's House,,2005-04-07,20050526224704,http://www.zybez.com:80/img/qimg/witchhouse/scroll.gif,http://web.archive.org/web/20050526224704/http://www.zybez.com:80/img/qimg/witchhouse/scroll.gif,,16701,1b606b65fa86dbdb2beca7c6149ea85425481d91,auto-detected,Quest Completion Scrolls\Other Quests - old style (2004)\file dated 2005-04-07 - zybez.com - witchhouse - scroll.gif
Witch's House/May-8-2005-witchs-house-quest-completion-runeweb.net.png,official game: quest scroll,,Witch's House,,2005-05-08,20060113174808,http://www.runeweb.net:80/fireball/Witchs%20House%20Images/Witch3.PNG,https://web.archive.org/web/20060113174808/http://www.runeweb.net:80/fireball/Witchs%20House%20Images/Witch3.PNG,,287100,60ac2dd489dce888094a362d20e099f353c0f462,auto-detected,Quest Completion Scrolls\Other Quests - new style (2005-06)\file dated 2005-05-08 - runeweb.net - Witchs House Images - Witch3.PNG
Witch's Potion/August-13-2006-witchs-potion-quest-completion-runehq.com.gif,official game: quest scroll,,Witch's Potion,new-style,2006-08-13,20071107180113,http://runehq.com:80/image/quests/f2p/witchs_potion/questcomplete.gif,https://web.archive.org/web/20071107180113/http://runehq.com:80/image/quests/f2p/witchs_potion/questcomplete.gif,,29339,250609bd47f75adc9cc3fc8cfd3e35999634a2b3,RuneHQ guide image found by the 2001-2005 fansite scan; guide page: Rune Headquarters :.:.: Your unfair Runescape advantage (https://web.archive.org/web/20060913094854/http://runehq.com:80/RHQQuestsView.php?id=150),
Witch's Potion/November-18-2005-witchs-potion-quest-completion-runescape.salmoneus.net.png,official game: quest scroll,,Witch's Potion,,2005-11-18,20060502082833,http://runescape.salmoneus.net:80/quests/WitchPotion/witchpotioncomplt.png,https://web.archive.org/web/20060502082833/http://runescape.salmoneus.net:80/quests/WitchPotion/witchpotioncomplt.png,,34236,a2cc6b1668eb22fc60ca57396996a06f22746d15,auto-detected,Quest Completion Scrolls\Other Quests - old style (2004)\file dated 2005-11-18 - runescape.salmoneus.net - WitchPotion - witchpotioncomplt.png
Witch's Potion/October-19-2005-witchs-potion-quest-completion-runehq.com.gif,official game: quest scroll,,Witch's Potion,new-style,2005-10-19,20110918042745,http://runehq.com:80/images/quests/Witch_Potion/witchspotionreward4bg7xd.gif,https://web.archive.org/web/20110918042745/http://runehq.com:80/images/quests/Witch_Potion/witchspotionreward4bg7xd.gif,,25584,1fa8321fccd6034269c227680d8bcf35d1d23cbe,RuneHQ guide image found by the 2001-2005 fansite scan (file date 19 Oct 2005 is RuneHQ's server-migration date); guide page: Rune Headquarters :.:.: Your unfair Runescape advantage (https://web.archive.org/web/20051203213838/http://runehq.com:80/RHQQuestsView.php?id=00150),
Zogre Flesh Eaters/February-12-2006-zogre-flesh-eaters-quest-completion-runehq.com.gif,official game: quest scroll,,Zogre Flesh Eaters,,2006-02-12,20060524221114,http://runehq.com:80/images/quests/zogreflesheater/questcomplete.gif,https://web.archive.org/web/20060524221114/http://runehq.com:80/images/quests/zogreflesheater/questcomplete.gif,,23280,e9d21f8745b75319af270f4d1e1489011317a4bc,auto-detected,Quest Completion Scrolls\Other Quests - new style (2005-06)\file dated 2006-02-12 - runehq.com - zogreflesheater - questcomplete.gif
Zogre Flesh Eaters/May-17-2005-zogre-flesh-eaters-quest-completion-runeweb.net.png,official game: quest scroll,,Zogre Flesh Eaters,,2005-05-17,20060114021831,http://www.runeweb.net:80/Roth/ZFE/14.PNG,https://web.archive.org/web/20060114021831/http://www.runeweb.net:80/Roth/ZFE/14.PNG,,39119,33fae96457291033138efdd1c15513504215e865,auto-detected,Quest Completion Scrolls\Other Quests - new style (2005-06)\file dated 2005-05-17 - runeweb.net - ZFE - 14.PNG
Zogre Flesh Eaters/May-24-2005-zogre-flesh-eaters-quest-completion-runevillage.com.gif,official game: quest scroll,,Zogre Flesh Eaters,,2005-05-24,20051215184221,http://runevillage.com:80/images/rsZogre13.gif,https://web.archive.org/web/20051215184221/http://runevillage.com:80/images/rsZogre13.gif,,25141,758730bd19eabd032e3b83dc9946bfa2ef546d05,auto-detected,Quest Completion Scrolls\Other Quests - new style (2005-06)\file dated 2005-05-24 - runevillage.com - rsZogre13.gif
Zogre Flesh Eaters/October-19-2005-zogre-flesh-eaters-quest-completion-runehq.com.gif,official game: quest scroll,,Zogre Flesh Eaters,new-style,2005-10-19,20120205060251,http://runehq.com:80/images/quests/rewardtim.gif,https://web.archive.org/web/20120205060251/http://runehq.com:80/images/quests/rewardtim.gif,,25050,a269254b6e3fe6a93b8512ca89802c4acb0a8e02,RuneHQ guide image found by the 2001-2005 fansite scan (file date 19 Oct 2005 is RuneHQ's server-migration date); guide page: Rune Headquarters :.:.: Your unfair Runescape advantage (https://web.archive.org/web/20051129163758/http://runehq.com:80/RHQQuestsView.php?id=00504),
