file,category,description,quest,version,original_file_date,wayback_capture,original_url,wayback_url,source_page,bytes,sha1,note,previous_file
April-1-2005-superbadbank-img163.exs.cx.jpg,official game: interface or crop,"In-game interface crop. Posted in the forum thread ""Runescape Bits & Bytes :: View topic - amv's goals.=0"".",,,2005-04-01,20051228080458,http://img163.exs.cx:80/img163/9172/superbadbank0ac.jpg,https://web.archive.org/web/20051228080458/http://img163.exs.cx:80/img163/9172/superbadbank0ac.jpg,https://web.archive.org/web/20050418190715/http://www.rsbandb.com:80/forums/viewtopic.php?t=4258,162842,8f57ad7d4765250ae185c1827b52a5b6f7fc1411,,
April-13-2004-demon1say-img4.imageshack.us.png,official game: interface or crop,"RS2 interface crop (dialogue, shop, book, map or level-up) posted to a 2004-05 fansite forum thread; found by the 2001-2005 fansite re-screen",,,2004-04-13,20050315024550,http://img4.imageshack.us/img4/1208/demon1say.PNG,https://web.archive.org/web/20050315024550/http://img4.imageshack.us/img4/1208/demon1say.PNG,,14659,0abff987a3b6b5f0f9aeadefc131b2297b453cee,,
April-13-2004-firemaking-level-99-message-img2.imageshack.us.jpg,official game: interface or crop,In-game interface crop: firemaking level 99 message.,,,2004-04-13,20040621024251,http://img2.imageshack.us:80/img2/3159/formatt99sig.JPG,https://web.archive.org/web/20040621024251/http://img2.imageshack.us:80/img2/3159/formatt99sig.JPG,,13270,784ad3ae4d028235215448e9c24be8a4cf9a2d31,,
April-13-2004-items-img6.imageshack.us.png,official game: interface or crop,"In-game interface crop. Posted in the forum thread ""Runescape Community -> Legends Quest"".",,,2004-04-13,20050315024513,http://img6.imageshack.us/img6/3705/items.PNG,https://web.archive.org/web/20050315024513/http://img6.imageshack.us/img6/3705/items.PNG,https://web.archive.org/web/20041122054006/http://www.runescapecommunity.com:80/index.php?showtopic=143222,7923,158304941513c32ab82924c38c7c33647878f107,,
April-17-2004-banksale-koti.mbnet.fi.bmp,official game: interface or crop,RS2 interface crop from koti.mbnet.fi.,,,2004-04-17,20040716092347,http://koti.mbnet.fi:80/kuukke/data/banksale.bmp,https://web.archive.org/web/20040716092347/http://koti.mbnet.fi:80/kuukke/data/banksale.bmp,,167862,b22230626e8775fbeaf572c7071b5470ff1b9622,"Found by the 2026-10 manual-check re-scan (CLIP ranking, verified by eye).",
April-17-2004-varrock15-runehq.net.png,official game: interface or crop,"RS2 interface crop (dialogue, shop, book, map or level-up) from a 2004-05 fansite page (runehq.net:80); found by the 2001-2005 fansite re-screen",,,2004-04-17,20041211214824,http://runehq.net:80/images/otherguides/varrock15.png,https://web.archive.org/web/20041211214824/http://runehq.net:80/images/otherguides/varrock15.png,,13237,712fd1e31dac1d0c9c13895f443eed02e4d6660e,,
April-17-2004-varrock3-runehq.net.png,official game: interface or crop,"RS2 interface crop (dialogue, shop, book, map or level-up) from a 2004-05 fansite page (runehq.net:80); found by the 2001-2005 fansite re-screen",,,2004-04-17,20041211222759,http://runehq.net:80/images/otherguides/varrock3.png,https://web.archive.org/web/20041211222759/http://runehq.net:80/images/otherguides/varrock3.png,,17910,beaddbfbfbd67d40ea8d75ff6726b269aec71f03,,
April-17-2005-fatigue-bed-www.runeweb.net.png,official game: interface or crop,RS2 interface crop from www.runeweb.net.,,,2005-04-17,20050502232651,http://www.runeweb.net:80/Roth/RSC/fatigue-bed.PNG,https://web.archive.org/web/20050502232651/http://www.runeweb.net:80/Roth/RSC/fatigue-bed.PNG,,7748,55574766c62aac4067da673a43498be3503d384b,"Found by the 2026-10 manual-check re-scan (CLIP ranking, verified by eye).",
April-18-2004-alkharid3-runehq.com.png,official game: interface or crop,"RS2 interface crop (dialogue, shop, book, map or level-up) from a 2004-05 fansite page (www.runehq.com); found by the 2001-2005 fansite re-screen",,,2004-04-18,20050520081413,http://www.runehq.com/images/otherguides/AlKharid3.png,https://web.archive.org/web/20050520081413/http://www.runehq.com/images/otherguides/AlKharid3.png,,6459,341b08e473d812b9bdaf533d9bde3b65e13f8b7b,,
April-18-2004-falador3-runehq.com.png,official game: interface or crop,"RS2 interface crop (dialogue, shop, book, map or level-up) from a 2004-05 fansite page (www.runehq.com); found by the 2001-2005 fansite re-screen",,,2004-04-18,20050519211251,http://www.runehq.com/images/otherguides/Falador3.png,https://web.archive.org/web/20050519211251/http://www.runehq.com/images/otherguides/Falador3.png,,6299,d57136fd8249fdf5fe675e6ca1a396099afafb98,,
April-18-2004-falador7-runehq.net.png,official game: interface or crop,"RS2 interface crop (dialogue, shop, book, map or level-up) from a 2004-05 fansite page (runehq.net:80); found by the 2001-2005 fansite re-screen",,,2004-04-18,20041211235238,http://runehq.net:80/images/otherguides/Falador7.png,https://web.archive.org/web/20041211235238/http://runehq.net:80/images/otherguides/Falador7.png,,7313,bca0ae73870d93ad654098d15afb66443943a878,,
April-19-2004-pikkasentavaraabysnakus1-koti.mbnet.fi.png,official game: interface or crop,RS2 interface crop from koti.mbnet.fi.,,,2004-04-19,20050113055047,http://koti.mbnet.fi:80/kuukke/data/pikkasentavaraabysnakus1.PNG,https://web.archive.org/web/20050113055047/http://koti.mbnet.fi:80/kuukke/data/pikkasentavaraabysnakus1.PNG,,13978,1ca57b7d815ea2f95145328a2bdd7371561be619,"Found by the 2026-10 manual-check re-scan (CLIP ranking, verified by eye).",
April-2-2004-huuuuu-statsit-koti.mbnet.fi.png,official game: interface or crop,RS2 interface crop from koti.mbnet.fi.,,,2004-04-02,20040716091201,http://koti.mbnet.fi:80/kuukke/data/huuuuu_statsit.png,https://web.archive.org/web/20040716091201/http://koti.mbnet.fi:80/kuukke/data/huuuuu_statsit.png,,43155,68fe5561db2fb60b32fc0009d9f81d70ed15ad5d,"Found by the 2026-10 manual-check re-scan (CLIP ranking, verified by eye).",
April-20-2004-smithing-menu-www.tip.it.png,official game: interface or crop,RS2 interface crop from www.tip.it.,,,2004-04-20,20041210042920,http://www.tip.it:80/runescape/img2/smithing_menu.png,https://web.archive.org/web/20041210042920/http://www.tip.it:80/runescape/img2/smithing_menu.png,,19291,9d1bd3c29972da4591dbcf3ee5b2e17b029d4fc4,"Found by the 2026-10 manual-check re-scan (CLIP ranking, verified by eye).",
April-20-2005-dropf2p-img250.echo.cx.png,official game: interface or crop,"In-game interface crop. Posted in the forum thread ""Runescape Community -> Huge Drop Party Comin Up!"".",,,2005-04-20,20050527102547,http://img250.echo.cx:80/img250/9356/dropf2p4ad.png,https://web.archive.org/web/20050527102547/http://img250.echo.cx:80/img250/9356/dropf2p4ad.png,https://web.archive.org/web/20050524093043/http://www.runescapecommunity.com:80/index.php?showtopic=320424&amp,34251,30bcfef01295af8d17b15cfae608e24fed94a41e,,
April-20-2005-p2pdrop-img12.echo.cx.png,official game: interface or crop,"In-game interface crop. Posted in the forum thread ""Runescape Community -> Huge Drop Party Comin Up!"".",,,2005-04-20,20050527003815,http://img12.echo.cx:80/img12/2101/p2pdrop4sd.png,https://web.archive.org/web/20050527003815/http://img12.echo.cx:80/img12/2101/p2pdrop4sd.png,https://web.archive.org/web/20050524093043/http://www.runescapecommunity.com:80/index.php?showtopic=320424&amp,88639,e123ea1452ba4e81edbdfff45a6b27e32aabf779,,
April-22-2004-bunny20-koti.mbnet.fi.bmp,official game: interface or crop,RS2 interface crop from koti.mbnet.fi.,,,2004-04-22,20040716094942,http://koti.mbnet.fi:80/kuukke/data/bunny20.bmp,https://web.archive.org/web/20040716094942/http://koti.mbnet.fi:80/kuukke/data/bunny20.bmp,,450234,00c2491c594851859ec85ee1f63255e8832c1557,"Found by the 2026-10 manual-check re-scan (CLIP ranking, verified by eye).",
April-22-2004-tanner-dialogue-img10.imageshack.us.jpg,official game: interface or crop,In-game interface crop: tanner dialogue.,,,2004-04-22,20041118063157,http://img10.imageshack.us:80/img10/2795/dragonhidestannen.JPG,https://web.archive.org/web/20041118063157/http://img10.imageshack.us:80/img10/2795/dragonhidestannen.JPG,,12288,7b9b9e740dde63487d4184de3a99b6583809068d,,
April-22-2006-bank-of-runescape-interface-x11.putfile.com.jpg,official game: interface or crop,"Cropped Bank of RuneScape interface (2006 layout with Rearrange mode Swap/Insert and Withdraw as Item/Note), chat shows Welcome to RuneScape and Your PIN is still pending, hosted on putfile.com",,,2006-04-22,20060906212856,http://x11.putfile.com:80/4/11022190141.jpg,https://web.archive.org/web/20060906212856/http://x11.putfile.com:80/4/11022190141.jpg,,47151,055947fac9b4f99945716e8bd14d8532a99a970e,,
April-26-2005-gold-www.runescape-millions.com.gif,official game: interface or crop,RS2 interface crop from www.runescape-millions.com.,,,2005-04-26,20060207181710,http://www.runescape-millions.com/images/gold.gif,https://web.archive.org/web/20060207181710/http://www.runescape-millions.com/images/gold.gif,,3706,f4c2a4ad8b9941ce6f82399cfed829f5509e7a2d,"Found by the 2026-10 manual-check re-scan (CLIP ranking, verified by eye).",
April-26-2005-rsfeud12-runevillage.com.gif,official game: interface or crop,RS2 interface crop from runevillage.com.,,,2005-04-26,20050817043454,http://runevillage.com:80/images/rsFeud12.gif,https://web.archive.org/web/20050817043454/http://runevillage.com:80/images/rsFeud12.gif,,12706,48812c5b0f58f3899610e4574301a966b9db1113,"Found by the 2026-10 manual-check re-scan (CLIP ranking, verified by eye).",
April-26-2005-rsfeud2-runevillage.com.gif,official game: interface or crop,RS2 interface crop from runevillage.com.,,,2005-04-26,20050430002250,http://runevillage.com:80/images/rsFeud2.gif,https://web.archive.org/web/20050430002250/http://runevillage.com:80/images/rsFeud2.gif,,11572,35281e1f5302a8ca56f60475d3da60587bbd4db1,"Found by the 2026-10 manual-check re-scan (CLIP ranking, verified by eye).",
April-26-2005-rsfeud4-runevillage.com.gif,official game: interface or crop,RS2 interface crop from runevillage.com.,,,2005-04-26,20050429012105,http://runevillage.com:80/images/rsFeud4.gif,https://web.archive.org/web/20050429012105/http://runevillage.com:80/images/rsFeud4.gif,,13125,5d0ed2695d769bb81223b8e610137ed671a383ae,"Found by the 2026-10 manual-check re-scan (CLIP ranking, verified by eye).",
April-26-2005-rsfeud5-runevillage.com.gif,official game: interface or crop,RS2 interface crop from runevillage.com.,,,2005-04-26,20050429012558,http://runevillage.com:80/images/rsFeud5.gif,https://web.archive.org/web/20050429012558/http://runevillage.com:80/images/rsFeud5.gif,,11488,b371d0681f22b945438c47016d642c998dc06845,"Found by the 2026-10 manual-check re-scan (CLIP ranking, verified by eye).",
April-26-2005-rsfeud6-runevillage.com.gif,official game: interface or crop,RS2 interface crop from runevillage.com.,,,2005-04-26,20050429020210,http://runevillage.com:80/images/rsFeud6.gif,https://web.archive.org/web/20050429020210/http://runevillage.com:80/images/rsFeud6.gif,,12577,fe33219a48c10e688565b23ce85ffb37cb4ea599,"Found by the 2026-10 manual-check re-scan (CLIP ranking, verified by eye).",
April-27-2004-88-koti.mbnet.fi.bmp,official game: interface or crop,RS2 interface crop from koti.mbnet.fi.,,,2004-04-27,20040716095815,http://koti.mbnet.fi:80/kuukke/data/88.bmp,https://web.archive.org/web/20040716095815/http://koti.mbnet.fi:80/kuukke/data/88.bmp,,222390,0162f7a90e421f19efb6ed43011e5409f6c50886,"Found by the 2026-10 manual-check re-scan (CLIP ranking, verified by eye).",
April-28-2005-rs-img177.echo.cx.png,official game: interface or crop,"In-game interface crop. Posted in the forum thread ""Runescape Community -> Wrath Of Guthix - 30mill+ In Prizes!"".",,,2005-04-28,20050527013618,http://img177.echo.cx:80/img177/3356/rs1ng.png,https://web.archive.org/web/20050527013618/http://img177.echo.cx:80/img177/3356/rs1ng.png,https://web.archive.org/web/20050524092542/http://www.runescapecommunity.com:80/index.php?showtopic=306133&amp,38004,27201288b906cbcf49c59451afe00785cf245eab,,
April-28-2005-tradewindow4cl-img174.echo.cx.gif,official game: interface or crop,RS2 interface crop from img174.echo.cx.,,,2005-04-28,20051030171525,http://img174.echo.cx/img174/464/tradewindow4cl.gif,https://web.archive.org/web/20051030171525/http://img174.echo.cx/img174/464/tradewindow4cl.gif,,22170,e649a48fc788a1a206b03b6eaddb084fffa45923,"Found by the 2026-10 manual-check re-scan (CLIP ranking, verified by eye).",
April-29-2005-currentdropitems-img94.echo.cx.png,official game: interface or crop,"In-game interface crop. Posted in the forum thread ""Runescape Community -> Huge Drop Party Comin Up!"".",,,2005-04-29,20050527114958,http://img94.echo.cx:80/img94/7/currentdropitems4wu.png,https://web.archive.org/web/20050527114958/http://img94.echo.cx:80/img94/7/currentdropitems4wu.png,https://web.archive.org/web/20050524093043/http://www.runescapecommunity.com:80/index.php?showtopic=320424&amp,406655,c9834412629af84b2cfb20f56554f30d89eef76d,,
April-29-2006-equippedstuff-img156.imageshack.us.png,official game: interface or crop,"In-game interface crop. Posted in the forum thread ""Eddy's Blue Dragon Ranging Guide! - Runescape Community"".",,,2006-04-29,20130301120326,http://img156.imageshack.us/img156/3/equippedstuff7vw.png,https://web.archive.org/web/20130301120326/http://img156.imageshack.us/img156/3/equippedstuff7vw.png,https://web.archive.org/web/20061230213122/http://www.runescapecommunity.com:80/index.php?showtopic=554051&amp;view=getnewpost,15765,c3799958159cef9ffba72e5a5e0979974a6f6496,,
April-29-2006-equippedstuff6069-img156.imageshack.us.png,official game: interface or crop,"In-game interface crop. Posted in the forum thread ""Eddy's Blue Dragon Ranging Guide! - Runescape Community"".",,,2006-04-29,20130301115950,http://img156.imageshack.us/img156/6840/equippedstuff60699ur.png,https://web.archive.org/web/20130301115950/http://img156.imageshack.us/img156/6840/equippedstuff60699ur.png,https://web.archive.org/web/20061230213122/http://www.runescapecommunity.com:80/index.php?showtopic=554051&amp;view=getnewpost,16577,9f4ef7444c38f9a664d54eec932ade503cb302d8,,
April-30-2005-runescape-img245.echo.cx.jpg,official game: interface or crop,Lava screenshot crop with the player's red annotations (imp on lava).,,,2005-04-30,20050524043431,http://img245.echo.cx:80/img245/6759/runescape5zt.jpg,https://web.archive.org/web/20050524043431/http://img245.echo.cx:80/img245/6759/runescape5zt.jpg,,101250,4ff81a0245fd25a86a9111a3cf3fedc3864f1d01,,
April-4-2004-fruit1-imageshack.us.png,official game: interface or crop,"Right-click menu crop (Strange fruit). Posted in the forum thread ""Runescape Community -> Explanation Of Random Events"".",,,2004-04-04,20041102215744,http://www.imageshack.us/img1/5641/fruit1.PNG,https://web.archive.org/web/20041102215744/http://www.imageshack.us/img1/5641/fruit1.PNG,https://web.archive.org/web/20040817204238/http://www.runescapecommunity.com:80/index.php?showtopic=104849,8797,a0ceab081df78daf67c48aec16fa35c5739c8dd3,,
April-5-2004-bluehat-www.tip.it.png,official game: interface or crop,RS2 interface crop from www.tip.it.,,,2004-04-05,20050406071140,http://www.tip.it/runescape/img2/BlueHat.png,https://web.archive.org/web/20050406071140/http://www.tip.it/runescape/img2/BlueHat.png,,2388,ad904dd8e32ac12bbca37607d92950c456c59a4d,"Found by the 2026-10 manual-check re-scan (CLIP ranking, verified by eye).",
April-5-2004-easteregg-www.tip.it.png,official game: interface or crop,RS2 interface crop from www.tip.it.,,,2004-04-05,20050406071149,http://www.tip.it/runescape/img2/EasterEgg.png,https://web.archive.org/web/20050406071149/http://www.tip.it/runescape/img2/EasterEgg.png,,2447,067a3e6f15deee42a8ca12c5a86a218751d37040,"Found by the 2026-10 manual-check re-scan (CLIP ranking, verified by eye).",
April-5-2004-greenhat-www.tip.it.png,official game: interface or crop,RS2 interface crop from www.tip.it.,,,2004-04-05,20050406071148,http://www.tip.it/runescape/img2/GreenHat.png,https://web.archive.org/web/20050406071148/http://www.tip.it/runescape/img2/GreenHat.png,,2445,98e4336b7887add2ed5f6d5e1093356353687633,"Found by the 2026-10 manual-check re-scan (CLIP ranking, verified by eye).",
April-5-2005-darkwizard-img54.exs.cx.png,official game: interface or crop,"In-game interface crop. Posted in the forum thread ""Runescape Community -> Wilderness Agility Dungeon!"".",,,2005-04-05,20060916051641,http://img54.exs.cx:80/img54/8809/darkwizard.png,https://web.archive.org/web/20060916051641/http://img54.exs.cx:80/img54/8809/darkwizard.png,https://web.archive.org/web/20041125013231/http://www.runescapecommunity.com:80/index.php?showtopic=177292,2634,6c4609c243bca97396262c8862c5f3918471ac16,,
April-6-2005-getting-around-interface-www.tip.it.gif,official game: interface or crop,RS2 interface crop from www.tip.it.,,,2005-04-06,20050412074129,http://www.tip.it/runescape/img2/getting_around_interface.gif,https://web.archive.org/web/20050412074129/http://www.tip.it/runescape/img2/getting_around_interface.gif,,4648,38f247b805020ccfa4b633f6e1ff6de440dfc8c5,"Found by the 2026-10 manual-check re-scan (CLIP ranking, verified by eye).",
April-6-2005-runescape-ships-tip.it.gif,official game: interface or crop,"RS2 interface crop (dialogue, shop, book, map or level-up) from a 2004-05 fansite page (www.tip.it); found by the 2001-2005 fansite re-screen",,,2005-04-06,20050412074145,http://www.tip.it/runescape/img2/runescape_ships.gif,https://web.archive.org/web/20050412074145/http://www.tip.it/runescape/img2/runescape_ships.gif,,8653,e1fe3297bbcbb8cc893f3db06d25d617d0335cf3,,
April-9-2005-21-sovereign-zybez.com.png,official game: interface or crop,"RS2 interface crop (dialogue, shop, book, map or level-up) from a 2004-05 fansite page (www.zybez.com:80); found by the 2001-2005 fansite re-screen",,,2005-04-09,20050526202624,http://www.zybez.com:80/img/qimg/thronemisc/21_Sovereign.png,https://web.archive.org/web/20050526202624/http://www.zybez.com:80/img/qimg/thronemisc/21_Sovereign.png,,20814,802462745705f6d10588546381e88733a2e4ed10,,
April-9-2005-28-bigpend-zybez.com.png,official game: interface or crop,"RS2 interface crop (dialogue, shop, book, map or level-up) from a 2004-05 fansite page (www.zybez.com:80); found by the 2001-2005 fansite re-screen",,,2005-04-09,20050526221140,http://www.zybez.com:80/img/qimg/thronemisc/28_bigpend.png,https://web.archive.org/web/20050526221140/http://www.zybez.com:80/img/qimg/thronemisc/28_bigpend.png,,22151,5e1654447ae5a6acc6d410a96820ffa191e0daa1,,
April-9-2005-32-ceremony1-zybez.com.png,official game: interface or crop,"RS2 interface crop (dialogue, shop, book, map or level-up) from a 2004-05 fansite page (www.zybez.com:80); found by the 2001-2005 fansite re-screen",,,2005-04-09,20050526225216,http://www.zybez.com:80/img/qimg/thronemisc/32_ceremony1.png,https://web.archive.org/web/20050526225216/http://www.zybez.com:80/img/qimg/thronemisc/32_ceremony1.png,,20996,4236008e02724f9265b93c7d42910ae21a44adcd,,
April-9-2005-32-ceremony2-zybez.com.png,official game: interface or crop,"RS2 interface crop (dialogue, shop, book, map or level-up) from a 2004-05 fansite page (www.zybez.com:80); found by the 2001-2005 fansite re-screen",,,2005-04-09,20050526230835,http://www.zybez.com:80/img/qimg/thronemisc/32_ceremony2.png,https://web.archive.org/web/20050526230835/http://www.zybez.com:80/img/qimg/thronemisc/32_ceremony2.png,,20764,d7352a570e170ed7130d930af31dd3cb62d82e19,,
April-9-2005-32-ceremony3-zybez.com.png,official game: interface or crop,"RS2 interface crop (dialogue, shop, book, map or level-up) from a 2004-05 fansite page (www.zybez.com:80); found by the 2001-2005 fansite re-screen",,,2005-04-09,20050526233931,http://www.zybez.com:80/img/qimg/thronemisc/32_ceremony3.png,https://web.archive.org/web/20050526233931/http://www.zybez.com:80/img/qimg/thronemisc/32_ceremony3.png,,19823,00ebfb551b1ecebb67b84616326698c8a07ba251,,
August-1-2006-creature-of-fenkenstrain-book-menu-img86.imageshack.us.png,official game: interface or crop,"Creature of Fenkenstrain bookcase menu (""Which book would you like to read?"").",,,2006-08-01,20060820041239,http://img86.imageshack.us:80/img86/6459/fenkenstrain5wc1.png,https://web.archive.org/web/20060820041239/http://img86.imageshack.us:80/img86/6459/fenkenstrain5wc1.png,,39258,da3db8a554c60c733a1bebd5861783544ef06d12,,
August-11-2005-barrows-equipment-www.tip.it.png,official game: interface or crop,RS2 interface crop from www.tip.it.,,,2005-08-11,20051213135806,http://www.tip.it/runescape/img2/barrows_equipment.png,https://web.archive.org/web/20051213135806/http://www.tip.it/runescape/img2/barrows_equipment.png,,11734,d27cf270f1fec5fff587aceeb921e0a47b5bcd1f,"Found by the 2026-10 manual-check re-scan (CLIP ranking, verified by eye).",
August-13-2005-1-img268.imageshack.us.png,official game: interface or crop,"In-game interface crop. Posted in the forum thread ""Barrows Walkthrough - Runescape Community"".",,,2005-08-13,20120303054100,http://img268.imageshack.us/img268/7973/15fn.png,https://web.archive.org/web/20120303054100/http://img268.imageshack.us/img268/7973/15fn.png,https://web.archive.org/web/20051206113316/http://www.runescapecommunity.com:80/index.php?showtopic=380341&amp;view=getlastpost,25265,7b2f4c3a774122c738022faf379d0efa17653ac4,,
August-13-2005-2-img237.imageshack.us.png,official game: interface or crop,"In-game interface crop. Posted in the forum thread ""Barrows Walkthrough - Runescape Community"".",,,2005-08-13,20120303054100,http://img237.imageshack.us/img237/4730/20sf.png,https://web.archive.org/web/20120303054100/http://img237.imageshack.us/img237/4730/20sf.png,https://web.archive.org/web/20051206113316/http://www.runescapecommunity.com:80/index.php?showtopic=380341&amp;view=getlastpost,27841,6d2d1463207ebdc01a62907dae6cfb72238d7daa,,
August-14-2004-usecabbage-runescape.salmoneus.net.gif,official game: interface or crop,RS2 interface crop from runescape.salmoneus.net.,,,2004-08-14,20040821110951,http://runescape.salmoneus.net:80/quests/KnightFortress/usecabbage.gif,https://web.archive.org/web/20040821110951/http://runescape.salmoneus.net:80/quests/KnightFortress/usecabbage.gif,,2108,7cda57adf9a737f80df8f3280f460bf94c8222b4,"Found by the 2026-10 manual-check re-scan (CLIP ranking, verified by eye).",
August-14-2005-minimappicfortaibaiwannijungle-img176.imageshack.us.png,official game: interface or crop,"In-game interface crop. Posted in the forum thread ""RuneCrypt Forum -> Tai Bai Wanna Jungle Guide"".",,,2005-08-14,20060102173042,http://img176.imageshack.us/img176/7233/minimappicfortaibaiwannijungle.png,https://web.archive.org/web/20060102173042/http://img176.imageshack.us/img176/7233/minimappicfortaibaiwannijungle.png,https://web.archive.org/web/20051025174847/http://www.runecrypt.com:80/forum/index.php?showtopic=6203,20272,9f92d0c8ffdfd1abdcc3d0a66a760b7b5a79337c,,
August-15-2006-startss0-img155.imageshack.us.png,official game: interface or crop,RS2 interface crop from img155.imageshack.us.,,,2006-08-15,20060904135050,http://img155.imageshack.us/img155/4536/startss0.png,https://web.archive.org/web/20060904135050/http://img155.imageshack.us/img155/4536/startss0.png,,29075,32e7728d0c6526186b2658875f56c2a94dac6c06,"Found by the 2026-10 manual-check re-scan (CLIP ranking, verified by eye).",
August-16-2005-end1-img223.imageshack.us.png,official game: interface or crop,"In-game interface crop. Posted in the forum thread ""RuneCrypt Forum -> Soduku Guide!"".",,,2005-08-16,20060107193719,http://img223.imageshack.us/img223/254/end11jm.png,https://web.archive.org/web/20060107193719/http://img223.imageshack.us/img223/254/end11jm.png,https://web.archive.org/web/20051025175412/http://www.runecrypt.com:80/forum/index.php?showtopic=6356,32233,a61ecf4e53d2ce371248acd656a61d8a55f278d1,,
August-16-2005-words-img247.imageshack.us.png,official game: interface or crop,"In-game interface crop. Posted in the forum thread ""RuneCrypt Forum -> Random Events"".",,,2005-08-16,20060108020700,http://img247.imageshack.us/img247/6753/words8up.png,https://web.archive.org/web/20060108020700/http://img247.imageshack.us/img247/6753/words8up.png,https://web.archive.org/web/20051110130409/http://www.runecrypt.com:80/forum/index.php?showtopic=6316,1603,859b9900a8e43aaddc5f04d29d8d4082bfe79ab9,,
August-16-2006-g0dpk3dm32ts3-img129.imageshack.us.png,official game: interface or crop,"In-game interface crop. Posted in the forum thread ""The Staker Diary Chapter 2 - Updated Daily - Runescape Community"".",,,2006-08-16,20060905115846,http://img129.imageshack.us/img129/3909/g0dpk3dm32ts3.png,https://web.archive.org/web/20060905115846/http://img129.imageshack.us/img129/3909/g0dpk3dm32ts3.png,https://web.archive.org/web/20060829035642/http://www.runescapecommunity.com:80/index.php?showtopic=623369,37579,59d5d7f3f038c5d4690e05071be25663e317fcd9,,
August-16-2006-g0dpk3dm33ew7-img155.imageshack.us.png,official game: interface or crop,RS2 interface crop from img155.imageshack.us.,,,2006-08-16,20060905094844,http://img155.imageshack.us/img155/8070/g0dpk3dm33ew7.png,https://web.archive.org/web/20060905094844/http://img155.imageshack.us/img155/8070/g0dpk3dm33ew7.png,,37466,421ed8fced623446bb37080ee054a3fc12c986f6,"Found by the 2026-10 manual-check re-scan (CLIP ranking, verified by eye).",
August-16-2006-hemi32ze1-img78.imageshack.us.png,official game: interface or crop,"In-game interface crop. Posted in the forum thread ""The Staker Diary Chapter 2 - Updated Daily - Runescape Community"".",,,2006-08-16,20060928101057,http://img78.imageshack.us/img78/1069/hemi32ze1.png,https://web.archive.org/web/20060928101057/http://img78.imageshack.us/img78/1069/hemi32ze1.png,https://web.archive.org/web/20060829035642/http://www.runescapecommunity.com:80/index.php?showtopic=623369,38237,8216017f37e7c04237bc9944c64573b20dee2765,,
August-17-2004-admyy-2-koti.mbnet.fi.png,official game: interface or crop,RS2 interface crop from koti.mbnet.fi.,,,2004-08-17,20050125043544,http://koti.mbnet.fi:80/kuukke/data/ADmyy%5b2%5d.PNG,https://web.archive.org/web/20050125043544/http://koti.mbnet.fi:80/kuukke/data/ADmyy%5b2%5d.PNG,,13923,62c087ef2684d114d61dc01ada188a932dbd4cd7,"Found by the 2026-10 manual-check re-scan (CLIP ranking, verified by eye).",
August-17-2005-cheesey2005-65slayer-server2.uploadit.org.jpg,official game: interface or crop,RS2 interface/dialogue image from server2.uploadit.org.,,,2005-08-17,20051114202234,http://server2.uploadit.org:80/files/cheesey2005-65slayer.JPG,https://web.archive.org/web/20051114202234/http://server2.uploadit.org:80/files/cheesey2005-65slayer.JPG,,14285,972830ae55bc4e4aadd0d0b0006082a120def4be,,
August-17-2005-guardarea-img355.imageshack.us.png,official game: interface or crop,"In-game interface crop. Posted in the forum thread ""RuneCrypt Forum -> Useful Add-on To Ranger Training Guide"".",,,2005-08-17,20051223144737,http://img355.imageshack.us/img355/9026/guardarea9vf.png,https://web.archive.org/web/20051223144737/http://img355.imageshack.us/img355/9026/guardarea9vf.png,https://web.archive.org/web/20051025175851/http://www.runecrypt.com:80/forum/index.php?showtopic=6413,6535,59e0d611c521ba46e0faddcffa7b1c3b406df973,,
August-18-2004-munstats-koti.mbnet.fi.png,official game: interface or crop,RS2 interface crop from koti.mbnet.fi.,,,2004-08-18,20041128172220,http://koti.mbnet.fi:80/kuukke/data/Munstats.PNG,https://web.archive.org/web/20041128172220/http://koti.mbnet.fi:80/kuukke/data/Munstats.PNG,,48324,6edfc83b59f8a5ae5126966b07d2b307079d73c5,"Found by the 2026-10 manual-check re-scan (CLIP ranking, verified by eye).",
August-18-2004-snakus-pankki-18-8-2004-koti.mbnet.fi.png,official game: interface or crop,RS2 interface crop from koti.mbnet.fi.,,,2004-08-18,20040922232411,http://koti.mbnet.fi:80/kuukke/data/snakus%20pankki%2018.8.2004.PNG,https://web.archive.org/web/20040922232411/http://koti.mbnet.fi:80/kuukke/data/snakus%20pankki%2018.8.2004.PNG,,156204,64212c3ff555ca25111cbd7a1067b754478e9b1b,"Found by the 2026-10 manual-check re-scan (CLIP ranking, verified by eye).",
August-18-2006-stake4hi5-img84.imageshack.us.png,official game: interface or crop,RS2 interface crop from img84.imageshack.us.,,,2006-08-18,20060920013059,http://img84.imageshack.us/img84/2190/stake4hi5.png,https://web.archive.org/web/20060920013059/http://img84.imageshack.us/img84/2190/stake4hi5.png,,24839,ee5b463ab1255e7264f4fcd3c3edc081bea78959,"Found by the 2026-10 manual-check re-scan (CLIP ranking, verified by eye).",
August-18-2006-stake5fu8-img139.imageshack.us.png,official game: interface or crop,RS2 interface crop from img139.imageshack.us.,,,2006-08-18,20060904171635,http://img139.imageshack.us/img139/6471/stake5fu8.png,https://web.archive.org/web/20060904171635/http://img139.imageshack.us/img139/6471/stake5fu8.png,,24509,ecf0d8a843672bcd3eebee0e835b58431cc0db74,"Found by the 2026-10 manual-check re-scan (CLIP ranking, verified by eye).",
August-19-2005-stats121-i14.photobucket.com.png,official game: interface or crop,"Stats panel crop. Posted in the forum thread ""RuneCrypt Forum -> Bleh's Achievements"".",,,2005-08-19,20051225064222,http://i14.photobucket.com/albums/a323/notyou9/stats121.png,https://web.archive.org/web/20051225064222/http://i14.photobucket.com/albums/a323/notyou9/stats121.png,https://web.archive.org/web/20051025180005/http://www.runecrypt.com:80/forum/index.php?showtopic=6474,18491,fea612934c4dc6847481a991c2a607b8dce3c052,,
August-20-2004-faramir88-emerald-chat-koti.mbnet.fi.png,official game: interface or crop,"RS2 chat-box crop (cutting an emerald, Finnish private chat), from koti.mbnet.fi/kuukke",,,2004-08-20,20040917171019,http://koti.mbnet.fi:80/kuukke/data/faramir88snakus1.PNG,https://web.archive.org/web/20040917171019/http://koti.mbnet.fi:80/kuukke/data/faramir88snakus1.PNG,,11381,ea3b459ec03d3ac43fb2ac482268b373d5c35c77,,
August-20-2005-chaostemple-img396.imageshack.us.png,official game: interface or crop,"In-game interface crop. Posted in the forum thread ""Abyssal Runecrafting Guide - Runescape Community"".",,,2005-08-20,20130219114222,http://img396.imageshack.us/img396/9069/chaostemple9du.png,https://web.archive.org/web/20130219114222/http://img396.imageshack.us/img396/9069/chaostemple9du.png,https://web.archive.org/web/20060115100327/http://www.runescapecommunity.com:80/index.php?showtopic=419821&amp;view=getnewpost,9794,335087f22567c1d00f5ce643656719e4995fe495,,
August-20-2005-zammyloc-img374.imageshack.us.png,official game: interface or crop,"In-game interface crop. Posted in the forum thread ""Abyssal Runecrafting Guide - Runescape Community"".",,,2005-08-20,20130219114222,http://img374.imageshack.us/img374/8375/zammyloc8pf.png,https://web.archive.org/web/20130219114222/http://img374.imageshack.us/img374/8375/zammyloc8pf.png,https://web.archive.org/web/20060115100327/http://www.runescapecommunity.com:80/index.php?showtopic=419821&amp;view=getnewpost,11552,90b15b07307ebe0a5e38ae2727b4e8e64a18e6a0,,
August-21-2004-rs2picsm-img16.exs.cx.png,official game: interface or crop,"Overhead chat crop ('Hey cexy, you wanna hook up later tonight?').",,,2004-08-21,20040823132033,http://img16.exs.cx:80/img16/3895/RS2picsm.png,https://web.archive.org/web/20040823132033/http://img16.exs.cx:80/img16/3895/RS2picsm.png,,64572,c72b51291bbd105a2c4705910d01a6b505d224dc,,
August-22-2004-mysticfirestaff2-img28.exs.cx.jpg,official game: interface or crop,"In-game interface crop. Posted in the forum thread """"The Rest"" Compilation - Runescape Community"".",,,2004-08-22,20051120100903,http://img28.exs.cx:80/img28/6994/MysticFireStaff2.jpg,https://web.archive.org/web/20051120100903/http://img28.exs.cx:80/img28/6994/MysticFireStaff2.jpg,https://web.archive.org/web/20061030114144/http://www.runescapecommunity.com/index.php?showtopic=413649,13258,07f61c73944af5e6e65843da70f9a604e1959e3b,,
August-22-2004-mysticfirestaff3-img29.exs.cx.jpg,official game: interface or crop,"In-game interface crop. Posted in the forum thread """"The Rest"" Compilation - Runescape Community"".",,,2004-08-22,20051120085501,http://img29.exs.cx:80/img29/4435/MysticFireStaff3.jpg,https://web.archive.org/web/20051120085501/http://img29.exs.cx:80/img29/4435/MysticFireStaff3.jpg,https://web.archive.org/web/20061030114144/http://www.runescapecommunity.com/index.php?showtopic=413649,3554,2c5ec4fad3cd84467cd50bb94c7c4f57d37770ee,,
August-22-2004-sorcerorstower-img29.exs.cx.jpg,official game: interface or crop,"In-game interface crop. Posted in the forum thread """"The Rest"" Compilation - Runescape Community"".",,,2004-08-22,20051120085108,http://img29.exs.cx:80/img29/2259/SorcerorsTower.jpg,https://web.archive.org/web/20051120085108/http://img29.exs.cx:80/img29/2259/SorcerorsTower.jpg,https://web.archive.org/web/20061030114144/http://www.runescapecommunity.com/index.php?showtopic=413649,20442,eb2d695601cf3243cc226da8b27718d67a72f77a,,
August-22-2004-zaff4-img29.exs.cx.jpg,official game: interface or crop,"In-game interface crop. Posted in the forum thread """"The Rest"" Compilation - Runescape Community"".",,,2004-08-22,20051120072701,http://img29.exs.cx:80/img29/3690/Zaff4.jpg,https://web.archive.org/web/20051120072701/http://img29.exs.cx:80/img29/3690/Zaff4.jpg,https://web.archive.org/web/20061030114144/http://www.runescapecommunity.com/index.php?showtopic=413649,9018,ceeeefdd0ee75b87e46fa63d023bf151f6a61af8,,
August-23-2005-bank-img18.exs.cx.jpg,official game: interface or crop,"In-game interface crop. Posted in the forum thread ""Runescape Bits & Bytes :: View topic - Post your bank Pictures!"".",,,2005-08-23,20060411124324,http://img18.exs.cx:80/img18/3856/bank6on.jpg,https://web.archive.org/web/20060411124324/http://img18.exs.cx:80/img18/3856/bank6on.jpg,https://web.archive.org/web/20050121003609/http://www.rsbandb.com:80/forums/viewtopic.php?t=51&amp,71363,c58d1d0dc45e5febcc2255ed400803dbe5654449,,
August-23-2005-start1-img18.imageshack.us.png,official game: interface or crop,"In-game interface crop. Posted in the forum thread ""RuneCrypt Forum -> Soduku Guide!"".",,,2005-08-23,20051225022541,http://img18.imageshack.us/img18/9265/start14gp.png,https://web.archive.org/web/20051225022541/http://img18.imageshack.us/img18/9265/start14gp.png,https://web.archive.org/web/20051025175412/http://www.runecrypt.com:80/forum/index.php?showtopic=6356,20909,e3d91a5ee0ac8f17d4e86c11061f273bf2d16c9c,,
August-24-2006-06aug24112053yb7-img151.imageshack.us.png,official game: interface or crop,RS2 interface crop from img151.imageshack.us.,,,2006-08-24,20060908212355,http://img151.imageshack.us/img151/4411/06aug24112053yb7.png,https://web.archive.org/web/20060908212355/http://img151.imageshack.us/img151/4411/06aug24112053yb7.png,,19819,3894adc583b4c848c4b9adb82ba4953bec16e080,"Found by the 2026-10 manual-check re-scan (CLIP ranking, verified by eye).",
August-25-2005-banksale-img367.imageshack.us.png,official game: interface or crop,"In-game interface crop. Posted in the forum thread ""RuneCrypt Forum -> F2p Bank Sale"".",,,2005-08-25,20060102201559,http://img367.imageshack.us/img367/4310/banksale2vw.png,https://web.archive.org/web/20060102201559/http://img367.imageshack.us/img367/4310/banksale2vw.png,https://web.archive.org/web/20051025182619/http://www.runecrypt.com:80/forum/index.php?showtopic=7190,10044,d3a3697214b00323f58be742eace2d02e2a2ffa5,,
August-27-2004-pic6-monktalk-img69.exs.cx.png,official game: interface or crop,"In-game interface crop. Posted in the forum thread ""Runescape Community -> Clock Tower"".",,,2004-08-27,20041027204513,http://img69.exs.cx:80/img69/6361/pic6-monktalk.png,https://web.archive.org/web/20041027204513/http://img69.exs.cx:80/img69/6361/pic6-monktalk.png,https://web.archive.org/web/20050102015214/http://www.runescapecommunity.com:80/index.php?showtopic=176563,24217,8f66ac2f42f4b49cef73fb0c1a1ba1d20dba6629,,
August-27-2004-ranged-99-levelup-congratz-img55.exs.cx.jpg,official game: interface or crop,"'Your ranging level is now 99' level-up message, 2004 player upload to exs.cx (found by the quest-name filename search)",,,2004-08-27,20040926031339,http://img55.exs.cx:80/img55/9078/congratz.jpg,https://web.archive.org/web/20040926031339/http://img55.exs.cx:80/img55/9078/congratz.jpg,,195126,60e8202f69361a175306469e0c4d2e24ed487e65,,
August-27-2005-1200total-img361.imageshack.us.png,official game: interface or crop,"In-game interface crop. Posted in the forum thread ""RuneCrypt Forum -> 1200 Total Yay.."".",,,2005-08-27,20060102182702,http://img361.imageshack.us/img361/11/1200total3go.png,https://web.archive.org/web/20060102182702/http://img361.imageshack.us/img361/11/1200total3go.png,https://web.archive.org/web/20051025184257/http://www.runecrypt.com:80/forum/index.php?showtopic=7390,23101,9af4fee18c1c43a3321a23270b2dc71df8548d63,,
August-28-2005-forayew-img392.imageshack.us.png,official game: interface or crop,"In-game interface crop. Posted in the forum thread ""RuneCrypt Forum -> Best Deal In The World For A Yew!"".",,,2005-08-28,20060102173208,http://img392.imageshack.us/img392/5743/forayew8tg.png,https://web.archive.org/web/20060102173208/http://img392.imageshack.us/img392/5743/forayew8tg.png,https://web.archive.org/web/20051025184900/http://www.runecrypt.com:80/forum/index.php?showtopic=7505,34171,63ad7fcf003f09fe999dc883defe08ab1322ce37,,
August-28-2005-nubstats3fc-th-img292.imageshack.us.png,official game: interface or crop,"In-game interface crop. Posted in the forum thread ""RuneCrypt Forum -> I Kharil I"".",,,2005-08-28,20051224105834,http://img292.imageshack.us/img292/1203/nubstats3fc.th.png,https://web.archive.org/web/20051224105834/http://img292.imageshack.us/img292/1203/nubstats3fc.th.png,https://web.archive.org/web/20051025184521/http://www.runecrypt.com:80/forum/index.php?showtopic=7463,5829,31fa948028630ff64fb288cb0832eaa829443746,,
August-29-2004-firegiantsinventory-img60.exs.cx.jpg,official game: interface or crop,"In-game interface crop. Posted in the forum thread ""Runescape Community -> The Ranged Guide V1.4"".",,,2004-08-29,20040915123841,http://img60.exs.cx:80/img60/5052/firegiantsinventory.jpg,https://web.archive.org/web/20040915123841/http://img60.exs.cx:80/img60/5052/firegiantsinventory.jpg,https://web.archive.org/web/20041027170204/http://www.runescapecommunity.com:80/index.php?showtopic=152591,11853,7558d73304ddb1bf5bffd050b5718a47ffef8cf0,,
August-29-2004-fishing-89-levelup-jakey29-server5.uploadit.org.jpg,official game: interface or crop,"Fishing level 89 level-up message with combat/total level, uploaded to uploadit.org in Dec 2004",,,2004-08-29,20041229231127,http://server5.uploadit.org:80/files/Jakey29-hhhh.JPG,https://web.archive.org/web/20041229231127/http://server5.uploadit.org:80/files/Jakey29-hhhh.JPG,,20950,bcb9523906fd24dbc34987c96a9ce7a42a658642,,
August-29-2004-rs2picsm-img53.exs.cx.jpg,official game: interface or crop,"Overhead chat crop ('Hey cexy, you wanna hook up later tonight?').",,,2004-08-29,20040903204435,http://img53.exs.cx:80/img53/4308/RS2picsm.jpg,https://web.archive.org/web/20040903204435/http://img53.exs.cx:80/img53/4308/RS2picsm.jpg,,10144,9817810214ac785e0b1dbc12e89d1a5713f0dc56,,
August-29-2004-snakus-can-mine-runite-koti.mbnet.fi.png,official game: interface or crop,RS2 interface/dialogue image from koti.mbnet.fi.,,,2004-08-29,20041126195439,http://koti.mbnet.fi:80/kuukke/data/snakus%20can%20mine%20runite.PNG,https://web.archive.org/web/20041126195439/http://koti.mbnet.fi:80/kuukke/data/snakus%20can%20mine%20runite.PNG,,18813,4cb7aa6a070dc490d98225dececf2c179fe995a1,,
August-29-2005-85mage7ns-img335.imageshack.us.jpg,official game: interface or crop,"RS2 interface crop (dialogue, shop, book, map or level-up) posted to a 2004-05 fansite forum thread; found by the 2001-2005 fansite re-screen",,,2005-08-29,20051216163708,http://img335.imageshack.us/img335/6057/85mage7ns.jpg,https://web.archive.org/web/20051216163708/http://img335.imageshack.us/img335/6057/85mage7ns.jpg,,18644,c3ec87126543ba1229568ad3826123a7f1a429df,,
August-3-2004-stakes-img69.exs.cx.jpg,official game: interface or crop,"In-game interface crop. Posted in the forum thread ""Runescape Community -> My Stakes(check It Out!)"".",,,2004-08-03,20040823132401,http://img69.exs.cx:80/img69/829/Stakes.jpg,https://web.archive.org/web/20040823132401/http://img69.exs.cx:80/img69/829/Stakes.jpg,https://web.archive.org/web/20040822193107/http://www.runescapecommunity.com:80/index.php?showtopic=162913,16281,09afe34c39249307df17be28c73881b3b84f3046,,
August-3-2005-ghost11-img279.imageshack.us.png,official game: interface or crop,"In-game interface crop. Posted in the forum thread ""Ghost Clothing Mini Quest - Runescape Community"".",,,2005-08-03,20051216055448,http://img279.imageshack.us/img279/5972/ghost116jg.png,https://web.archive.org/web/20051216055448/http://img279.imageshack.us/img279/5972/ghost116jg.png,https://web.archive.org/web/20051102053632/http://www.runescapecommunity.com:80/index.php?showtopic=368564&amp;view=getnewpost,8402,10bcb2a92fe77976643caa04ba9c162f557e7373,,
August-3-2005-ghost12-img279.imageshack.us.png,official game: interface or crop,"In-game interface crop. Posted in the forum thread ""Ghost Clothing Mini Quest - Runescape Community"".",,,2005-08-03,20051216055230,http://img279.imageshack.us/img279/9006/ghost124ri.png,https://web.archive.org/web/20051216055230/http://img279.imageshack.us/img279/9006/ghost124ri.png,https://web.archive.org/web/20051102053632/http://www.runescapecommunity.com:80/index.php?showtopic=368564&amp;view=getnewpost,4979,6fde19f4f2eb0844f6d779f27b0bee6db4efd8f2,,
August-3-2005-ghost13-img305.imageshack.us.png,official game: interface or crop,"In-game interface crop. Posted in the forum thread ""Ghost Clothing Mini Quest - Runescape Community"".",,,2005-08-03,20051216061039,http://img305.imageshack.us/img305/4703/ghost137ef.png,https://web.archive.org/web/20051216061039/http://img305.imageshack.us/img305/4703/ghost137ef.png,https://web.archive.org/web/20051102053632/http://www.runescapecommunity.com:80/index.php?showtopic=368564&amp;view=getnewpost,8376,c0ceae8e65d3b411da3aa0b593262fc7ede3a124,,
August-3-2005-ghost14-img289.imageshack.us.png,official game: interface or crop,"In-game interface crop. Posted in the forum thread ""Ghost Clothing Mini Quest - Runescape Community"".",,,2005-08-03,20060111123043,http://img289.imageshack.us/img289/2767/ghost141bz.png,https://web.archive.org/web/20060111123043/http://img289.imageshack.us/img289/2767/ghost141bz.png,https://web.archive.org/web/20051102053632/http://www.runescapecommunity.com:80/index.php?showtopic=368564&amp;view=getnewpost,3772,d133f85ff61da74e5981bb6dc608e2474dfd1afa,,
August-3-2005-ghost15-img270.imageshack.us.png,official game: interface or crop,"In-game interface crop. Posted in the forum thread ""Ghost Clothing Mini Quest - Runescape Community"".",,,2005-08-03,20060111122414,http://img270.imageshack.us/img270/2706/ghost155in.png,https://web.archive.org/web/20060111122414/http://img270.imageshack.us/img270/2706/ghost155in.png,https://web.archive.org/web/20051102053632/http://www.runescapecommunity.com:80/index.php?showtopic=368564&amp;view=getnewpost,5808,7c136c41787e1e7d5c097c60035c403a3dab3c70,,
August-3-2005-ghost22-img339.imageshack.us.png,official game: interface or crop,"In-game interface crop. Posted in the forum thread ""Ghost Clothing Mini Quest - Runescape Community"".",,,2005-08-03,20060111121526,http://img339.imageshack.us/img339/554/ghost229jz.png,https://web.archive.org/web/20060111121526/http://img339.imageshack.us/img339/554/ghost229jz.png,https://web.archive.org/web/20051102053632/http://www.runescapecommunity.com:80/index.php?showtopic=368564&amp;view=getnewpost,8079,9460991e8cef58dc6f6efd480f2cfbe9ebf2dc04,,
August-3-2005-ghost23-img281.imageshack.us.png,official game: interface or crop,"In-game interface crop. Posted in the forum thread ""Ghost Clothing Mini Quest - Runescape Community"".",,,2005-08-03,20060113192119,http://img281.imageshack.us/img281/4488/ghost231zn.png,https://web.archive.org/web/20060113192119/http://img281.imageshack.us/img281/4488/ghost231zn.png,https://web.archive.org/web/20051102053632/http://www.runescapecommunity.com:80/index.php?showtopic=368564&amp;view=getnewpost,3788,12613b948704bf5ad23b8c07da15cdb67de8ba20,,
August-3-2005-ghost24-img279.imageshack.us.png,official game: interface or crop,"In-game interface crop. Posted in the forum thread ""Ghost Clothing Mini Quest - Runescape Community"".",,,2005-08-03,20051216055154,http://img279.imageshack.us/img279/4108/ghost240hl.png,https://web.archive.org/web/20051216055154/http://img279.imageshack.us/img279/4108/ghost240hl.png,https://web.archive.org/web/20051102053632/http://www.runescapecommunity.com:80/index.php?showtopic=368564&amp;view=getnewpost,9317,e86f744f2297aaff7c463dc321836a513f9dd6a9,,
August-3-2005-ghost31-img279.imageshack.us.png,official game: interface or crop,"In-game interface crop. Posted in the forum thread ""Ghost Clothing Mini Quest - Runescape Community"".",,,2005-08-03,20051216061311,http://img279.imageshack.us/img279/2804/ghost317ng.png,https://web.archive.org/web/20051216061311/http://img279.imageshack.us/img279/2804/ghost317ng.png,https://web.archive.org/web/20051102053632/http://www.runescapecommunity.com:80/index.php?showtopic=368564&amp;view=getnewpost,6740,0192385d89729857516a559b289477563ce79093,,
August-3-2005-ghost32-img313.imageshack.us.png,official game: interface or crop,"In-game interface crop. Posted in the forum thread ""Ghost Clothing Mini Quest - Runescape Community"".",,,2005-08-03,20060105012601,http://img313.imageshack.us/img313/7010/ghost320ny.png,https://web.archive.org/web/20060105012601/http://img313.imageshack.us/img313/7010/ghost320ny.png,https://web.archive.org/web/20051102053632/http://www.runescapecommunity.com:80/index.php?showtopic=368564&amp;view=getnewpost,6052,19e6cdcd1b974ba575605c2ad8eab8fecde1e19a,,
August-3-2005-ghost34-img289.imageshack.us.png,official game: interface or crop,"In-game interface crop. Posted in the forum thread ""Ghost Clothing Mini Quest - Runescape Community"".",,,2005-08-03,20060111123955,http://img289.imageshack.us/img289/8035/ghost340ko.png,https://web.archive.org/web/20060111123955/http://img289.imageshack.us/img289/8035/ghost340ko.png,https://web.archive.org/web/20051102053632/http://www.runescapecommunity.com:80/index.php?showtopic=368564&amp;view=getnewpost,10743,24f11deb8e7f0f441cd1668f53a395b1ac18484d,,
August-3-2005-ghoststart-img313.imageshack.us.png,official game: interface or crop,"In-game interface crop. Posted in the forum thread ""Ghost Clothing Mini Quest - Runescape Community"".",,,2005-08-03,20060105010417,http://img313.imageshack.us/img313/6115/ghoststart7hz.png,https://web.archive.org/web/20060105010417/http://img313.imageshack.us/img313/6115/ghoststart7hz.png,https://web.archive.org/web/20051102053632/http://www.runescapecommunity.com:80/index.php?showtopic=368564&amp;view=getnewpost,11369,0a85d0775e1dbdc4d361e18c6161331cb5c09b6e,,
August-30-2004-lord-weapon43345-koti.mbnet.fi.png,official game: interface or crop,RS2 interface crop from koti.mbnet.fi.,,,2004-08-30,20041128044400,http://koti.mbnet.fi:80/kuukke/data/Lord%20Weapon43345.PNG,https://web.archive.org/web/20041128044400/http://koti.mbnet.fi:80/kuukke/data/Lord%20Weapon43345.PNG,,17702,7cddb85630fb43f099c1e4bcb0656a13703ffa24,"Found by the 2026-10 manual-check re-scan (CLIP ranking, verified by eye).",
August-30-2005-guthix-tea-sanfew-dialogue-img394.imageshack.us.png,official game: interface or crop,NPC dialogue: Sanfew explains how to make Guthix rest tea.,,,2005-08-30,20060707124948,http://img394.imageshack.us:80/img394/6937/guthixtea0pl.png,https://web.archive.org/web/20060707124948/http://img394.imageshack.us:80/img394/6937/guthixtea0pl.png,,25871,07addeae66d5404d67d6f868076c177558c4b80e,,
August-31-2004-dragonseye-img71.exs.cx.png,official game: interface or crop,"In-game interface crop. Posted in the forum thread ""Runescape Community -> Legends Quest"".",,,2004-08-31,20041123193950,http://img71.exs.cx:80/img71/6260/dragonseye.png,https://web.archive.org/web/20041123193950/http://img71.exs.cx:80/img71/6260/dragonseye.png,https://web.archive.org/web/20041122054006/http://www.runescapecommunity.com:80/index.php?showtopic=143222,14763,0f471de3932cdebb6b0e5533de443330614b3ba2,,
August-31-2005-31aug05125951-img276.imageshack.us.png,official game: interface or crop,"In-game interface crop. Posted in the forum thread ""My Achievements And Barrows Rewards - Runescape Community"".",,,2005-08-31,20051216160856,http://img276.imageshack.us/img276/2416/31aug051259511qa.png,https://web.archive.org/web/20051216160856/http://img276.imageshack.us/img276/2416/31aug051259511qa.png,https://web.archive.org/web/20051031141132/http://www.runescapecommunity.com:80/index.php?showtopic=386659&amp;view=getnewpost,1520,9311d3973e410a959343965260d5b7722793fa42,,
August-31-2005-bank310805-img339.imageshack.us.png,official game: interface or crop,"In-game interface crop. Posted in the forum thread ""RuneCrypt Forum -> My Deadline!"".",,,2005-08-31,20051215062453,http://img339.imageshack.us/img339/4643/bank3108055ys.png,https://web.archive.org/web/20051215062453/http://img339.imageshack.us/img339/4643/bank3108055ys.png,https://web.archive.org/web/20051025185929/http://www.runecrypt.com:80/forum/index.php?showtopic=7739,57806,8aa86f69a84b0b3955999b51959a76d4d7426d7d,,
August-31-2005-stats310805-img389.imageshack.us.png,official game: interface or crop,"In-game interface crop. Posted in the forum thread ""RuneCrypt Forum -> My Deadline!"".",,,2005-08-31,20060102180536,http://img389.imageshack.us/img389/8887/stats3108054hv.png,https://web.archive.org/web/20060102180536/http://img389.imageshack.us/img389/8887/stats3108054hv.png,https://web.archive.org/web/20051025185929/http://www.runecrypt.com:80/forum/index.php?showtopic=7739,25884,22b518c47fbffe540f1e0fb0591865a93e2c5a2e,,
August-4-2004-fishing-level-76-message-img69.imageshack.us.jpg,official game: interface or crop,In-game interface crop: fishing level 76 message.,,,2004-08-04,20040813182845,http://img69.imageshack.us:80/img69/7623/76fishing.jpg,https://web.archive.org/web/20040813182845/http://img69.imageshack.us:80/img69/7623/76fishing.jpg,,141438,6d0b254b36f62a5e327f84c5a38c63b39835b43a,,
August-5-2005-hallyspot22-img326.imageshack.us.jpg,official game: interface or crop,"In-game interface crop. Posted in the forum thread ""Dust Devil Video Guide - Runescape Community"".",,,2005-08-05,20070307045409,http://img326.imageshack.us/img326/3658/hallyspot222zj.jpg,https://web.archive.org/web/20070307045409/http://img326.imageshack.us/img326/3658/hallyspot222zj.jpg,https://web.archive.org/web/20051203153833/http://www.runescapecommunity.com:80/index.php?showtopic=374078&amp;view=getnewpost,13130,da28d4ad52cbd89c6afbd3540b0a969b58763da6,,
August-6-2004-duel5-img25.exs.cx.jpg,official game: interface or crop,"In-game interface crop. Posted in the forum thread ""Runescape Community -> A Few Stakes..."".",,,2004-08-06,20040823144045,http://img25.exs.cx:80/img25/9051/duel5.jpg,https://web.archive.org/web/20040823144045/http://img25.exs.cx:80/img25/9051/duel5.jpg,https://web.archive.org/web/20040822192741/http://www.runescapecommunity.com:80/index.php?showtopic=164211,416214,04119ff65ce356b816fa970b486ed7822225a345,,
August-7-2004-gemstall-img49.exs.cx.png,official game: interface or crop,"In-game interface crop. Posted in the forum thread ""Runescape Community -> Guide To Thieving"".",,,2004-08-07,20060904045630,http://img49.exs.cx:80/img49/584/Gemstall.png,https://web.archive.org/web/20060904045630/http://img49.exs.cx:80/img49/584/Gemstall.png,https://web.archive.org/web/20040822192951/http://www.runescapecommunity.com:80/index.php?showtopic=163106,12244,d5a7a4948deb315bd405d0c8cf7ff4c57b43750d,,
August-7-2004-silkstall-img49.exs.cx.png,official game: interface or crop,"In-game interface crop. Posted in the forum thread ""Runescape Community -> Guide To Thieving"".",,,2004-08-07,20060904045517,http://img49.exs.cx:80/img49/4140/Silkstall.png,https://web.archive.org/web/20060904045517/http://img49.exs.cx:80/img49/4140/Silkstall.png,https://web.archive.org/web/20040822192951/http://www.runescapecommunity.com:80/index.php?showtopic=163106,9403,3d8d8abe86ee827dc5c9b299e9089deb918c1d3e,,
August-7-2004-silverstall-img49.exs.cx.png,official game: interface or crop,"In-game interface crop. Posted in the forum thread ""Runescape Community -> Guide To Thieving"".",,,2004-08-07,20060904045606,http://img49.exs.cx:80/img49/9206/Silverstall.png,https://web.archive.org/web/20060904045606/http://img49.exs.cx:80/img49/9206/Silverstall.png,https://web.archive.org/web/20040822192951/http://www.runescapecommunity.com:80/index.php?showtopic=163106,8665,f6b44a5ce15bedb9f777d0fb1f7b8f715f4ea0e9,,
August-7-2004-spicestall-img49.exs.cx.png,official game: interface or crop,"In-game interface crop. Posted in the forum thread ""Runescape Community -> Guide To Thieving"".",,,2004-08-07,20040823134331,http://img49.exs.cx:80/img49/7055/Spicestall.png,https://web.archive.org/web/20040823134331/http://img49.exs.cx:80/img49/7055/Spicestall.png,https://web.archive.org/web/20040822192951/http://www.runescapecommunity.com:80/index.php?showtopic=163106,8976,15bf194c7909e0bceaa26d89707a81de8201c752,,
August-7-2004-thieving-picklock-img52.exs.cx.png,official game: interface or crop,RS2 interface crop from img52.exs.cx.,,,2004-08-07,20040823141141,http://img52.exs.cx:80/img52/2077/thieving_picklock.png,https://web.archive.org/web/20040823141141/http://img52.exs.cx:80/img52/2077/thieving_picklock.png,,1395,3474b13e540ae78964f4ac4bf2751029e2af3b3d,"Found by the 2026-10 manual-check re-scan (CLIP ranking, verified by eye).",
August-8-2004-theseforsale-koti.mbnet.fi.png,official game: interface or crop,RS2 interface crop from koti.mbnet.fi.,,,2004-08-08,20050128140611,http://koti.mbnet.fi:80/kuukke/data/theseforsale.PNG,https://web.archive.org/web/20050128140611/http://koti.mbnet.fi:80/kuukke/data/theseforsale.PNG,,10493,56be175d43096f46943e6b8eb20f57b52a2402a1,"Found by the 2026-10 manual-check re-scan (CLIP ranking, verified by eye).",
December-10-2004-7talismans-img83.exs.cx.png,official game: interface or crop,"In-game interface crop. Posted in the forum thread ""RuneHQ -> Different Monkeys Available"".",,,2004-12-10,20050209174812,http://img83.exs.cx:80/img83/1755/7talismans9zq.png,https://web.archive.org/web/20050209174812/http://img83.exs.cx:80/img83/1755/7talismans9zq.png,https://web.archive.org/web/20041224170938/http://www.runehq.com:80/RHQInn/index.php?showtopic=49615,2868,87b6a64a742d7be1ccc9afd4ea85d243b8e5ea6c,,
December-11-2004-uudetstatsit-koti.mbnet.fi.png,official game: interface or crop,RS2 interface crop from koti.mbnet.fi.,,,2004-12-11,20050129211530,http://koti.mbnet.fi:80/kuukke/data/uudetstatsit.PNG,https://web.archive.org/web/20050129211530/http://koti.mbnet.fi:80/kuukke/data/uudetstatsit.PNG,,24219,072be9847b6e08378901d177671b97a38c6e68f8,"Found by the 2026-10 manual-check re-scan (CLIP ranking, verified by eye).",
December-12-2004-gallery-77-161-1102856064-www.runehq.com.png,official game: interface or crop,RS2 interface crop from www.runehq.com.,,,2004-12-12,20041223153959,http://www.runehq.com:80/RHQInn/uploads/1102637657/gallery_77_161_1102856064.png,https://web.archive.org/web/20041223153959/http://www.runehq.com:80/RHQInn/uploads/1102637657/gallery_77_161_1102856064.png,,24605,345c45b0fc432a9edf860e12903b8e4eed79d5c4,"Found by the 2026-10 manual-check re-scan (CLIP ranking, verified by eye).",
December-12-2004-scythes-img104.exs.cx.png,official game: interface or crop,"Scythe item renders. Posted in the forum thread ""Runescape Community -> My Scythes"".",,,2004-12-12,20041212100057,http://img104.exs.cx/img104/6537/scythes6gt.png,https://web.archive.org/web/20041212100057/http://img104.exs.cx/img104/6537/scythes6gt.png,https://web.archive.org/web/20041212100043/http://www.runescapecommunity.com/index.php?showtopic=226089,3233,ac278fa4132e8ed8be359eb817c80c406a355de7,,
December-13-2004-a-305-www.runecrypt.com.gif,official game: interface or crop,RS2 interface crop from www.runecrypt.com.,,,2004-12-13,20041217001949,http://www.runecrypt.com:80/mkportal/modules/gallery/album/a_305.gif,https://web.archive.org/web/20041217001949/http://www.runecrypt.com:80/mkportal/modules/gallery/album/a_305.gif,,29204,676ae0d6727c642ab4c8d94927545f8812ac1f59,"Found by the 2026-10 manual-check re-scan (CLIP ranking, verified by eye).",
December-13-2004-invi-sale2-koti.mbnet.fi.png,official game: interface or crop,RS2 interface crop from koti.mbnet.fi.,,,2004-12-13,20050122210121,http://koti.mbnet.fi:80/kuukke/data/invi%20sale2.PNG,https://web.archive.org/web/20050122210121/http://koti.mbnet.fi:80/kuukke/data/invi%20sale2.PNG,,9224,1e5c682720c9c9a81290defda74387aeaef437de,"Found by the 2026-10 manual-check re-scan (CLIP ranking, verified by eye).",
December-17-2004-clue22222222-koti.mbnet.fi.png,official game: interface or crop,RS2 interface crop from koti.mbnet.fi.,,,2004-12-17,20050128140515,http://koti.mbnet.fi:80/kuukke/data/clue22222222.PNG,https://web.archive.org/web/20050128140515/http://koti.mbnet.fi:80/kuukke/data/clue22222222.PNG,,48800,aeedc9e16dd8bba039231780bd51a098cd58ffe2,"Found by the 2026-10 manual-check re-scan (CLIP ranking, verified by eye).",
December-18-2005-magic-spells1-www.runescape.com.gif,official game: interface or crop,RS2 interface crop from www.runescape.com.,,,2005-12-18,20051225065206,http://www.runescape.com:80/img/rs2/manual/magic/magic_spells1.gif,https://web.archive.org/web/20051225065206/http://www.runescape.com:80/img/rs2/manual/magic/magic_spells1.gif,,24003,8d5b7bfc4bb47338e84970f3229cb98fc4bba80d,"Found by the 2026-10 manual-check re-scan (CLIP ranking, verified by eye).",
December-18-2005-magic-spells2-www.runescape.com.gif,official game: interface or crop,RS2 interface crop from www.runescape.com.,,,2005-12-18,20051225061126,http://www.runescape.com:80/img/rs2/manual/magic/magic_spells2.gif,https://web.archive.org/web/20051225061126/http://www.runescape.com:80/img/rs2/manual/magic/magic_spells2.gif,,25213,4e7f6ac0c5ac1e54d079b9d85a66e29d4d763850,"Found by the 2026-10 manual-check re-scan (CLIP ranking, verified by eye).",
December-18-2005-magic-staffs2-www.runescape.com.gif,official game: interface or crop,RS2 interface crop from www.runescape.com.,,,2005-12-18,20051225061717,http://www.runescape.com:80/img/rs2/manual/magic/magic_staffs2.gif,https://web.archive.org/web/20051225061717/http://www.runescape.com:80/img/rs2/manual/magic/magic_staffs2.gif,,26054,2f74d270f9ca88a0f36a2e1452416d6e072426fe,"Found by the 2026-10 manual-check re-scan (CLIP ranking, verified by eye).",
December-19-2004-banksale-frip.dk.png,official game: interface or crop,RS2 interface crop from frip.dk.,,,2004-12-19,20041226180509,http://frip.dk/gamester/banksale.PNG,https://web.archive.org/web/20041226180509/http://frip.dk/gamester/banksale.PNG,,24724,dc434284e71287187476edbb29b9fe80bb1cdc10,"Found by the 2026-10 manual-check re-scan (CLIP ranking, verified by eye).",
December-19-2004-rstransport13-runevillage.com.gif,official game: interface or crop,RS2 interface crop from runevillage.com.,,,2004-12-19,20051215221039,http://runevillage.com:80/images/rstransport13.gif,https://web.archive.org/web/20051215221039/http://runevillage.com:80/images/rstransport13.gif,,13693,05c79379f0521f64458529cf4252ed8734147963,"Found by the 2026-10 manual-check re-scan (CLIP ranking, verified by eye).",
December-19-2004-rstransport8-runevillage.com.gif,official game: interface or crop,"RS2 interface crop (dialogue, shop, book, map or level-up) from a 2004-05 fansite page (runevillage.com:80); found by the 2001-2005 fansite re-screen",,,2004-12-19,20051215210408,http://runevillage.com:80/images/rstransport8.gif,https://web.archive.org/web/20051215210408/http://runevillage.com:80/images/rstransport8.gif,,8933,f7af4274df460308aa10079ef2d17168bd024cd2,,
December-19-2004-rstransport9-runevillage.com.gif,official game: interface or crop,"RS2 interface crop (dialogue, shop, book, map or level-up) from a 2004-05 fansite page (runevillage.com:80); found by the 2001-2005 fansite re-screen",,,2004-12-19,20051215210427,http://runevillage.com:80/images/rstransport9.gif,https://web.archive.org/web/20051215210427/http://runevillage.com:80/images/rstransport9.gif,,11587,d73a90aae2aaf47124f7c1a4df51483f39de18bc,,
December-19-2005-crafting-leather-www.runescape.com.gif,official game: interface or crop,RS2 interface crop from www.runescape.com.,,,2005-12-19,20051226164822,http://www.runescape.com:80/img/rs2/manual/crafting/crafting_leather.gif,https://web.archive.org/web/20051226164822/http://www.runescape.com:80/img/rs2/manual/crafting/crafting_leather.gif,,21928,684bcecff4ed53cd0adcb679bdb73dc32949ebce,"Found by the 2026-10 manual-check re-scan (CLIP ranking, verified by eye).",
December-19-2005-crafting-select-www.runescape.com.gif,official game: interface or crop,RS2 interface crop from www.runescape.com.,,,2005-12-19,20051226152711,http://www.runescape.com:80/img/rs2/manual/crafting/crafting_select.gif,https://web.archive.org/web/20051226152711/http://www.runescape.com:80/img/rs2/manual/crafting/crafting_select.gif,,45280,8e04eef1add5334656d0304c53044dd635322b56,"Found by the 2026-10 manual-check re-scan (CLIP ranking, verified by eye).",
December-2-2004-0a-cavmap4-img104.exs.cx.gif,official game: interface or crop,"World map crop (Kingdom of Kandarin). Posted in the forum thread ""Runescape Community -> Cavalry!"".",,,2004-12-02,20060904173025,http://img104.exs.cx:80/img104/1214/0a-cavmap4.gif,https://web.archive.org/web/20060904173025/http://img104.exs.cx:80/img104/1214/0a-cavmap4.gif,https://web.archive.org/web/20041223203938/http://www.runescapecommunity.com:80/index.php?showtopic=221451,77099,3332f1a8c9ebeaa7ff51a6223e2348d1ef4ac7a3,,
December-2-2005-barrows-equipment1-www.tip.it.png,official game: interface or crop,RS2 interface crop from www.tip.it.,,,2005-12-02,20051213135806,http://www.tip.it/runescape/img2/barrows_equipment1.PNG,https://web.archive.org/web/20051213135806/http://www.tip.it/runescape/img2/barrows_equipment1.PNG,,18695,68d33679194a75a1ff47c566efd8340742bbda8f,"Found by the 2026-10 manual-check re-scan (CLIP ranking, verified by eye).",
December-2-2005-barrows-inventory-www.tip.it.png,official game: interface or crop,RS2 interface crop from www.tip.it.,,,2005-12-02,20051213135805,http://www.tip.it/runescape/img2/barrows_inventory.png,https://web.archive.org/web/20051213135805/http://www.tip.it/runescape/img2/barrows_inventory.png,,20237,0dc576dd6eb4a53a4880dcc0416575a588ff793e,"Found by the 2026-10 manual-check re-scan (CLIP ranking, verified by eye).",
December-2-2005-barrows-inventory2-www.tip.it.png,official game: interface or crop,RS2 interface crop from www.tip.it.,,,2005-12-02,20051213135807,http://www.tip.it/runescape/img2/barrows_inventory2.png,https://web.archive.org/web/20051213135807/http://www.tip.it/runescape/img2/barrows_inventory2.png,,20478,7bb1f21272ef33f2ab9e36b6a914a959ab2e56d4,"Found by the 2026-10 manual-check re-scan (CLIP ranking, verified by eye).",
December-20-2003-coins-www.tip.it.png,official game: interface or crop,RS2 interface crop from www.tip.it.,,,2003-12-20,20040803194207,http://www.tip.it:80/runescape/img/coins.png,https://web.archive.org/web/20040803194207/http://www.tip.it:80/runescape/img/coins.png,,1133,7f0e6b78a074d0afad268824ee1522ab5eef739f,"Found by the 2026-10 manual-check re-scan (CLIP ranking, verified by eye).",
December-20-2003-cookquest-tip.it.gif,official game: interface or crop,"RS2 interface crop (dialogue, shop, book, map or level-up) from a 2004-05 fansite page (www.tip.it:80); found by the 2001-2005 fansite re-screen",,,2003-12-20,20040803195610,http://www.tip.it:80/runescape/img/cookquest.gif,https://web.archive.org/web/20040803195610/http://www.tip.it:80/runescape/img/cookquest.gif,,10403,779e29d81a388b9baf8149ab038c28c973fbf65c,,
December-20-2003-duelguidepic2-www.tip.it.png,official game: interface or crop,RS2 interface crop from www.tip.it.,,,2003-12-20,20040607090104,http://www.tip.it/runescape/img/duelguidepic2.png,https://web.archive.org/web/20040607090104/http://www.tip.it/runescape/img/duelguidepic2.png,,3306,157515ee58c04e6534fe6701aa269efab3958510,"Found by the 2026-10 manual-check re-scan (CLIP ranking, verified by eye).",
December-20-2003-prayer-www.tip.it.png,official game: interface or crop,RS2 interface crop from www.tip.it.,,,2003-12-20,20040803203040,http://www.tip.it:80/runescape/img/prayer.png,https://web.archive.org/web/20040803203040/http://www.tip.it:80/runescape/img/prayer.png,,8814,6e00a45fb5a1a8d36784492377e09920051dc6ad,"Found by the 2026-10 manual-check re-scan (CLIP ranking, verified by eye).",
December-20-2003-trade-www.tip.it.png,official game: interface or crop,RS2 interface crop from www.tip.it.,,,2003-12-20,20040803204803,http://www.tip.it:80/runescape/img/trade.png,https://web.archive.org/web/20040803204803/http://www.tip.it:80/runescape/img/trade.png,,9110,d68cb47e5228f553b0ac5311f2186bf87467bb40,"Found by the 2026-10 manual-check re-scan (CLIP ranking, verified by eye).",
December-22-2004-diango-koti.mbnet.fi.jpg,official game: interface or crop,RS2 interface/dialogue image from koti.mbnet.fi.,,,2004-12-22,20050113045652,http://koti.mbnet.fi:80/kuukke/data/diango.JPG,https://web.archive.org/web/20050113045652/http://koti.mbnet.fi:80/kuukke/data/diango.JPG,,13933,fe378f08daa203e7d72d90831bcc5d4f3fe2e032,,
December-23-2004-anamakamat-koti.mbnet.fi.png,official game: interface or crop,RS2 interface crop from koti.mbnet.fi.,,,2004-12-23,20050125043512,http://koti.mbnet.fi:80/kuukke/data/anamakamat.PNG,https://web.archive.org/web/20050125043512/http://koti.mbnet.fi:80/kuukke/data/anamakamat.PNG,,39013,83497532ab1d8ffd5d6c5515c6b0ece23f280d7c,"Found by the 2026-10 manual-check re-scan (CLIP ranking, verified by eye).",
December-23-2004-statsitkaikenpaskankera-koti.mbnet.fi.png,official game: interface or crop,RS2 interface crop from koti.mbnet.fi.,,,2004-12-23,20050125044011,http://koti.mbnet.fi:80/kuukke/data/statsitkaikenpaskankera.PNG,https://web.archive.org/web/20050125044011/http://koti.mbnet.fi:80/kuukke/data/statsitkaikenpaskankera.PNG,,17529,22d334a0fcf9e9b0faec81c7101fda80a4dd5bc8,"Found by the 2026-10 manual-check re-scan (CLIP ranking, verified by eye).",
December-23-2005-herblore-inv-www.runescape.com.gif,official game: interface or crop,RS2 interface crop from www.runescape.com.,,,2005-12-23,20051230102201,http://www.runescape.com:80/img/rs2/manual/herblore/herblore_inv.gif,https://web.archive.org/web/20051230102201/http://www.runescape.com:80/img/rs2/manual/herblore/herblore_inv.gif,,21634,01fc2deb92e7d1fe8717635f3740cc88a0c7e6ed,"Found by the 2026-10 manual-check re-scan (CLIP ranking, verified by eye).",
December-24-2004-banksflwap-qaeaipsale-koti.mbnet.fi.png,official game: interface or crop,RS2 interface crop from koti.mbnet.fi.,,,2004-12-24,20050122212625,http://koti.mbnet.fi:80/kuukke/data/banksflwap%e5qaeaipsale.PNG,https://web.archive.org/web/20050122212625/http://koti.mbnet.fi:80/kuukke/data/banksflwap%e5qaeaipsale.PNG,,22241,dad306ad76f22ffe130773d1665b5ffe00040834,"Found by the 2026-10 manual-check re-scan (CLIP ranking, verified by eye).",
December-25-2003-kbd-newspaper.runehq.com.gif,official game: interface or crop,RS2 interface crop from newspaper.runehq.com.,,,2003-12-25,20040207102911,http://newspaper.runehq.com:80/kbd.gif,https://web.archive.org/web/20040207102911/http://newspaper.runehq.com:80/kbd.gif,,12348,a98980775f88fd8e272b5b77d4426b0656688aec,"Found by the 2026-10 manual-check re-scan (CLIP ranking, verified by eye).",
December-25-2004-clue25-koti.mbnet.fi.png,official game: interface or crop,RS2 interface crop from koti.mbnet.fi.,,,2004-12-25,20050113045640,http://koti.mbnet.fi:80/kuukke/data/clue25.PNG,https://web.archive.org/web/20050113045640/http://koti.mbnet.fi:80/kuukke/data/clue25.PNG,,24512,0dfee2ea5b9d9910b2a299ed0f8ba9759bbc5bfe,"Found by the 2026-10 manual-check re-scan (CLIP ranking, verified by eye).",
December-25-2005-55-img464.imageshack.us.png,official game: interface or crop,"In-game interface crop. Posted in the forum thread ""Pure Ranging Handbook - Runescape Community"".",,,2005-12-25,20070225104957,http://img464.imageshack.us/img464/3359/556at.png,https://web.archive.org/web/20070225104957/http://img464.imageshack.us/img464/3359/556at.png,https://web.archive.org/web/20061030114409/http://www.runescapecommunity.com/index.php?showtopic=448187,18099,13255e9074213f84bab36d9dd83c2cdef538e705,,
December-27-2004-batujj-bodompedari-server3.uploadit.org.jpg,official game: interface or crop,RS2 interface/dialogue image from server3.uploadit.org.,,,2004-12-27,20041230192256,http://server3.uploadit.org:80/files/Batujj-bodompedari.JPG,https://web.archive.org/web/20041230192256/http://server3.uploadit.org:80/files/Batujj-bodompedari.JPG,,14518,04960136367ef422f59595910dabfd215822e5b7,,
December-29-2004-clue27-koti.mbnet.fi.png,official game: interface or crop,RS2 interface crop from koti.mbnet.fi.,,,2004-12-29,20050128134334,http://koti.mbnet.fi:80/kuukke/data/clue27.PNG,https://web.archive.org/web/20050128134334/http://koti.mbnet.fi:80/kuukke/data/clue27.PNG,,25162,42644f2db9a9455376151e366a3c557853961eca,"Found by the 2026-10 manual-check re-scan (CLIP ranking, verified by eye).",
December-29-2005-rd12-img447.imageshack.us.jpg,official game: interface or crop,"In-game interface crop. Posted in the forum thread ""Red Dragons Hunting Guide - Runescape Community"".",,,2005-12-29,20130112025728,http://img447.imageshack.us/img447/3361/rd129kc.jpg,https://web.archive.org/web/20130112025728/http://img447.imageshack.us/img447/3361/rd129kc.jpg,https://web.archive.org/web/20060519004948/http://www.runescapecommunity.com/index.php?showtopic=455802,17240,00e7ccdae6772a6fba84dc809f5b83cd177e1a00,,
December-29-2005-rd13-img447.imageshack.us.jpg,official game: interface or crop,"In-game interface crop. Posted in the forum thread ""Red Dragons Hunting Guide - Runescape Community"".",,,2005-12-29,20130112025727,http://img447.imageshack.us/img447/6333/rd139eo.jpg,https://web.archive.org/web/20130112025727/http://img447.imageshack.us/img447/6333/rd139eo.jpg,https://web.archive.org/web/20060519004948/http://www.runescapecommunity.com/index.php?showtopic=455802,20173,cc87def4add8ed23662bda61d1d3be6bd7a7670e,,
December-29-2005-rd14-img447.imageshack.us.jpg,official game: interface or crop,"In-game interface crop. Posted in the forum thread ""Red Dragons Hunting Guide - Runescape Community"".",,,2005-12-29,20130112025727,http://img447.imageshack.us/img447/7062/rd143ws.jpg,https://web.archive.org/web/20130112025727/http://img447.imageshack.us/img447/7062/rd143ws.jpg,https://web.archive.org/web/20060519004948/http://www.runescapecommunity.com/index.php?showtopic=455802,17116,45de8bd21a7b58a2d9d6b9e3395da5751d0e1df8,,
December-29-2005-rd15-img447.imageshack.us.jpg,official game: interface or crop,"In-game interface crop. Posted in the forum thread ""Red Dragons Hunting Guide - Runescape Community"".",,,2005-12-29,20130112025728,http://img447.imageshack.us/img447/7158/rd156on.jpg,https://web.archive.org/web/20130112025728/http://img447.imageshack.us/img447/7158/rd156on.jpg,https://web.archive.org/web/20060519004948/http://www.runescapecommunity.com/index.php?showtopic=455802,17917,a31cf15130adc279a0551cfb317270d4b8652f01,,
December-30-2005-invy1-img514.imageshack.us.png,official game: interface or crop,"In-game interface crop. Posted in the forum thread ""Barrows Guide For The Experienced Players - Runescape Community"".",,,2005-12-30,20110730063327,http://img514.imageshack.us/img514/4190/invy12cs.png,https://web.archive.org/web/20110730063327/http://img514.imageshack.us/img514/4190/invy12cs.png,https://web.archive.org/web/20060519004904/http://www.runescapecommunity.com/index.php?showtopic=457347,40617,cc85ceb286b7223e48feade9b03f6776d3f47eb1,,
December-30-2005-invy2-img514.imageshack.us.png,official game: interface or crop,"In-game interface crop. Posted in the forum thread ""Barrows Guide For The Experienced Players - Runescape Community"".",,,2005-12-30,20110730063327,http://img514.imageshack.us/img514/3849/invy20hi.png,https://web.archive.org/web/20110730063327/http://img514.imageshack.us/img514/3849/invy20hi.png,https://web.archive.org/web/20060519004904/http://www.runescapecommunity.com/index.php?showtopic=457347,42433,de19b3e1b22c53f7b9e6c3e94098de43da35e35f,,
December-31-2004-lvl112-img29.exs.cx.png,official game: interface or crop,"In-game interface crop. Posted in the forum thread ""Pictures of Famous People Go Here"".",,,2004-12-31,20060523232608,http://img29.exs.cx:80/img29/24/lvl1121on.png,https://web.archive.org/web/20060523232608/http://img29.exs.cx:80/img29/24/lvl1121on.png,https://web.archive.org/web/20060310113259/http://forums.rsbandb.com:80/viewtopic.php?t=1345,1701,54afc339233a74e04f642a5b2d6ab92f78f86429,,
December-31-2004-lvl125-img29.exs.cx.png,official game: interface or crop,"In-game interface crop. Posted in the forum thread ""Pictures of Famous People Go Here"".",,,2004-12-31,20060523232556,http://img29.exs.cx:80/img29/2374/lvl1259rz.png,https://web.archive.org/web/20060523232556/http://img29.exs.cx:80/img29/2374/lvl1259rz.png,https://web.archive.org/web/20060310113259/http://forums.rsbandb.com:80/viewtopic.php?t=1345,1108,ca37e86620df57e0c6c5a2407e11763458cc328c,,
December-31-2004-lvl1252-img29.exs.cx.png,official game: interface or crop,"In-game interface crop. Posted in the forum thread ""Pictures of Famous People Go Here"".",,,2004-12-31,20060523232621,http://img29.exs.cx:80/img29/4369/lvl12526hj.png,https://web.archive.org/web/20060523232621/http://img29.exs.cx:80/img29/4369/lvl12526hj.png,https://web.archive.org/web/20060310113259/http://forums.rsbandb.com:80/viewtopic.php?t=1345,1815,4beafa5873bdbb55c86bc45e309dbff8f3bc48fc,,
December-4-2004-54-00-img57.exs.cx.png,official game: interface or crop,"In-game interface crop. Posted in the forum thread ""Runescape Community -> The Guide To Holiday/rare Items"".",,,2004-12-04,20051120072438,http://img57.exs.cx:80/img57/7295/54-00.png,https://web.archive.org/web/20051120072438/http://img57.exs.cx:80/img57/7295/54-00.png,https://web.archive.org/web/20041220170450/http://www.runescapecommunity.com:80/index.php?showtopic=221189,3434,a4e1303cfd4dd3a7c87aac06c31cd133667c1746,,
December-4-2006-q1-2-i106.photobucket.com.png,official game: interface or crop,RS2 interface crop from i106.photobucket.com.,,,2006-12-04,20070117042912,http://i106.photobucket.com/albums/m258/Elliotts_Pictures/q1-2.png,https://web.archive.org/web/20070117042912/http://i106.photobucket.com/albums/m258/Elliotts_Pictures/q1-2.png,,20629,4e27f73acf5bf7cda055397964cfe31e38f6279b,"Found by the 2026-10 manual-check re-scan (CLIP ranking, verified by eye).",
December-4-2006-q10-i106.photobucket.com.png,official game: interface or crop,RS2 interface crop from i106.photobucket.com.,,,2006-12-04,20070117042653,http://i106.photobucket.com/albums/m258/Elliotts_Pictures/q10.png,https://web.archive.org/web/20070117042653/http://i106.photobucket.com/albums/m258/Elliotts_Pictures/q10.png,,21350,a1f02308a306f5a0f74fb34f9dd7376d2187d7ae,"Found by the 2026-10 manual-check re-scan (CLIP ranking, verified by eye).",
December-4-2006-q13-i106.photobucket.com.png,official game: interface or crop,RS2 interface crop from i106.photobucket.com.,,,2006-12-04,20070117062457,http://i106.photobucket.com/albums/m258/Elliotts_Pictures/q13.png,https://web.archive.org/web/20070117062457/http://i106.photobucket.com/albums/m258/Elliotts_Pictures/q13.png,,20831,bb87ad2a88f05ddbc011681159c5544c1b3e11f0,"Found by the 2026-10 manual-check re-scan (CLIP ranking, verified by eye).",
December-4-2006-q14-i106.photobucket.com.png,official game: interface or crop,RS2 interface crop from i106.photobucket.com.,,,2006-12-04,20130225001451,http://i106.photobucket.com/albums/m258/Elliotts_Pictures/q14.png,https://web.archive.org/web/20130225001451/http://i106.photobucket.com/albums/m258/Elliotts_Pictures/q14.png,,22364,6fe67475b6883933597ec31610649f9386169997,"Found by the 2026-10 manual-check re-scan (CLIP ranking, verified by eye).",
December-4-2006-q3-1-i106.photobucket.com.png,official game: interface or crop,RS2 interface crop from i106.photobucket.com.,,,2006-12-04,20070117062723,http://i106.photobucket.com/albums/m258/Elliotts_Pictures/q3-1.png,https://web.archive.org/web/20070117062723/http://i106.photobucket.com/albums/m258/Elliotts_Pictures/q3-1.png,,21105,b8e1036e6115b54ef625109e0e2a45318c15ddbc,"Found by the 2026-10 manual-check re-scan (CLIP ranking, verified by eye).",
December-4-2006-q4-i106.photobucket.com.png,official game: interface or crop,RS2 interface crop from i106.photobucket.com.,,,2006-12-04,20070117062215,http://i106.photobucket.com/albums/m258/Elliotts_Pictures/q4.png,https://web.archive.org/web/20070117062215/http://i106.photobucket.com/albums/m258/Elliotts_Pictures/q4.png,,21521,807a992e88021e31e41d8da5c7d986247072b139,"Found by the 2026-10 manual-check re-scan (CLIP ranking, verified by eye).",
December-4-2006-q7-i106.photobucket.com.png,official game: interface or crop,RS2 interface crop from i106.photobucket.com.,,,2006-12-04,20070117042436,http://i106.photobucket.com/albums/m258/Elliotts_Pictures/q7.png,https://web.archive.org/web/20070117042436/http://i106.photobucket.com/albums/m258/Elliotts_Pictures/q7.png,,23069,54b270bedf911780fd4305a7302bbf5608e2dbb0,"Found by the 2026-10 manual-check re-scan (CLIP ranking, verified by eye).",
December-4-2006-s12-i106.photobucket.com.png,official game: interface or crop,RS2 interface crop from i106.photobucket.com.,,,2006-12-04,20070117042704,http://i106.photobucket.com/albums/m258/Elliotts_Pictures/s12.png,https://web.archive.org/web/20070117042704/http://i106.photobucket.com/albums/m258/Elliotts_Pictures/s12.png,,23264,59b6b78e7e94fe9d84978be2b5f3a52cfc45fcea,"Found by the 2026-10 manual-check re-scan (CLIP ranking, verified by eye).",
December-4-2006-s18-i106.photobucket.com.png,official game: interface or crop,RS2 interface crop from i106.photobucket.com.,,,2006-12-04,20130225001453,http://i106.photobucket.com/albums/m258/Elliotts_Pictures/s18.png,https://web.archive.org/web/20130225001453/http://i106.photobucket.com/albums/m258/Elliotts_Pictures/s18.png,,24807,9bc28eba40e0a59f705b6dd3d94f8c231d8c329e,"Found by the 2026-10 manual-check re-scan (CLIP ranking, verified by eye).",
December-4-2006-s19-i106.photobucket.com.png,official game: interface or crop,RS2 interface crop from i106.photobucket.com.,,,2006-12-04,20070117042713,http://i106.photobucket.com/albums/m258/Elliotts_Pictures/s19.png,https://web.archive.org/web/20070117042713/http://i106.photobucket.com/albums/m258/Elliotts_Pictures/s19.png,,23753,c8f879b8036d6a572ecbcdafce5898261c327495,"Found by the 2026-10 manual-check re-scan (CLIP ranking, verified by eye).",
December-4-2006-s20-i106.photobucket.com.png,official game: interface or crop,RS2 interface crop from i106.photobucket.com.,,,2006-12-04,20130225001455,http://i106.photobucket.com/albums/m258/Elliotts_Pictures/s20.png,https://web.archive.org/web/20130225001455/http://i106.photobucket.com/albums/m258/Elliotts_Pictures/s20.png,,23608,d9590ef0a52a39d4c5dd54eee417fef1137b2081,"Found by the 2026-10 manual-check re-scan (CLIP ranking, verified by eye).",
December-4-2006-s5-i106.photobucket.com.png,official game: interface or crop,RS2 interface crop from i106.photobucket.com.,,,2006-12-04,20070117062244,http://i106.photobucket.com/albums/m258/Elliotts_Pictures/s5.png,https://web.archive.org/web/20070117062244/http://i106.photobucket.com/albums/m258/Elliotts_Pictures/s5.png,,21004,baca8bba126c7f4e8a78c72534f9e071acf71fa8,"Found by the 2026-10 manual-check re-scan (CLIP ranking, verified by eye).",
December-4-2006-s6-i106.photobucket.com.png,official game: interface or crop,RS2 interface crop from i106.photobucket.com.,,,2006-12-04,20070117042449,http://i106.photobucket.com/albums/m258/Elliotts_Pictures/s6.png,https://web.archive.org/web/20070117042449/http://i106.photobucket.com/albums/m258/Elliotts_Pictures/s6.png,,21452,e1bb388f413cdb89c1a758fb30956bd22fe699f3,"Found by the 2026-10 manual-check re-scan (CLIP ranking, verified by eye).",
December-4-2006-s8-i106.photobucket.com.png,official game: interface or crop,RS2 interface crop from i106.photobucket.com.,,,2006-12-04,20130225001452,http://i106.photobucket.com/albums/m258/Elliotts_Pictures/s8.png,https://web.archive.org/web/20130225001452/http://i106.photobucket.com/albums/m258/Elliotts_Pictures/s8.png,,21545,53e7612c917fea5ad670cc34289efb38a423bfea,"Found by the 2026-10 manual-check re-scan (CLIP ranking, verified by eye).",
December-4-2006-s9-i106.photobucket.com.png,official game: interface or crop,RS2 interface crop from i106.photobucket.com.,,,2006-12-04,20130225001452,http://i106.photobucket.com/albums/m258/Elliotts_Pictures/s9.png,https://web.archive.org/web/20130225001452/http://i106.photobucket.com/albums/m258/Elliotts_Pictures/s9.png,,24353,25c4583ac2db6d8207b96f26d4c5a38548f4b081,"Found by the 2026-10 manual-check re-scan (CLIP ranking, verified by eye).",
December-4-2006-t1-i106.photobucket.com.png,official game: interface or crop,RS2 interface crop from i106.photobucket.com.,,,2006-12-04,20130225001455,http://i106.photobucket.com/albums/m258/Elliotts_Pictures/t1.png,https://web.archive.org/web/20130225001455/http://i106.photobucket.com/albums/m258/Elliotts_Pictures/t1.png,,24030,ddd3d320c51232235b337c112c7c4f47e431ee51,"Found by the 2026-10 manual-check re-scan (CLIP ranking, verified by eye).",
December-4-2006-t12-i106.photobucket.com.png,official game: interface or crop,RS2 interface crop from i106.photobucket.com.,,,2006-12-04,20070117062547,http://i106.photobucket.com/albums/m258/Elliotts_Pictures/t12.png,https://web.archive.org/web/20070117062547/http://i106.photobucket.com/albums/m258/Elliotts_Pictures/t12.png,,20982,4e9b97642fde4f663ecef59f52cb7cd3ca023dd0,"Found by the 2026-10 manual-check re-scan (CLIP ranking, verified by eye).",
December-4-2006-t7-i106.photobucket.com.png,official game: interface or crop,RS2 interface crop from i106.photobucket.com.,,,2006-12-04,20070117042457,http://i106.photobucket.com/albums/m258/Elliotts_Pictures/t7.png,https://web.archive.org/web/20070117042457/http://i106.photobucket.com/albums/m258/Elliotts_Pictures/t7.png,,21904,50ae441f8659143b2f550f540410b7b95f66235e,"Found by the 2026-10 manual-check re-scan (CLIP ranking, verified by eye).",
December-4-2006-t8-i106.photobucket.com.png,official game: interface or crop,RS2 interface crop from i106.photobucket.com.,,,2006-12-04,20070117042508,http://i106.photobucket.com/albums/m258/Elliotts_Pictures/t8.png,https://web.archive.org/web/20070117042508/http://i106.photobucket.com/albums/m258/Elliotts_Pictures/t8.png,,21447,e8032f70b2da13e6964b3d06ecbab400af80a425,"Found by the 2026-10 manual-check re-scan (CLIP ranking, verified by eye).",
December-4-2006-w14-i106.photobucket.com.png,official game: interface or crop,RS2 interface crop from i106.photobucket.com.,,,2006-12-04,20070117062557,http://i106.photobucket.com/albums/m258/Elliotts_Pictures/w14.png,https://web.archive.org/web/20070117062557/http://i106.photobucket.com/albums/m258/Elliotts_Pictures/w14.png,,23399,0718885cf0780afcbfa987fdd296f05ae51cb16e,"Found by the 2026-10 manual-check re-scan (CLIP ranking, verified by eye).",
December-4-2006-w16-i106.photobucket.com.png,official game: interface or crop,RS2 interface crop from i106.photobucket.com.,,,2006-12-04,20070117042732,http://i106.photobucket.com/albums/m258/Elliotts_Pictures/w16.png,https://web.archive.org/web/20070117042732/http://i106.photobucket.com/albums/m258/Elliotts_Pictures/w16.png,,21861,1264f3eb0cc391c481c44ba313f35d9f5d490a63,"Found by the 2026-10 manual-check re-scan (CLIP ranking, verified by eye).",
December-4-2006-w17-i106.photobucket.com.png,official game: interface or crop,RS2 interface crop from i106.photobucket.com.,,,2006-12-04,20070117042743,http://i106.photobucket.com/albums/m258/Elliotts_Pictures/w17.png,https://web.archive.org/web/20070117042743/http://i106.photobucket.com/albums/m258/Elliotts_Pictures/w17.png,,21614,4230f1ca69d73c72f8df0cc887ae742f0384db79,"Found by the 2026-10 manual-check re-scan (CLIP ranking, verified by eye).",
December-4-2006-w19-i106.photobucket.com.png,official game: interface or crop,RS2 interface crop from i106.photobucket.com.,,,2006-12-04,20070117062610,http://i106.photobucket.com/albums/m258/Elliotts_Pictures/w19.png,https://web.archive.org/web/20070117062610/http://i106.photobucket.com/albums/m258/Elliotts_Pictures/w19.png,,21520,f4d583b6559d717a19c6cf607c7787fef238b1c8,"Found by the 2026-10 manual-check re-scan (CLIP ranking, verified by eye).",
December-4-2006-w2-i106.photobucket.com.png,official game: interface or crop,RS2 interface crop from i106.photobucket.com.,,,2006-12-04,20070117062303,http://i106.photobucket.com/albums/m258/Elliotts_Pictures/w2.png,https://web.archive.org/web/20070117062303/http://i106.photobucket.com/albums/m258/Elliotts_Pictures/w2.png,,20656,e2a5d1a1fd0f8801c1f922309d96be3f62ba629e,"Found by the 2026-10 manual-check re-scan (CLIP ranking, verified by eye).",
December-4-2006-w20-i106.photobucket.com.png,official game: interface or crop,RS2 interface crop from i106.photobucket.com.,,,2006-12-04,20070117062619,http://i106.photobucket.com/albums/m258/Elliotts_Pictures/w20.png,https://web.archive.org/web/20070117062619/http://i106.photobucket.com/albums/m258/Elliotts_Pictures/w20.png,,23189,70d5eb2fad9b0bed56fd01fbbd646a8d6ccdea1c,"Found by the 2026-10 manual-check re-scan (CLIP ranking, verified by eye).",
December-4-2006-w4-i106.photobucket.com.png,official game: interface or crop,RS2 interface crop from i106.photobucket.com.,,,2006-12-04,20070117062312,http://i106.photobucket.com/albums/m258/Elliotts_Pictures/w4.png,https://web.archive.org/web/20070117062312/http://i106.photobucket.com/albums/m258/Elliotts_Pictures/w4.png,,23568,02b2fac8cfd4b74fe01f7b43dfb8809e192380b9,"Found by the 2026-10 manual-check re-scan (CLIP ranking, verified by eye).",
December-4-2006-w5-i106.photobucket.com.png,official game: interface or crop,RS2 interface crop from i106.photobucket.com.,,,2006-12-04,20070117062323,http://i106.photobucket.com/albums/m258/Elliotts_Pictures/w5.png,https://web.archive.org/web/20070117062323/http://i106.photobucket.com/albums/m258/Elliotts_Pictures/w5.png,,22774,acc4183555427826039cfb01dcc7a32e1b28100a,"Found by the 2026-10 manual-check re-scan (CLIP ranking, verified by eye).",
December-5-2004-yaochee-shopdeadwar-server2.uploadit.org.jpg,official game: interface or crop,RS2 interface/dialogue image from server2.uploadit.org.,,,2004-12-05,20051109064956,http://server2.uploadit.org:80/files/yaochee-shopdeadwar.JPG,https://web.archive.org/web/20051109064956/http://server2.uploadit.org:80/files/yaochee-shopdeadwar.JPG,,72913,ebf14afa8b5068d26c018b156441fdb97c415d03,,
December-5-2006-2-3-i106.photobucket.com.png,official game: interface or crop,RS2 interface crop from i106.photobucket.com.,,,2006-12-05,20070117042628,http://i106.photobucket.com/albums/m258/Elliotts_Pictures/2-3.png,https://web.archive.org/web/20070117042628/http://i106.photobucket.com/albums/m258/Elliotts_Pictures/2-3.png,,24732,5e7d948a30c837fecb73593d5f5800a9888c14eb,"Found by the 2026-10 manual-check re-scan (CLIP ranking, verified by eye).",
December-5-2006-5-3-i106.photobucket.com.png,official game: interface or crop,RS2 interface crop from i106.photobucket.com.,,,2006-12-05,20130225001456,http://i106.photobucket.com/albums/m258/Elliotts_Pictures/5-3.png,https://web.archive.org/web/20130225001456/http://i106.photobucket.com/albums/m258/Elliotts_Pictures/5-3.png,,20776,31afe2fe17fdbf211283f4259ec1dee45e198206,"Found by the 2026-10 manual-check re-scan (CLIP ranking, verified by eye).",
December-5-2006-7-3-i106.photobucket.com.png,official game: interface or crop,RS2 interface crop from i106.photobucket.com.,,,2006-12-05,20130225001457,http://i106.photobucket.com/albums/m258/Elliotts_Pictures/7-3.png,https://web.archive.org/web/20130225001457/http://i106.photobucket.com/albums/m258/Elliotts_Pictures/7-3.png,,21632,be8aee55ef2599f3a2680c96ac359d98fd45bdb9,"Found by the 2026-10 manual-check re-scan (CLIP ranking, verified by eye).",
December-5-2006-bankl3g4cy-i106.photobucket.com.png,official game: interface or crop,RS2 interface crop from i106.photobucket.com.,,,2006-12-05,20070117043237,http://i106.photobucket.com/albums/m258/Elliotts_Pictures/BankL3G4CY.png,https://web.archive.org/web/20070117043237/http://i106.photobucket.com/albums/m258/Elliotts_Pictures/BankL3G4CY.png,,52825,5e81e2dff7103b62ce7331540abbcee0cac23f00,"Found by the 2026-10 manual-check re-scan (CLIP ranking, verified by eye).",
December-7-2004-clue16-koti.mbnet.fi.png,official game: interface or crop,RS2 interface crop from koti.mbnet.fi.,,,2004-12-07,20050122203405,http://koti.mbnet.fi:80/kuukke/data/clue16.PNG,https://web.archive.org/web/20050122203405/http://koti.mbnet.fi:80/kuukke/data/clue16.PNG,,25577,d2ed37e0046801fd48284935b347d320180a0c83,"Found by the 2026-10 manual-check re-scan (CLIP ranking, verified by eye).",
December-7-2005-trading-1-www.runescape.com.gif,official game: interface or crop,RS2 interface crop from www.runescape.com.,,,2005-12-07,20051214221917,http://www.runescape.com:80/img/rs2/manual/controls/trading_1.gif,https://web.archive.org/web/20051214221917/http://www.runescape.com:80/img/rs2/manual/controls/trading_1.gif,,21486,066f0123fbdf574659304b3e05906ae764df8733,"Found by the 2026-10 manual-check re-scan (CLIP ranking, verified by eye).",
December-7-2005-trading-2-www.runescape.com.gif,official game: interface or crop,RS2 interface crop from www.runescape.com.,,,2005-12-07,20051214215328,http://www.runescape.com:80/img/rs2/manual/controls/trading_2.gif,https://web.archive.org/web/20051214215328/http://www.runescape.com:80/img/rs2/manual/controls/trading_2.gif,,21172,e3377c635e79b1c73e6407dd4796ed0ed624d9d2,"Found by the 2026-10 manual-check re-scan (CLIP ranking, verified by eye).",
December-9-2004-a-304-www.runecrypt.com.png,official game: interface or crop,RS2 interface crop from www.runecrypt.com.,,,2004-12-09,20041216234422,http://www.runecrypt.com:80/mkportal/modules/gallery/album/a_304.png,https://web.archive.org/web/20041216234422/http://www.runecrypt.com:80/mkportal/modules/gallery/album/a_304.png,,5959,85f2b829ab673086eb71a3bafe2ba1c45e96ffad,"Found by the 2026-10 manual-check re-scan (CLIP ranking, verified by eye).",
February-13-2006-702equipment-img112.imageshack.us.png,official game: interface or crop,"Inventory crop with ring captions. Posted in the forum thread ""Killing Tztok-jad And Beating The Fight Cave - Runescape Community"".",,,2006-02-13,20130409040217,http://img112.imageshack.us/img112/8901/702equipment5bw.png,https://web.archive.org/web/20130409040217/http://img112.imageshack.us/img112/8901/702equipment5bw.png,https://web.archive.org/web/20060519004937/http://www.runescapecommunity.com/index.php?showtopic=418656,48023,d1952116c47cc53051315e1cb09428f3d926d142,,
February-16-2005-untitled-img226.exs.cx.png,official game: interface or crop,"In-game interface crop. Posted in the forum thread ""RuneHQ -> New Weapon! Granite Maul! With Picture!"".",,,2005-02-16,20050222093437,http://img226.exs.cx:80/img226/4062/untitled5pc.png,https://web.archive.org/web/20050222093437/http://img226.exs.cx:80/img226/4062/untitled5pc.png,https://web.archive.org/web/20050219092039/http://www.runehq.com:80/RHQInn/index.php?showtopic=71310&amp,44195,f7040a07e95dc37f3297c22509260afb7c52c952,,
February-18-2006-kq2-img134.imageshack.us.png,official game: interface or crop,"In-game interface crop. Posted in the forum thread ""Spazthegecko's Kalphite Queen Guide! - Runescape Community"".",,,2006-02-18,20130115130350,http://img134.imageshack.us/img134/4791/kq22az.png,https://web.archive.org/web/20130115130350/http://img134.imageshack.us/img134/4791/kq22az.png,https://web.archive.org/web/20060519005015/http://www.runescapecommunity.com/index.php?showtopic=487780,32733,b5004e1601feb2a393b82731b2df3125ddf56e4d,,
February-2-2005-100kwin-img63.exs.cx.png,official game: interface or crop,"In-game interface crop. Posted in the forum thread ""RuneHQ -> ~some Wins From My Ranger~"".",,,2005-02-02,20050210004416,http://img63.exs.cx:80/img63/9998/100kwin4lx.png,https://web.archive.org/web/20050210004416/http://img63.exs.cx:80/img63/9998/100kwin4lx.png,https://web.archive.org/web/20050208014457/http://www.runehq.com:80/RHQInn/index.php?showtopic=66933,25745,aa5a52842e65193c398a63bcbdeca79b13cb763e,,
February-2-2005-r00nstake-img63.exs.cx.png,official game: interface or crop,"In-game interface crop. Posted in the forum thread ""RuneHQ -> ~some Wins From My Ranger~"".",,,2005-02-02,20050209174812,http://img63.exs.cx:80/img63/5381/r00nstake5vy.png,https://web.archive.org/web/20050209174812/http://img63.exs.cx:80/img63/5381/r00nstake5vy.png,https://web.archive.org/web/20050208014457/http://www.runehq.com:80/RHQInn/index.php?showtopic=66933,28355,56d286c519dda1406b8c58dcd508b182b34ab050,,
February-22-2006-bhank1-img67.imageshack.us.jpg,official game: interface or crop,"In-game interface crop. Posted in the forum thread ""My Bank Is Better Than Yours. - Runescape Community"".",,,2006-02-22,20070226093607,http://img67.imageshack.us/img67/6763/bhank13xe.jpg,https://web.archive.org/web/20070226093607/http://img67.imageshack.us/img67/6763/bhank13xe.jpg,https://web.archive.org/web/20060519013130/http://www.runescapecommunity.com/index.php?showtopic=312122,39124,0cdb49214cefc87302db3ba3431c951bd888b3c8,,
February-22-2006-bhank2-img67.imageshack.us.jpg,official game: interface or crop,"In-game interface crop. Posted in the forum thread ""My Bank Is Better Than Yours. - Runescape Community"".",,,2006-02-22,20130217234849,http://img67.imageshack.us/img67/5395/bhank27mu.jpg,https://web.archive.org/web/20130217234849/http://img67.imageshack.us/img67/5395/bhank27mu.jpg,https://web.archive.org/web/20060519013130/http://www.runescapecommunity.com/index.php?showtopic=312122,34275,d4fac5268371635745de609dfa317cee0515cfeb,,
February-22-2006-bhank3-img67.imageshack.us.jpg,official game: interface or crop,"In-game interface crop. Posted in the forum thread ""My Bank Is Better Than Yours. - Runescape Community"".",,,2006-02-22,20130217234858,http://img67.imageshack.us/img67/1418/bhank35te.jpg,https://web.archive.org/web/20130217234858/http://img67.imageshack.us/img67/1418/bhank35te.jpg,https://web.archive.org/web/20060519013130/http://www.runescapecommunity.com/index.php?showtopic=312122,45211,ec8c660db71fcead7ab7f25d2c07d1e40e0331e6,,
February-23-2005-smithinginterface-www.runescape.com.gif,official game: interface or crop,RS2 interface crop from www.runescape.com.,,,2005-02-23,20050302192139,http://www.runescape.com:80/img/rs2/manual/smithing/smithinginterface.gif,https://web.archive.org/web/20050302192139/http://www.runescape.com:80/img/rs2/manual/smithing/smithinginterface.gif,,36940,8677601839e92eaf0d71f909528a5ea8c3d9325a,"Found by the 2026-10 manual-check re-scan (CLIP ranking, verified by eye).",
February-24-2005-watch-tower13-runecrypt.com.png,official game: interface or crop,"RS2 interface crop (dialogue, shop, book, map or level-up) from a 2004-05 fansite page (runecrypt.com:80); found by the 2001-2005 fansite re-screen",,,2005-02-24,20050301125217,http://runecrypt.com:80/images/quests/watch_tower13.PNG,https://web.archive.org/web/20050301125217/http://runecrypt.com:80/images/quests/watch_tower13.PNG,,20053,22c447aad1b7fa46e22126da6f34e2b5f4d8ec6d,,
February-24-2005-watch-tower14-runecrypt.com.png,official game: interface or crop,"RS2 interface crop (dialogue, shop, book, map or level-up) from a 2004-05 fansite page (runecrypt.com:80); found by the 2001-2005 fansite re-screen",,,2005-02-24,20050301125602,http://runecrypt.com:80/images/quests/watch_tower14.PNG,https://web.archive.org/web/20050301125602/http://runecrypt.com:80/images/quests/watch_tower14.PNG,,19667,ce7af67a03c4615d5abb2669c355bd843455002e,,
February-24-2005-watch-tower15-runecrypt.com.png,official game: interface or crop,"RS2 interface crop (dialogue, shop, book, map or level-up) from a 2004-05 fansite page (runecrypt.com:80); found by the 2001-2005 fansite re-screen",,,2005-02-24,20050301130224,http://runecrypt.com:80/images/quests/watch_tower15.PNG,https://web.archive.org/web/20050301130224/http://runecrypt.com:80/images/quests/watch_tower15.PNG,,23171,e9bedeaf4de0b9c082061f31586476a3f93fff17,,
February-24-2005-watch-tower19-runecrypt.com.png,official game: interface or crop,"RS2 interface crop (dialogue, shop, book, map or level-up) from a 2004-05 fansite page (runecrypt.com:80); found by the 2001-2005 fansite re-screen",,,2005-02-24,20050301130047,http://runecrypt.com:80/images/quests/watch_tower19.PNG,https://web.archive.org/web/20050301130047/http://runecrypt.com:80/images/quests/watch_tower19.PNG,,19718,58734e2228522d6b5fbf7d5b64d63a54acc38987,,
February-24-2005-watch-tower2-runecrypt.com.png,official game: interface or crop,RS2 interface crop from runecrypt.com.,,,2005-02-24,20050301131247,http://runecrypt.com:80/images/quests/watch_tower2.PNG,https://web.archive.org/web/20050301131247/http://runecrypt.com:80/images/quests/watch_tower2.PNG,,37953,2a5a34c973c8280d2146944cb54c5b2b7efbce48,"Found by the 2026-10 manual-check re-scan (CLIP ranking, verified by eye).",
February-24-2005-watch-tower21-runecrypt.com.png,official game: interface or crop,"RS2 interface crop (dialogue, shop, book, map or level-up) from a 2004-05 fansite page (runecrypt.com:80); found by the 2001-2005 fansite re-screen",,,2005-02-24,20050301125555,http://runecrypt.com:80/images/quests/watch_tower21.PNG,https://web.archive.org/web/20050301125555/http://runecrypt.com:80/images/quests/watch_tower21.PNG,,19884,04c12fdea606217d057d286a8f92028f0630693a,,
February-24-2005-watch-tower25-runecrypt.com.png,official game: interface or crop,"RS2 interface crop (dialogue, shop, book, map or level-up) from a 2004-05 fansite page (runecrypt.com:80); found by the 2001-2005 fansite re-screen",,,2005-02-24,20050301133326,http://runecrypt.com:80/images/quests/watch_tower25.PNG,https://web.archive.org/web/20050301133326/http://runecrypt.com:80/images/quests/watch_tower25.PNG,,18640,7158f3378ee5b46babd6b3e7fd9337465f9d5b79,,
February-24-2005-watch-tower3-runecrypt.com.png,official game: interface or crop,RS2 interface crop from runecrypt.com.,,,2005-02-24,20050301133416,http://runecrypt.com:80/images/quests/watch_tower3.PNG,https://web.archive.org/web/20050301133416/http://runecrypt.com:80/images/quests/watch_tower3.PNG,,35571,6a455f8964f6fb983f51037d8635f7b4b1caac36,"Found by the 2026-10 manual-check re-scan (CLIP ranking, verified by eye).",
February-24-2005-watch-tower32-runecrypt.com.png,official game: interface or crop,RS2 interface crop from runecrypt.com.,,,2005-02-24,20050301135450,http://runecrypt.com:80/images/quests/watch_tower32.PNG,https://web.archive.org/web/20050301135450/http://runecrypt.com:80/images/quests/watch_tower32.PNG,,37404,08f1f6250b4a67b74082bfe7e3f8353db0b92487,"Found by the 2026-10 manual-check re-scan (CLIP ranking, verified by eye).",
February-24-2005-watch-tower5-runecrypt.com.png,official game: interface or crop,"RS2 interface crop (dialogue, shop, book, map or level-up) from a 2004-05 fansite page (runecrypt.com:80); found by the 2001-2005 fansite re-screen",,,2005-02-24,20050301142049,http://runecrypt.com:80/images/quests/watch_tower5.PNG,https://web.archive.org/web/20050301142049/http://runecrypt.com:80/images/quests/watch_tower5.PNG,,21086,d11c921cdb887c0db7a844eaba413f3551d83158,,
February-25-2005-stats2-www.gamerzparadise.biz.png,official game: interface or crop,RS2 interface crop from www.gamerzparadise.biz.,,,2005-02-25,20050317130643,http://www.gamerzparadise.biz:80/big213/Stats2.PNG,https://web.archive.org/web/20050317130643/http://www.gamerzparadise.biz:80/big213/Stats2.PNG,,17675,d46ece830e22331b903ac13e6c12fde25a70c47d,"Found by the 2026-10 manual-check re-scan (CLIP ranking, verified by eye).",
February-26-2005-scroll-bottom-www.runescape.com.gif,official game: interface or crop,RS2 interface crop from www.runescape.com.,,,2005-02-26,20050305074400,http://www.runescape.com:80/img/memberbenefits/scroll-bottom.gif,https://web.archive.org/web/20050305074400/http://www.runescape.com:80/img/memberbenefits/scroll-bottom.gif,,28980,7941066d6f3e349f0576cab9cd31c2d42a4fb4c3,"Found by the 2026-10 manual-check re-scan (CLIP ranking, verified by eye).",
February-3-2005-fishingcooking-img235.exs.cx.png,official game: interface or crop,"In-game interface crop. Posted in the forum thread ""Tabbed Bank Windows - Runescape Community"".",,,2005-02-03,20060716152022,http://img235.exs.cx:80/img235/9937/fishingcooking3dn.png,https://web.archive.org/web/20060716152022/http://img235.exs.cx:80/img235/9937/fishingcooking3dn.png,https://web.archive.org/web/20060813221115/http://www.runescapecommunity.com:80/index.php?showtopic=240995,28071,0a229a928c91dfe6ff504f916ed14dec98f671de,,
February-3-2005-miningsmithingcrafting-img235.exs.cx.png,official game: interface or crop,"In-game interface crop. Posted in the forum thread ""Tabbed Bank Windows - Runescape Community"".",,,2005-02-03,20051004081817,http://img235.exs.cx:80/img235/5108/miningsmithingcrafting3qo.png,https://web.archive.org/web/20051004081817/http://img235.exs.cx:80/img235/5108/miningsmithingcrafting3qo.png,https://web.archive.org/web/20060813221115/http://www.runescapecommunity.com:80/index.php?showtopic=240995,37566,a126e99b2be0eb757e7ec965f689e82ad7074bed,,
February-4-2005-rangedxp-img.photobucket.com.jpg,official game: interface or crop,"Ranged XP tooltip crop. Posted in the forum thread ""Forum.Tip.It :: View topic - Introducing the Tipit Events Team!"".",,,2005-02-04,20190922192810,http://img.photobucket.com/albums/v627/Tizzai/rangedxp.jpg,https://web.archive.org/web/20190922192810/http://img.photobucket.com/albums/v627/Tizzai/rangedxp.jpg,https://web.archive.org/web/20050204174322/http://forum.tip.it:80/viewtopic.php?p=1035844&amp,2280,23e4fc8baadd60823307cae7f207553b5acf7c4b,,
February-6-2004-duelmenu-runescape.salmoneus.net.gif,official game: interface or crop,RS2 interface crop from runescape.salmoneus.net.,,,2004-02-06,20040216192838,http://runescape.salmoneus.net:80/images/duelmenu.gif,https://web.archive.org/web/20040216192838/http://runescape.salmoneus.net:80/images/duelmenu.gif,,4596,aef390e477229fee444c1a1a27a22eb49240530e,"Found by the 2026-10 manual-check re-scan (CLIP ranking, verified by eye).",
February-6-2004-firepic1-runescape.salmoneus.net.gif,official game: interface or crop,RS2 interface crop from runescape.salmoneus.net.,,,2004-02-06,20040216222939,http://runescape.salmoneus.net:80/images/firepic1.gif,https://web.archive.org/web/20040216222939/http://runescape.salmoneus.net:80/images/firepic1.gif,,10140,e83f4e565c02b7776ebc32d8bf3d5e9efc2bcd1b,"Found by the 2026-10 manual-check re-scan (CLIP ranking, verified by eye).",
February-6-2004-firepic2-runescape.salmoneus.net.gif,official game: interface or crop,RS2 interface crop from runescape.salmoneus.net.,,,2004-02-06,20040216224731,http://runescape.salmoneus.net:80/images/firepic2.gif,https://web.archive.org/web/20040216224731/http://runescape.salmoneus.net:80/images/firepic2.gif,,7219,4106bc623620eeb8799a91f184f42e2c5628f0a0,"Found by the 2026-10 manual-check re-scan (CLIP ranking, verified by eye).",
February-6-2004-kingroald8-small-runescape.salmoneus.net.gif,official game: interface or crop,RS2 interface crop from runescape.salmoneus.net.,,,2004-02-06,20040219192946,http://runescape.salmoneus.net:80/rune_archive/kingroald8_small.gif,https://web.archive.org/web/20040219192946/http://runescape.salmoneus.net:80/rune_archive/kingroald8_small.gif,,5632,cee1f09d3986a02b69f50aa646db0a49391f6647,"Found by the 2026-10 manual-check re-scan (CLIP ranking, verified by eye).",
February-6-2004-rssleepword-runescape.salmoneus.net.gif,official game: interface or crop,RS2 interface crop from runescape.salmoneus.net.,,,2004-02-06,20040217002431,http://runescape.salmoneus.net:80/images/rssleepword.gif,https://web.archive.org/web/20040217002431/http://runescape.salmoneus.net:80/images/rssleepword.gif,,1633,b0b9ee2b0b1119db9762363ac6cdc8b0168b040c,"Found by the 2026-10 manual-check re-scan (CLIP ranking, verified by eye).",
February-8-2004-runecraftlvl-koti.mbnet.fi.jpg,official game: interface or crop,RS2 interface/dialogue image from koti.mbnet.fi.,,,2004-02-08,20050113052256,http://koti.mbnet.fi:80/kuukke/data/runecraftlvl.JPG,https://web.archive.org/web/20050113052256/http://koti.mbnet.fi:80/kuukke/data/runecraftlvl.JPG,,11176,316ff99878c5f597dd3b2af158547b3b23673617,,
February-9-2005-oldbank1-img67.exs.cx.jpg,official game: interface or crop,"In-game interface crop. Posted in the forum thread ""Runescape Bits & Bytes :: View topic - Some more random pics"".",,,2005-02-09,20050301221436,http://img67.exs.cx:80/img67/9137/oldbank18rd.jpg,https://web.archive.org/web/20050301221436/http://img67.exs.cx:80/img67/9137/oldbank18rd.jpg,https://web.archive.org/web/20050302010606/http://rsbandb.com:80/forums/viewtopic.php?t=2969&amp,142044,d1f70e3804a729d676dd4400861d3a5d60dddc94,,
February-9-2005-oldbank4-img67.exs.cx.jpg,official game: interface or crop,"In-game interface crop. Posted in the forum thread ""Runescape Bits & Bytes :: View topic - Some more random pics"".",,,2005-02-09,20050302001901,http://img67.exs.cx:80/img67/9181/oldbank41ya.jpg,https://web.archive.org/web/20050302001901/http://img67.exs.cx:80/img67/9181/oldbank41ya.jpg,https://web.archive.org/web/20050302010606/http://rsbandb.com:80/forums/viewtopic.php?t=2969&amp,123099,3b81b6a664981f0827963aef1d622241572464a1,,
January-1-2005-tappo-koti.mbnet.fi.png,official game: interface or crop,RS2 interface crop from koti.mbnet.fi.,,,2005-01-01,20050121012346,http://koti.mbnet.fi:80/kuukke/data/tappo.PNG,https://web.archive.org/web/20050121012346/http://koti.mbnet.fi:80/kuukke/data/tappo.PNG,,34890,1749bdbc19654271a1bbce94da4a3c65a879ff1f,"Found by the 2026-10 manual-check re-scan (CLIP ranking, verified by eye).",
January-11-2006-new-msgs-img.photobucket.com.png,official game: interface or crop,"'You have X new messages' login text. Posted in the forum thread ""Offline Messaging - Runescape Community"".",,,2006-01-11,20120618182928,http://img.photobucket.com/albums/v40/joeking/new_msgs.png,https://web.archive.org/web/20120618182928/http://img.photobucket.com/albums/v40/joeking/new_msgs.png,https://web.archive.org/web/20061030125325/http://www.runescapecommunity.com/index.php?showtopic=463883,1588,bd585ce445ea741d5178c6c433da62ef7aa05371,,
January-13-2006-guideinven-img492.imageshack.us.png,official game: interface or crop,"In-game interface crop. Posted in the forum thread ""Pay Per Kill's Godly Runecrafting Guide - Runescape Community"".",,,2006-01-13,20130115125848,http://img492.imageshack.us/img492/2263/guideinven2ph.png,https://web.archive.org/web/20130115125848/http://img492.imageshack.us/img492/2263/guideinven2ph.png,https://web.archive.org/web/20060519004959/http://www.runescapecommunity.com/index.php?showtopic=465162,32688,dc1906636d430e662083e8189ae21c2fb4b76604,,
January-18-2005-dbaxetake-img51.exs.cx.jpg,official game: interface or crop,"In-game interface crop. Posted in the forum thread ""Runescape Community -> The Karamja Dungeon"".",,,2005-01-18,20051016111931,http://img51.exs.cx:80/img51/5844/dbaxetake4kl.jpg,https://web.archive.org/web/20051016111931/http://img51.exs.cx:80/img51/5844/dbaxetake4kl.jpg,https://web.archive.org/web/20050418164653/http://www.runescapecommunity.com:80/index.php?showtopic=246599,140508,3e69f0253eb30ab11253886291ef13cb53835496,,
January-18-2005-karam1-img145.exs.cx.png,official game: interface or crop,"In-game interface crop. Posted in the forum thread ""Runescape Community -> The Karamja Dungeon"".",,,2005-01-18,20051120075422,http://img145.exs.cx:80/img145/4493/karam14nk.png,https://web.archive.org/web/20051120075422/http://img145.exs.cx:80/img145/4493/karam14nk.png,https://web.archive.org/web/20050418164653/http://www.runescapecommunity.com:80/index.php?showtopic=246599,141145,048821a744e3910fa5a6567c78d584f41f092774,,
January-18-2005-map2-img60.exs.cx.png,official game: interface or crop,"In-game interface crop. Posted in the forum thread ""Runescape Community -> The Karamja Dungeon"".",,,2005-01-18,20051016105255,http://img60.exs.cx:80/img60/4338/map28xw.png,https://web.archive.org/web/20051016105255/http://img60.exs.cx:80/img60/4338/map28xw.png,https://web.archive.org/web/20050418164653/http://www.runescapecommunity.com:80/index.php?showtopic=246599,60030,d40327d75cc6987c256fc7a11c59e564d4e1b586,,
January-24-2007-woodcutting-level-88-message-img295.imageshack.us.png,official game: interface or crop,In-game interface crop: woodcutting level 88 message.,,,2007-01-24,20070128010943,http://img295.imageshack.us:80/img295/4834/runescape88wcing0sp.png,https://web.archive.org/web/20070128010943/http://img295.imageshack.us:80/img295/4834/runescape88wcing0sp.png,,24147,85e15c538b272c221453404fccfd7d5acc9c74d7,,
January-26-2005-diamond-img179.exs.cx.jpg,official game: interface or crop,"In-game interface crop. Posted in the forum thread """"The Rest"" Compilation - Runescape Community"".",,,2005-01-26,20051120073548,http://img179.exs.cx:80/img179/2426/diamond3nu.jpg,https://web.archive.org/web/20051120073548/http://img179.exs.cx:80/img179/2426/diamond3nu.jpg,https://web.archive.org/web/20061030114144/http://www.runescapecommunity.com/index.php?showtopic=413649,3740,c4ad35c15843fe5d9de93e779d385d559e294e06,,
January-26-2005-dragonstone-img170.exs.cx.jpg,official game: interface or crop,"In-game interface crop. Posted in the forum thread """"The Rest"" Compilation - Runescape Community"".",,,2005-01-26,20051120082156,http://img170.exs.cx:80/img170/2813/dragonstone6at.jpg,https://web.archive.org/web/20051120082156/http://img170.exs.cx:80/img170/2813/dragonstone6at.jpg,https://web.archive.org/web/20061030114144/http://www.runescapecommunity.com/index.php?showtopic=413649,4352,d8d8794f93842dde49c63cb5fae710d157884da1,,
January-26-2005-emerald-img170.exs.cx.jpg,official game: interface or crop,"In-game interface crop. Posted in the forum thread """"The Rest"" Compilation - Runescape Community"".",,,2005-01-26,20051120074924,http://img170.exs.cx:80/img170/4496/emerald1mf.jpg,https://web.archive.org/web/20051120074924/http://img170.exs.cx:80/img170/4496/emerald1mf.jpg,https://web.archive.org/web/20061030114144/http://www.runescapecommunity.com/index.php?showtopic=413649,4118,59a1b90247c6c6180af69fea0a085f01984a9a1c,,
January-26-2005-jewelrywindow-img170.exs.cx.jpg,official game: interface or crop,"In-game interface crop. Posted in the forum thread """"The Rest"" Compilation - Runescape Community"".",,,2005-01-26,20051120083207,http://img170.exs.cx:80/img170/4905/jewelrywindow8im.jpg,https://web.archive.org/web/20051120083207/http://img170.exs.cx:80/img170/4905/jewelrywindow8im.jpg,https://web.archive.org/web/20061030114144/http://www.runescapecommunity.com/index.php?showtopic=413649,46617,272aa8c10829b26803af3e69aad4b6401c24afc7,,
January-26-2005-ruby-img170.exs.cx.jpg,official game: interface or crop,"In-game interface crop. Posted in the forum thread """"The Rest"" Compilation - Runescape Community"".",,,2005-01-26,20051120072130,http://img170.exs.cx:80/img170/2750/ruby0ou.jpg,https://web.archive.org/web/20051120072130/http://img170.exs.cx:80/img170/2750/ruby0ou.jpg,https://web.archive.org/web/20061030114144/http://www.runescapecommunity.com/index.php?showtopic=413649,4207,53f3a395370bb2694c10f79c255e6c180ce8d3c7,,
January-26-2005-sapphire-img170.exs.cx.jpg,official game: interface or crop,"In-game interface crop. Posted in the forum thread """"The Rest"" Compilation - Runescape Community"".",,,2005-01-26,20051120080337,http://img170.exs.cx:80/img170/8822/sapphire0zb.jpg,https://web.archive.org/web/20051120080337/http://img170.exs.cx:80/img170/8822/sapphire0zb.jpg,https://web.archive.org/web/20061030114144/http://www.runescapecommunity.com/index.php?showtopic=413649,4076,c864d2666fe54314276002871ab9cf75bdf63eab,,
January-26-2005-string-img169.exs.cx.jpg,official game: interface or crop,"In-game interface crop. Posted in the forum thread """"The Rest"" Compilation - Runescape Community"".",,,2005-01-26,20051120073657,http://img169.exs.cx:80/img169/6504/string0wk.jpg,https://web.archive.org/web/20051120073657/http://img169.exs.cx:80/img169/6504/string0wk.jpg,https://web.archive.org/web/20061030114144/http://www.runescapecommunity.com/index.php?showtopic=413649,2257,f110867d4c6e9c844dbcddeed1e6a1b50b31aae5,,
January-28-2004-crafting2-www.runescape.com.gif,official game: interface or crop,RS2 interface crop from www.runescape.com.,,,2004-01-28,20040204174526,http://www.runescape.com:80/mod/image/manual/crafting2.gif,https://web.archive.org/web/20040204174526/http://www.runescape.com:80/mod/image/manual/crafting2.gif,,12898,3acc36438118761aec2683d69bc7fdc550e856fa,"Found by the 2026-10 manual-check re-scan (CLIP ranking, verified by eye).",
January-28-2005-103-img.photobucket.com.gif,official game: interface or crop,"Right-click menu crop. Posted in the forum thread ""Pictures of Famous People Go Here"".",,,2005-01-28,20130618034106,http://img.photobucket.com/albums/v332/KingKulla/103.gif,https://web.archive.org/web/20130618034106/http://img.photobucket.com/albums/v332/KingKulla/103.gif,https://web.archive.org/web/20060310113259/http://forums.rsbandb.com:80/viewtopic.php?t=1345,3732,85fa2da61114094bfa751d76629a2854e7635649,,
January-28-2005-2100s-img.photobucket.com.gif,official game: interface or crop,"Right-click menu crop. Posted in the forum thread ""Pictures of Famous People Go Here"".",,,2005-01-28,20130618034106,http://img.photobucket.com/albums/v332/KingKulla/2100s.gif,https://web.archive.org/web/20130618034106/http://img.photobucket.com/albums/v332/KingKulla/2100s.gif,https://web.archive.org/web/20060310113259/http://forums.rsbandb.com:80/viewtopic.php?t=1345,5006,dd650e2ec4c578b672eb3861150e808bad6eb017,,
January-3-2005-alredyn-kamat-koti.mbnet.fi.png,official game: interface or crop,RS2 interface crop from koti.mbnet.fi.,,,2005-01-03,20050422210054,http://koti.mbnet.fi:80/toni2/data/alredyn%20kamat.PNG,https://web.archive.org/web/20050422210054/http://koti.mbnet.fi:80/toni2/data/alredyn%20kamat.PNG,,75744,435032f2d99ba18171b239388523ae38bbd6e614,"Found by the 2026-10 manual-check re-scan (CLIP ranking, verified by eye).",
January-3-2005-bisneksi-koti.mbnet.fi.png,official game: interface or crop,RS2 interface crop from koti.mbnet.fi.,,,2005-01-03,20050422203320,http://koti.mbnet.fi:80/toni2/data/bisneksi%e4.PNG,https://web.archive.org/web/20050422203320/http://koti.mbnet.fi:80/toni2/data/bisneksi%e4.PNG,,30639,8506b432e1faf7eb7339beb1aaf481186658ccd1,"Found by the 2026-10 manual-check re-scan (CLIP ranking, verified by eye).",
January-3-2005-ignore-full-koti.mbnet.fi.png,official game: interface or crop,RS2 interface crop from koti.mbnet.fi.,,,2005-01-03,20050422204610,http://koti.mbnet.fi:80/toni2/data/Ignore%20full.PNG,https://web.archive.org/web/20050422204610/http://koti.mbnet.fi:80/toni2/data/Ignore%20full.PNG,,15818,617a37eb224e8ee5110e432302d83a99106dbf4e,"Found by the 2026-10 manual-check re-scan (CLIP ranking, verified by eye).",
January-3-2005-robindonthack-img136.exs.cx.jpg,official game: interface or crop,"In-game interface crop. Posted in the forum thread ""Runescape Bits & Bytes :: View topic - WoW"".",,,2005-01-03,20050131060646,http://img136.exs.cx:80/img136/718/robindonthack8ef.jpg,https://web.archive.org/web/20050131060646/http://img136.exs.cx:80/img136/718/robindonthack8ef.jpg,https://web.archive.org/web/20050117051540/http://www.rsbandb.com:80/forums/viewtopic.php?t=107&amp,10710,fd1d691dbdd3e16d852306d3ed36c8352aba1b09,,
January-3-2005-runet-koti.mbnet.fi.png,official game: interface or crop,RS2 interface crop from koti.mbnet.fi.,,,2005-01-03,20050422200230,http://koti.mbnet.fi:80/toni2/data/runet.PNG,https://web.archive.org/web/20050422200230/http://koti.mbnet.fi:80/toni2/data/runet.PNG,,10314,4ef5c68e6f18740e8424c6fb582eac5845893670,"Found by the 2026-10 manual-check re-scan (CLIP ranking, verified by eye).",
January-30-2005-drop2-img154.exs.cx.png,official game: interface or crop,"In-game interface crop. Posted in the forum thread ""RuneHQ -> Rune Masters Rs Help Site Release! 2 Drop Parties!"".",,,2005-01-30,20050210011035,http://img154.exs.cx:80/img154/7808/drop22lv.png,https://web.archive.org/web/20050210011035/http://img154.exs.cx:80/img154/7808/drop22lv.png,https://web.archive.org/web/20050208030922/http://www.runehq.com:80/RHQInn/index.php?showtopic=65531,35933,6a91edc61fc3afdc134a40af10ca0d2ef9f08631,,
January-30-2005-taverly-5-runecrypt.com.jpg,official game: interface or crop,"RS2 interface crop (dialogue, shop, book, map or level-up) from a 2004-05 fansite page (www.runecrypt.com:80); found by the 2001-2005 fansite re-screen",,,2005-01-30,20050221224224,http://www.runecrypt.com:80/images/tour/taverly_5.jpg,https://web.archive.org/web/20050221224224/http://www.runecrypt.com:80/images/tour/taverly_5.jpg,,12058,2fa6ed5a9209dc0a6d007892c8a31f484090e1c5,,
January-30-2006-iownpaul-img219.imageshack.us.png,official game: interface or crop,"In-game interface crop. Posted in the forum thread ""Runesquares, Harpie Bugs And New Potato Recipes! - Runescape Community"".",,,2006-01-30,20060304200057,http://img219.imageshack.us/img219/327/iownpaul8fx.png,https://web.archive.org/web/20060304200057/http://img219.imageshack.us/img219/327/iownpaul8fx.png,https://web.archive.org/web/20060219193743/http://www.runescapecommunity.com:80/index.php?showtopic=475072,36165,c4606a6ff6d401d2cbd576d8856ef7eeee0b4255,,
January-31-2006-screwedupnote5ov-th-img55.imageshack.us.png,official game: interface or crop,"In-game interface crop. Posted in the forum thread ""Bug Screenshot Submission - Runescape Community"".",,,2006-01-31,20060301040741,http://img55.imageshack.us/img55/2669/screwedupnote5ov.th.png,https://web.archive.org/web/20060301040741/http://img55.imageshack.us/img55/2669/screwedupnote5ov.th.png,https://web.archive.org/web/20060219193953/http://www.runescapecommunity.com:80/index.php?showtopic=475573&amp;view=getnewpost,3429,d395e326d466f1ed112e6e8e769b4a94fad40220,,
January-5-2005-ohosepalo-koti.mbnet.fi.png,official game: interface or crop,RS2 interface crop from koti.mbnet.fi.,,,2005-01-05,20050129211742,http://koti.mbnet.fi:80/kuukke/data/ohosepalo.PNG,https://web.archive.org/web/20050129211742/http://koti.mbnet.fi:80/kuukke/data/ohosepalo.PNG,,26447,f4dcdbca05513ddd1b17ee20d1df122605df65b1,"Found by the 2026-10 manual-check re-scan (CLIP ranking, verified by eye).",
January-5-2005-rangeguildminimap-runehq.com.gif,official game: interface or crop,RS2 interface crop from runehq.com.,,,2005-01-05,20050228163325,http://runehq.com:80/images/guildguides/range/rangeguildminimap.gif,https://web.archive.org/web/20050228163325/http://runehq.com:80/images/guildguides/range/rangeguildminimap.gif,,16691,d6a99c7f36411bac545096595e9498b7e2618dd3,"Found by the 2026-10 manual-check re-scan (CLIP ranking, verified by eye).",
January-6-2005-clue33-koti.mbnet.fi.png,official game: interface or crop,RS2 interface crop from koti.mbnet.fi.,,,2005-01-06,20050113045644,http://koti.mbnet.fi:80/kuukke/data/clue33.PNG,https://web.archive.org/web/20050113045644/http://koti.mbnet.fi:80/kuukke/data/clue33.PNG,,29002,130c29128232e3ac16d4a2e9d944f476fa1eeebf,"Found by the 2026-10 manual-check re-scan (CLIP ranking, verified by eye).",
January-7-2005-clue34-koti.mbnet.fi.png,official game: interface or crop,RS2 interface crop from koti.mbnet.fi.,,,2005-01-07,20050113045647,http://koti.mbnet.fi:80/kuukke/data/clue34.PNG,https://web.archive.org/web/20050113045647/http://koti.mbnet.fi:80/kuukke/data/clue34.PNG,,22878,c1b9ebcf42d8e0302e4d7e67c5ca0f2604b8aad4,"Found by the 2026-10 manual-check re-scan (CLIP ranking, verified by eye).",
January-9-2005-clue6-koti.mbnet.fi.png,official game: interface or crop,RS2 interface crop from koti.mbnet.fi.,,,2005-01-09,20050128133054,http://koti.mbnet.fi:80/kuukke/data/clue6.PNG,https://web.archive.org/web/20050128133054/http://koti.mbnet.fi:80/kuukke/data/clue6.PNG,,18982,c68efbd53295bc3ec8d525ecd28fcb8a63366f9f,"Found by the 2026-10 manual-check re-scan (CLIP ranking, verified by eye).",
July-10-2004-verikoira1lolled-koti.mbnet.fi.png,official game: interface or crop,RS2 interface crop from koti.mbnet.fi.,,,2004-07-10,20050122211233,http://koti.mbnet.fi:80/kuukke/data/verikoira1lolled.PNG,https://web.archive.org/web/20050122211233/http://koti.mbnet.fi:80/kuukke/data/verikoira1lolled.PNG,,12181,7caa2b8fedfde6c608c0ed8a34bdd1f363d7b06b,"Found by the 2026-10 manual-check re-scan (CLIP ranking, verified by eye).",
July-10-2005-1-runeweb.net.gif,official game: interface or crop,RS2 interface crop from runeweb.net.,,,2005-07-10,20051224000411,http://runeweb.net:80/rathofdoom/quests/piratestreasure/1.gif,https://web.archive.org/web/20051224000411/http://runeweb.net:80/rathofdoom/quests/piratestreasure/1.gif,,10927,fca0f09e10acfdfb17e4de7ab86b30c3ec9a5a33,"Found by the 2026-10 manual-check re-scan (CLIP ranking, verified by eye).",
July-10-2005-3-runeweb.net.gif,official game: interface or crop,RS2 interface crop from runeweb.net.,,,2005-07-10,20051224000512,http://runeweb.net:80/rathofdoom/quests/piratestreasure/3.gif,https://web.archive.org/web/20051224000512/http://runeweb.net:80/rathofdoom/quests/piratestreasure/3.gif,,6243,dcec0be66b006bb20cbbf2851165fb8722d9e079,"Found by the 2026-10 manual-check re-scan (CLIP ranking, verified by eye).",
July-10-2005-6-runeweb.net.gif,official game: interface or crop,RS2 interface crop from runeweb.net.,,,2005-07-10,20051224000630,http://runeweb.net:80/rathofdoom/quests/piratestreasure/6.gif,https://web.archive.org/web/20051224000630/http://runeweb.net:80/rathofdoom/quests/piratestreasure/6.gif,,8958,647dcbc55b0d96ee52ce103d263d3be34d799d3e,"Found by the 2026-10 manual-check re-scan (CLIP ranking, verified by eye).",
July-10-2005-7-runeweb.net.gif,official game: interface or crop,RS2 interface crop from runeweb.net.,,,2005-07-10,20051224000708,http://runeweb.net:80/rathofdoom/quests/piratestreasure/7.gif,https://web.archive.org/web/20051224000708/http://runeweb.net:80/rathofdoom/quests/piratestreasure/7.gif,,9772,bb723e2a3e2c8c3ed047cd6dd2b238fc0c2255ba,"Found by the 2026-10 manual-check re-scan (CLIP ranking, verified by eye).",
July-10-2006-1zg9w0o-i6.tinypic.com.png,official game: interface or crop,RS2 interface crop from i6.tinypic.com.,,,2006-07-10,20060905163503,http://i6.tinypic.com/1zg9w0o.png,https://web.archive.org/web/20060905163503/http://i6.tinypic.com/1zg9w0o.png,,20912,38e2172981d7a305d5510095bf1f40a0ade99bd8,"Found by the 2026-10 manual-check re-scan (CLIP ranking, verified by eye).",
July-11-2004-gnome2-runehq.com.gif,official game: interface or crop,RS2 interface crop from runehq.com.,,,2004-07-11,20041212230031,http://runehq.com:80/images/skillguides/agility/gnome2.gif,https://web.archive.org/web/20041212230031/http://runehq.com:80/images/skillguides/agility/gnome2.gif,,7040,135266c6e4b0cc007d62ed6ef033d83e1a196fd6,"Found by the 2026-10 manual-check re-scan (CLIP ranking, verified by eye).",
July-11-2004-thieving01-www.runecrypt.com.gif,official game: interface or crop,RS2 interface crop from www.runecrypt.com.,,,2004-07-11,20050110070029,http://www.runecrypt.com:80/images/guides/thieving01.gif,https://web.archive.org/web/20050110070029/http://www.runecrypt.com:80/images/guides/thieving01.gif,,1831,bf5720df0d2d4feca0bfa207b1a650218c184729,"Found by the 2026-10 manual-check re-scan (CLIP ranking, verified by eye).",
July-11-2004-thieving02-www.runecrypt.com.gif,official game: interface or crop,RS2 interface crop from www.runecrypt.com.,,,2004-07-11,20050110072424,http://www.runecrypt.com:80/images/guides/thieving02.gif,https://web.archive.org/web/20050110072424/http://www.runecrypt.com:80/images/guides/thieving02.gif,,1349,6bc018c35fc09b2b603914f362b1a2a294b7e394,"Found by the 2026-10 manual-check re-scan (CLIP ranking, verified by eye).",
July-11-2004-thieving03-www.runecrypt.com.gif,official game: interface or crop,RS2 interface crop from www.runecrypt.com.,,,2004-07-11,20050110073935,http://www.runecrypt.com:80/images/guides/thieving03.gif,https://web.archive.org/web/20050110073935/http://www.runecrypt.com:80/images/guides/thieving03.gif,,1163,8b1ee6b8ecf952b7f43f667df6392bdeea9220f5,"Found by the 2026-10 manual-check re-scan (CLIP ranking, verified by eye).",
July-11-2004-thieving04-www.runecrypt.com.gif,official game: interface or crop,RS2 interface crop from www.runecrypt.com.,,,2004-07-11,20050110061746,http://www.runecrypt.com:80/images/guides/thieving04.gif,https://web.archive.org/web/20050110061746/http://www.runecrypt.com:80/images/guides/thieving04.gif,,1437,28c6ca451e366dc7b87a1e973e893deb74b5db19,"Found by the 2026-10 manual-check re-scan (CLIP ranking, verified by eye).",
July-11-2004-tips-1copy-img24.exs.cx.gif,official game: interface or crop,"In-game interface crop. Posted in the forum thread ""Runescape Community -> Guide To Crafting"".",,,2004-07-11,20040823132527,http://img24.exs.cx:80/img24/3815/tips-1copy.gif,https://web.archive.org/web/20040823132527/http://img24.exs.cx:80/img24/3815/tips-1copy.gif,https://web.archive.org/web/20040821134419/http://www.runescapecommunity.com:80/index.php?showtopic=154891,23809,e4126b3045889e7b166e7810ee8386e3da590468,,
July-11-2004-tips-2copy-img22.exs.cx.gif,official game: interface or crop,"In-game interface crop. Posted in the forum thread ""Runescape Community -> Guide To Crafting"".",,,2004-07-11,20040823132024,http://img22.exs.cx:80/img22/1954/tips-2copy.gif,https://web.archive.org/web/20040823132024/http://img22.exs.cx:80/img22/1954/tips-2copy.gif,https://web.archive.org/web/20040821134419/http://www.runescapecommunity.com:80/index.php?showtopic=154891,23937,d1387436e842f4ac45beaac8b54a59e3f8dfda7d,,
July-11-2006-1znlezc-i6.tinypic.com.png,official game: interface or crop,RS2 interface crop from i6.tinypic.com.,,,2006-07-11,20060905222319,http://i6.tinypic.com/1znlezc.png,https://web.archive.org/web/20060905222319/http://i6.tinypic.com/1znlezc.png,,25950,3799123087877c7de55682038ec89bda3d8f8818,"Found by the 2026-10 manual-check re-scan (CLIP ranking, verified by eye).",
July-11-2006-1znn40g-i2.tinypic.com.png,official game: interface or crop,RS2 interface crop from i2.tinypic.com.,,,2006-07-11,20060919001302,http://i2.tinypic.com/1znn40g.png,https://web.archive.org/web/20060919001302/http://i2.tinypic.com/1znn40g.png,,81485,2039dc2d76c0ed87ab3bbe7b25487e603b112eb7,"Found by the 2026-10 manual-check re-scan (CLIP ranking, verified by eye).",
July-11-2006-input-www.runehq.com.gif,official game: interface or crop,RS2 interface crop from www.runehq.com.,,,2006-07-11,20071107075757,http://www.runehq.com/image/quests/p2p/afairytaleparttwo/input.gif,https://web.archive.org/web/20071107075757/http://www.runehq.com/image/quests/p2p/afairytaleparttwo/input.gif,,30746,a56f81ec454e3a3ab88422a5c1a749a1523d790b,"Found by the 2026-10 manual-check re-scan (CLIP ranking, verified by eye).",
July-12-2004-sale-img35.exs.cx.png,official game: interface or crop,"In-game interface crop. Posted in the forum thread ""RuneHQ.com :: View topic - Selling some good stuff +pic LOOK!!!!!"".",,,2004-07-12,20040823140619,http://img35.exs.cx:80/img35/1319/Sale.png,https://web.archive.org/web/20040823140619/http://img35.exs.cx:80/img35/1319/Sale.png,https://web.archive.org/web/20040824085118/http://www.runehq.com:80/TheInn/viewtopic.php?t=58102&amp,25737,4de028d2a72d4badc7bba1033045d65473066a01,,
July-13-2004-runecrafting-img47.exs.cx.jpg,official game: interface or crop,"RS2 interface crop (dialogue, shop, book, map or level-up) posted to a 2004-05 fansite forum thread; found by the 2001-2005 fansite re-screen",,,2004-07-13,20040823134302,http://img47.exs.cx:80/img47/185/runecrafting.jpg,https://web.archive.org/web/20040823134302/http://img47.exs.cx:80/img47/185/runecrafting.jpg,,12545,ebc9642417b1b54bbe2d1e9104242442cecb5abf,,
July-15-2004-5869-img14.exs.cx.jpg,official game: interface or crop,"In-game interface crop. Posted in the forum thread ""RuneHQ.com :: View topic - Few Stake Wins"".",,,2004-07-15,20040828031722,http://img14.exs.cx:80/img14/6403/5869.jpg,https://web.archive.org/web/20040828031722/http://img14.exs.cx:80/img14/6403/5869.jpg,https://web.archive.org/web/20040904004714/http://www.runehq.com:80/TheInn/viewtopic.php?t=59261&amp,16813,351da42809a873d9626f1a162cebcd63d37d5fa9,,
July-15-2004-ultrabank-img9.exs.cx.png,official game: interface or crop,RS2 interface crop from img9.exs.cx.,,,2004-07-15,20060522054614,http://img9.exs.cx/img9/7381/ULTRABANK.png,https://web.archive.org/web/20060522054614/http://img9.exs.cx/img9/7381/ULTRABANK.png,,135614,dac00ac9aed7502c12ab0fd0756c8c85f624423a,"Found by the 2026-10 manual-check re-scan (CLIP ranking, verified by eye).",
July-16-2004-bank110604-koti.mbnet.fi.png,official game: interface or crop,RS2 interface crop from koti.mbnet.fi.,,,2004-07-16,20041205213845,http://koti.mbnet.fi:80/toni2/data/bank110604.PNG,https://web.archive.org/web/20041205213845/http://koti.mbnet.fi:80/toni2/data/bank110604.PNG,,48904,b20855a67a762c57362f765bca72a4f89327f03a,"Found by the 2026-10 manual-check re-scan (CLIP ranking, verified by eye).",
July-16-2004-clue1-koti.mbnet.fi.png,official game: interface or crop,RS2 interface crop from koti.mbnet.fi.,,,2004-07-16,20040821232856,http://koti.mbnet.fi:80/toni2/data/clue1.PNG,https://web.archive.org/web/20040821232856/http://koti.mbnet.fi:80/toni2/data/clue1.PNG,,22742,384f2f02ad725adea8cf3df6f0f716ecab060540,"Found by the 2026-10 manual-check re-scan (CLIP ranking, verified by eye).",
July-16-2004-neekeri-koti.mbnet.fi.png,official game: interface or crop,RS2 interface/dialogue image from koti.mbnet.fi.,,,2004-07-16,20040825222426,http://koti.mbnet.fi:80/kuukke/data/Neekeri.PNG,https://web.archive.org/web/20040825222426/http://koti.mbnet.fi:80/kuukke/data/Neekeri.PNG,,16681,d010a2c801502cbcb7c791de07ef5cbcea92b34e,,
July-16-2004-stats1-koti.mbnet.fi.png,official game: interface or crop,RS2 interface crop from koti.mbnet.fi.,,,2004-07-16,20040821232859,http://koti.mbnet.fi:80/toni2/data/stats1.PNG,https://web.archive.org/web/20040821232859/http://koti.mbnet.fi:80/toni2/data/stats1.PNG,,18220,5f618ca81690300c1f9684b8ab0c9deba7f12f46,"Found by the 2026-10 manual-check re-scan (CLIP ranking, verified by eye).",
July-17-2006-openedkitmw5-img48.imageshack.us.png,official game: interface or crop,RS2 interface crop from img48.imageshack.us.,,,2006-07-17,20060905183033,http://img48.imageshack.us/img48/5556/openedkitmw5.png,https://web.archive.org/web/20060905183033/http://img48.imageshack.us/img48/5556/openedkitmw5.png,,20924,acb4f0e513baac077d8778d76b18da70533be769,"Found by the 2026-10 manual-check re-scan (CLIP ranking, verified by eye).",
July-17-2006-partiallyoccupiedopenkitzl9-img48.imageshack.us.png,official game: interface or crop,RS2 interface crop from img48.imageshack.us.,,,2006-07-17,20060905184554,http://img48.imageshack.us/img48/8819/partiallyoccupiedopenkitzl9.png,https://web.archive.org/web/20060905184554/http://img48.imageshack.us/img48/8819/partiallyoccupiedopenkitzl9.png,,30834,6e6b3be9846a2be7cf9e3fbc7a6f2bc36360aa2c,"Found by the 2026-10 manual-check re-scan (CLIP ranking, verified by eye).",
July-2-2005-rsrecruitment14-runevillage.com.gif,official game: interface or crop,RS2 interface crop from runevillage.com.,,,2005-07-02,20051215225449,http://runevillage.com:80/images/rsRecruitment14.gif,https://web.archive.org/web/20051215225449/http://runevillage.com:80/images/rsRecruitment14.gif,,16013,fe602a441325fcb96b6c2e429d0785f6c4689a8b,"Found by the 2026-10 manual-check re-scan (CLIP ranking, verified by eye).",
July-20-2004-jaahas-koti.mbnet.fi.png,official game: interface or crop,RS2 interface crop from koti.mbnet.fi.,,,2004-07-20,20041130054006,http://koti.mbnet.fi:80/kuukke/data/jaahas.PNG,https://web.archive.org/web/20041130054006/http://koti.mbnet.fi:80/kuukke/data/jaahas.PNG,,139621,4251842327cc0d7388250269f1571e04b5519305,"Found by the 2026-10 manual-check re-scan (CLIP ranking, verified by eye).",
July-20-2005-greendragmap1xh-img133.imageshack.us.png,official game: interface or crop,"In-game interface crop. Posted in the forum thread ""Make 10m Gp+ A Week Easily - Runescape Community"".",,,2005-07-20,20060111121921,http://img133.imageshack.us/img133/2216/greendragmap1xh3bq.png,https://web.archive.org/web/20060111121921/http://img133.imageshack.us/img133/2216/greendragmap1xh3bq.png,https://web.archive.org/web/20051030174608/http://www.runescapecommunity.com:80/index.php?showtopic=362182&amp;view=getnewpost,135468,fc2159039907d37a50888b78399555639654d420,,
July-21-2004-cannonballs1-img48.exs.cx.png,official game: interface or crop,"In-game interface crop. Posted in the forum thread ""Runescape Community -> Deathswords Guide To The Cannon"".",,,2004-07-21,20040727050826,http://img48.exs.cx:80/img48/9964/cannonballs1.png,https://web.archive.org/web/20040727050826/http://img48.exs.cx:80/img48/9964/cannonballs1.png,https://web.archive.org/web/20040821133710/http://www.runescapecommunity.com:80/index.php?showtopic=159464,3132,843e2b7ffba771de96319a51f1da15536b291e37,,
July-21-2004-fourcannonparts-img2.exs.cx.png,official game: interface or crop,"In-game interface crop. Posted in the forum thread ""Runescape Community -> Deathswords Guide To The Cannon"".",,,2004-07-21,20051120081809,http://img2.exs.cx:80/img2/4712/fourcannonparts.png,https://web.archive.org/web/20051120081809/http://img2.exs.cx:80/img2/4712/fourcannonparts.png,https://web.archive.org/web/20040821133710/http://www.runescapecommunity.com:80/index.php?showtopic=159464,3372,7a4a1c804c39bda48940e62c7886f86c7d3b0e66,,
July-21-2004-ranged-75-levelup-dialogue-img42.exs.cx.jpg,official game: interface or crop,"Ranged level 75 level-up message, embedded in a Jul 2004 fansite forum post (exs.cx)",,,2004-07-21,20040728201841,http://img42.exs.cx/img42/5871/75range2.jpg,https://web.archive.org/web/20040728201841/http://img42.exs.cx/img42/5871/75range2.jpg,,19786,1e08a4acaacc37258dd4fe473645ca3d318559c8,,
July-23-2004-004-img38.exs.cx.png,official game: interface or crop,"In-game interface crop. Posted in the forum thread ""Runescape Community -> Some Duels Pks And A Bank Pic"".",,,2004-07-23,20040823132636,http://img38.exs.cx:80/img38/8733/004.png,https://web.archive.org/web/20040823132636/http://img38.exs.cx:80/img38/8733/004.png,https://web.archive.org/web/20040821135256/http://www.runescapecommunity.com:80/index.php?showtopic=160282,53030,2d42f04448e6eeae739f3366b212ca7b30bc0be0,,
July-23-2004-069-img38.exs.cx.png,official game: interface or crop,"In-game interface crop. Posted in the forum thread ""Runescape Community -> Some Duels Pks And A Bank Pic"".",,,2004-07-23,20040823132851,http://img38.exs.cx:80/img38/5442/069.png,https://web.archive.org/web/20040823132851/http://img38.exs.cx:80/img38/5442/069.png,https://web.archive.org/web/20040821135256/http://www.runescapecommunity.com:80/index.php?showtopic=160282,6302,1ceae5d5f3c270d2841cc33546b2ada53e0052fc,,
July-23-2004-invisale-koti.mbnet.fi.png,official game: interface or crop,RS2 interface crop from koti.mbnet.fi.,,,2004-07-23,20040814222312,http://koti.mbnet.fi:80/kuukke/data/InviSale.PNG,https://web.archive.org/web/20040814222312/http://koti.mbnet.fi:80/kuukke/data/InviSale.PNG,,12614,b506c2519347654f120489adf3fa36a2ccc82e74,"Found by the 2026-10 manual-check re-scan (CLIP ranking, verified by eye).",
July-23-2005-rsslayer6-runevillage.com.gif,official game: interface or crop,RS2 interface crop from runevillage.com.,,,2005-07-23,20051215184109,http://runevillage.com:80/images/rsSlayer6.gif,https://web.archive.org/web/20051215184109/http://runevillage.com:80/images/rsSlayer6.gif,,32900,1702910f82d1c37094981071f9b6deacea11ecc8,"Found by the 2026-10 manual-check re-scan (CLIP ranking, verified by eye).",
July-24-2004-mage-long-koti.mbnet.fi.jpg,official game: interface or crop,RS2 interface/dialogue image from koti.mbnet.fi.,,,2004-07-24,20040926123443,http://koti.mbnet.fi:80/tarpuqqa/mage%20long.JPG,https://web.archive.org/web/20040926123443/http://koti.mbnet.fi:80/tarpuqqa/mage%20long.JPG,,12004,f60f85565156c50e34c63a13482f60caa16007d2,,
July-24-2004-ultimaterunekill-img10.exs.cx.gif,official game: interface or crop,"Right-click menu crop. Posted in the forum thread ""Runescape Community -> Ownage In Level 2"".",,,2004-07-24,20040823133848,http://img10.exs.cx:80/img10/6348/ultimaterunekill.gif,https://web.archive.org/web/20040823133848/http://img10.exs.cx:80/img10/6348/ultimaterunekill.gif,https://web.archive.org/web/20040821133759/http://www.runescapecommunity.com:80/index.php?showtopic=160849,294529,48fb3534dc98d9534b552f234c3bbc09e12b5adb,,
July-28-2004-pay-img55.exs.cx.png,official game: interface or crop,"In-game interface crop. Posted in the forum thread ""Runescape Community -> Guide To Brimhaven Agility!"".",,,2004-07-28,20040823142321,http://img55.exs.cx:80/img55/4286/Pay.png,https://web.archive.org/web/20040823142321/http://img55.exs.cx:80/img55/4286/Pay.png,https://web.archive.org/web/20040821134314/http://www.runescapecommunity.com:80/index.php?showtopic=162417,2410,3d8d1e9d14d6913899a30ee51749578218167e20,,
July-29-2005-emis815-frick-server2.uploadit.org.jpg,official game: interface or crop,RS2 interface/dialogue image from server2.uploadit.org.,,,2005-07-29,20051108204923,http://server2.uploadit.org:80/files/emis815-frick.JPG,https://web.archive.org/web/20051108204923/http://server2.uploadit.org:80/files/emis815-frick.JPG,,12263,f93a6fbfa45e7fe2cd9bd5f86a3b56eb3d232da5,,
July-3-2004-brimhaven-img20.exs.cx.png,official game: interface or crop,"In-game interface crop. Posted in the forum thread ""Runescape Community -> Ultimate Guide To Everything Members"".",,,2004-07-03,20050504150955,http://img20.exs.cx:80/img20/869/Brimhaven.png,https://web.archive.org/web/20050504150955/http://img20.exs.cx:80/img20/869/Brimhaven.png,https://web.archive.org/web/20040820053844/http://www.runescapecommunity.com:80/index.php?showtopic=151269,113255,825fc781051f05586f61f848bd3e96dcce26b179,,
July-3-2004-feldiphills-img20.exs.cx.png,official game: interface or crop,"In-game interface crop. Posted in the forum thread ""Runescape Community -> Ultimate Guide To Everything Members"".",,,2004-07-03,20050516135643,http://img20.exs.cx:80/img20/3709/FeldipHills.png,https://web.archive.org/web/20050516135643/http://img20.exs.cx:80/img20/3709/FeldipHills.png,https://web.archive.org/web/20040820053844/http://www.runescapecommunity.com:80/index.php?showtopic=151269,177176,d9ff0d61ca7fe78f41ce5e7f551549ec7509b7bf,,
July-3-2004-hemenster-img20.exs.cx.png,official game: interface or crop,"In-game interface crop. Posted in the forum thread ""Runescape Community -> Ultimate Guide To Everything Members"".",,,2004-07-03,20050504195740,http://img20.exs.cx:80/img20/5719/Hemenster.png,https://web.archive.org/web/20050504195740/http://img20.exs.cx:80/img20/5719/Hemenster.png,https://web.archive.org/web/20040820053844/http://www.runescapecommunity.com:80/index.php?showtopic=151269,90462,e6284e031f59c94f4fdee11e75696bc9461de730,,
July-3-2004-observatory-img20.exs.cx.png,official game: interface or crop,"In-game interface crop. Posted in the forum thread ""Runescape Community -> Ultimate Guide To Everything Members"".",,,2004-07-03,20050415002757,http://img20.exs.cx:80/img20/498/Observatory.png,https://web.archive.org/web/20050415002757/http://img20.exs.cx:80/img20/498/Observatory.png,https://web.archive.org/web/20040820053844/http://www.runescapecommunity.com:80/index.php?showtopic=151269,45657,e7e5c30e739b20debd12debefe7a66d62d4554ad,,
July-3-2004-pickpocket-runescape.salmoneus.net.gif,official game: interface or crop,RS2 interface crop from runescape.salmoneus.net.,,,2004-07-03,20040821174544,http://runescape.salmoneus.net:80/rs-classic/images/pickpocket.gif,https://web.archive.org/web/20040821174544/http://runescape.salmoneus.net:80/rs-classic/images/pickpocket.gif,,2548,d70e67692dae1a036e7f8e379146b2a676c9d4d0,"Found by the 2026-10 manual-check re-scan (CLIP ranking, verified by eye).",
July-3-2004-seerscamelot-img20.exs.cx.png,official game: interface or crop,"In-game interface crop. Posted in the forum thread ""Runescape Community -> Ultimate Guide To Everything Members"".",,,2004-07-03,20050504180544,http://img20.exs.cx:80/img20/5584/SeersCamelot.png,https://web.archive.org/web/20050504180544/http://img20.exs.cx:80/img20/5584/SeersCamelot.png,https://web.archive.org/web/20040820053844/http://www.runescapecommunity.com:80/index.php?showtopic=151269,87886,b455ce35dac5ba71ede20b367949c628cb9697ee,,
July-3-2004-shilovillage-img20.exs.cx.png,official game: interface or crop,"In-game interface crop. Posted in the forum thread ""Runescape Community -> Ultimate Guide To Everything Members"".",,,2004-07-03,20050504164219,http://img20.exs.cx:80/img20/880/ShiloVillage.png,https://web.archive.org/web/20050504164219/http://img20.exs.cx:80/img20/880/ShiloVillage.png,https://web.archive.org/web/20040820053844/http://www.runescapecommunity.com:80/index.php?showtopic=151269,182649,24535c4a2392e83ee83e51d5b371b8c855b7e089,,
July-3-2004-sinclairmansion-img20.exs.cx.png,official game: interface or crop,"In-game interface crop. Posted in the forum thread ""Runescape Community -> Ultimate Guide To Everything Members"".",,,2004-07-03,20050504162637,http://img20.exs.cx:80/img20/5281/SinclairMansion.png,https://web.archive.org/web/20050504162637/http://img20.exs.cx:80/img20/5281/SinclairMansion.png,https://web.archive.org/web/20040820053844/http://www.runescapecommunity.com:80/index.php?showtopic=151269,82245,57d6bcf84c062e9537fcf32270b1aaeecd0223cc,,
July-3-2004-smithmenu-runescape.salmoneus.net.gif,official game: interface or crop,RS2 interface crop from runescape.salmoneus.net.,,,2004-07-03,20040821114403,http://runescape.salmoneus.net:80/rs-classic/images/smithmenu.gif,https://web.archive.org/web/20040821114403/http://runescape.salmoneus.net:80/rs-classic/images/smithmenu.gif,,2314,31855cb644d83219057bc2251adc63bce5c0dfac,"Found by the 2026-10 manual-check re-scan (CLIP ranking, verified by eye).",
July-3-2006-blasidarthesculptor-www.runehq.com.png,official game: interface or crop,RS2 interface crop from www.runehq.com.,,,2006-07-03,20071107052311,http://www.runehq.com/image/quests/p2p/giantdwarf/blasidarthesculptor.png,https://web.archive.org/web/20071107052311/http://www.runehq.com/image/quests/p2p/giantdwarf/blasidarthesculptor.png,,6975,a101b6a69bf9914d34900c9b8b4c0461b3f43a29,"Found by the 2026-10 manual-check re-scan (CLIP ranking, verified by eye).",
July-3-2006-saro-www.runehq.com.png,official game: interface or crop,RS2 interface crop from www.runehq.com.,,,2006-07-03,20071107052130,http://www.runehq.com/image/quests/p2p/giantdwarf/saro.png,https://web.archive.org/web/20071107052130/http://www.runehq.com/image/quests/p2p/giantdwarf/saro.png,,6933,3d92a1609a1ae082593f4566b2b370d65c9ec011,"Found by the 2026-10 manual-check re-scan (CLIP ranking, verified by eye).",
July-30-2004-bank2-img68.exs.cx.jpg,official game: interface or crop,"In-game interface crop. Posted in the forum thread ""Runescape Community -> Leving Rs Drop Party"".",,,2004-07-30,20040823135600,http://img68.exs.cx:80/img68/3084/bank2.jpg,https://web.archive.org/web/20040823135600/http://img68.exs.cx:80/img68/3084/bank2.jpg,https://web.archive.org/web/20040822193150/http://www.runescapecommunity.com:80/index.php?showtopic=164299,18121,81d8bb5343aa2e1cd0aa44f8d03efc2134d3346b,,
July-30-2004-bank3-img68.exs.cx.jpg,official game: interface or crop,"In-game interface crop. Posted in the forum thread ""Runescape Community -> Leving Rs Drop Party"".",,,2004-07-30,20040823140333,http://img68.exs.cx:80/img68/720/bank3.jpg,https://web.archive.org/web/20040823140333/http://img68.exs.cx:80/img68/720/bank3.jpg,https://web.archive.org/web/20040822193150/http://www.runescapecommunity.com:80/index.php?showtopic=164299,16237,3f3696c4cbe33370130a6a58f9af30e72eefdc5d,,
July-30-2004-bank5-img68.exs.cx.jpg,official game: interface or crop,"In-game interface crop. Posted in the forum thread ""Runescape Community -> Leving Rs Drop Party"".",,,2004-07-30,20050330025709,http://img68.exs.cx:80/img68/7991/bank5.jpg,https://web.archive.org/web/20050330025709/http://img68.exs.cx:80/img68/7991/bank5.jpg,https://web.archive.org/web/20040822193150/http://www.runescapecommunity.com:80/index.php?showtopic=164299,17056,e1287b47f092a7e4dffa042a104c96d617fd68ee,,
July-4-2004-newsig-runehq.com.gif,official game: interface or crop,"RS2 interface crop (dialogue, shop, book, map or level-up) from a 2004-05 fansite page (runehq.com:80); found by the 2001-2005 fansite re-screen",,,2004-07-04,20040710183834,http://runehq.com:80/images/users/evilwithin10_54/newsig.gif,https://web.archive.org/web/20040710183834/http://runehq.com:80/images/users/evilwithin10_54/newsig.gif,,13342,d3dc84e4d24d44b7012dc869522b5e48177474b9,,
July-4-2005-1-runeweb.net.gif,official game: interface or crop,RS2 interface crop from runeweb.net.,,,2005-07-04,20051223235501,http://runeweb.net:80/rathofdoom/quests/cooksassistant/1.gif,https://web.archive.org/web/20051223235501/http://runeweb.net:80/rathofdoom/quests/cooksassistant/1.gif,,8275,08278e5562cb49c80e0a483f6cfe65b0f2189595,"Found by the 2026-10 manual-check re-scan (CLIP ranking, verified by eye).",
July-4-2005-3-runeweb.net.gif,official game: interface or crop,RS2 interface crop from runeweb.net.,,,2005-07-04,20051223235552,http://runeweb.net:80/rathofdoom/quests/cooksassistant/3.gif,https://web.archive.org/web/20051223235552/http://runeweb.net:80/rathofdoom/quests/cooksassistant/3.gif,,9970,f0342f8043a376ee2903dc3d46ca853e90051a51,"Found by the 2026-10 manual-check re-scan (CLIP ranking, verified by eye).",
July-4-2005-4-runeweb.net-2.gif,official game: interface or crop,RS2 interface crop from runeweb.net.,,,2005-07-04,20051223235617,http://runeweb.net:80/rathofdoom/quests/cooksassistant/4.gif,https://web.archive.org/web/20051223235617/http://runeweb.net:80/rathofdoom/quests/cooksassistant/4.gif,,11932,2d94dcfae50f280b7b6d9763dfaa41276efefb03,"Found by the 2026-10 manual-check re-scan (CLIP ranking, verified by eye).",
July-4-2005-4-runeweb.net.gif,official game: interface or crop,RS2 interface crop from runeweb.net.,,,2005-07-04,20051224001100,http://runeweb.net:80/rathofdoom/quests/earnestthechicken/4.gif,https://web.archive.org/web/20051224001100/http://runeweb.net:80/rathofdoom/quests/earnestthechicken/4.gif,,7346,d8762b4bb5622f780bde47430d7e68420aa6093e,"Found by the 2026-10 manual-check re-scan (CLIP ranking, verified by eye).",
July-5-2005-10-runeweb.net.gif,official game: interface or crop,RS2 interface crop from runeweb.net.,,,2005-07-05,20051223234541,http://runeweb.net:80/rathofdoom/quests/dragonslayer/10.gif,https://web.archive.org/web/20051223234541/http://runeweb.net:80/rathofdoom/quests/dragonslayer/10.gif,,6672,2962ad0da2fc895c0775c74dbb5a44b935537457,"Found by the 2026-10 manual-check re-scan (CLIP ranking, verified by eye).",
July-5-2005-11-runeweb.net.gif,official game: interface or crop,RS2 interface crop from runeweb.net.,,,2005-07-05,20051223234605,http://runeweb.net:80/rathofdoom/quests/dragonslayer/11.gif,https://web.archive.org/web/20051223234605/http://runeweb.net:80/rathofdoom/quests/dragonslayer/11.gif,,11202,fa0007f2279f1db8d90e27dc6b2eb88261087dc7,"Found by the 2026-10 manual-check re-scan (CLIP ranking, verified by eye).",
July-5-2005-12-runeweb.net.gif,official game: interface or crop,RS2 interface crop from runeweb.net.,,,2005-07-05,20051223234628,http://runeweb.net:80/rathofdoom/quests/dragonslayer/12.gif,https://web.archive.org/web/20051223234628/http://runeweb.net:80/rathofdoom/quests/dragonslayer/12.gif,,7935,e760275bb5e0eee1a86b517f30f2a7200c66d5c1,"Found by the 2026-10 manual-check re-scan (CLIP ranking, verified by eye).",
July-5-2005-13-runeweb.net.gif,official game: interface or crop,RS2 interface crop from runeweb.net.,,,2005-07-05,20051223234652,http://runeweb.net:80/rathofdoom/quests/dragonslayer/13.gif,https://web.archive.org/web/20051223234652/http://runeweb.net:80/rathofdoom/quests/dragonslayer/13.gif,,8861,3734bed445b9378934be4dce2e2e00f8e3b1a47d,"Found by the 2026-10 manual-check re-scan (CLIP ranking, verified by eye).",
July-5-2005-3-runeweb.net.gif,official game: interface or crop,RS2 interface crop from runeweb.net.,,,2005-07-05,20051223234009,http://runeweb.net:80/rathofdoom/quests/dragonslayer/3.gif,https://web.archive.org/web/20051223234009/http://runeweb.net:80/rathofdoom/quests/dragonslayer/3.gif,,8976,7156ed4bbd771c18c30e82ad4e6918ecbc79ed84,"Found by the 2026-10 manual-check re-scan (CLIP ranking, verified by eye).",
July-5-2005-7-runeweb.net.gif,official game: interface or crop,RS2 interface crop from runeweb.net.,,,2005-07-05,20051223234153,http://runeweb.net:80/rathofdoom/quests/dragonslayer/7.gif,https://web.archive.org/web/20051223234153/http://runeweb.net:80/rathofdoom/quests/dragonslayer/7.gif,,6656,9f9ee71f5549bfbf46615f6d2f12341f5aa6b9c3,"Found by the 2026-10 manual-check re-scan (CLIP ranking, verified by eye).",
July-5-2005-newsig2hm-img201.imageshack.us.png,official game: interface or crop,RS2 interface crop from img201.imageshack.us.,,,2005-07-05,20060218111720,http://img201.imageshack.us/img201/2321/newsig2hm.png,https://web.archive.org/web/20060218111720/http://img201.imageshack.us/img201/2321/newsig2hm.png,,58510,1196308d9aa20ce792006d743aa84b47b16bb071,"Found by the 2026-10 manual-check re-scan (CLIP ranking, verified by eye).",
July-5-2005-rslosttribe7-runevillage.com.gif,official game: interface or crop,"RS2 interface crop (dialogue, shop, book, map or level-up) from a 2004-05 fansite page (runevillage.com:80); found by the 2001-2005 fansite re-screen",,,2005-07-05,20051215205744,http://runevillage.com:80/images/rsLostTribe7.gif,https://web.archive.org/web/20051215205744/http://runevillage.com:80/images/rsLostTribe7.gif,,38091,212e44d56a210e0eaab07915ef5f0ac37daef1f2,,
July-6-2005-1-runeweb.net-2.png,official game: interface or crop,RS2 interface crop from runeweb.net.,,,2005-07-06,20051224000115,http://runeweb.net:80/rathofdoom/quests/goblindiplomacy/1.png,https://web.archive.org/web/20051224000115/http://runeweb.net:80/rathofdoom/quests/goblindiplomacy/1.png,,15516,7e3cc2f541719f74b193453780a4560011e72207,"Found by the 2026-10 manual-check re-scan (CLIP ranking, verified by eye).",
July-6-2005-1-runeweb.net.png,official game: interface or crop,"RS2 interface crop (dialogue, shop, book, map or level-up) from a 2004-05 fansite page (runeweb.net:80); found by the 2001-2005 fansite re-screen",,,2005-07-06,20051223214828,http://runeweb.net:80/rathofdoom/quests/seaslug/1.png,https://web.archive.org/web/20051223214828/http://runeweb.net:80/rathofdoom/quests/seaslug/1.png,,20153,e990480c95eac1f9b649716387d7c2cecb9812bb,,
July-6-2005-10-runeweb.net.png,official game: interface or crop,RS2 interface crop from runeweb.net.,,,2005-07-06,20051224000821,http://runeweb.net:80/rathofdoom/quests/fremenniktrials/10.png,https://web.archive.org/web/20051224000821/http://runeweb.net:80/rathofdoom/quests/fremenniktrials/10.png,,13830,4d7de09a64afa4e7e1ce77420c62f65b19ed165c,"Found by the 2026-10 manual-check re-scan (CLIP ranking, verified by eye).",
July-6-2005-2-runeweb.net-2.png,official game: interface or crop,RS2 interface crop from runeweb.net.,,,2005-07-06,20051223233015,http://runeweb.net:80/rathofdoom/quests/sheepherder/2.png,https://web.archive.org/web/20051223233015/http://runeweb.net:80/rathofdoom/quests/sheepherder/2.png,,17700,501f7f251930c662729d55ddd437730efd22c906,"Found by the 2026-10 manual-check re-scan (CLIP ranking, verified by eye).",
July-6-2005-2-runeweb.net.png,official game: interface or crop,"RS2 interface crop (dialogue, shop, book, map or level-up) from a 2004-05 fansite page (runeweb.net:80); found by the 2001-2005 fansite re-screen",,,2005-07-06,20051223232755,http://runeweb.net:80/rathofdoom/quests/fightarena/2.png,http://web.archive.org/web/20051223232755/http://runeweb.net:80/rathofdoom/quests/fightarena/2.png,,20822,73f261ca39525290382b4843d4cb345c8e156490,,
July-6-2005-3-runeweb.net-2-2.png,official game: interface or crop,RS2 interface crop from runeweb.net.,,,2005-07-06,20051224000203,http://runeweb.net:80/rathofdoom/quests/goblindiplomacy/3.png,https://web.archive.org/web/20051224000203/http://runeweb.net:80/rathofdoom/quests/goblindiplomacy/3.png,,12687,eda9b6114fe8d0802c50db4ac2d8b2c05f9ab573,"Found by the 2026-10 manual-check re-scan (CLIP ranking, verified by eye).",
July-6-2005-3-runeweb.net-2.png,official game: interface or crop,"RS2 interface crop (dialogue, shop, book, map or level-up) from a 2004-05 fansite page (runeweb.net:80); found by the 2001-2005 fansite re-screen",,,2005-07-06,20051223213806,http://runeweb.net:80/rathofdoom/quests/naturespirit/3.png,https://web.archive.org/web/20051223213806/http://runeweb.net:80/rathofdoom/quests/naturespirit/3.png,,21174,1f8aef43639a8cc20db2cc134ea02596d151a4da,,
July-6-2005-3-runeweb.net-3.png,official game: interface or crop,RS2 interface crop from runeweb.net.,,,2005-07-06,20051223235810,http://runeweb.net:80/rathofdoom/quests/fremenniktrials/3.png,https://web.archive.org/web/20051223235810/http://runeweb.net:80/rathofdoom/quests/fremenniktrials/3.png,,6962,5aaffa1ed090c7aadded6f53ff9bb3199085b24e,"Found by the 2026-10 manual-check re-scan (CLIP ranking, verified by eye).",
July-6-2005-3-runeweb.net.png,official game: interface or crop,"RS2 interface crop (dialogue, shop, book, map or level-up) from a 2004-05 fansite page (runeweb.net:80); found by the 2001-2005 fansite re-screen",,,2005-07-06,20051223232820,http://runeweb.net:80/rathofdoom/quests/fightarena/3.png,http://web.archive.org/web/20051223232820/http://runeweb.net:80/rathofdoom/quests/fightarena/3.png,,20808,dc68da34252eb6b19b16552772913a0e98545003,,
July-6-2005-4-runeweb.net-2.png,official game: interface or crop,"RS2 interface crop (dialogue, shop, book, map or level-up) from a 2004-05 fansite page (runeweb.net:80); found by the 2001-2005 fansite re-screen",,,2005-07-06,20051223233128,http://runeweb.net:80/rathofdoom/quests/sheepherder/4.png,https://web.archive.org/web/20051223233128/http://runeweb.net:80/rathofdoom/quests/sheepherder/4.png,,18464,74a72fb866033cca7b796617d7ff2aa9e6e782e3,,
July-6-2005-4-runeweb.net.png,official game: interface or crop,"RS2 interface crop (dialogue, shop, book, map or level-up) from a 2004-05 fansite page (runeweb.net:80); found by the 2001-2005 fansite re-screen",,,2005-07-06,20051223234331,http://runeweb.net:80/rathofdoom/quests/naturespirit/4.png,https://web.archive.org/web/20051223234331/http://runeweb.net:80/rathofdoom/quests/naturespirit/4.png,,27366,fced21892fedd42954c949611b41869ec528204d,,
July-6-2005-6-runeweb.net.png,official game: interface or crop,"RS2 interface crop (dialogue, shop, book, map or level-up) from a 2004-05 fansite page (runeweb.net:80); found by the 2001-2005 fansite re-screen",,,2005-07-06,20051223234421,http://runeweb.net:80/rathofdoom/quests/naturespirit/6.png,https://web.archive.org/web/20051223234421/http://runeweb.net:80/rathofdoom/quests/naturespirit/6.png,,19196,eafe368bdf7c0240b3cdd551c2157e6a1da2cbbd,,
July-6-2005-7-runeweb.net.png,official game: interface or crop,RS2 interface crop from runeweb.net.,,,2005-07-06,20051223235954,http://runeweb.net:80/rathofdoom/quests/fremenniktrials/7.png,https://web.archive.org/web/20051223235954/http://runeweb.net:80/rathofdoom/quests/fremenniktrials/7.png,,4293,1fba4a57bfb58aa97463079eb9f0c2e571e4f71d,"Found by the 2026-10 manual-check re-scan (CLIP ranking, verified by eye).",
July-7-2004-image1-freewebs.com.jpg,official game: interface or crop,Inventory and stats panel crop.,,,2004-07-07,20041124220823,http://www.freewebs.com/dexo/Image1.JPG,https://web.archive.org/web/20041124220823/http://www.freewebs.com/dexo/Image1.JPG,,22616,19b28f78851cfab22e2c21e7f7d6e44453b42f8f,,
July-7-2005-1-runeweb.net.png,official game: interface or crop,"RS2 interface crop (dialogue, shop, book, map or level-up) from a 2004-05 fansite page (runeweb.net:80); found by the 2001-2005 fansite re-screen",,,2005-07-07,20051223233516,http://runeweb.net:80/rathofdoom/quests/tribaltotem/1.png,http://web.archive.org/web/20051223233516/http://runeweb.net:80/rathofdoom/quests/tribaltotem/1.png,,20370,59b181758c2c55154534ff539183855f296777ce,,
July-7-2005-2-runeweb.net.png,official game: interface or crop,"RS2 interface crop (dialogue, shop, book, map or level-up) from a 2004-05 fansite page (runeweb.net:80); found by the 2001-2005 fansite re-screen",,,2005-07-07,20051223233240,http://runeweb.net:80/rathofdoom/quests/touristtrap/2.png,https://web.archive.org/web/20051223233240/http://runeweb.net:80/rathofdoom/quests/touristtrap/2.png,,19841,160e92172cdf0a2ccf9f6910956c1f945b923daa,,
July-7-2005-5-runeweb.net.png,official game: interface or crop,"RS2 interface crop (dialogue, shop, book, map or level-up) from a 2004-05 fansite page (runeweb.net:80); found by the 2001-2005 fansite re-screen",,,2005-07-07,20051223233355,http://runeweb.net:80/rathofdoom/quests/touristtrap/5.png,https://web.archive.org/web/20051223233355/http://runeweb.net:80/rathofdoom/quests/touristtrap/5.png,,17922,a6da604796c8aa06bfa017c27d580668355be10f,,
July-7-2005-7-runeweb.net.png,official game: interface or crop,"RS2 interface crop (dialogue, shop, book, map or level-up) from a 2004-05 fansite page (runeweb.net:80); found by the 2001-2005 fansite re-screen",,,2005-07-07,20051223233810,http://runeweb.net:80/rathofdoom/quests/tribaltotem/7.png,https://web.archive.org/web/20051223233810/http://runeweb.net:80/rathofdoom/quests/tribaltotem/7.png,,18627,d4062a2f24fc213e117adb4e0974775c871bb950,,
July-8-2004-untitled9-img44.exs.cx.jpg,official game: interface or crop,"In-game interface crop. Posted in the forum thread ""RuneHQ.com :: View topic - new dragon weapons and a new type"".",,,2004-07-08,20040823143058,http://img44.exs.cx:80/img44/3484/untitled9.jpg,https://web.archive.org/web/20040823143058/http://img44.exs.cx:80/img44/3484/untitled9.jpg,https://web.archive.org/web/20040824083122/http://www.runehq.com:80/TheInn/viewtopic.php?t=55944&amp,4099,8e0313f6fb40f266dbe66a87c57459ac2a2202e8,,
June-11-2004-nimet-npankki-koti.mbnet.fi.bmp,official game: interface or crop,RS2 interface crop from koti.mbnet.fi.,,,2004-06-11,20040716095207,http://koti.mbnet.fi:80/kuukke/data/nimet%f6npankki.bmp,https://web.archive.org/web/20040716095207/http://koti.mbnet.fi:80/kuukke/data/nimet%f6npankki.bmp,,604458,1b904e4fe3d422f71838afa588169c9f3f45ee6b,"Found by the 2026-10 manual-check re-scan (CLIP ranking, verified by eye).",
June-11-2004-rs2sig2-runehq.com.png,official game: interface or crop,RS2 interface crop from runehq.com.,,,2004-06-11,20040710105658,http://runehq.com:80/images/users/hamster1800_3267/rs2sig2.png,https://web.archive.org/web/20040710105658/http://runehq.com:80/images/users/hamster1800_3267/rs2sig2.png,,18116,65b3d955ae57dedeb8c405867f9f98605077a277,"Found by the 2026-10 manual-check re-scan (CLIP ranking, verified by eye).",
June-12-2004-cracker-runescape.informare.ro.png,official game: interface or crop,RS2 interface crop from runescape.informare.ro.,,,2004-06-12,20040710102022,http://runescape.informare.ro:80/Rs2/Img-Ghid/cracker.png,https://web.archive.org/web/20040710102022/http://runescape.informare.ro:80/Rs2/Img-Ghid/cracker.png,,20497,a6d72056d4b602901fe8b508a54660825d787a05,"Found by the 2026-10 manual-check re-scan (CLIP ranking, verified by eye).",
June-12-2004-prospect-runescape.informare.ro.png,official game: interface or crop,RS2 interface crop from runescape.informare.ro.,,,2004-06-12,20040707072912,http://runescape.informare.ro:80/Rs2/Img-Ghid/prospect.PNG,https://web.archive.org/web/20040707072912/http://runescape.informare.ro:80/Rs2/Img-Ghid/prospect.PNG,,3740,37203ecf1562769d4edb32646eaee18b0353b26a,"Found by the 2026-10 manual-check re-scan (CLIP ranking, verified by eye).",
June-12-2004-santahatblue-runescape.informare.ro.gif,official game: interface or crop,RS2 interface crop from runescape.informare.ro.,,,2004-06-12,20040915234537,http://runescape.informare.ro:80/Rs2/Img-Ghid/SantaHatBlue.GIF,https://web.archive.org/web/20040915234537/http://runescape.informare.ro:80/Rs2/Img-Ghid/SantaHatBlue.GIF,,3402,604c12acea399e449cecb02e9213ef04b4c8e51c,"Found by the 2026-10 manual-check re-scan (CLIP ranking, verified by eye).",
June-12-2004-yellowhat-runescape.informare.ro.png,official game: interface or crop,RS2 interface crop from runescape.informare.ro.,,,2004-06-12,20040710100750,http://runescape.informare.ro:80/Rs2/Img-Ghid/YellowHat.png,https://web.archive.org/web/20040710100750/http://runescape.informare.ro:80/Rs2/Img-Ghid/YellowHat.png,,2446,594c2f05423c90da4a2c7d2ff3582666fbe9083f,"Found by the 2026-10 manual-check re-scan (CLIP ranking, verified by eye).",
June-14-2004-shilo5-runehq.com.jpg,official game: interface or crop,RS2 client screenshot from a 2004-05 fansite page (www.runehq.com:80); found by the 2001-2005 fansite re-screen,,,2004-06-14,20040710094651,http://www.runehq.com:80/images/cityguides/shilo5.jpg,https://web.archive.org/web/20040710094651/http://www.runehq.com:80/images/cityguides/shilo5.jpg,,55013,b250bdcaf5fd41dade0afdc96d5b48948374ae75,Classified as official game: interface or crop: General store window + dialogue crop.,
June-14-2006-option2-img220.imageshack.us.png,official game: interface or crop,"In-game interface crop. Posted in the forum thread ""How To Gain 70k Mining Experiance An Hour! - Runescape Community"".",,,2006-06-14,20060725090226,http://img220.imageshack.us/img220/897/option23te.png,https://web.archive.org/web/20060725090226/http://img220.imageshack.us/img220/897/option23te.png,https://web.archive.org/web/20060721153959/http://www.runescapecommunity.com:80/index.php?showtopic=557502&amp;view=getlastpost,34173,93158fab7f325175ca80bfd773405888d92b0e1f,,
June-15-2004-ihqpnz-koti.mbnet.fi.jpg,official game: interface or crop,RS2 client screenshot from koti.mbnet.fi.,,,2004-06-15,20041201093541,http://koti.mbnet.fi:80/kuukke/data/ihqpnz.JPG,https://web.archive.org/web/20041201093541/http://koti.mbnet.fi:80/kuukke/data/ihqpnz.JPG,,40813,7ca733cc489fb645e7e3cbb3ac37b9bb4db90052,Classified as official game: interface or crop: Trade window crop.,
June-15-2004-spatkbar-img21.imageshack.us.gif,official game: interface or crop,"In-game interface crop. Posted in the forum thread ""Runescape Community -> [ Mini Guides Compilation - 4]"".",,,2004-06-15,20090829084555,http://img21.imageshack.us/img21/7264/spatkbar.gif,https://web.archive.org/web/20090829084555/http://img21.imageshack.us/img21/7264/spatkbar.gif,https://web.archive.org/web/20040820041443/http://www.runescapecommunity.com:80/index.php?showtopic=133419,5390,4d7a1dc2d3e6f05b4b43b599d9547e33069b7f6d,,
June-16-2004-wkc1-img16.imageshack.us.jpg,official game: interface or crop,"In-game interface crop. Posted in the forum thread ""Runescape Community -> Black Knights Fortress"".",,,2004-06-16,20130208100408,http://img16.imageshack.us/img16/5086/wkc1.jpg,https://web.archive.org/web/20130208100408/http://img16.imageshack.us/img16/5086/wkc1.jpg,https://web.archive.org/web/20041127050136/http://www.runescapecommunity.com:80/index.php?showtopic=144947,78998,a93759ec0b48ac7bd166341285b8741cfd32edfe,,
June-16-2005-magic-autoattack-www.tip.it.png,official game: interface or crop,RS2 interface crop from www.tip.it.,,,2005-06-16,20051022084957,http://www.tip.it/runescape/img2/magic_autoattack.png,https://web.archive.org/web/20051022084957/http://www.tip.it/runescape/img2/magic_autoattack.png,,24387,48b095119560ae5f56b88c2d1400d11ffd0dec8b,"Found by the 2026-10 manual-check re-scan (CLIP ranking, verified by eye).",
June-16-2006-banksuggest-img144.imageshack.us.gif,official game: interface or crop,"In-game interface crop. Posted in the forum thread ""Tabbed Bank Windows - Runescape Community"".",,,2006-06-16,20060819174955,http://img144.imageshack.us/img144/2617/banksuggest4ug.gif,https://web.archive.org/web/20060819174955/http://img144.imageshack.us/img144/2617/banksuggest4ug.gif,https://web.archive.org/web/20060813221115/http://www.runescapecommunity.com:80/index.php?showtopic=240995,74870,3e6e7179c34c6d9888021062a1ebfb217aad29b7,,
June-17-2004-joe-img24.imageshack.us.jpg,official game: interface or crop,"RS2 interface crop (dialogue, shop, book, map or level-up) posted to a 2004-05 fansite forum thread; found by the 2001-2005 fansite re-screen",,,2004-06-17,20041201021149,http://img24.imageshack.us/img24/4142/Joe.jpg,https://web.archive.org/web/20041201021149/http://img24.imageshack.us/img24/4142/Joe.jpg,,11614,b51654c7b0148298c075fee419e4a84707b80605,,
June-17-2004-leela-img24.imageshack.us.jpg,official game: interface or crop,"RS2 interface crop (dialogue, shop, book, map or level-up) posted to a 2004-05 fansite forum thread; found by the 2001-2005 fansite re-screen",,,2004-06-17,20041201023222,http://img24.imageshack.us/img24/1307/Leela.jpg,https://web.archive.org/web/20041201023222/http://img24.imageshack.us/img24/1307/Leela.jpg,,13013,f57239ff98662d902d168ebcc924b6e73f0b28d5,,
June-17-2004-magic-level-50-message-img19.imageshack.us.jpg,official game: interface or crop,In-game interface crop: magic level 50 message.,,,2004-06-17,20040618235736,http://img19.imageshack.us:80/img19/1992/untitled130.jpg,https://web.archive.org/web/20040618235736/http://img19.imageshack.us:80/img19/1992/untitled130.jpg,,12225,10b009f9270478c5f46d88347e6d38a769e3b94f,,
June-17-2004-ned-img24.imageshack.us.jpg,official game: interface or crop,"RS2 interface crop (dialogue, shop, book, map or level-up) posted to a 2004-05 fansite forum thread; found by the 2001-2005 fansite re-screen",,,2004-06-17,20041128040055,http://img24.imageshack.us/img24/6274/Ned.jpg,https://web.archive.org/web/20041128040055/http://img24.imageshack.us/img24/6274/Ned.jpg,,14311,40b7e496879fb0ff48f7184d8c4782586d10ac2e,,
June-17-2004-osman-img24.imageshack.us.jpg,official game: interface or crop,"RS2 interface crop (dialogue, shop, book, map or level-up) posted to a 2004-05 fansite forum thread; found by the 2001-2005 fansite re-screen",,,2004-06-17,20041201013044,http://img24.imageshack.us/img24/3797/Osman.jpg,https://web.archive.org/web/20041201013044/http://img24.imageshack.us/img24/3797/Osman.jpg,,14474,01ea9b392049368fdc87f04bf6d976643cebbf68,,
June-17-2004-redberries-img24.imageshack.us.jpg,official game: interface or crop,"In-game interface crop. Posted in the forum thread ""Runescape Community -> Prince Ali Rescue"".",,,2004-06-17,20041201030932,http://img24.imageshack.us/img24/1539/Redberries.jpg,https://web.archive.org/web/20041201030932/http://img24.imageshack.us/img24/1539/Redberries.jpg,https://web.archive.org/web/20041127051650/http://www.runescapecommunity.com:80/index.php?showtopic=145357,10982,61d1e583809973c3077678b04a7d45ba2e99eba2,,
June-18-2004-minimap-img13.imageshack.us.jpg,official game: interface or crop,"In-game interface crop. Posted in the forum thread ""Runescape Community -> Monk's Friend"".",,,2004-06-18,20041201015936,http://img13.imageshack.us:80/img13/1066/minimap.jpg,https://web.archive.org/web/20041201015936/http://img13.imageshack.us:80/img13/1066/minimap.jpg,https://web.archive.org/web/20041122054402/http://www.runescapecommunity.com:80/index.php?showtopic=145496,8598,8aba9fe315a9d4bece5bce7d6e30a2816d048ce4,,
June-19-2004-magicguidehover-www.runehq.com.png,official game: interface or crop,RS2 interface crop from www.runehq.com.,,,2004-06-19,20041019000646,http://www.runehq.com:80/images/monsterdb/magicguidehover.PNG,https://web.archive.org/web/20041019000646/http://www.runehq.com:80/images/monsterdb/magicguidehover.PNG,,1964,3fa1e7560bfa8b1332ee82907cbf2c6c853e2495,"Found by the 2026-10 manual-check re-scan (CLIP ranking, verified by eye).",
June-19-2004-sirlancelot-img40.imageshack.us.jpg,official game: interface or crop,"In-game interface crop. Posted in the forum thread ""Runescape Community -> The Underground Pass"".",,,2004-06-19,20070128170436,http://img40.imageshack.us/img40/6804/Sirlancelot.jpg,https://web.archive.org/web/20070128170436/http://img40.imageshack.us/img40/6804/Sirlancelot.jpg,https://web.archive.org/web/20041122054446/http://www.runescapecommunity.com:80/index.php?showtopic=164436,11841,81cda513bbdf9576b24b5579b347636f4053476f,,
June-19-2004-spellslist-www.runehq.com.png,official game: interface or crop,RS2 interface crop from www.runehq.com.,,,2004-06-19,20041019000623,http://www.runehq.com:80/images/monsterdb/spellslist.PNG,https://web.archive.org/web/20041019000623/http://www.runehq.com:80/images/monsterdb/spellslist.PNG,,158981,043ef1b1bada87ca9239f0ec71a2946952aaa14c,"Found by the 2026-10 manual-check re-scan (CLIP ranking, verified by eye).",
June-19-2004-staffweild-www.runehq.com.png,official game: interface or crop,RS2 interface crop from www.runehq.com.,,,2004-06-19,20041019000628,http://www.runehq.com:80/images/monsterdb/staffweild.PNG,https://web.archive.org/web/20041019000628/http://www.runehq.com:80/images/monsterdb/staffweild.PNG,,179766,a21a466c7a27f205b03f4528df734eb316308eb1,"Found by the 2026-10 manual-check re-scan (CLIP ranking, verified by eye).",
June-2-2004-32-img18.imageshack.us.png,official game: interface or crop,"In-game interface crop. Posted in the forum thread ""RuneHQ.com :: View topic - Some stakes from Tonight"".",,,2004-06-02,20040702204043,http://img18.imageshack.us/img18/2528/32.PNG,https://web.archive.org/web/20040702204043/http://img18.imageshack.us/img18/2528/32.PNG,https://web.archive.org/web/20040708213213/http://runehq.com:80/TheInn/viewtopic.php?t=41805&amp,32603,bc542f0530d7fe908e50ade12ccf9387f868ce3c,,
June-2-2004-35-img18.imageshack.us.png,official game: interface or crop,"In-game interface crop. Posted in the forum thread ""RuneHQ.com :: View topic - Some stakes from Tonight"".",,,2004-06-02,20040705074547,http://img18.imageshack.us/img18/7559/35.PNG,https://web.archive.org/web/20040705074547/http://img18.imageshack.us/img18/7559/35.PNG,https://web.archive.org/web/20040708213213/http://runehq.com:80/TheInn/viewtopic.php?t=41805&amp,36653,c7b6cb33876f470bfbb90d1f965a7b904fb3fd2e,,
June-2-2006-backtobank-img191.imageshack.us.png,official game: interface or crop,"In-game interface crop. Posted in the forum thread ""How To Gain 70k Mining Experiance An Hour! - Runescape Community"".",,,2006-06-02,20060709164546,http://img191.imageshack.us/img191/214/backtobank5ix.png,https://web.archive.org/web/20060709164546/http://img191.imageshack.us/img191/214/backtobank5ix.png,https://web.archive.org/web/20060721153959/http://www.runescapecommunity.com:80/index.php?showtopic=557502&amp;view=getlastpost,46592,a5fce95967970928f478118e9693214e955e37da,,
June-2-2006-option1-img191.imageshack.us.png,official game: interface or crop,"In-game interface crop. Posted in the forum thread ""How To Gain 70k Mining Experiance An Hour! - Runescape Community"".",,,2006-06-02,20060709163507,http://img191.imageshack.us/img191/131/option15lo.png,https://web.archive.org/web/20060709163507/http://img191.imageshack.us/img191/131/option15lo.png,https://web.archive.org/web/20060721153959/http://www.runescapecommunity.com:80/index.php?showtopic=557502&amp;view=getlastpost,34197,e72d949f66c5712540e5edf7242aac92eeac7752,,
June-2-2006-workbench-www.runehq.com.png,official game: interface or crop,RS2 interface crop from www.runehq.com.,,,2006-06-02,20071107181327,http://www.runehq.com:80/image/quests/p2p/elementalworkshop/workbench.png,https://web.archive.org/web/20071107181327/http://www.runehq.com:80/image/quests/p2p/elementalworkshop/workbench.png,,10063,6afef029f4630e8a203797214478845dd7db9c04,"Found by the 2026-10 manual-check re-scan (CLIP ranking, verified by eye).",
June-21-2004-convo1-img40.imageshack.us.png,official game: interface or crop,"RS2 interface crop (dialogue, shop, book, map or level-up) posted to a 2004-05 fansite forum thread; found by the 2001-2005 fansite re-screen",,,2004-06-21,20050118022559,http://img40.imageshack.us/img40/2161/Convo1.png,https://web.archive.org/web/20050118022559/http://img40.imageshack.us/img40/2161/Convo1.png,,20160,20a04941285532d6a21fcba575926fe0ef375500,,
June-21-2004-customsofficer-img36.imageshack.us.jpg,official game: interface or crop,"In-game interface crop. Posted in the forum thread ""RuneScape Community -> Pirate's Treasure"".",,,2004-06-21,20060902054024,http://img36.imageshack.us/img36/8049/CustomsOfficer.jpg,https://web.archive.org/web/20060902054024/http://img36.imageshack.us/img36/8049/CustomsOfficer.jpg,https://web.archive.org/web/20050313084730/http://www.runescapecommunity.com:80/index.php?showtopic=147683,10343,08c7de80a1445d284f295893cfee0296e3471537,,
June-21-2004-direction1-img40.imageshack.us.jpg,official game: interface or crop,"In-game interface crop. Posted in the forum thread ""Runescape Community -> Goblin Diplomacy"".",,,2004-06-21,20050118044914,http://img40.imageshack.us/img40/6447/Direction1.jpg,https://web.archive.org/web/20050118044914/http://img40.imageshack.us/img40/6447/Direction1.jpg,https://web.archive.org/web/20041122054422/http://www.runescapecommunity.com:80/index.php?showtopic=147846,145135,fea712397b5d0c2517bb9d7272b518e63787ea87,,
June-21-2004-direction2-img40.imageshack.us.jpg,official game: interface or crop,"In-game interface crop. Posted in the forum thread ""Runescape Community -> Goblin Diplomacy"".",,,2004-06-21,20050105003056,http://img40.imageshack.us/img40/7721/Direction2.jpg,https://web.archive.org/web/20050105003056/http://img40.imageshack.us/img40/7721/Direction2.jpg,https://web.archive.org/web/20041122054422/http://www.runescapecommunity.com:80/index.php?showtopic=147846,55952,4a3435a79e61c355057c80e23ecc6ef80ee8d024,,
June-21-2004-luthas-img34.imageshack.us.jpg,official game: interface or crop,"In-game interface crop. Posted in the forum thread ""RuneScape Community -> Pirate's Treasure"".",,,2004-06-21,20060914170202,http://img34.imageshack.us/img34/3316/Luthas.jpg,https://web.archive.org/web/20060914170202/http://img34.imageshack.us/img34/3316/Luthas.jpg,https://web.archive.org/web/20050313084730/http://www.runescapecommunity.com:80/index.php?showtopic=147683,11497,acc9dc35dda8316abb2526882e24ab74d49f1892,,
June-21-2004-redbeardfrank-img34.imageshack.us.jpg,official game: interface or crop,"In-game interface crop. Posted in the forum thread ""Zybez.com - RuneScape Help [ Beta ]"".",,,2004-06-21,20060929100155,http://img34.imageshack.us/img34/7207/RedbeardFrank.jpg,https://web.archive.org/web/20060929100155/http://img34.imageshack.us/img34/7207/RedbeardFrank.jpg,https://web.archive.org/web/20050507210048/http://www.zybez.com:80/quests.php?id=54,10565,fe5eb8a887469adf9d14d158401765ed0136badf,,
June-21-2004-sailors-img34.imageshack.us.jpg,official game: interface or crop,"In-game interface crop. Posted in the forum thread ""RuneScape Community -> Pirate's Treasure"".",,,2004-06-21,20060918022006,http://img34.imageshack.us/img34/6779/Sailors.jpg,https://web.archive.org/web/20060918022006/http://img34.imageshack.us/img34/6779/Sailors.jpg,https://web.archive.org/web/20050313084730/http://www.runescapecommunity.com:80/index.php?showtopic=147683,36483,28a27de300685366cb70be2c7f0d6534a56e39b0,,
June-21-2005-6-runeweb.net.png,official game: interface or crop,RS2 interface crop from runeweb.net.,,,2005-06-21,20051224002031,http://runeweb.net:80/images/site/guides/rs2/quests/giantdwarf/6.PNG,https://web.archive.org/web/20051224002031/http://runeweb.net:80/images/site/guides/rs2/quests/giantdwarf/6.PNG,,12873,8c5217465de74b7d9a90ffc6d9a98e4c44654125,"Found by the 2026-10 manual-check re-scan (CLIP ranking, verified by eye).",
June-21-2005-bornkill05-94cooki-server2.uploadit.org.jpg,official game: interface or crop,RS2 interface/dialogue image from server2.uploadit.org.,,,2005-06-21,20051115121830,http://server2.uploadit.org:80/files/bornkill05-94cooki.JPG,https://web.archive.org/web/20051115121830/http://server2.uploadit.org:80/files/bornkill05-94cooki.JPG,,13990,a73e995c1fe890ea566daa19c940de93602ddf9f,,
June-21-2006-combat-instructor-dialogue-img97.imageshack.us.png,official game: interface or crop,NPC dialogue with the Combat Instructor (Tutorial Island).,,,2006-06-21,20060709201436,http://img97.imageshack.us:80/img97/4131/funnyrunescapedonoterase0yw.png,https://web.archive.org/web/20060709201436/http://img97.imageshack.us:80/img97/4131/funnyrunescapedonoterase0yw.png,,202854,100ba4e2d5cac5c62e662227bd1cef6eb76bd6d9,,
June-22-2004-kardon-img31.imageshack.us.png,official game: interface or crop,"In-game interface crop. Posted in the forum thread ""Runescape Community -> The Links"".",,,2004-06-22,20040727115217,http://img31.imageshack.us/img31/3381/Kardon.png,https://web.archive.org/web/20040727115217/http://img31.imageshack.us/img31/3381/Kardon.png,https://web.archive.org/web/20040724083322/http://www.runescapecommunity.com:80/index.php?showtopic=148028,13716,273a1a1762d9367eeeedb064999a076edff144cb,,
June-22-2004-snakus325235-koti.mbnet.fi.png,official game: interface or crop,RS2 interface crop from koti.mbnet.fi.,,,2004-06-22,20050123084654,http://koti.mbnet.fi:80/kuukke/data/snakus325235.PNG,https://web.archive.org/web/20050123084654/http://koti.mbnet.fi:80/kuukke/data/snakus325235.PNG,,21391,5ab6ff9edc7cd5a5e3e03d4db8018f3e2a23a7cd,"Found by the 2026-10 manual-check re-scan (CLIP ranking, verified by eye).",
June-23-2004-chat-box-img40.imageshack.us.jpg,official game: interface or crop,In-game interface crop: chat box.,,,2004-06-23,20040727232034,http://img40.imageshack.us:80/img40/3094/iamcool1.jpg,https://web.archive.org/web/20040727232034/http://img40.imageshack.us:80/img40/3094/iamcool1.jpg,,19966,9ae4db2c637e9f40166477794b89c6d535c10acd,,
June-23-2005-bornkill05-95cook-server2.uploadit.org.jpg,official game: interface or crop,RS2 interface/dialogue image from server2.uploadit.org.,,,2005-06-23,20051114151533,http://server2.uploadit.org:80/files/bornkill05-95cook.JPG,https://web.archive.org/web/20051114151533/http://server2.uploadit.org:80/files/bornkill05-95cook.JPG,,13376,8552a9b8cd0b33fa0349f88ca54256537f7a6ba8,,
June-26-2004-rooni-pank1-koti.mbnet.fi.png,official game: interface or crop,RS2 interface crop from koti.mbnet.fi.,,,2004-06-26,20050128143809,http://koti.mbnet.fi:80/kuukke/data/!%20!%20!%20!ROONI_PANK1.PNG,https://web.archive.org/web/20050128143809/http://koti.mbnet.fi:80/kuukke/data/!%20!%20!%20!ROONI_PANK1.PNG,,35346,41f038b7d874b1e9a83e64d5e8521c6b29adc9dd,"Found by the 2026-10 manual-check re-scan (CLIP ranking, verified by eye).",
June-26-2004-rooni-pank2-koti.mbnet.fi.png,official game: interface or crop,RS2 interface crop from koti.mbnet.fi.,,,2004-06-26,20041128045235,http://koti.mbnet.fi:80/kuukke/data/!%20!%20!%20!ROONI_PANK2.PNG,https://web.archive.org/web/20041128045235/http://koti.mbnet.fi:80/kuukke/data/!%20!%20!%20!ROONI_PANK2.PNG,,33398,c2e1dca47433ff632d2f39028a3c492c68a62439,"Found by the 2026-10 manual-check re-scan (CLIP ranking, verified by eye).",
June-26-2004-rooni-pank3-koti.mbnet.fi.png,official game: interface or crop,RS2 interface crop from koti.mbnet.fi.,,,2004-06-26,20041122144246,http://koti.mbnet.fi:80/kuukke/data/!%20!%20!%20!ROONI_PANK3.PNG,https://web.archive.org/web/20041122144246/http://koti.mbnet.fi:80/kuukke/data/!%20!%20!%20!ROONI_PANK3.PNG,,36716,561bf4adc48823cd50611d5317f2acc73d2a4c1b,"Found by the 2026-10 manual-check re-scan (CLIP ranking, verified by eye).",
June-27-2004-cook-dialogue-img38.imageshack.us.jpg,official game: interface or crop,In-game interface crop: cook dialogue.,,,2004-06-27,20040924194334,http://img38.imageshack.us:80/img38/5088/cook2.jpg,https://web.archive.org/web/20040924194334/http://img38.imageshack.us:80/img38/5088/cook2.jpg,,14913,a75400a9ce1b7be6b1d7849a307393174e59ece2,,
June-27-2005-8-runeweb.net.png,official game: interface or crop,RS2 interface crop from runeweb.net.,,,2005-06-27,20051224004018,http://runeweb.net:80/images/site/guides/rs2/quests/recruitmentdrive/8.PNG,https://web.archive.org/web/20051224004018/http://runeweb.net:80/images/site/guides/rs2/quests/recruitmentdrive/8.PNG,,27061,117770c69ae7855cb59e801e2f2d100a73a24310,"Found by the 2026-10 manual-check re-scan (CLIP ranking, verified by eye).",
June-27-2006-serum207-www.runehq.com.png,official game: interface or crop,RS2 interface crop from www.runehq.com.,,,2006-06-27,20071107151552,http://www.runehq.com/image/quests/p2p/shadesofmortton/serum207.png,https://web.archive.org/web/20071107151552/http://www.runehq.com/image/quests/p2p/shadesofmortton/serum207.png,,6383,69283217230a9bbd197de9cbd97110a893c9693a,"Found by the 2026-10 manual-check re-scan (CLIP ranking, verified by eye).",
June-27-2006-sheepdeath-runehq.com.gif,official game: interface or crop,RS2 interface/dialogue image from runehq.com. Embedded in: Rune Headquarters :.:.: Your unfair Runescape advantage (https://web.archive.org/web/20061020235415/http://www.runehq.com/RHQQuestsView.php?id=00174%3FEnglish=true).,,,2006-06-27,20070212011801,http://www.runehq.com/image/quests/p2p/sheepherder/sheepdeath.gif,https://web.archive.org/web/20070212011801/http://www.runehq.com/image/quests/p2p/sheepherder/sheepdeath.gif,,7455,9712a90862f47dc6df89b551f7b8198c5a19e538,,
June-28-2004-convo1-img29.imageshack.us.png,official game: interface or crop,"RS2 interface crop (dialogue, shop, book, map or level-up) posted to a 2004-05 fansite forum thread; found by the 2001-2005 fansite re-screen",,,2004-06-28,20051207151902,http://img29.imageshack.us/img29/2161/Convo1.png,https://web.archive.org/web/20051207151902/http://img29.imageshack.us/img29/2161/Convo1.png,,19626,98af855a67c4435dd6ab47c8a7216840ff05bbf4,,
June-28-2004-convo2-img29.imageshack.us.png,official game: interface or crop,"RS2 interface crop (dialogue, shop, book, map or level-up) posted to a 2004-05 fansite forum thread; found by the 2001-2005 fansite re-screen",,,2004-06-28,20051207151837,http://img29.imageshack.us/img29/46/Convo2.png,https://web.archive.org/web/20051207151837/http://img29.imageshack.us/img29/46/Convo2.png,,20318,fbcb77d4c030e55308105c9a893e0c392ef014e7,,
June-28-2004-fromfarmtostore-img29.imageshack.us.png,official game: interface or crop,"In-game interface crop. Posted in the forum thread ""Runescape Community -> Sheep Shearer"".",,,2004-06-28,20051207151950,http://img29.imageshack.us/img29/533/FromFarmToStore.png,https://web.archive.org/web/20051207151950/http://img29.imageshack.us/img29/533/FromFarmToStore.png,https://web.archive.org/web/20041122054354/http://www.runescapecommunity.com:80/index.php?showtopic=143817,40977,7f1e17be8f32776bdf207155236cb8450958019f,,
June-29-2004-atak-level-runescape.informare.ro.jpg,official game: interface or crop,"RS2 interface crop (dialogue, shop, book, map or level-up) from a 2004-05 fansite page (runescape.informare.ro:80); found by the 2001-2005 fansite re-screen",,,2004-06-29,20040706200957,http://runescape.informare.ro:80/Rs2/Img-Gen/atak%20level.JPG,https://web.archive.org/web/20040706200957/http://runescape.informare.ro:80/Rs2/Img-Gen/atak%20level.JPG,,10805,ed189cb87562e83691715c2447ab36e305b23b15,,
June-29-2004-inventory-img2.imageshack.us.png,official game: interface or crop,"In-game interface crop. Posted in the forum thread ""Runescape Community -> Fire Making Guide"".",,,2004-06-29,20041126101718,http://img2.imageshack.us/img2/8940/inventory.png,https://web.archive.org/web/20041126101718/http://img2.imageshack.us/img2/8940/inventory.png,https://web.archive.org/web/20041125013223/http://www.runescapecommunity.com:80/index.php?showtopic=150370,40598,a61366902a940c3d00fe27f492911b80af3b132b,,
June-29-2004-king-roald-you-did-what-dialogue-img39.imageshack.us.jpg,official game: interface or crop,In-game interface crop: king roald you did what dialogue.,,,2004-06-29,20060902043644,http://img39.imageshack.us:80/img39/4989/quest2.jpg,https://web.archive.org/web/20060902043644/http://img39.imageshack.us:80/img39/4989/quest2.jpg,,11642,6d8dae0f38cb8219624e8c73acdfbe94aec96e9a,,
June-29-2004-light-logs-img2.imageshack.us.png,official game: interface or crop,RS2 interface crop from img2.imageshack.us.,,,2004-06-29,20041126091107,http://img2.imageshack.us/img2/1981/light-logs.png,https://web.archive.org/web/20041126091107/http://img2.imageshack.us/img2/1981/light-logs.png,,1448,31f295aaf9a2977a4ee7a42c824386fd9975e49d,"Found by the 2026-10 manual-check re-scan (CLIP ranking, verified by eye).",
June-29-2004-tinder-img2.imageshack.us.png,official game: interface or crop,"In-game interface crop. Posted in the forum thread ""Runescape Community -> Fire Making Guide"".",,,2004-06-29,20041126093900,http://img2.imageshack.us/img2/2176/tinder.png,https://web.archive.org/web/20041126093900/http://img2.imageshack.us/img2/2176/tinder.png,https://web.archive.org/web/20041125013223/http://www.runescapecommunity.com:80/index.php?showtopic=150370,2997,41a8d44e778569ba13b71a77e9df772d277da3cd,,
June-29-2004-varrock-path-img2.imageshack.us.png,official game: interface or crop,"In-game interface crop. Posted in the forum thread ""Runescape Community -> Fire Making Guide"".",,,2004-06-29,20041126091817,http://img2.imageshack.us/img2/5227/varrock-path.png,https://web.archive.org/web/20041126091817/http://img2.imageshack.us/img2/5227/varrock-path.png,https://web.archive.org/web/20041125013223/http://www.runescapecommunity.com:80/index.php?showtopic=150370,19587,c540d867407dacf07f76e9e2bdfa9aa3a3beb024,,
June-29-2004-withdraw-logs-img2.imageshack.us.png,official game: interface or crop,"In-game interface crop. Posted in the forum thread ""Runescape Community -> Fire Making Guide"".",,,2004-06-29,20041126071020,http://img2.imageshack.us/img2/1365/withdraw-logs.png,https://web.archive.org/web/20041126071020/http://img2.imageshack.us/img2/1365/withdraw-logs.png,https://web.archive.org/web/20041125013223/http://www.runescapecommunity.com:80/index.php?showtopic=150370,2434,e0ccf29cdeb985a3893b3c6be8df3da2ef3bcace,,
June-29-2005-rsrogue10-runevillage.com.gif,official game: interface or crop,RS2 interface crop from runevillage.com.,,,2005-06-29,20051215183907,http://runevillage.com:80/images/rsRogue10.gif,https://web.archive.org/web/20051215183907/http://runevillage.com:80/images/rsRogue10.gif,,5195,c078f6bbcca0e2b8a8e8fa0743ac2565b818a144,"Found by the 2026-10 manual-check re-scan (CLIP ranking, verified by eye).",
June-29-2005-rsrogue12-runevillage.com.gif,official game: interface or crop,RS2 interface crop from runevillage.com.,,,2005-06-29,20051215183932,http://runevillage.com:80/images/rsRogue12.gif,https://web.archive.org/web/20051215183932/http://runevillage.com:80/images/rsRogue12.gif,,6896,7cb01f9425c1f1e679a25e1bbed547dac721168b,"Found by the 2026-10 manual-check re-scan (CLIP ranking, verified by eye).",
June-29-2005-rsrogue2-runevillage.com.gif,official game: interface or crop,RS2 interface crop from runevillage.com.,,,2005-06-29,20051215180441,http://runevillage.com:80/images/rsRogue2.gif,https://web.archive.org/web/20051215180441/http://runevillage.com:80/images/rsRogue2.gif,,2786,4a6c3e520fd7d2ad3d847404890ad97701614d77,"Found by the 2026-10 manual-check re-scan (CLIP ranking, verified by eye).",
June-29-2005-rsrogue3-runevillage.com.gif,official game: interface or crop,RS2 interface crop from runevillage.com.,,,2005-06-29,20051215175119,http://runevillage.com:80/images/rsRogue3.gif,https://web.archive.org/web/20051215175119/http://runevillage.com:80/images/rsRogue3.gif,,3630,871ea2e829ef7b860eb86bc4f7448f95519a20ab,"Found by the 2026-10 manual-check re-scan (CLIP ranking, verified by eye).",
June-3-2004-map5-img4.imageshack.us.png,official game: interface or crop,"In-game interface crop. Posted in the forum thread ""Runescape Community -> Treasure Trail Clues!"".",,,2004-06-03,20040818193002,http://img4.imageshack.us/img4/5183/map5.PNG,https://web.archive.org/web/20040818193002/http://img4.imageshack.us/img4/5183/map5.PNG,https://web.archive.org/web/20040817194412/http://www.runescapecommunity.com:80/index.php?showtopic=122395,48179,6748eb14aad812fff24fbd74063e28341390c8a3,,
June-3-2005-bornkill-cook91-server2.uploadit.org.jpg,official game: interface or crop,RS2 interface/dialogue image from server2.uploadit.org.,,,2005-06-03,20051110123258,http://server2.uploadit.org:80/files/bornkill-cook91.JPG,https://web.archive.org/web/20051110123258/http://server2.uploadit.org:80/files/bornkill-cook91.JPG,,13364,025cd05a3844d91a70760d2046de18504637bd3b,,
June-3-2006-invent-img476.imageshack.us.png,official game: interface or crop,"In-game interface crop. Posted in the forum thread ""How To Gain 70k Mining Experiance An Hour! - Runescape Community"".",,,2006-06-03,20060709195316,http://img476.imageshack.us/img476/6986/invent5jj.png,https://web.archive.org/web/20060709195316/http://img476.imageshack.us/img476/6986/invent5jj.png,https://web.archive.org/web/20060721153959/http://www.runescapecommunity.com:80/index.php?showtopic=557502&amp;view=getlastpost,62032,b27dbe811651be9eb503c20961fff52bbfd41241,,
June-30-2004-dimintheis-img36.imageshack.us.jpg,official game: interface or crop,"In-game interface crop. Posted in the forum thread ""Runescape Community -> Family Crest"".",,,2004-06-30,20060902050554,http://img36.imageshack.us/img36/1874/dimintheis.jpg,https://web.archive.org/web/20060902050554/http://img36.imageshack.us/img36/1874/dimintheis.jpg,https://web.archive.org/web/20041122054434/http://www.runescapecommunity.com:80/index.php?showtopic=150954,7185,0917a06aa60b8ee3abc6e2f906efcdad8fdea1eb,,
June-30-2004-lampa-lui-aladin-runescape.informare.ro.gif,official game: interface or crop,RS2 interface crop from runescape.informare.ro.,,,2004-06-30,20040816154318,http://runescape.informare.ro:80/Rs2/Img-Gen/lampa-lui-Aladin.GIF,https://web.archive.org/web/20040816154318/http://runescape.informare.ro:80/Rs2/Img-Gen/lampa-lui-Aladin.GIF,,5654,49343ed2623b2b75e9fd56cb9c9ad04055caf091,"Found by the 2026-10 manual-check re-scan (CLIP ranking, verified by eye).",
June-30-2004-lampa-optiuni-runescape.informare.ro.gif,official game: interface or crop,RS2 interface crop from runescape.informare.ro.,,,2004-06-30,20040816153505,http://runescape.informare.ro:80/Rs2/Img-Gen/lampa-optiuni.GIF,https://web.archive.org/web/20040816153505/http://runescape.informare.ro:80/Rs2/Img-Gen/lampa-optiuni.GIF,,43543,7df01e48b0c5389f620a8639eabd92918b3f42dd,"Found by the 2026-10 manual-check re-scan (CLIP ranking, verified by eye).",
June-30-2004-lampa-recompensa-runescape.informare.ro.gif,official game: interface or crop,"RS2 interface crop (dialogue, shop, book, map or level-up) from a 2004-05 fansite page (runescape.informare.ro:80); found by the 2001-2005 fansite re-screen",,,2004-06-30,20040816154541,http://runescape.informare.ro:80/Rs2/Img-Gen/lampa-recompensa.GIF,https://web.archive.org/web/20040816154541/http://runescape.informare.ro:80/Rs2/Img-Gen/lampa-recompensa.GIF,,15704,30194bdafe1fa940ec7662d74643a1b9f6c0d9ea,,
June-30-2004-lampa-select1-runescape.informare.ro.gif,official game: interface or crop,RS2 interface crop from runescape.informare.ro.,,,2004-06-30,20040816153912,http://runescape.informare.ro:80/Rs2/Img-Gen/lampa-select1.GIF,https://web.archive.org/web/20040816153912/http://runescape.informare.ro:80/Rs2/Img-Gen/lampa-select1.GIF,,43873,701dcfad9d55b9b870e868529f97b3257cb045ce,"Found by the 2026-10 manual-check re-scan (CLIP ranking, verified by eye).",
June-30-2004-map5-img39.imageshack.us.jpg,official game: interface or crop,"In-game interface crop. Posted in the forum thread ""Runescape Community -> Watch Tower"".",,,2004-06-30,20060902043221,http://img39.imageshack.us/img39/1435/map5.jpg,https://web.archive.org/web/20060902043221/http://img39.imageshack.us/img39/1435/map5.jpg,https://web.archive.org/web/20041122053953/http://www.runescapecommunity.com:80/index.php?showtopic=150052,34447,55aa5bec9d2980ed5c87eb44c81a68b7fd6adc64,,
June-30-2004-store-img31.imageshack.us.png,official game: interface or crop,"In-game interface crop. Posted in the forum thread ""Runescape Community -> Priest In Peril"".",,,2004-06-30,20050118010837,http://img31.imageshack.us/img31/9984/Store.png,https://web.archive.org/web/20050118010837/http://img31.imageshack.us/img31/9984/Store.png,https://web.archive.org/web/20041122054426/http://www.runescapecommunity.com:80/index.php?showtopic=150741,34075,92b0cedbad5576bc747a098a4aa417da88f3d054,,
June-30-2005-2-runeweb.net.gif,official game: interface or crop,RS2 interface crop from runeweb.net.,,,2005-06-30,20051224002831,http://runeweb.net:80/images/site/guides/rs2/quests/shieldofarrav/2.gif,https://web.archive.org/web/20051224002831/http://runeweb.net:80/images/site/guides/rs2/quests/shieldofarrav/2.gif,,8903,e22d87a8a4032d9ae58d314d6e21d3b9a3fcb38f,"Found by the 2026-10 manual-check re-scan (CLIP ranking, verified by eye).",
June-30-2006-trade-confirm-iron-knives-for-coins-i82.photobucket.com.png,official game: interface or crop,"Trade confirmation screen: 1.6 million coins for 36,275 iron knives (player Bradwoodward buying from Shane12088).",,,2006-06-30,20060709050817,http://i82.photobucket.com:80/albums/j244/Bradwoodward180/BuyingShanesKnives.png,https://web.archive.org/web/20060709050817/http://i82.photobucket.com:80/albums/j244/Bradwoodward180/BuyingShanesKnives.png,,62148,90b4aecd447479d7ab299c7e7bdad984cb543dfb,Classified as official game: interface or crop: Trade confirmation window crop.,
June-30-2006-trade-window-3000-sharks-i82.photobucket.com.png,official game: interface or crop,"Trade window with Shane12088 (file name 3000SharksTradeShane), same player.",,,2006-06-30,20060709051328,http://i82.photobucket.com:80/albums/j244/Bradwoodward180/3000SharksTradeShane.png,https://web.archive.org/web/20060709051328/http://i82.photobucket.com:80/albums/j244/Bradwoodward180/3000SharksTradeShane.png,,46951,28a323a19983df8825e288aab8c9bfdd00906acd,Classified as official game: interface or crop: Trade window crop.,
June-6-2004-gettingdlongbow-img23.imageshack.us.png,official game: interface or crop,"In-game interface crop. Posted in the forum thread ""Runescape Community -> Demon Long Bow"".",,,2004-06-06,20120806053228,http://img23.imageshack.us/img23/479/gettingdlongbow.PNG,https://web.archive.org/web/20120806053228/http://img23.imageshack.us/img23/479/gettingdlongbow.PNG,https://web.archive.org/web/20040705162918/http://www.runescapecommunity.com:80/index.php?showtopic=138979,28656,22518643a5437c4d85f13e3b5703dfaa5fe4d8fc,,
June-6-2006-bonestopeaches2sf-img118.imageshack.us.png,official game: interface or crop,RS2 interface crop from img118.imageshack.us.,,,2006-06-06,20070309034014,http://img118.imageshack.us/img118/3857/bonestopeaches2sf.png,https://web.archive.org/web/20070309034014/http://img118.imageshack.us/img118/3857/bonestopeaches2sf.png,,17962,177a93d5dda77c823bb7700fd37797c81cf9ee2a,"Found by the 2026-10 manual-check re-scan (CLIP ranking, verified by eye).",
June-6-2006-warriorinv9yb-img218.imageshack.us.png,official game: interface or crop,RS2 interface crop from img218.imageshack.us.,,,2006-06-06,20070309040822,http://img218.imageshack.us/img218/9510/warriorinv9yb.png,https://web.archive.org/web/20070309040822/http://img218.imageshack.us/img218/9510/warriorinv9yb.png,,17479,eafcadc8d6f70acdbc56b9055039466aefe43e80,"Found by the 2026-10 manual-check re-scan (CLIP ranking, verified by eye).",
June-8-2005-statrunescape-img55.echo.cx.png,official game: interface or crop,Stats panel crop.,,,2005-06-08,20051225124602,http://img55.echo.cx:80/img55/1373/statrunescape6xb.png,https://web.archive.org/web/20051225124602/http://img55.echo.cx:80/img55/1373/statrunescape6xb.png,,31370,bad136d8bb472064c9856cdde144e40684700a73,,
March-1-2006-swords-runehq.com.gif,official game: interface or crop,RS2 shop/interface window from a RuneHQ guide (runehq.com). Embedded in: Rune Headquarters :.:.: Your unfair Runescape advantage (https://web.archive.org/web/20060418033055/http://runehq.com:80/RHQCityGuidesView.php?id=00682).,,,2006-03-01,20120411154325,http://runehq.com:80/images/cityguides/Mos_Le_Harmless/swords.gif,https://web.archive.org/web/20120411154325/http://runehq.com:80/images/cityguides/Mos_Le_Harmless/swords.gif,,14777,7c280e5853b76c59f1cd2a4eb43e217b2fef3c0f,,
March-11-2005-rsmountaindaughter8-runevillage.com.gif,official game: interface or crop,RS2 interface crop from runevillage.com.,,,2005-03-11,20051215235450,http://runevillage.com:80/images/rsmountaindaughter8.gif,https://web.archive.org/web/20051215235450/http://runevillage.com:80/images/rsmountaindaughter8.gif,,1104,f506bef079d0e6e25ada155781f8a2b59dcb3f91,"Found by the 2026-10 manual-check re-scan (CLIP ranking, verified by eye).",
March-12-2004-antti-pankki2-koti.mbnet.fi.png,official game: interface or crop,RS2 interface crop from koti.mbnet.fi.,,,2004-03-12,20040814224321,http://koti.mbnet.fi:80/kuukke/data/Antti_pankki2.PNG,https://web.archive.org/web/20040814224321/http://koti.mbnet.fi:80/kuukke/data/Antti_pankki2.PNG,,49212,adafae0895e28106e23c8a82e887aa736c75770f,"Found by the 2026-10 manual-check re-scan (CLIP ranking, verified by eye).",
March-13-2006-bank-img378.imageshack.us.jpg,official game: interface or crop,"In-game interface crop. Posted in the forum thread ""My Bank Is Better Than Yours. - Runescape Community"".",,,2006-03-13,20130217234915,http://img378.imageshack.us/img378/1692/bank1ps.jpg,https://web.archive.org/web/20130217234915/http://img378.imageshack.us/img378/1692/bank1ps.jpg,https://web.archive.org/web/20060519013130/http://www.runescapecommunity.com/index.php?showtopic=312122,143599,5b7277b5917f941d85263cb2cac58b29e7552858,,
March-13-2006-map1-img44.exs.cx.png,official game: interface or crop,"In-game interface crop. Posted in the forum thread ""Runescape Community -> Dragon Slayer"".",,,2006-03-13,20060902221725,http://img44.exs.cx:80/img44/8450/Map1.png,https://web.archive.org/web/20060902221725/http://img44.exs.cx:80/img44/8450/Map1.png,https://web.archive.org/web/20041127054711/http://www.runescapecommunity.com:80/index.php?showtopic=143933,11362,003513c2241991a987a391080a6d03f47678ab82,,
March-14-2005-runescapemerijntjetoveren2-img136.exs.cx.jpg,official game: interface or crop,Character crop: player casting a spell in the desert.,,,2005-03-14,20060530063044,http://img136.exs.cx:80/img136/9212/runescapemerijntjetoveren21xa.jpg,https://web.archive.org/web/20060530063044/http://img136.exs.cx:80/img136/9212/runescapemerijntjetoveren21xa.jpg,,6336,2ce7aca41358acc04dd078d78e0f1269dbbbfacc,,
March-14-2005-untitled-img130.exs.cx.png,official game: interface or crop,"In-game interface crop. Posted in the forum thread ""RuneScape Community -> Lumbridge Caves And Magic Updates"".",,,2005-03-14,20051016105655,http://img130.exs.cx:80/img130/1580/untitled8le.png,https://web.archive.org/web/20051016105655/http://img130.exs.cx:80/img130/1580/untitled8le.png,https://web.archive.org/web/20050318000445/http://www.runescapecommunity.com:80/index.php?showtopic=278922,38349,73889b912a93c394661e1a777f81f02eaba2dccb,,
March-14-2006-b2-img74.imageshack.us.png,official game: interface or crop,"In-game interface crop. Posted in the forum thread ""My Bank Is Better Than Yours. - Runescape Community"".",,,2006-03-14,20070213203546,http://img74.imageshack.us/img74/4171/b20aq.png,https://web.archive.org/web/20070213203546/http://img74.imageshack.us/img74/4171/b20aq.png,https://web.archive.org/web/20060519013130/http://www.runescapecommunity.com/index.php?showtopic=312122,32576,0179499c727a2cfc0759023454e3ad6f5ecbfe2e,,
March-14-2006-b5-img47.imageshack.us.png,official game: interface or crop,"In-game interface crop. Posted in the forum thread ""My Bank Is Better Than Yours. - Runescape Community"".",,,2006-03-14,20070306115458,http://img47.imageshack.us/img47/565/b59ce.png,https://web.archive.org/web/20070306115458/http://img47.imageshack.us/img47/565/b59ce.png,https://web.archive.org/web/20060519013130/http://www.runescapecommunity.com/index.php?showtopic=312122,36634,564f2f8ab264f3f3fbe15294a182d750be96b722,,
March-14-2006-b7-img74.imageshack.us.png,official game: interface or crop,"In-game interface crop. Posted in the forum thread ""My Bank Is Better Than Yours. - Runescape Community"".",,,2006-03-14,20070213203606,http://img74.imageshack.us/img74/4889/b74dh.png,https://web.archive.org/web/20070213203606/http://img74.imageshack.us/img74/4889/b74dh.png,https://web.archive.org/web/20060519013130/http://www.runescapecommunity.com/index.php?showtopic=312122,24213,a76fd227d017ab2259d1dfe00129bc0f4f143bf7,,
March-14-2006-b8-img74.imageshack.us.png,official game: interface or crop,"In-game interface crop. Posted in the forum thread ""My Bank Is Better Than Yours. - Runescape Community"".",,,2006-03-14,20070213203506,http://img74.imageshack.us/img74/9307/b85tt.png,https://web.archive.org/web/20070213203506/http://img74.imageshack.us/img74/9307/b85tt.png,https://web.archive.org/web/20060519013130/http://www.runescapecommunity.com/index.php?showtopic=312122,2448,d408d734110f526075b9602789bff0cf3ac0469c,,
March-16-2004-pray3-runehq.net.jpg,official game: interface or crop,"RS2 interface crop (dialogue, shop, book, map or level-up) from a 2004-05 fansite page (runehq.net:80); found by the 2001-2005 fansite re-screen",,,2004-03-16,20041210210444,http://runehq.net:80/images/otherguides/pray3.jpg,https://web.archive.org/web/20041210210444/http://runehq.net:80/images/otherguides/pray3.jpg,,11022,582d74f04c0ed9f257b6f7befdf8172e5a9a6b98,,
March-21-2005-eggsandchicken-img17.exs.cx.png,official game: interface or crop,"In-game interface crop. Posted in the forum thread ""Runescape Community -> The Easter Bunny"".",,,2005-03-21,20051016113325,http://img17.exs.cx:80/img17/430/eggsandchicken6el.png,https://web.archive.org/web/20051016113325/http://img17.exs.cx:80/img17/430/eggsandchicken6el.png,https://web.archive.org/web/20050323122632/http://www.runescapecommunity.com:80/index.php?showtopic=282941,5634,677f06d6ec4ea5874f294b016c11a1f88bc7fa47,,
March-21-2005-icemountain-img119.exs.cx.png,official game: interface or crop,"In-game interface crop. Posted in the forum thread ""Runescape Community -> Between A Rock"".",,,2005-03-21,20051016111152,http://img119.exs.cx:80/img119/1/icemountain1ow.png,https://web.archive.org/web/20051016111152/http://img119.exs.cx:80/img119/1/icemountain1ow.png,https://web.archive.org/web/20050418175810/http://www.runescapecommunity.com:80/index.php?showtopic=282940,68099,f05ac16afb7c8a9d35caa341c45c3373638ecf21,,
March-24-2004-bootsoflightness-fin-homepages.ihug.co.nz.gif,official game: interface or crop,RS2 interface crop from homepages.ihug.co.nz.,,,2004-03-24,20041124023509,http://homepages.ihug.co.nz/~wolverinenz/Running%20Guide/bootsoflightness(fin).GIF,https://web.archive.org/web/20041124023509/http://homepages.ihug.co.nz/~wolverinenz/Running%20Guide/bootsoflightness(fin).GIF,,4655,47a12ed6c7d9c79f206f7bfa5e6b51376fae514b,"Found by the 2026-10 manual-check re-scan (CLIP ranking, verified by eye).",
March-26-2005-irpureownage-img56.exs.cx.jpg,official game: interface or crop,"In-game interface crop. Posted in the forum thread ""Runescape Community -> 99 40 99 Combat 87 Almost 95 Hp ?"".",,,2005-03-26,20050328124228,http://img56.exs.cx/img56/4394/irpureownage7fv.jpg,https://web.archive.org/web/20050328124228/http://img56.exs.cx/img56/4394/irpureownage7fv.jpg,https://web.archive.org/web/20050328124208/http://www.runescapecommunity.com/index.php?showtopic=285401,23803,657568d718c61334e67acc43aa9e07b4967efb9f,,
March-27-2004-miika-87-1234567890-koti.mbnet.fi.bmp,official game: interface or crop,RS2 interface crop from koti.mbnet.fi.,,,2004-03-27,20040716090921,http://koti.mbnet.fi:80/kuukke/data/++++++++miika%2087+++++++1234567890.bmp,https://web.archive.org/web/20040716090921/http://koti.mbnet.fi:80/kuukke/data/++++++++miika%2087+++++++1234567890.bmp,,131774,ebebcd7b906136d91bc125fb161712c0c4834744,"Found by the 2026-10 manual-check re-scan (CLIP ranking, verified by eye).",
March-28-2005-locate-tally-globalrs.50webs.com.png,official game: interface or crop,RS2 interface crop from globalrs.50webs.com.,,,2005-03-28,20050514113644,http://globalrs.50webs.com:80/skills/runecrafting/locate_tally.PNG,https://web.archive.org/web/20050514113644/http://globalrs.50webs.com:80/skills/runecrafting/locate_tally.PNG,,4844,58dc9b4e2f8f92a1d6f3a5f57d4e2ae7fd31c1ea,"Found by the 2026-10 manual-check re-scan (CLIP ranking, verified by eye).",
March-29-2005-dscim-info-runehq.com.png,official game: interface or crop,RS2 interface crop from runehq.com.,,,2005-03-29,20050409095400,http://runehq.com:80/images/itemsdb/dscim-info.png,https://web.archive.org/web/20050409095400/http://runehq.com:80/images/itemsdb/dscim-info.png,,2057,ce3e0988f4f639d496805436abeb9b29e6085a57,"Found by the 2026-10 manual-check re-scan (CLIP ranking, verified by eye).",
March-30-2005-edgevillepartyarea-img167.exs.cx.gif,official game: interface or crop,"In-game interface crop. Posted in the forum thread ""Runescape Community -> Guide For The Famous"".",,,2005-03-30,20051120080634,http://img167.exs.cx:80/img167/496/edgevillepartyarea0vl.gif,https://web.archive.org/web/20051120080634/http://img167.exs.cx:80/img167/496/edgevillepartyarea0vl.gif,https://web.archive.org/web/20050418165243/http://www.runescapecommunity.com:80/index.php?showtopic=255956,27429,080bda33bab9151b1ddcb60cb1d9ed06fb9310c5,,
March-30-2005-faladorpartyarea-img174.exs.cx.gif,official game: interface or crop,"In-game interface crop. Posted in the forum thread ""Runescape Community -> Guide For The Famous"".",,,2005-03-30,20051120084002,http://img174.exs.cx:80/img174/8350/faladorpartyarea5pt.gif,https://web.archive.org/web/20051120084002/http://img174.exs.cx:80/img174/8350/faladorpartyarea5pt.gif,https://web.archive.org/web/20050418165243/http://www.runescapecommunity.com:80/index.php?showtopic=255956,24484,97b92776d8f04f67f5eff760759c1aecffdb7d53,,
March-5-2005-great-and-honorable-tonikoos3-koti.mbnet.fi.png,official game: interface or crop,RS2 interface crop from koti.mbnet.fi.,,,2005-03-05,20050422213418,http://koti.mbnet.fi:80/toni2/data/great%20and%20honorable%20tonikoos3.PNG,https://web.archive.org/web/20050422213418/http://koti.mbnet.fi:80/toni2/data/great%20and%20honorable%20tonikoos3.PNG,,9590,c429084a9a9af0a277ea1148e62b12f60b3f39e2,"Found by the 2026-10 manual-check re-scan (CLIP ranking, verified by eye).",
March-5-2005-tonikoos-bank-18-2-2005-koti.mbnet.fi.png,official game: interface or crop,RS2 interface crop from koti.mbnet.fi.,,,2005-03-05,20050422213035,http://koti.mbnet.fi:80/toni2/data/tonikoos%20bank%2018.2.2005.PNG,https://web.archive.org/web/20050422213035/http://koti.mbnet.fi:80/toni2/data/tonikoos%20bank%2018.2.2005.PNG,,235104,c7ea848f0f8272aa31c3513adb90d565e50745c9,"Found by the 2026-10 manual-check re-scan (CLIP ranking, verified by eye).",
March-7-2006-map-img218.imageshack.us.png,official game: interface or crop,"In-game interface crop. Posted in the forum thread ""Melee Camping At Dust Devils. - Runescape Community"".",,,2006-03-07,20130301032452,http://img218.imageshack.us/img218/1796/map5cw.png,https://web.archive.org/web/20130301032452/http://img218.imageshack.us/img218/1796/map5cw.png,https://web.archive.org/web/20060908141810/http://www.runescapecommunity.com:80/index.php?showtopic=500149&amp;view=getnewpost,41558,06eff23430444fed702b0f09df58db38fc92bb66,,
March-8-2006-armourwepinv-img54.imageshack.us.png,official game: interface or crop,"In-game interface crop. Posted in the forum thread ""Melee Camping At Dust Devils. - Runescape Community"".",,,2006-03-08,20130317004931,http://img54.imageshack.us/img54/6113/armourwepinv0vx.png,https://web.archive.org/web/20130317004931/http://img54.imageshack.us/img54/6113/armourwepinv0vx.png,https://web.archive.org/web/20060908141810/http://www.runescapecommunity.com:80/index.php?showtopic=500149&amp;view=getnewpost,25955,6b7f1f8f0e0065c95e49bd2df97a38866d611b13,,
March-8-2006-inventory-img291.imageshack.us.png,official game: interface or crop,"In-game interface crop. Posted in the forum thread ""Melee Camping At Dust Devils. - Runescape Community"".",,,2006-03-08,20130224040624,http://img291.imageshack.us/img291/8427/inventory3xk.png,https://web.archive.org/web/20130224040624/http://img291.imageshack.us/img291/8427/inventory3xk.png,https://web.archive.org/web/20060908141810/http://www.runescapecommunity.com:80/index.php?showtopic=500149&amp;view=getnewpost,27619,812a9c1aea7505cfec81a4cf4fb5435bce37ceac,,
March-8-2007-inventory1vz-img96.imageshack.us.png,official game: interface or crop,RS2 interface crop from img96.imageshack.us.,,,2007-03-08,20070309003213,http://img96.imageshack.us/img96/8662/inventory1vz.png,https://web.archive.org/web/20070309003213/http://img96.imageshack.us/img96/8662/inventory1vz.png,,17041,e928fdfc83763351fb79ff714a29227c960b2095,"Found by the 2026-10 manual-check re-scan (CLIP ranking, verified by eye).",
May-1-2004-godsm-img7.imageshack.us.png,official game: interface or crop,"In-game interface crop. Posted in the forum thread ""Runescape Community -> The Mage Arena"".",,,2004-05-01,20050327212218,http://img7.imageshack.us/img7/9796/godsm.PNG,https://web.archive.org/web/20050327212218/http://img7.imageshack.us/img7/9796/godsm.PNG,https://web.archive.org/web/20041026135227/http://www.runescapecommunity.com:80/index.php?showtopic=120510,27360,31548e05e744745af8643a2de6a61896411eb8b7,,
May-1-2004-prayingm-img7.imageshack.us.png,official game: interface or crop,"In-game interface crop. Posted in the forum thread ""Runescape Community -> The Mage Arena"".",,,2004-05-01,20050407201803,http://img7.imageshack.us/img7/1426/prayingm.PNG,https://web.archive.org/web/20050407201803/http://img7.imageshack.us/img7/1426/prayingm.PNG,https://web.archive.org/web/20041026135227/http://www.runescapecommunity.com:80/index.php?showtopic=120510,19407,9cffd9ab2e9639d60ed41fbd8521ff11d8cc846a,,
May-1-2004-protectfrommagic-img7.imageshack.us.png,official game: interface or crop,"In-game interface crop. Posted in the forum thread ""Runescape Community -> The Mage Arena"".",,,2004-05-01,20050327212102,http://img7.imageshack.us/img7/8434/protectfrommagic.PNG,https://web.archive.org/web/20050327212102/http://img7.imageshack.us/img7/8434/protectfrommagic.PNG,https://web.archive.org/web/20041026135227/http://www.runescapecommunity.com:80/index.php?showtopic=120510,3900,ef19a3b17bd538f0e38d251fc3c02a0b0519ad31,,
May-10-2004-axehandlehead-img8.imageshack.us.png,official game: interface or crop,"In-game interface crop. Posted in the forum thread ""Runescape Community -> Explanation Of Random Events"".",,,2004-05-10,20050911030056,http://img8.imageshack.us/img8/4084/axehandlehead.PNG,https://web.archive.org/web/20050911030056/http://img8.imageshack.us/img8/4084/axehandlehead.PNG,https://web.archive.org/web/20040817204238/http://www.runescapecommunity.com:80/index.php?showtopic=104849,8833,ca71c89a313e4c8899ff7ada9b79c48041ede5ef,,
May-10-2004-brokenaxe-img8.imageshack.us.png,official game: interface or crop,"In-game interface crop. Posted in the forum thread ""Runescape Community -> Explanation Of Random Events"".",,,2004-05-10,20041102064902,http://img8.imageshack.us/img8/8379/brokenaxe.PNG,https://web.archive.org/web/20041102064902/http://img8.imageshack.us/img8/8379/brokenaxe.PNG,https://web.archive.org/web/20040817204238/http://www.runescapecommunity.com:80/index.php?showtopic=104849,6633,e1ee0d9ce5976a5757987dce420d853c4e7f97a3,,
May-10-2004-onlyrs4-www.runescape.com.gif,official game: interface or crop,RS2 interface crop from www.runescape.com.,,,2004-05-10,20040517113221,http://www.runescape.com/img/weblogin/onlyrs4.gif,https://web.archive.org/web/20040517113221/http://www.runescape.com/img/weblogin/onlyrs4.gif,,22850,16dd47b24e19204029250bb8eca66dea078a35ae,"Found by the 2026-10 manual-check re-scan (CLIP ranking, verified by eye).",
May-14-2005-bank-img132.echo.cx.png,official game: interface or crop,"In-game interface crop. Posted in the forum thread ""Runescape Community -> Bank Sale."".",,,2005-05-14,20050527103556,http://img132.echo.cx:80/img132/4245/bank0cz.png,https://web.archive.org/web/20050527103556/http://img132.echo.cx:80/img132/4245/bank0cz.png,https://web.archive.org/web/20050524092618/http://www.runescapecommunity.com:80/index.php?showtopic=316162&amp,38303,1931916be42509637a794231f51f61d0b2fb20d8,,
May-15-2005-petstore-img20.echo.cx.png,official game: interface or crop,"In-game interface crop. Posted in the forum thread ""Runescape Community -> Pet Store"".",,,2005-05-15,20050527131900,http://img20.echo.cx:80/img20/5102/petstore0cx.png,https://web.archive.org/web/20050527131900/http://img20.echo.cx:80/img20/5102/petstore0cx.png,https://web.archive.org/web/20050524092614/http://www.runescapecommunity.com:80/index.php?showtopic=316125&amp,46909,47f72f6033b0b7b88811aabcc8439506bffb8950,,
May-16-2004-blackstats-koti.mbnet.fi.png,official game: interface or crop,RS2 interface crop from koti.mbnet.fi.,,,2004-05-16,20050123084057,http://koti.mbnet.fi:80/kuukke/data/blackstats.PNG,https://web.archive.org/web/20050123084057/http://koti.mbnet.fi:80/kuukke/data/blackstats.PNG,,38539,08b8609a2a5aa0ca594fe0b38bc96b03470e1ab2,"Found by the 2026-10 manual-check re-scan (CLIP ranking, verified by eye).",
May-16-2005-duel-img228.echo.cx.jpg,official game: interface or crop,"In-game interface crop. Posted in the forum thread ""Runescape Community -> Few Stakes"".",,,2005-05-16,20050527102042,http://img228.echo.cx:80/img228/7930/duel4ya.jpg,https://web.archive.org/web/20050527102042/http://img228.echo.cx:80/img228/7930/duel4ya.jpg,https://web.archive.org/web/20050524193232/http://www.runescapecommunity.com:80/index.php?showtopic=318502&amp,16296,9b3f0f1efa0064dec4f257ab9c61dd106a160647,,
May-17-2005-happy-img230.echo.cx.png,official game: interface or crop,"Fletching skill guide with red annotation. Posted in the forum thread ""Runescape Community -> Zogre Flesh Eaters"".",,,2005-05-17,20050527113021,http://img230.echo.cx:80/img230/1940/happy7sr.png,https://web.archive.org/web/20050527113021/http://img230.echo.cx:80/img230/1940/happy7sr.png,https://web.archive.org/web/20050524092510/http://www.runescapecommunity.com:80/index.php?showtopic=317611,33873,d7f60d68b1cec9b0c5b1b8ef61d91cff55438f4b,,
May-18-2005-4007ul-th-img289.echo.cx.png,official game: interface or crop,"In-game interface crop. Posted in the forum thread ""Runescape Community -> Whip Pk On My 75 Pure"".",,,2005-05-18,20050527113424,http://img289.echo.cx:80/img289/2697/4007ul.th.png,https://web.archive.org/web/20050527113424/http://img289.echo.cx:80/img289/2697/4007ul.th.png,https://web.archive.org/web/20050524093059/http://www.runescapecommunity.com:80/index.php?showtopic=321127&amp,16428,6ba74ac4d591d186b601c41f1a2d254f3b37ca96,,
May-19-2004-hunt-runehq.com.jpg,official game: interface or crop,"RS2 interface crop (dialogue, shop, book, map or level-up) from a 2004-05 fansite page (www.runehq.com:80); found by the 2001-2005 fansite re-screen",,,2004-05-19,20040710160012,http://www.runehq.com:80/images/users/Yoshiman89_5694/hunt.jpg,https://web.archive.org/web/20040710160012/http://www.runehq.com:80/images/users/Yoshiman89_5694/hunt.jpg,,11591,6a89ee622a58f517f3870a763dfb7ae41c4206e6,,
May-2-2004-cheesetomatobatta-runehq.com.png,official game: interface or crop,"RS2 interface crop (dialogue, shop, book, map or level-up) from a 2004-05 fansite page (www.runehq.com:80); found by the 2001-2005 fansite re-screen",,,2004-05-02,20050409090815,http://www.runehq.com:80/images/otherguides/cheesetomatobatta.png,https://web.archive.org/web/20050409090815/http://www.runehq.com:80/images/otherguides/cheesetomatobatta.png,,41895,1f8fe0a8287d58768abed0d420d41e79029ac133,,
May-2-2004-chocbomb-runehq.com.png,official game: interface or crop,"RS2 interface crop (dialogue, shop, book, map or level-up) from a 2004-05 fansite page (runehq.com:80); found by the 2001-2005 fansite re-screen",,,2004-05-02,20041017193138,http://runehq.com:80/images/otherguides/chocbomb.png,https://web.archive.org/web/20041017193138/http://runehq.com:80/images/otherguides/chocbomb.png,,43343,3d8d8c9f7ba3db8287c712787b303d871de592f5,,
May-2-2004-fruitbatta-runehq.com.png,official game: interface or crop,"RS2 interface crop (dialogue, shop, book, map or level-up) from a 2004-05 fansite page (runehq.com:80); found by the 2001-2005 fansite re-screen",,,2004-05-02,20041017222220,http://runehq.com:80/images/otherguides/fruitbatta.png,https://web.archive.org/web/20041017222220/http://runehq.com:80/images/otherguides/fruitbatta.png,,41237,4ef38327bacbdbf598300747ad1488a7f01c2d30,,
May-2-2004-spicycrunchies-runehq.com.png,official game: interface or crop,"RS2 interface crop (dialogue, shop, book, map or level-up) from a 2004-05 fansite page (runehq.com:80); found by the 2001-2005 fansite re-screen",,,2004-05-02,20041017203950,http://runehq.com:80/images/otherguides/spicycrunchies.png,https://web.archive.org/web/20041017203950/http://runehq.com:80/images/otherguides/spicycrunchies.png,,43348,641c3e2367cca2ae7da6cdd16522b3d17367432a,,
May-2-2004-tangledtoadlegs-runehq.net.png,official game: interface or crop,"RS2 interface crop (dialogue, shop, book, map or level-up) from a 2004-05 fansite page (runehq.net:80); found by the 2001-2005 fansite re-screen",,,2004-05-02,20041211234410,http://runehq.net:80/images/otherguides/tangledtoadlegs.png,https://web.archive.org/web/20041211234410/http://runehq.net:80/images/otherguides/tangledtoadlegs.png,,44437,2d5030a14bfe397e19b8973c9bafae15058b6f09,,
May-2-2004-wormbatta-runehq.com.png,official game: interface or crop,"RS2 interface crop (dialogue, shop, book, map or level-up) from a 2004-05 fansite page (www.runehq.com:80); found by the 2001-2005 fansite re-screen",,,2004-05-02,20050409115201,http://www.runehq.com:80/images/otherguides/wormbatta.png,https://web.archive.org/web/20050409115201/http://www.runehq.com:80/images/otherguides/wormbatta.png,,42497,a4e9d5b6897e301f93cd1c0b881455c12ae2b60b,,
May-2-2004-wormcrunchies-runehq.net.png,official game: interface or crop,"RS2 interface crop (dialogue, shop, book, map or level-up) from a 2004-05 fansite page (runehq.net:80); found by the 2001-2005 fansite re-screen",,,2004-05-02,20041211214121,http://runehq.net:80/images/otherguides/wormcrunchies.png,https://web.archive.org/web/20041211214121/http://runehq.net:80/images/otherguides/wormcrunchies.png,,44070,f2f5b5ec4cc48a054b193c38a3bb6478e7b11c36,,
May-2-2004-wormhole-runehq.net.png,official game: interface or crop,"RS2 interface crop (dialogue, shop, book, map or level-up) from a 2004-05 fansite page (runehq.net:80); found by the 2001-2005 fansite re-screen",,,2004-05-02,20041211215134,http://runehq.net:80/images/otherguides/wormhole.png,https://web.archive.org/web/20041211215134/http://runehq.net:80/images/otherguides/wormhole.png,,43554,84c80c74a172659306a6477dc20befa1db722187,,
May-2-2006-general-runehq.com.png,official game: interface or crop,RS2 interface crop from runehq.com.,,,2006-05-02,20071107202746,http://runehq.com:80/image/quests/p2p/swansong/general.png,https://web.archive.org/web/20071107202746/http://runehq.com:80/image/quests/p2p/swansong/general.png,,11691,2dfef07c245815806d07c0283adfbe23ccf5ab2d,"Found by the 2026-10 manual-check re-scan (CLIP ranking, verified by eye).",
May-20-2004-owned-img17.imageshack.us.png,official game: interface or crop,"In-game interface crop. Posted in the forum thread ""RuneHQ.com :: View topic - A Fun win"".",,,2004-05-20,20040713185139,http://img17.imageshack.us/img17/3253/owned.PNG,https://web.archive.org/web/20040713185139/http://img17.imageshack.us/img17/3253/owned.PNG,https://web.archive.org/web/20040708172325/http://runehq.com:80/TheInn/viewtopic.php?t=32675&amp,1811,52d7782c9e60f4806af1fc8fe98b9a421c46dce9,,
May-21-2004-recastspell-runescape.salmoneus.net.gif,official game: interface or crop,RS2 interface crop from runescape.salmoneus.net.,,,2004-05-21,20040805125711,http://runescape.salmoneus.net:80/images/recastspell.gif,https://web.archive.org/web/20040805125711/http://runescape.salmoneus.net:80/images/recastspell.gif,,4274,40acfe68cb5a9f8ca362a267a5ed3e5547afe481,"Found by the 2026-10 manual-check re-scan (CLIP ranking, verified by eye).",
May-21-2004-roflnoob-img13.imageshack.us.png,official game: interface or crop,"In-game interface crop. Posted in the forum thread ""RuneHQ.com :: View topic - A Fun win"".",,,2004-05-21,20040720111556,http://img13.imageshack.us/img13/8937/roflnoob.PNG,https://web.archive.org/web/20040720111556/http://img13.imageshack.us/img13/8937/roflnoob.PNG,https://web.archive.org/web/20040708172325/http://runehq.com:80/TheInn/viewtopic.php?t=32675&amp,1011,a8b3cf8e2ae04de7aa36ee47e7138a6290340ab3,,
May-21-2004-saradominkite1-koti.mbnet.fi.png,official game: interface or crop,RS2 interface crop from koti.mbnet.fi.,,,2004-05-21,20041129185536,http://koti.mbnet.fi:80/kuukke/data/saradominkite1.PNG,https://web.archive.org/web/20041129185536/http://koti.mbnet.fi:80/kuukke/data/saradominkite1.PNG,,24205,0142435008e18bf14891cb5fa4c3e78962ef38be,"Found by the 2026-10 manual-check re-scan (CLIP ranking, verified by eye).",
May-21-2006-abidor-runehq.com.gif,official game: interface or crop,RS2 shop/interface window from a RuneHQ guide (runehq.com). Embedded in: Rune Headquarters :.:.: Your unfair Runescape advantage (https://web.archive.org/web/20060614151122/http://runehq.com:80/RHQMiniQuestsView.php?id=00719).,,,2006-05-21,20070216151104,http://runehq.com:80/image/minigames/templetrekking/abidor.gif,https://web.archive.org/web/20070216151104/http://runehq.com:80/image/minigames/templetrekking/abidor.gif,,11358,07aa019b4015994d21cfd74df85d13810174adbe,,
May-21-2006-cashtoken-runehq.com.gif,official game: interface or crop,RS2 shop/interface window from a RuneHQ guide (runehq.com). Embedded in: Rune Headquarters :.:.: Your unfair Runescape advantage (https://web.archive.org/web/20060614151122/http://runehq.com:80/RHQMiniQuestsView.php?id=00719).,,,2006-05-21,20070216093245,http://runehq.com:80/image/minigames/templetrekking/cashtoken.gif,https://web.archive.org/web/20070216093245/http://runehq.com:80/image/minigames/templetrekking/cashtoken.gif,,17349,d9feb42d45f2182d9f82ea10e184ec8d0d2bff65,,
May-21-2006-character1-runehq.com.gif,official game: interface or crop,RS2 shop/interface window from a RuneHQ guide (runehq.com). Embedded in: Rune Headquarters :.:.: Your unfair Runescape advantage (https://web.archive.org/web/20060614151122/http://runehq.com:80/RHQMiniQuestsView.php?id=00719).,,,2006-05-21,20070216151225,http://runehq.com:80/image/minigames/templetrekking/character1.gif,https://web.archive.org/web/20070216151225/http://runehq.com:80/image/minigames/templetrekking/character1.gif,,11564,93460083db9be9949e94954884a22142bcd14c14,,
May-21-2006-character2-runehq.com.gif,official game: interface or crop,RS2 shop/interface window from a RuneHQ guide (runehq.com). Embedded in: Rune Headquarters :.:.: Your unfair Runescape advantage (https://web.archive.org/web/20060614151122/http://runehq.com:80/RHQMiniQuestsView.php?id=00719).,,,2006-05-21,20070216093500,http://runehq.com:80/image/minigames/templetrekking/character2.gif,https://web.archive.org/web/20070216093500/http://runehq.com:80/image/minigames/templetrekking/character2.gif,,9097,877b39a5a6f1f0b1aebaa3f22c31a730d1dc24c4,,
May-21-2006-npcreward-runehq.com.gif,official game: interface or crop,RS2 shop/interface window from a RuneHQ guide (runehq.com). Embedded in: Rune Headquarters :.:.: Your unfair Runescape advantage (https://web.archive.org/web/20060614151122/http://runehq.com:80/RHQMiniQuestsView.php?id=00719).,,,2006-05-21,20070216093256,http://runehq.com:80/image/minigames/templetrekking/npcreward.gif,https://web.archive.org/web/20070216093256/http://runehq.com:80/image/minigames/templetrekking/npcreward.gif,,11681,ebcbe43449d646a991b1dc64f20c5d17b04f5a5b,,
May-21-2006-rewardtoken-runehq.com.gif,official game: interface or crop,RS2 shop/interface window from a RuneHQ guide (runehq.com). Embedded in: Rune Headquarters :.:.: Your unfair Runescape advantage (https://web.archive.org/web/20060614151122/http://runehq.com:80/RHQMiniQuestsView.php?id=00719).,,,2006-05-21,20070216093715,http://runehq.com:80/image/minigames/templetrekking/rewardtoken.gif,https://web.archive.org/web/20070216093715/http://runehq.com:80/image/minigames/templetrekking/rewardtoken.gif,,8894,844f16a112a22c838fd06bc5809441ec569c89f1,,
May-23-2004-mystats-img18.imageshack.us.jpg,official game: interface or crop,"In-game interface crop. Posted in the forum thread ""RuneHQ.com :: View topic - RuneHQ Wasting Space?"".",,,2004-05-23,20040823191534,http://img18.imageshack.us/img18/7665/mystats.JPG,https://web.archive.org/web/20040823191534/http://img18.imageshack.us/img18/7665/mystats.JPG,https://web.archive.org/web/20040831174100/http://www.runehq.com:80/TheInn/viewtopic.php?t=56125&amp,14775,d07748745cf62ea2e9a94af2e276f802a8a60f4f,,
May-24-2004-attack1-xanroar.users.whitehat.dk.png,official game: interface or crop,RS2 interface crop from xanroar.users.whitehat.dk.,,,2004-05-24,20041130192441,http://xanroar.users.whitehat.dk/Please%20sit%20down/attack1.PNG,https://web.archive.org/web/20041130192441/http://xanroar.users.whitehat.dk/Please%20sit%20down/attack1.PNG,,3731,555901779bb94c3010a2394797669914518a03e5,"Found by the 2026-10 manual-check re-scan (CLIP ranking, verified by eye).",
May-24-2004-attack2-xanroar.users.whitehat.dk.png,official game: interface or crop,RS2 interface crop from xanroar.users.whitehat.dk.,,,2004-05-24,20041130192727,http://xanroar.users.whitehat.dk/Please%20sit%20down/attack2.PNG,https://web.archive.org/web/20041130192727/http://xanroar.users.whitehat.dk/Please%20sit%20down/attack2.PNG,,3747,56ced51c5f1cc686b8151f501d0a0a85542b1546,"Found by the 2026-10 manual-check re-scan (CLIP ranking, verified by eye).",
May-24-2004-cant-dance-xanroar.users.whitehat.dk.png,official game: interface or crop,RS2 interface/dialogue image from xanroar.users.whitehat.dk. Embedded in: Runescape Community -> Please Sit Down :) (https://web.archive.org/web/20041125013034/http://www.runescapecommunity.com:80/index.php?showtopic=131577).,,,2004-05-24,20041130184116,http://xanroar.users.whitehat.dk/Please%20sit%20down/Cant_dance.PNG,https://web.archive.org/web/20041130184116/http://xanroar.users.whitehat.dk/Please%20sit%20down/Cant_dance.PNG,,14575,0eaf6145f431c897e4d7dfb362fc8ddff589d8e2,,
May-24-2004-seat-taken-xanroar.users.whitehat.dk.png,official game: interface or crop,RS2 interface/dialogue image from xanroar.users.whitehat.dk. Embedded in: Runescape Community -> Please Sit Down :) (https://web.archive.org/web/20041125013034/http://www.runescapecommunity.com:80/index.php?showtopic=131577).,,,2004-05-24,20041130211251,http://xanroar.users.whitehat.dk/Please%20sit%20down/seat_taken.PNG,https://web.archive.org/web/20041130211251/http://xanroar.users.whitehat.dk/Please%20sit%20down/seat_taken.PNG,,14417,d0f4d58fbc5a021d01edc7b960e0db3898ff884c,,
May-25-2004-trade-window-adamant-trimmed-armour-img19.imageshack.us.png,official game: interface or crop,Trade window with Tarter: adamant armour with trim being traded.,,,2004-05-25,20041102020838,http://img19.imageshack.us:80/img19/7300/adamtrim2.PNG,https://web.archive.org/web/20041102020838/http://img19.imageshack.us:80/img19/7300/adamtrim2.PNG,,56776,83d381ad6f067add0beae4a7327892435021deba,Classified as official game: interface or crop: Trade window crop.,
May-25-2004-trade-window-gold-trimmed-armour-img14.imageshack.us.png,official game: interface or crop,Trade window with Nebrot: black armour with gold trim being traded.,,,2004-05-25,20041102015746,http://img14.imageshack.us:80/img14/9310/goldtrimarmor2.PNG,https://web.archive.org/web/20041102015746/http://img14.imageshack.us:80/img14/9310/goldtrimarmor2.PNG,,56693,5d9a780e2ac51a0d71dffde3593f056d2ecc39cd,Classified as official game: interface or crop: Trade window crop.,
May-25-2005-magiclist-runescape.salmoneus.net.png,official game: interface or crop,RS2 interface crop from runescape.salmoneus.net.,,,2005-05-25,20050812023026,http://runescape.salmoneus.net/images/magiclist.png,https://web.archive.org/web/20050812023026/http://runescape.salmoneus.net/images/magiclist.png,,12733,bc9fd387f8567a16e3d988d609184361bbee8a99,"Found by the 2026-10 manual-check re-scan (CLIP ranking, verified by eye).",
May-26-2005-rsfenkenstrain18-runevillage.com.gif,official game: interface or crop,"RS2 interface crop (dialogue, shop, book, map or level-up) from a 2004-05 fansite guide (runevillage.com:80); found by the 2001-2005 fansite re-screen",,,2005-05-26,20051215231327,http://runevillage.com:80/images/rsFenkenstrain18.gif,https://web.archive.org/web/20051215231327/http://runevillage.com:80/images/rsFenkenstrain18.gif,,13410,5a5e06b56dfdf45d3c87c3714d77fc0ac24d67f5,,
May-26-2005-rsfenkenstrain3-runevillage.com.gif,official game: interface or crop,"RS2 interface crop (dialogue, shop, book, map or level-up) from a 2004-05 fansite guide (runevillage.com:80); found by the 2001-2005 fansite re-screen",,,2005-05-26,20051215225010,http://runevillage.com:80/images/rsFenkenstrain3.gif,https://web.archive.org/web/20051215225010/http://runevillage.com:80/images/rsFenkenstrain3.gif,,5553,0c09eaff123e79a6cc3b39dae9860940c18fef1f,,
May-26-2005-rsfenkenstrain4-runevillage.com.gif,official game: interface or crop,"RS2 interface crop (dialogue, shop, book, map or level-up) from a 2004-05 fansite guide (runevillage.com:80); found by the 2001-2005 fansite re-screen",,,2005-05-26,20051215225034,http://runevillage.com:80/images/rsFenkenstrain4.gif,https://web.archive.org/web/20051215225034/http://runevillage.com:80/images/rsFenkenstrain4.gif,,5207,15f8cc38bbfd4aa5875e835e77becc1049a035d5,,
May-26-2005-rsfenkenstrain6-runevillage.com.gif,official game: interface or crop,RS2 interface crop from runevillage.com.,,,2005-05-26,20051215225059,http://runevillage.com:80/images/rsFenkenstrain6.gif,https://web.archive.org/web/20051215225059/http://runevillage.com:80/images/rsFenkenstrain6.gif,,15855,37e9ba0909caa682e4f04b288f6d393d477cbe73,"Found by the 2026-10 manual-check re-scan (CLIP ranking, verified by eye).",
May-27-2005-scroll-bottom-www.runescape.ee.gif,official game: interface or crop,RS2 interface crop from www.runescape.ee.,,,2005-05-27,20060705165357,http://www.runescape.ee:80/images/scroll-bottom.gif,https://web.archive.org/web/20060705165357/http://www.runescape.ee:80/images/scroll-bottom.gif,,29123,e131940af4644df04494240d207679ce7889c3d0,"Found by the 2026-10 manual-check re-scan (CLIP ranking, verified by eye).",
May-29-2004-guild-of-champions-guild-master-dialogue-img13.imageshack.us.jpg,official game: interface or crop,In-game interface crop: guild of champions guild master dialogue.,,,2004-05-29,20040622142259,http://img13.imageshack.us:80/img13/1306/champ.JPG,https://web.archive.org/web/20040622142259/http://img13.imageshack.us:80/img13/1306/champ.JPG,,14004,ec00126dbd4c78519b4536cccb7bf810875307b2,,
May-29-2004-king-roald-dialogue-home.ripway.com.png,official game: interface or crop,"NPC dialogue: King Roald (""O ya, I'm good""), RuneScape 2 chat-box style. File name ""Roald is a bit egotistical"".",,,2004-05-29,20040608012641,http://home.ripway.com:80/2004-1/58680/Roaldisabitegotistical.PNG,https://web.archive.org/web/20040608012641/http://home.ripway.com:80/2004-1/58680/Roaldisabitegotistical.PNG,,20596,0ee4e02bad3004a38439a3e7024f658c429a4432,,
May-29-2004-merlincrystal1-runevillage.com.gif,official game: interface or crop,RS2 interface crop from runevillage.com.,,,2004-05-29,20050115094456,http://runevillage.com:80/images/merlinCrystal1.gif,https://web.archive.org/web/20050115094456/http://runevillage.com:80/images/merlinCrystal1.gif,,4274,5df9917561ac951e45b444947d5673eab2c80f62,"Found by the 2026-10 manual-check re-scan (CLIP ranking, verified by eye).",
May-29-2004-thieving1-runevillage.com.gif,official game: interface or crop,RS2 interface crop from runevillage.com.,,,2004-05-29,20051215182926,http://runevillage.com:80/guides/thieving1.gif,https://web.archive.org/web/20051215182926/http://runevillage.com:80/guides/thieving1.gif,,3492,bcafdff5f8dcf8cc1ea502d6778a1c19e7cb0fee,"Found by the 2026-10 manual-check re-scan (CLIP ranking, verified by eye).",
May-29-2006-alternativeinvent3-img117.imageshack.us.png,official game: interface or crop,"In-game interface crop. Posted in the forum thread ""Eddy's Blue Dragon Ranging Guide! - Runescape Community"".",,,2006-05-29,20140303221429,http://img117.imageshack.us/img117/6701/alternativeinvent31tg.png,https://web.archive.org/web/20140303221429/http://img117.imageshack.us/img117/6701/alternativeinvent31tg.png,https://web.archive.org/web/20061230213122/http://www.runescapecommunity.com:80/index.php?showtopic=554051&amp;view=getnewpost,12296,75274e6741a16479f788ea1420fb619e5512a3dc,,
May-29-2006-inventpic-img117.imageshack.us.png,official game: interface or crop,"In-game interface crop. Posted in the forum thread ""Eddy's Blue Dragon Ranging Guide! - Runescape Community"".",,,2006-05-29,20130301120046,http://img117.imageshack.us/img117/4524/inventpic9ad.png,https://web.archive.org/web/20130301120046/http://img117.imageshack.us/img117/4524/inventpic9ad.png,https://web.archive.org/web/20061230213122/http://www.runescapecommunity.com:80/index.php?showtopic=554051&amp;view=getnewpost,14148,ed16c873a70b88f5fff75aa6c00d0d7270e2538d,,
May-29-2006-taverlyinvent-img117.imageshack.us.png,official game: interface or crop,"In-game interface crop. Posted in the forum thread ""Eddy's Blue Dragon Ranging Guide! - Runescape Community"".",,,2006-05-29,20130301120013,http://img117.imageshack.us/img117/3591/taverlyinvent1ki.png,https://web.archive.org/web/20130301120013/http://img117.imageshack.us/img117/3591/taverlyinvent1ki.png,https://web.archive.org/web/20061230213122/http://www.runescapecommunity.com:80/index.php?showtopic=554051&amp;view=getnewpost,14751,482f28cff52c0474edf7a9a191a78e7855362463,,
May-30-2004-map1-img12.imageshack.us.png,official game: interface or crop,"Treasure Trail map clue. Posted in the forum thread ""Runescape Community -> Treasure Trail Clues!"".",,,2004-05-30,20040818192846,http://img12.imageshack.us/img12/5373/map1.PNG,https://web.archive.org/web/20040818192846/http://img12.imageshack.us/img12/5373/map1.PNG,https://web.archive.org/web/20040817194412/http://www.runescapecommunity.com:80/index.php?showtopic=122395,9363,310499b138b5188d1f32a5f866abe25d84e62ffd,,
May-30-2004-map2-img12.imageshack.us.png,official game: interface or crop,"Treasure Trail map clue. Posted in the forum thread ""Runescape Community -> Treasure Trail Clues!"".",,,2004-05-30,20040818192916,http://img12.imageshack.us/img12/6125/map2.PNG,https://web.archive.org/web/20040818192916/http://img12.imageshack.us/img12/6125/map2.PNG,https://web.archive.org/web/20040817194412/http://www.runescapecommunity.com:80/index.php?showtopic=122395,9229,639503a5552903e8030a91dd86fffec17e12f417,,
May-30-2004-map3-img12.imageshack.us.png,official game: interface or crop,"Treasure Trail map clue. Posted in the forum thread ""Runescape Community -> Treasure Trail Clues!"".",,,2004-05-30,20040818192502,http://img12.imageshack.us/img12/2784/map3.PNG,https://web.archive.org/web/20040818192502/http://img12.imageshack.us/img12/2784/map3.PNG,https://web.archive.org/web/20040817194412/http://www.runescapecommunity.com:80/index.php?showtopic=122395,45472,1b8d6077a79bb422d51dc782a866340bf98c99e6,,
May-31-2004-bartender-dialogue-img7.imageshack.us.jpg,official game: interface or crop,In-game interface crop: bartender dialogue.,,,2004-05-31,20041029235954,http://img7.imageshack.us:80/img7/6868/rssig.JPG,https://web.archive.org/web/20041029235954/http://img7.imageshack.us:80/img7/6868/rssig.JPG,,16142,eed9019418458fef10cf3c8d044fce131aaf7364,,
May-31-2004-map4-img14.imageshack.us.png,official game: interface or crop,"Treasure Trail map clue. Posted in the forum thread ""Runescape Community -> Treasure Trail Clues!"".",,,2004-05-31,20040818193106,http://img14.imageshack.us/img14/7035/map4.PNG,https://web.archive.org/web/20040818193106/http://img14.imageshack.us/img14/7035/map4.PNG,https://web.archive.org/web/20040817194412/http://www.runescapecommunity.com:80/index.php?showtopic=122395,43272,1e3b13e3b009a9b527969700647124b8a4d13172,,
May-31-2005-persorunescape-img27.echo.cx.png,official game: interface or crop,Character crop.,,,2005-05-31,20051211114803,http://img27.echo.cx:80/img27/2000/persorunescape7xd.png,https://web.archive.org/web/20051211114803/http://img27.echo.cx:80/img27/2000/persorunescape7xd.png,,9660,01749c285f9db8febafff2d05bb9540a3fe799cb,,
May-31-2005-rsgolem14-runevillage.com.gif,official game: interface or crop,RS2 interface crop from runevillage.com.,,,2005-05-31,20051215183819,http://runevillage.com:80/images/rsGolem14.gif,https://web.archive.org/web/20051215183819/http://runevillage.com:80/images/rsGolem14.gif,,12294,208331e9da8ea8d35a909121131c28f79e036e59,"Found by the 2026-10 manual-check re-scan (CLIP ranking, verified by eye).",
May-31-2005-rsgolem18-runevillage.com.gif,official game: interface or crop,RS2 interface crop from runevillage.com.,,,2005-05-31,20051215183843,http://runevillage.com:80/images/rsGolem18.gif,https://web.archive.org/web/20051215183843/http://runevillage.com:80/images/rsGolem18.gif,,8531,c0b64394de70ceaaee1e1a79c079f9adf159b25c,"Found by the 2026-10 manual-check re-scan (CLIP ranking, verified by eye).",
May-31-2005-rsgolem3-runevillage.com.gif,official game: interface or crop,RS2 interface crop from runevillage.com.,,,2005-05-31,20051215174459,http://runevillage.com:80/images/rsGolem3.gif,https://web.archive.org/web/20051215174459/http://runevillage.com:80/images/rsGolem3.gif,,13032,1997d85d53e72c1e6b1b75687c58d60411a4c255,"Found by the 2026-10 manual-check re-scan (CLIP ranking, verified by eye).",
May-31-2005-rsgolem5-runevillage.com.gif,official game: interface or crop,RS2 interface crop from runevillage.com.,,,2005-05-31,20051215174634,http://runevillage.com:80/images/rsGolem5.gif,https://web.archive.org/web/20051215174634/http://runevillage.com:80/images/rsGolem5.gif,,9524,3dab695854c0ef9424bda1354213d5a8bab916da,"Found by the 2026-10 manual-check re-scan (CLIP ranking, verified by eye).",
May-31-2005-rsgolem7-runevillage.com.gif,official game: interface or crop,RS2 interface crop from runevillage.com.,,,2005-05-31,20051215174657,http://runevillage.com:80/images/rsGolem7.gif,https://web.archive.org/web/20051215174657/http://runevillage.com:80/images/rsGolem7.gif,,12268,3f87744b414b1a8e85f3f08ad95dc6c3e608b808,"Found by the 2026-10 manual-check re-scan (CLIP ranking, verified by eye).",
May-31-2005-statrunescape-img63.echo.cx.png,official game: interface or crop,Stats panel crop.,,,2005-05-31,20051211123748,http://img63.echo.cx:80/img63/2715/statrunescape4yk.png,https://web.archive.org/web/20051211123748/http://img63.echo.cx:80/img63/2715/statrunescape4yk.png,,42150,9fd718eaa93e5b8e6df52af6b68437fec9d1774d,,
May-5-2004-ana-in-a-barrel-dialogue-img9.imageshack.us.jpg,official game: interface or crop,In-game interface crop: ana in a barrel dialogue.,,,2004-05-05,20040627033342,http://img9.imageshack.us:80/img9/520/ana1.JPG,https://web.archive.org/web/20040627033342/http://img9.imageshack.us:80/img9/520/ana1.JPG,,14630,0e9dbb75a5ccf796daa528bc317b4b83a2e63b84,,
May-9-2004-fishing-level-76-message-img10.imageshack.us.png,official game: interface or crop,In-game interface crop: fishing level 76 message.,,,2004-05-09,20040606173336,http://img10.imageshack.us:80/img10/3948/76fish.PNG,https://web.archive.org/web/20040606173336/http://img10.imageshack.us:80/img10/3948/76fish.PNG,,19424,d73c1d4e0d11c0a028e71a074316765bffb504e2,,
May-9-2004-tradeparty-koti.mbnet.fi.jpg,official game: interface or crop,RS2 client screenshot from koti.mbnet.fi.,,,2004-05-09,20050128140152,http://koti.mbnet.fi:80/kuukke/data/tradeparty.JPG,https://web.archive.org/web/20050128140152/http://koti.mbnet.fi:80/kuukke/data/tradeparty.JPG,,39790,a5624849e2f527872b932729165fbde297fbe86a,Classified as official game: interface or crop: Trade window crop.,
May-9-2004-watchsax1-img10.imageshack.us.png,official game: interface or crop,"Four item icons labelled (1)-(4). Posted in the forum thread ""Runescape Community -> [ Mini Guides Compilation - 4]"".",,,2004-05-09,20050407125645,http://img10.imageshack.us/img10/2487/watchsax1.PNG,https://web.archive.org/web/20050407125645/http://img10.imageshack.us/img10/2487/watchsax1.PNG,https://web.archive.org/web/20040820041443/http://www.runescapecommunity.com:80/index.php?showtopic=133419,3249,0cd04a55faaa90586912a783758ea25ea2c6e421,,
May-9-2005-dharokthewreckhedset-img69.echo.cx.jpg,official game: interface or crop,"In-game interface crop. Posted in the forum thread ""Runescape Community -> Barrows"".",,,2005-05-09,20050527014644,http://img69.echo.cx:80/img69/1097/dharokthewreckhedset3fm.jpg,https://web.archive.org/web/20050527014644/http://img69.echo.cx:80/img69/1097/dharokthewreckhedset3fm.jpg,https://web.archive.org/web/20050524092501/http://www.runescapecommunity.com:80/index.php?showtopic=312678,2397,7f123fc99c2d951b4d311284f87627e377e20e16,,
May-9-2005-guthantheinfestedset-img55.echo.cx.jpg,official game: interface or crop,"In-game interface crop. Posted in the forum thread ""Runescape Community -> Barrows"".",,,2005-05-09,20050527021524,http://img55.echo.cx:80/img55/8113/guthantheinfestedset3qs.jpg,https://web.archive.org/web/20050527021524/http://img55.echo.cx:80/img55/8113/guthantheinfestedset3qs.jpg,https://web.archive.org/web/20050524092501/http://www.runescapecommunity.com:80/index.php?showtopic=312678,1602,f8d0dbcc8bec6841c2e3136aa7cded56be46e556,,
November-1-2004-rune-daggers-unlock-dialogue-img58.exs.cx.jpg,official game: interface or crop,"'You can now make Rune Daggers' level-up message, embedded in a Nov 2004 fansite forum post (exs.cx)",,,2004-11-01,20041114212046,http://img58.exs.cx/img58/299/wootage.jpg,https://web.archive.org/web/20041114212046/http://img58.exs.cx/img58/299/wootage.jpg,,16495,67638672da553a2d31b5d60ff2f4d9f91fb7f0b3,,
November-10-2004-rshemenster2-runevillage.com.gif,official game: interface or crop,"RS2 interface crop (dialogue, shop, book, map or level-up) from a 2004-05 fansite page (runevillage.com:80); found by the 2001-2005 fansite re-screen",,,2004-11-10,20051215205957,http://runevillage.com:80/images/rshemenster2.gif,https://web.archive.org/web/20051215205957/http://runevillage.com:80/images/rshemenster2.gif,,12491,8b6f702034bc3986c8f382bbe9ef0de3b1221ba1,,
November-11-2004-shilo-khaz-05-runecrypt.com.jpg,official game: interface or crop,"RS2 interface crop (dialogue, shop, book, map or level-up) from a 2004-05 fansite page (www.runecrypt.com:80); found by the 2001-2005 fansite re-screen",,,2004-11-11,20041116225109,http://www.runecrypt.com:80/images/tour/shilo_khaz_05.jpg,https://web.archive.org/web/20041116225109/http://www.runecrypt.com:80/images/tour/shilo_khaz_05.jpg,,34757,2b2edf84c627501fa3e1e0e5457368baeead9c24,,
November-11-2004-shilo-khaz-12-runecrypt.com.jpg,official game: interface or crop,"RS2 interface crop (dialogue, shop, book, map or level-up) from a 2004-05 fansite page (www.runecrypt.com:80); found by the 2001-2005 fansite re-screen",,,2004-11-11,20041116224025,http://www.runecrypt.com:80/images/tour/shilo_khaz_12.jpg,https://web.archive.org/web/20041116224025/http://www.runecrypt.com:80/images/tour/shilo_khaz_12.jpg,,36453,54dca239af203a3fcba5da4d1d63a341f9bc9228,,
November-11-2004-shilo-khaz-15-runecrypt.com.jpg,official game: interface or crop,"RS2 interface crop (dialogue, shop, book, map or level-up) from a 2004-05 fansite page (www.runecrypt.com:80); found by the 2001-2005 fansite re-screen",,,2004-11-11,20041116221340,http://www.runecrypt.com:80/images/tour/shilo_khaz_15.jpg,https://web.archive.org/web/20041116221340/http://www.runecrypt.com:80/images/tour/shilo_khaz_15.jpg,,32326,673e407cc87955fbaca0c77a0f9ddd384a0f65da,,
November-11-2004-shilo-khaz-16-runecrypt.com.jpg,official game: interface or crop,"RS2 interface crop (dialogue, shop, book, map or level-up) from a 2004-05 fansite page (www.runecrypt.com:80); found by the 2001-2005 fansite re-screen",,,2004-11-11,20041116223635,http://www.runecrypt.com:80/images/tour/shilo_khaz_16.jpg,https://web.archive.org/web/20041116223635/http://www.runecrypt.com:80/images/tour/shilo_khaz_16.jpg,,60235,b24ae9b0f9a37deedb8274cb9a08f1626a461a4d,,
November-12-2004-bank5-img131.exs.cx.jpg,official game: interface or crop,"In-game interface crop. Posted in the forum thread ""Runescape Bits & Bytes :: View topic - Post your bank Pictures!"".",,,2004-11-12,20060407013343,http://img131.exs.cx:80/img131/7991/bank5.jpg,https://web.archive.org/web/20060407013343/http://img131.exs.cx:80/img131/7991/bank5.jpg,https://web.archive.org/web/20050121003609/http://www.rsbandb.com:80/forums/viewtopic.php?t=51&amp,24947,68b0f69f64668b350b34b1242f44b9a094950b78,,
November-12-2004-option-img126.exs.cx.png,official game: interface or crop,"In-game interface crop. Posted in the forum thread ""RuneHQ -> Item Pictures Needed - Revised 11/14"".",,,2004-11-12,20041114170003,http://img126.exs.cx:80/img126/4676/option.png,https://web.archive.org/web/20041114170003/http://img126.exs.cx:80/img126/4676/option.png,https://web.archive.org/web/20041115120448/http://www.runehq.com:80/RHQInn/index.php?showtopic=36053,4673,15e4c8ae44c4403b1d767aba218154e1214be8d9,,
November-16-2004-a-251-runecrypt.com.png,official game: interface or crop,"RS2 interface crop (dialogue, shop, book, map or level-up) from a 2004-05 fansite page (www.runecrypt.com:80); found by the 2001-2005 fansite re-screen",,,2004-11-16,20041119020632,http://www.runecrypt.com:80/mkportal/modules/gallery/album/a_251.png,https://web.archive.org/web/20041119020632/http://www.runecrypt.com:80/mkportal/modules/gallery/album/a_251.png,,18326,874b4294a915cda66fc23ecbc4470566f2727c2f,,
November-16-2004-alkharid-06-runecrypt.com.jpg,official game: interface or crop,"RS2 interface crop (dialogue, shop, book, map or level-up) from a 2004-05 fansite page (www.runecrypt.com:80); found by the 2001-2005 fansite re-screen",,,2004-11-16,20050224063346,http://www.runecrypt.com:80/images/tour/alkharid_06.jpg,https://web.archive.org/web/20050224063346/http://www.runecrypt.com:80/images/tour/alkharid_06.jpg,,12582,697a47a1db2cc2cc800c40aee55343d9b9f91171,,
November-16-2005-bank-partyhats-runescapefan5-runescapefan5.tripod.com.jpg,official game: interface or crop,"Bank interface crop with coins and party hats, from the fan site runescapefan5.tripod.com",,,2005-11-16,20070119014950,http://runescapefan5.tripod.com:80/sitebuildercontent/sitebuilderpictures/bank.jpg,https://web.archive.org/web/20070119014950/http://runescapefan5.tripod.com:80/sitebuildercontent/sitebuilderpictures/bank.jpg,,9730,4f8e8337941260a3d7bb545d8ce2bc800270fa03,,
November-17-2004-kbd-lair-img127.exs.cx.jpg,official game: interface or crop,"In-game interface crop. Posted in the forum thread ""Runescape Community -> A Guide To The Wilderness"".",,,2004-11-17,20050117235352,http://img127.exs.cx:80/img127/2917/kbd_lair.jpg,https://web.archive.org/web/20050117235352/http://img127.exs.cx:80/img127/2917/kbd_lair.jpg,https://web.archive.org/web/20041228215637/http://www.runescapecommunity.com:80/index.php?showtopic=212852,2732,05ac126707a8ce68580a814950d81ee539ea7203,,
November-18-2005-brokenfence-runescape.salmoneus.net.png,official game: interface or crop,RS2 interface crop from runescape.salmoneus.net.,,,2005-11-18,20051222054337,http://runescape.salmoneus.net:80/quests/GertrudesCat/brokenfence.png,https://web.archive.org/web/20051222054337/http://runescape.salmoneus.net:80/quests/GertrudesCat/brokenfence.png,,3385,b822a67700e5df0d652f7d8a09e6e53e3cda5b8e,"Found by the 2026-10 manual-check re-scan (CLIP ranking, verified by eye).",
November-18-2005-farmer-menu-runescape.salmoneus.net.gif,official game: interface or crop,RS2 interface crop from runescape.salmoneus.net.,,,2005-11-18,20051228150421,http://runescape.salmoneus.net:80/images/farmer_menu.gif,https://web.archive.org/web/20051228150421/http://runescape.salmoneus.net:80/images/farmer_menu.gif,,1682,528e4d5379d9c602b66d5e5afbf8c1900628969b,"Found by the 2026-10 manual-check re-scan (CLIP ranking, verified by eye).",
November-18-2005-hauntedminecomlt-small-runescape.salmoneus.net.gif,official game: interface or crop,"RS2 interface crop (dialogue, shop, book, map or level-up) from a 2004-05 fansite guide (runescape.salmoneus.net:80); found by the 2001-2005 fansite re-screen",,,2005-11-18,20051228171255,http://runescape.salmoneus.net:80/quests/HauntedMine/hauntedminecomlt_small.gif,https://web.archive.org/web/20051228171255/http://runescape.salmoneus.net:80/quests/HauntedMine/hauntedminecomlt_small.gif,,8100,ff5963302d656f254da7ea7188759fce4a9a663f,,
November-18-2005-kharidkebabseller-runescape.salmoneus.net.gif,official game: interface or crop,RS2 interface crop from runescape.salmoneus.net.,,,2005-11-18,20051218213403,http://runescape.salmoneus.net:80/cities/images/kharidkebabseller.gif,https://web.archive.org/web/20051218213403/http://runescape.salmoneus.net:80/cities/images/kharidkebabseller.gif,,7677,458eb1f92c27e216a968b9d0597fd51181cf7aff,"Found by the 2026-10 manual-check re-scan (CLIP ranking, verified by eye).",
November-18-2005-kharidleathers-runescape.salmoneus.net.png,official game: interface or crop,RS2 interface crop from runescape.salmoneus.net.,,,2005-11-18,20051218204248,http://runescape.salmoneus.net:80/cities/images/kharidleathers.png,https://web.archive.org/web/20051218204248/http://runescape.salmoneus.net:80/cities/images/kharidleathers.png,,14062,a7c05c73bfaaa1e447d642cb30c6e6e21cbe21ea,"Found by the 2026-10 manual-check re-scan (CLIP ranking, verified by eye).",
November-18-2005-map-bodyaltar-runescape.salmoneus.net.png,official game: interface or crop,RS2 interface crop from runescape.salmoneus.net.,,,2005-11-18,20051228154502,http://runescape.salmoneus.net:80/images/map-bodyaltar.png,https://web.archive.org/web/20051228154502/http://runescape.salmoneus.net:80/images/map-bodyaltar.png,,8480,4f0c4ee766f2ef59663ab5e7ffbff45bd789d6d4,"Found by the 2026-10 manual-check re-scan (CLIP ranking, verified by eye).",
November-18-2005-picklockdoor-runescape.salmoneus.net.gif,official game: interface or crop,RS2 interface crop from runescape.salmoneus.net.,,,2005-11-18,20051210111024,http://runescape.salmoneus.net:80/images/picklockdoor.gif,https://web.archive.org/web/20051210111024/http://runescape.salmoneus.net:80/images/picklockdoor.gif,,1141,7452569c9db94fada91c1072f9c6384d1ecfc4fb,"Found by the 2026-10 manual-check re-scan (CLIP ranking, verified by eye).",
November-18-2005-ppockethero-runescape.salmoneus.net.gif,official game: interface or crop,RS2 interface crop from runescape.salmoneus.net.,,,2005-11-18,20051210105729,http://runescape.salmoneus.net:80/images/ppockethero.gif,https://web.archive.org/web/20051210105729/http://runescape.salmoneus.net:80/images/ppockethero.gif,,1756,347fc9a0bccd87f9000decdc653648a546e990e2,"Found by the 2026-10 manual-check re-scan (CLIP ranking, verified by eye).",
November-18-2005-runemystcomplt-small-runescape.salmoneus.net.gif,official game: interface or crop,RS2 interface crop from runescape.salmoneus.net.,,,2005-11-18,20051228171145,http://runescape.salmoneus.net:80/quests/RuneMystery/runemystcomplt_small.gif,https://web.archive.org/web/20051228171145/http://runescape.salmoneus.net:80/quests/RuneMystery/runemystcomplt_small.gif,,7631,ab3689170b61e7eefb83b852c97ef1d37dc6aecb,"Found by the 2026-10 manual-check re-scan (CLIP ranking, verified by eye).",
November-18-2005-seedstall-runescape.salmoneus.net.gif,official game: interface or crop,RS2 interface crop from runescape.salmoneus.net.,,,2005-11-18,20051228143744,http://runescape.salmoneus.net:80/images/seedstall.gif,https://web.archive.org/web/20051228143744/http://runescape.salmoneus.net:80/images/seedstall.gif,,4596,2f05d92570e22856d9c50a0fb9c274fd5b8720c5,"Found by the 2026-10 manual-check re-scan (CLIP ranking, verified by eye).",
November-18-2005-srctrapchest-runescape.salmoneus.net.gif,official game: interface or crop,RS2 interface crop from runescape.salmoneus.net.,,,2005-11-18,20051210111318,http://runescape.salmoneus.net:80/images/srctrapchest.gif,https://web.archive.org/web/20051210111318/http://runescape.salmoneus.net:80/images/srctrapchest.gif,,1407,ea6916d2a7f3e24f1fc8b58c7e5d4444ec02abdc,"Found by the 2026-10 manual-check re-scan (CLIP ranking, verified by eye).",
November-18-2005-stealbakerstall-runescape.salmoneus.net.gif,official game: interface or crop,RS2 interface crop from runescape.salmoneus.net.,,,2005-11-18,20051210115207,http://runescape.salmoneus.net:80/images/stealbakerstall.gif,https://web.archive.org/web/20051210115207/http://runescape.salmoneus.net:80/images/stealbakerstall.gif,,1319,8e2c2d71976008ba2613e1b5d0b159e2bd172186,"Found by the 2026-10 manual-check re-scan (CLIP ranking, verified by eye).",
November-20-2004-boontappotaas2-koti.mbnet.fi.jpg,official game: interface or crop,RS2 interface/dialogue image from koti.mbnet.fi.,,,2004-11-20,20041130104015,http://koti.mbnet.fi:80/kuukke/data/boontappotaas2.JPG,https://web.archive.org/web/20041130104015/http://koti.mbnet.fi:80/kuukke/data/boontappotaas2.JPG,,13246,03b16f86ae3a9e979d3b83e5b8eafea1ebe9a311,,
November-24-2004-rsgnome11-runevillage.com.gif,official game: interface or crop,RS2 interface crop from runevillage.com.,,,2004-11-24,20041129124254,http://runevillage.com:80/images/rsgnome11.gif,https://web.archive.org/web/20041129124254/http://runevillage.com:80/images/rsgnome11.gif,,27817,af95d0d19d6a8b602f897f2fa2e0a3c18f5a8152,"Found by the 2026-10 manual-check re-scan (CLIP ranking, verified by eye).",
November-24-2004-rsgnome15-runevillage.com.gif,official game: interface or crop,RS2 interface crop from runevillage.com.,,,2004-11-24,20041129105603,http://runevillage.com:80/images/rsgnome15.gif,https://web.archive.org/web/20041129105603/http://runevillage.com:80/images/rsgnome15.gif,,27874,4190ab795994c07a37a624d5f229f2f094feba85,"Found by the 2026-10 manual-check re-scan (CLIP ranking, verified by eye).",
November-25-2004-calldiscarycheckthis-img127.exs.cx.jpg,official game: interface or crop,"In-game interface crop. Posted in the forum thread ""RuneHQ -> Exercitum Recruiting 100+"".",,,2004-11-25,20050118094702,http://img127.exs.cx:80/img127/3972/calldiscarycheckthis.jpg,https://web.archive.org/web/20050118094702/http://img127.exs.cx:80/img127/3972/calldiscarycheckthis.jpg,https://web.archive.org/web/20050115163905/http://www.runehq.com:80/RHQInn/index.php?showtopic=45167,44654,519e4c1e2a322a52d7a396f39a388ad8fdba0efb,,
November-25-2004-gallery-344-283-1101411010-www.runehq.com.png,official game: interface or crop,RS2 interface crop from www.runehq.com.,,,2004-11-25,20050116075215,http://www.runehq.com:80/RHQInn/uploads/1101363744/gallery_344_283_1101411010.png,https://web.archive.org/web/20050116075215/http://www.runehq.com:80/RHQInn/uploads/1101363744/gallery_344_283_1101411010.png,,41894,75667df44e1e5543ec4dff242629bf6fbe0b48b8,"Found by the 2026-10 manual-check re-scan (CLIP ranking, verified by eye).",
November-25-2004-gallery-344-283-1101411650-www.runehq.com.png,official game: interface or crop,RS2 interface crop from www.runehq.com.,,,2004-11-25,20050116072348,http://www.runehq.com:80/RHQInn/uploads/1101363744/gallery_344_283_1101411650.png,https://web.archive.org/web/20050116072348/http://www.runehq.com:80/RHQInn/uploads/1101363744/gallery_344_283_1101411650.png,,44006,a64f8894a8fe391134ef331d3c2fefcb3bc10ff7,"Found by the 2026-10 manual-check re-scan (CLIP ranking, verified by eye).",
November-26-2004-rsshade12-runevillage.com.gif,official game: interface or crop,RS2 interface crop from runevillage.com.,,,2004-11-26,20051215185322,http://runevillage.com:80/images/rsshade12.gif,https://web.archive.org/web/20051215185322/http://runevillage.com:80/images/rsshade12.gif,,16911,cdbb36bcd90ab26a2757d9f58ef7938ef16b4520,"Found by the 2026-10 manual-check re-scan (CLIP ranking, verified by eye).",
November-27-2004-gallery-468-205-1101598018-www.runehq.com.png,official game: interface or crop,RS2 interface crop from www.runehq.com.,,,2004-11-27,20050116065715,http://www.runehq.com:80/RHQInn/uploads/1101432919/gallery_468_205_1101598018.png,https://web.archive.org/web/20050116065715/http://www.runehq.com:80/RHQInn/uploads/1101432919/gallery_468_205_1101598018.png,,20167,562c6fbb67c73bd606732d2e72a900285b4a198c,"Found by the 2026-10 manual-check re-scan (CLIP ranking, verified by eye).",
November-27-2004-gallery-942-107-1101595440-runehq.com.jpg,official game: interface or crop,"RS2 interface crop (dialogue, shop, book, map or level-up) from a 2004-05 fansite guide (www.runehq.com:80); found by the 2001-2005 fansite re-screen",,,2004-11-27,20050116071400,http://www.runehq.com:80/RHQInn/uploads/1101432919/gallery_942_107_1101595440.jpg,https://web.archive.org/web/20050116071400/http://www.runehq.com:80/RHQInn/uploads/1101432919/gallery_942_107_1101595440.jpg,,56472,930dc32142396414508e935e84a933cd9d04520f,,
November-27-2004-tiarunescape-img75.exs.cx.jpg,official game: interface or crop,Inventory crop.,,,2004-11-27,20050129233901,http://img75.exs.cx:80/img75/3807/tiarunescape.jpg,https://web.archive.org/web/20050129233901/http://img75.exs.cx:80/img75/3807/tiarunescape.jpg,,17992,df08c4982f2b9cc3ef893db501a03334a3643eff,,
November-28-2004-guildguidetop-runehq.net.png,official game: interface or crop,RS2 interface crop from runehq.net.,,,2004-11-28,20041210133847,http://runehq.net:80/images/otherguides/guildguidetop.PNG,https://web.archive.org/web/20041210133847/http://runehq.net:80/images/otherguides/guildguidetop.PNG,,15479,84c63b4abcbc915099803bea154ba3baf4e4f3ae,"Found by the 2026-10 manual-check re-scan (CLIP ranking, verified by eye).",
November-28-2004-worldmapkey-runehq.net.gif,official game: interface or crop,RS2 interface crop from runehq.net.,,,2004-11-28,20041210213756,http://runehq.net:80/images/maps/worldmapkey.gif,https://web.archive.org/web/20041210213756/http://runehq.net:80/images/maps/worldmapkey.gif,,22823,907ffe20d9868257a549e24353aae45b7a715c64,"Found by the 2026-10 manual-check re-scan (CLIP ranking, verified by eye).",
November-28-2006-a3-i106.photobucket.com.png,official game: interface or crop,RS2 interface crop from i106.photobucket.com.,,,2006-11-28,20070117062154,http://i106.photobucket.com/albums/m258/Elliotts_Pictures/a3.png,https://web.archive.org/web/20070117062154/http://i106.photobucket.com/albums/m258/Elliotts_Pictures/a3.png,,17914,ae49a57ca55e8f584aed7c336c7681af629b923c,"Found by the 2026-10 manual-check re-scan (CLIP ranking, verified by eye).",
November-28-2006-a5-i106.photobucket.com.png,official game: interface or crop,RS2 interface crop from i106.photobucket.com.,,,2006-11-28,20070117042407,http://i106.photobucket.com/albums/m258/Elliotts_Pictures/a5.png,https://web.archive.org/web/20070117042407/http://i106.photobucket.com/albums/m258/Elliotts_Pictures/a5.png,,18453,31563a5cd4e18e0abf02faf0f95444a813340728,"Found by the 2026-10 manual-check re-scan (CLIP ranking, verified by eye).",
November-28-2006-peasdl6-img49.imageshack.us.png,official game: interface or crop,RS2 interface crop from img49.imageshack.us.,,,2006-11-28,20070216063933,http://img49.imageshack.us/img49/2072/peasdl6.png,https://web.archive.org/web/20070216063933/http://img49.imageshack.us/img49/2072/peasdl6.png,,49089,fe2c7a6fe2988ec16aefa4d4c548508d874beb09,"Found by the 2026-10 manual-check re-scan (CLIP ranking, verified by eye).",
November-28-2006-venommq3-img47.imageshack.us.png,official game: interface or crop,RS2 interface crop from img47.imageshack.us.,,,2006-11-28,20070217231354,http://img47.imageshack.us/img47/8060/venommq3.png,https://web.archive.org/web/20070217231354/http://img47.imageshack.us/img47/8060/venommq3.png,,43942,6319fd873b02acf1ef28a00d9af0cfecc5246922,"Found by the 2026-10 manual-check re-scan (CLIP ranking, verified by eye).",
November-28-2006-x6-i106.photobucket.com.png,official game: interface or crop,RS2 interface crop from i106.photobucket.com.,,,2006-11-28,20070117062332,http://i106.photobucket.com/albums/m258/Elliotts_Pictures/x6.png,https://web.archive.org/web/20070117062332/http://i106.photobucket.com/albums/m258/Elliotts_Pictures/x6.png,,19221,6ab24990c82df3a4adcdb2f4419a5555bb1112ae,"Found by the 2026-10 manual-check re-scan (CLIP ranking, verified by eye).",
November-28-2006-x7-i106.photobucket.com.png,official game: interface or crop,RS2 interface crop from i106.photobucket.com.,,,2006-11-28,20070117042528,http://i106.photobucket.com/albums/m258/Elliotts_Pictures/x7.png,https://web.archive.org/web/20070117042528/http://i106.photobucket.com/albums/m258/Elliotts_Pictures/x7.png,,18406,596a5a6cdaa65ae878cfb126a6368316be3da977,"Found by the 2026-10 manual-check re-scan (CLIP ranking, verified by eye).",
November-28-2006-z12-i106.photobucket.com.png,official game: interface or crop,RS2 interface crop from i106.photobucket.com.,,,2006-11-28,20070117062652,http://i106.photobucket.com/albums/m258/Elliotts_Pictures/z12.png,https://web.archive.org/web/20070117062652/http://i106.photobucket.com/albums/m258/Elliotts_Pictures/z12.png,,18178,3431d90f4599cf091cc38c8e4d7fd1d3e89822d5,"Found by the 2026-10 manual-check re-scan (CLIP ranking, verified by eye).",
November-28-2006-z16-i106.photobucket.com.png,official game: interface or crop,RS2 interface crop from i106.photobucket.com.,,,2006-11-28,20070117061413,http://i106.photobucket.com/albums/m258/Elliotts_Pictures/z16.png,https://web.archive.org/web/20070117061413/http://i106.photobucket.com/albums/m258/Elliotts_Pictures/z16.png,,18028,18ba94f9f0052286e1445fc036e0d08ddd8c02ea,"Found by the 2026-10 manual-check re-scan (CLIP ranking, verified by eye).",
November-28-2006-z7-i106.photobucket.com.png,official game: interface or crop,RS2 interface crop from i106.photobucket.com.,,,2006-11-28,20070117062343,http://i106.photobucket.com/albums/m258/Elliotts_Pictures/z7.png,https://web.archive.org/web/20070117062343/http://i106.photobucket.com/albums/m258/Elliotts_Pictures/z7.png,,17800,f35033503c48522bb2b0d2fa7d65b0e355774568,"Found by the 2026-10 manual-check re-scan (CLIP ranking, verified by eye).",
November-28-2006-z8-i106.photobucket.com.png,official game: interface or crop,RS2 interface crop from i106.photobucket.com.,,,2006-11-28,20070117042547,http://i106.photobucket.com/albums/m258/Elliotts_Pictures/z8.png,https://web.archive.org/web/20070117042547/http://i106.photobucket.com/albums/m258/Elliotts_Pictures/z8.png,,19062,ad65f7acd7fa509a0d1c0e452097403371b0e3ac,"Found by the 2026-10 manual-check re-scan (CLIP ranking, verified by eye).",
November-28-2006-z9-i106.photobucket.com.png,official game: interface or crop,RS2 interface crop from i106.photobucket.com.,,,2006-11-28,20070117062356,http://i106.photobucket.com/albums/m258/Elliotts_Pictures/z9.png,https://web.archive.org/web/20070117062356/http://i106.photobucket.com/albums/m258/Elliotts_Pictures/z9.png,,18234,cb43dfe91d0cee7b999767c22ff738b1177dd161,"Found by the 2026-10 manual-check re-scan (CLIP ranking, verified by eye).",
November-29-2004-bank-sale-koti.mbnet.fi.png,official game: interface or crop,RS2 interface crop from koti.mbnet.fi.,,,2004-11-29,20050113051842,http://koti.mbnet.fi:80/kuukke/data/bank%20sale.PNG,https://web.archive.org/web/20050113051842/http://koti.mbnet.fi:80/kuukke/data/bank%20sale.PNG,,11809,9c4726d0c00771fb0f97eb1be0ba463a2b419331,"Found by the 2026-10 manual-check re-scan (CLIP ranking, verified by eye).",
November-3-2004-399-img15.exs.cx.png,official game: interface or crop,"In-game interface crop. Posted in the forum thread ""Runescape Community -> How To Make A Bank Picture"".",,,2004-11-03,20050721082544,http://img15.exs.cx/img15/5065/399.png,https://web.archive.org/web/20050721082544/http://img15.exs.cx/img15/5065/399.png,https://web.archive.org/web/20041115005919/http://www.runescapecommunity.com:80/index.php?showtopic=193487,60489,ea6be03fab9db6ce654c49432e20378a0d7bd7f2,,
November-3-2004-400-img15.exs.cx.png,official game: interface or crop,"In-game interface crop. Posted in the forum thread ""Runescape Community -> How To Make A Bank Picture"".",,,2004-11-03,20050125011930,http://img15.exs.cx:80/img15/1323/400.png,https://web.archive.org/web/20050125011930/http://img15.exs.cx:80/img15/1323/400.png,https://web.archive.org/web/20041115005919/http://www.runescapecommunity.com:80/index.php?showtopic=193487,58293,c275766c8e65769ce93bd0f76d9898faa4299d16,,
November-3-2004-a-217-runecrypt.com.jpg,official game: interface or crop,"RS2 interface crop (dialogue, shop, book, map or level-up) from a 2004-05 fansite page (www.runecrypt.com:80); found by the 2001-2005 fansite re-screen",,,2004-11-03,20041119013426,http://www.runecrypt.com:80/mkportal/modules/gallery/album/a_217.jpg,https://web.archive.org/web/20041119013426/http://www.runecrypt.com:80/mkportal/modules/gallery/album/a_217.jpg,,14562,66a3b36242944d5340eb1f6db23f94955088a5a3,,
November-30-2004-capesshot-img120.exs.cx.png,official game: interface or crop,"In-game interface crop. Posted in the forum thread ""RuneHQ -> Cape Colors"".",,,2004-11-30,20050118043955,http://img120.exs.cx:80/img120/1545/capesshot.png,https://web.archive.org/web/20050118043955/http://img120.exs.cx:80/img120/1545/capesshot.png,https://web.archive.org/web/20050124005345/http://www.runehq.com:80/RHQInn/index.php?showtopic=46180,4958,de4f03e099475d1bf5443d28be7bf6d9cf79033f,,
November-4-2005-bank-partyhats-millions-runescape-millions-runescape.tripod.com.jpg,official game: interface or crop,"Bank interface crop showing 500k coins and a full set of party hats, from the fan site millions-runescape.tripod.com",,,2005-11-04,20070320085155,http://millions-runescape.tripod.com:80/index_files/image002.jpg,https://web.archive.org/web/20070320085155/http://millions-runescape.tripod.com:80/index_files/image002.jpg,,16235,3b7e674812879c9e509c529fd9358077c15de361,,
November-7-2004-yngblood-www.runehq.net.png,official game: interface or crop,RS2 interface crop from www.runehq.net.,,,2004-11-07,20041114195126,http://www.runehq.net:80/RHQInn/images/signatures/users/YngBlood.png,https://web.archive.org/web/20041114195126/http://www.runehq.net:80/RHQInn/images/signatures/users/YngBlood.png,,13686,421a882bd255dae7c70e25207580ba38a8bca466,"Found by the 2026-10 manual-check re-scan (CLIP ranking, verified by eye).",
November-8-2004-99str-members.shaw.ca.png,official game: interface or crop,RS2 interface/dialogue image from members.shaw.ca. Embedded in: RuneHQ -> 99 Str! (https://web.archive.org/web/20041115122005/http://www.runehq.com:80/RHQInn/index.php?showtopic=38584).,,,2004-11-08,20041116111219,http://members.shaw.ca/demon1/99str.png,https://web.archive.org/web/20041116111219/http://members.shaw.ca/demon1/99str.png,,16741,8e6e5050c857391e6c2cdba309d5028fbd5d8f41,,
October-1-2005-bansku-kovis-3-koti.mbnet.fi.png,official game: interface or crop,RS2 client screenshot from koti.mbnet.fi.,,,2005-10-01,20051109010556,http://koti.mbnet.fi:80/toni2/data/Bansku%20kovis%203.PNG,https://web.archive.org/web/20051109010556/http://koti.mbnet.fi:80/toni2/data/Bansku%20kovis%203.PNG,,18770,831652b3ae8bcb597f17c78fd6b33d55b06d0cfa,Classified as official game: interface or crop: Chat-box crop (private message).,
October-1-2005-cpinw2fally-koti.mbnet.fi.png,official game: interface or crop,RS2 interface crop from koti.mbnet.fi.,,,2005-10-01,20051115063647,http://koti.mbnet.fi:80/toni2/data/cpinw2fally.PNG,https://web.archive.org/web/20051115063647/http://koti.mbnet.fi:80/toni2/data/cpinw2fally.PNG,,15447,70a742ccfbc3be87bc4d0a95f02e6ef6c5753025,"Found by the 2026-10 manual-check re-scan (CLIP ranking, verified by eye).",
October-1-2005-cuul-hits-xp-koti.mbnet.fi.bmp,official game: interface or crop,RS2 interface crop from koti.mbnet.fi.,,,2005-10-01,20051107154050,http://koti.mbnet.fi:80/toni2/data/cuul%20hits%20xp.bmp,https://web.archive.org/web/20051107154050/http://koti.mbnet.fi:80/toni2/data/cuul%20hits%20xp.bmp,,235954,29c0676890857ea0503d183fbe799f573af73e60,"Found by the 2026-10 manual-check re-scan (CLIP ranking, verified by eye).",
October-1-2005-dragon-chain-ja-muuta-roskaa-koti.mbnet.fi.png,official game: interface or crop,RS2 interface crop from koti.mbnet.fi.,,,2005-10-01,20051117064707,http://koti.mbnet.fi:80/toni2/data/dragon%20chain%20ja%20muuta%20roskaa.PNG,https://web.archive.org/web/20051117064707/http://koti.mbnet.fi:80/toni2/data/dragon%20chain%20ja%20muuta%20roskaa.PNG,,34875,0c89a5d9478f690257d14129f2d59be0eb94ca9a,"Found by the 2026-10 manual-check re-scan (CLIP ranking, verified by eye).",
October-1-2005-elfo-andres-owns-koti.mbnet.fi.png,official game: interface or crop,RS2 interface crop from koti.mbnet.fi.,,,2005-10-01,20051203213137,http://koti.mbnet.fi:80/toni2/data/elfo%20andres%20owns.PNG,https://web.archive.org/web/20051203213137/http://koti.mbnet.fi:80/toni2/data/elfo%20andres%20owns.PNG,,8680,88c91309e2e859eb735ec84fce7b726ed891c18f,"Found by the 2026-10 manual-check re-scan (CLIP ranking, verified by eye).",
October-1-2005-horotrade-koti.mbnet.fi.png,official game: interface or crop,RS2 interface crop from koti.mbnet.fi.,,,2005-10-01,20051108100606,http://koti.mbnet.fi:80/toni2/data/horotrade.PNG,https://web.archive.org/web/20051108100606/http://koti.mbnet.fi:80/toni2/data/horotrade.PNG,,22700,157a22f09c61ad20f253856243c0f0aa78a48514,"Found by the 2026-10 manual-check re-scan (CLIP ranking, verified by eye).",
October-1-2005-luutti1-koti.mbnet.fi.png,official game: interface or crop,RS2 interface crop from koti.mbnet.fi.,,,2005-10-01,20051111153300,http://koti.mbnet.fi:80/toni2/data/luutti1.PNG,https://web.archive.org/web/20051111153300/http://koti.mbnet.fi:80/toni2/data/luutti1.PNG,,15165,2d57ea2825073e66a355cfdec1f2123a9a9cfd0e,"Found by the 2026-10 manual-check re-scan (CLIP ranking, verified by eye).",
October-1-2005-owned4hk-img20.imageshack.us.png,official game: interface or crop,RS2 interface crop from img20.imageshack.us.,,,2005-10-01,20110917023843,http://img20.imageshack.us/img20/5627/owned4hk.png,https://web.archive.org/web/20110917023843/http://img20.imageshack.us/img20/5627/owned4hk.png,,21183,60d480a141729c5ac5006581d2dd7447b7ce9c6a,"Found by the 2026-10 manual-check re-scan (CLIP ranking, verified by eye).",
October-1-2005-tonikoos-bank-19-5-2005-koti.mbnet.fi.png,official game: interface or crop,RS2 interface crop from koti.mbnet.fi.,,,2005-10-01,20051126151105,http://koti.mbnet.fi:80/toni2/data/tonikoos%20bank%2019.5.2005.PNG,https://web.archive.org/web/20051126151105/http://koti.mbnet.fi:80/toni2/data/tonikoos%20bank%2019.5.2005.PNG,,216006,639a4d6dc91e7b9167440123a853d122e5c71193,"Found by the 2026-10 manual-check re-scan (CLIP ranking, verified by eye).",
October-10-2004-capes-img72.exs.cx.png,official game: interface or crop,"In-game interface crop. Posted in the forum thread ""The Clothing Update - Runescape Community"".",,,2004-10-10,20060831190409,http://img72.exs.cx:80/img72/7223/capes.png,https://web.archive.org/web/20060831190409/http://img72.exs.cx:80/img72/7223/capes.png,https://web.archive.org/web/20060828014606/http://www.runescapecommunity.com:80/index.php?showtopic=239736,2203,759166b6c1d600acf6a219df44f968c24790a1ad,,
October-10-2004-clue2-img54.exs.cx.jpg,official game: interface or crop,"In-game interface crop. Posted in the forum thread ""Runescape Community -> Lvl 3 Clue Done :)"".",,,2004-10-10,20041102073037,http://img54.exs.cx:80/img54/258/clue2.jpg,https://web.archive.org/web/20041102073037/http://img54.exs.cx:80/img54/258/clue2.jpg,https://web.archive.org/web/20041030072051/http://www.runescapecommunity.com:80/index.php?showtopic=194682,2913,d3b0e97d5b1fd291b6e226d531b12cac106bf116,,
October-12-2006-mariage-runehq.com.png,official game: interface or crop,RS2 interface/dialogue image from runehq.com. Embedded in: Rune Headquarters :.:.: Your unfair Runescape advantage (https://web.archive.org/web/20061020235618/http://www.runehq.com/RHQQuestsView.php?id=00434%3FEnglish=true).,,,2006-10-12,20070326070317,http://www.runehq.com/image/quests/p2p/throneofmiscellania/mariage.png,https://web.archive.org/web/20070326070317/http://www.runehq.com/image/quests/p2p/throneofmiscellania/mariage.png,,10045,de6b47f11249a64c2bc4ae1ec2107403fa9d7c05,,
October-13-2006-10xpcmeleemc3-img201.imageshack.us.png,official game: interface or crop,RS2 interface crop from img201.imageshack.us.,,,2006-10-13,20070310023548,http://img201.imageshack.us/img201/9365/10xpcmeleemc3.png,https://web.archive.org/web/20070310023548/http://img201.imageshack.us/img201/9365/10xpcmeleemc3.png,,13422,ea93334b2ff6d31f5340fba23fe91047d72bc443,"Found by the 2026-10 manual-check re-scan (CLIP ranking, verified by eye).",
October-17-2005-bank-of-runescape-screenshot-img403.imageshack.us.png,official game: interface or crop,Bank of RuneScape window open in the client (bank PIN just entered).,,,2005-10-17,20051220204817,http://img403.imageshack.us:80/img403/8564/hehe9ay.png,https://web.archive.org/web/20051220204817/http://img403.imageshack.us:80/img403/8564/hehe9ay.png,,65138,49adff80f0bffa649f900d6f1021083535f13478,Classified as official game: interface or crop: Bank window crop (no side panel).,
October-17-2005-rockon6eh-img20.imageshack.us.png,official game: interface or crop,RS2 interface crop from img20.imageshack.us.,,,2005-10-17,20060113200826,http://img20.imageshack.us/img20/7236/rockon6eh.png,https://web.archive.org/web/20060113200826/http://img20.imageshack.us/img20/7236/rockon6eh.png,,16899,1313524e29a72fec57b7d419fa6a1b36bef349bd,"Found by the 2026-10 manual-check re-scan (CLIP ranking, verified by eye).",
October-18-2004-drop-img91.exs.cx.png,official game: interface or crop,"In-game interface crop. Posted in the forum thread ""Runescape Community -> Halo 2 Release Drop Party"".",,,2004-10-18,20050507072647,http://img91.exs.cx:80/img91/3183/Drop.png,https://web.archive.org/web/20050507072647/http://img91.exs.cx:80/img91/3183/Drop.png,https://web.archive.org/web/20041028151615/http://www.runescapecommunity.com:80/index.php?showtopic=178647,33898,eea4e602861360c04f87f5a4e75b6dcd19cdaa86,,
October-18-2005-sir-vyvin-white-knight-master-dialogue-img.photobucket.com.png,official game: interface or crop,"Sir Vyvin dialogue: And for a dedicated White Knight to have reached Master level like yourself, you get only the very best of all equipment available!",,,2005-10-18,20060708021342,http://img.photobucket.com:80/albums/v155/kingofmonra/222222222222222222222222262.png,https://web.archive.org/web/20060708021342/http://img.photobucket.com:80/albums/v155/kingofmonra/222222222222222222222222262.png,,18693,507cb9be67efab4209343f71418e57f7bb3ba582,,
October-19-2005-3aprices-runehq.com.png,official game: interface or crop,"RS2 shop/interface window from a RuneHQ guide (runehq.com) (file date 19 Oct 2005 is RuneHQ's server-migration date, not the creation date). Embedded in: Rune Headquarters :.:.: Your unfair Runescape advantage (https://web.archive.org/web/20050728090406/http://runehq.com:80/RHQCityGuidesView.php?id=00521).",,,2005-10-19,20111227012346,http://runehq.com:80/images/cityguides/3aprices.png,https://web.archive.org/web/20111227012346/http://runehq.com:80/images/cityguides/3aprices.png,,11863,b056642a594e593a5d2d028787f252e5b9bfe8a6,,
October-19-2005-apestealbanana6gk-runehq.com.jpg,official game: interface or crop,"RS2 shop/interface window from a RuneHQ guide (runehq.com) (file date 19 Oct 2005 is RuneHQ's server-migration date, not the creation date). Embedded in: Rune Headquarters :.:.: Your unfair Runescape advantage (https://web.archive.org/web/20051201213838/http://runehq.com:80/RHQCityGuidesView.php?id=00518).",,,2005-10-19,20110918204404,http://runehq.com:80/images/cityguides/apestealbanana6gk.jpg,https://web.archive.org/web/20110918204404/http://runehq.com:80/images/cityguides/apestealbanana6gk.jpg,,27770,ebcc2b342209211995ec6adb763a051fccabd155,,
October-19-2005-baragility-www.runehq.com.gif,official game: interface or crop,RS2 interface crop from www.runehq.com.,,,2005-10-19,20110807031052,http://www.runehq.com:80/images/skillguides/agility/baragility.gif,https://web.archive.org/web/20110807031052/http://www.runehq.com:80/images/skillguides/agility/baragility.gif,,9016,189167b8421a5df43d3206971df05036fdaa6dee,"Found by the 2026-10 manual-check re-scan (CLIP ranking, verified by eye).",
October-19-2005-chocchipcrunchies-runehq.com.png,official game: interface or crop,RS2 interface/dialogue image from runehq.com (file date 19 Oct 2005 is RuneHQ's server-migration date). Embedded in: Rune Headquarters :.:.: Your place for everything Runescape (https://web.archive.org/web/20040620235132/http://runehq.com:80/viewguidedb.php?id=00313).,,,2005-10-19,20120105011918,http://runehq.com:80/images/otherguides/chocchipcrunchies.png,https://web.archive.org/web/20120105011918/http://runehq.com:80/images/otherguides/chocchipcrunchies.png,,43710,4be3e779c4528a564b5c4126f0c79ae89e0ad744,,
October-19-2005-craftsmithbuilding-runehq.com.png,official game: interface or crop,RS2 interface crop from runehq.com.,,,2005-10-19,20110713111307,http://runehq.com:80/images/cityguides/Rellekka/craftsmithbuilding.png,https://web.archive.org/web/20110713111307/http://runehq.com:80/images/cityguides/Rellekka/craftsmithbuilding.png,,39212,76584077ca95f36659fc91c28b557d013df09eaa,"Found by the 2026-10 manual-check re-scan (CLIP ranking, verified by eye).",
October-19-2005-gamemap-runehq.com.png,official game: interface or crop,RS2 interface crop from runehq.com.,,,2005-10-19,20070216092220,http://runehq.com:80/images/guidedb/gamemap.png,https://web.archive.org/web/20070216092220/http://runehq.com:80/images/guidedb/gamemap.png,,55233,4b2478799c5899d8832ab408b763a286046b02b8,"Found by the 2026-10 manual-check re-scan (CLIP ranking, verified by eye).",
October-19-2005-intro4iy-runehq.com.png,official game: interface or crop,RS2 interface/dialogue image from runehq.com (file date 19 Oct 2005 is RuneHQ's server-migration date). Embedded in: Rune Headquarters :.:.: Your place for everything Runescape (https://web.archive.org/web/20050218022503/http://runehq.com:80/viewguidedb.php?id=00448).,,,2005-10-19,20060115185348,http://runehq.com/images/skillguides/intro4iy.png,https://web.archive.org/web/20060115185348/http://runehq.com/images/skillguides/intro4iy.png,,11827,44a8bfdcdb83cd03a322fd8f1a51043ef7aeb61a,,
October-19-2005-jig6-runehq.com.png,official game: interface or crop,"RS2 shop/interface window from a RuneHQ guide (runehq.com) (file date 19 Oct 2005 is RuneHQ's server-migration date, not the creation date). Embedded in: Rune Headquarters :.:.: Your unfair Runescape advantage (https://web.archive.org/web/20051207123936/http://runehq.com:80/RHQCityGuidesView.php?id=00560).",,,2005-10-19,20120521193817,http://runehq.com:80/images/cityguides/OrgerArea/jig6.png,https://web.archive.org/web/20120521193817/http://runehq.com:80/images/cityguides/OrgerArea/jig6.png,,18037,c513c7bd91b5093865dfde643934ccca12de0974,,
October-19-2005-kbd4-runehq.com.png,official game: interface or crop,RS2 interface crop from runehq.com.,,,2005-10-19,20070108052505,http://runehq.com:80/images/otherguides/kbd4.png,https://web.archive.org/web/20070108052505/http://runehq.com:80/images/otherguides/kbd4.png,,20288,6a92521a013106ab5ef1ca43315e28764a8db95a,"Found by the 2026-10 manual-check re-scan (CLIP ranking, verified by eye).",
October-19-2005-membermine-runehq.com.png,official game: interface or crop,RS2 client screenshot from runehq.com (file date 19 Oct 2005 is RuneHQ's server-migration date). Embedded in: Rune Headquarters :.:.: Your place for everything Runescape (https://web.archive.org/web/20040621234409/http://runehq.com:80/viewguidedb.php?id=00319).,,,2005-10-19,20130828160249,http://runehq.com:80/images/otherguides/membermine.png,https://web.archive.org/web/20130828160249/http://runehq.com:80/images/otherguides/membermine.png,,33744,a598bd257db5a8e015c93e411bafd9bf2c8e3b25,Classified as official game: interface or crop: RuneHQ mine map.,
October-19-2005-notrade-runehq.com.png,official game: interface or crop,"RS2 shop/interface window from a RuneHQ guide (runehq.com) (file date 19 Oct 2005 is RuneHQ's server-migration date, not the creation date). Embedded in: Rune Headquarters :.:.: Your unfair Runescape advantage (https://web.archive.org/web/20051207123936/http://runehq.com:80/RHQCityGuidesView.php?id=00560).",,,2005-10-19,20120521193813,http://runehq.com:80/images/specialreports/OrgerArea/notrade.png,https://web.archive.org/web/20120521193813/http://runehq.com:80/images/specialreports/OrgerArea/notrade.png,,19424,0d097b414c9b4aab73cc635388ee29a2fd9b7670,,
October-19-2005-picture1-runehq.com.png,official game: interface or crop,RS2 interface crop from runehq.com.,,,2005-10-19,20130228035543,http://runehq.com:80/images/cityguides/Karamja_Rsc/Picture1.png,https://web.archive.org/web/20130228035543/http://runehq.com:80/images/cityguides/Karamja_Rsc/Picture1.png,,21425,7b28f40f4b17017aab6677326dfbbe037afc2a4d,"Found by the 2026-10 manual-check re-scan (CLIP ranking, verified by eye).",
October-19-2005-picture2-runehq.com.png,official game: interface or crop,RS2 interface crop from runehq.com.,,,2005-10-19,20130228035543,http://runehq.com:80/images/cityguides/Karamja_Rsc/Picture2.png,https://web.archive.org/web/20130228035543/http://runehq.com:80/images/cityguides/Karamja_Rsc/Picture2.png,,18929,4fc48c91a1062a9e48edcfaa4931537821a63447,"Found by the 2026-10 manual-check re-scan (CLIP ranking, verified by eye).",
October-19-2005-roacheymap-www.runehq.com.png,official game: interface or crop,RS2 interface crop from www.runehq.com.,,,2005-10-19,20140104110440,http://www.runehq.com:80/images/persondb/Roacheymap.png,https://web.archive.org/web/20140104110440/http://www.runehq.com:80/images/persondb/Roacheymap.png,,14924,cb10e0626b6e0036a526a063fa62e4abaee0b221,"Found by the 2026-10 manual-check re-scan (CLIP ranking, verified by eye).",
October-19-2005-rune-hq-ancient-spells-copy-runehq.com.gif,official game: interface or crop,RS2 interface crop from runehq.com.,,,2005-10-19,20110918041308,http://runehq.com:80/images/otherguides/Rune_HQ___Ancient_Spells_copy.gif,https://web.archive.org/web/20110918041308/http://runehq.com:80/images/otherguides/Rune_HQ___Ancient_Spells_copy.gif,,122037,9bf5011bd88f9410b07a0df0bc12f875f6b865f1,"Found by the 2026-10 manual-check re-scan (CLIP ranking, verified by eye).",
October-19-2005-storeprices4ho-runehq.com.png,official game: interface or crop,"RS2 shop/interface window from a RuneHQ guide (runehq.com) (file date 19 Oct 2005 is RuneHQ's server-migration date, not the creation date). Embedded in: Rune Headquarters :.:.: Your unfair Runescape advantage (https://web.archive.org/web/20051203192449/http://runehq.com:80/RHQCityGuidesView.php?id=00558).",,,2005-10-19,20110713111012,http://runehq.com:80/images/cityguides/Morton/storeprices4ho.png,https://web.archive.org/web/20110713111012/http://runehq.com:80/images/cityguides/Morton/storeprices4ho.png,,56016,ac81d49faeef117c41a19796f3c6b9a123b33e41,,
October-19-2005-toadcrunchies-runehq.com.png,official game: interface or crop,RS2 interface/dialogue image from runehq.com (file date 19 Oct 2005 is RuneHQ's server-migration date). Embedded in: Rune Headquarters :.:.: Your place for everything Runescape (https://web.archive.org/web/20040620235132/http://runehq.com:80/viewguidedb.php?id=00313).,,,2005-10-19,20120105011918,http://runehq.com:80/images/otherguides/toadcrunchies.png,https://web.archive.org/web/20120105011918/http://runehq.com:80/images/otherguides/toadcrunchies.png,,43216,c8568908200e515575bceeaab735da9d2bf36a4c,,
October-19-2005-toadslegsbatta-runehq.com.png,official game: interface or crop,RS2 interface/dialogue image from runehq.com (file date 19 Oct 2005 is RuneHQ's server-migration date). Embedded in: Rune Headquarters :.:.: Your place for everything Runescape (https://web.archive.org/web/20040620235132/http://runehq.com:80/viewguidedb.php?id=00313).,,,2005-10-19,20120105011919,http://runehq.com:80/images/otherguides/toadslegsbatta.png,https://web.archive.org/web/20120105011919/http://runehq.com:80/images/otherguides/toadslegsbatta.png,,42540,1e0e67dc29209cb099befafa8fd82165e390a3fd,,
October-19-2005-typicalinventory-runehq.com.png,official game: interface or crop,RS2 interface crop from runehq.com.,,,2005-10-19,20111219010847,http://runehq.com:80/images/cityguides/Poll/typicalinventory.png,https://web.archive.org/web/20111219010847/http://runehq.com:80/images/cityguides/Poll/typicalinventory.png,,12443,2fcd91f7bb7ef1c96f6f3dfaf7926458fb7249c0,"Found by the 2026-10 manual-check re-scan (CLIP ranking, verified by eye).",
October-19-2005-vegball-runehq.com.png,official game: interface or crop,RS2 interface/dialogue image from runehq.com (file date 19 Oct 2005 is RuneHQ's server-migration date). Embedded in: Rune Headquarters :.:.: Your place for everything Runescape (https://web.archive.org/web/20040620235132/http://runehq.com:80/viewguidedb.php?id=00313).,,,2005-10-19,20120105011918,http://runehq.com:80/images/otherguides/vegball.png,https://web.archive.org/web/20120105011918/http://runehq.com:80/images/otherguides/vegball.png,,43920,415bbfa65c6be9ae2eca3e76e9944caa6994504a,,
October-19-2005-vegetablebatta-runehq.com.png,official game: interface or crop,RS2 interface/dialogue image from runehq.com (file date 19 Oct 2005 is RuneHQ's server-migration date). Embedded in: Rune Headquarters :.:.: Your place for everything Runescape (https://web.archive.org/web/20040620235132/http://runehq.com:80/viewguidedb.php?id=00313).,,,2005-10-19,20120105011919,http://runehq.com:80/images/otherguides/vegetablebatta.png,https://web.archive.org/web/20120105011919/http://runehq.com:80/images/otherguides/vegetablebatta.png,,40128,3c5e258479d2a7f6d9fba2d54d3e10696b02ce0e,,
October-2-2005-agility-img256.imageshack.us.png,official game: interface or crop,"In-game interface crop. Posted in the forum thread ""Abyssal Runecrafting Guide - Runescape Community"".",,,2005-10-02,20130219114224,http://img256.imageshack.us/img256/4580/agility2ut.png,https://web.archive.org/web/20130219114224/http://img256.imageshack.us/img256/4580/agility2ut.png,https://web.archive.org/web/20060115100327/http://www.runescapecommunity.com:80/index.php?showtopic=419821&amp;view=getnewpost,11588,ba77f6b90f9c84f52302ad9b3cba4cd0fb496a3f,,
October-2-2005-firemaking-img256.imageshack.us.png,official game: interface or crop,"In-game interface crop. Posted in the forum thread ""Abyssal Runecrafting Guide - Runescape Community"".",,,2005-10-02,20130219114225,http://img256.imageshack.us/img256/7302/firemaking6zg.png,https://web.archive.org/web/20130219114225/http://img256.imageshack.us/img256/7302/firemaking6zg.png,https://web.archive.org/web/20060115100327/http://www.runescapecommunity.com:80/index.php?showtopic=419821&amp;view=getnewpost,13350,960607a99728207431d7412574dcc108d9a8a9ed,,
October-2-2005-gothrough-img256.imageshack.us.png,official game: interface or crop,"In-game interface crop. Posted in the forum thread ""Abyssal Runecrafting Guide - Runescape Community"".",,,2005-10-02,20130219114225,http://img256.imageshack.us/img256/2284/gothrough6vl.png,https://web.archive.org/web/20130219114225/http://img256.imageshack.us/img256/2284/gothrough6vl.png,https://web.archive.org/web/20060115100327/http://www.runescapecommunity.com:80/index.php?showtopic=419821&amp;view=getnewpost,11283,03ec4fcb28a9d80420a72cc373d0a9160baacf91,,
October-2-2005-mining-img256.imageshack.us.png,official game: interface or crop,"In-game interface crop. Posted in the forum thread ""Abyssal Runecrafting Guide - Runescape Community"".",,,2005-10-02,20130219114225,http://img256.imageshack.us/img256/7343/mining9th.png,https://web.archive.org/web/20130219114225/http://img256.imageshack.us/img256/7343/mining9th.png,https://web.archive.org/web/20060115100327/http://www.runescapecommunity.com:80/index.php?showtopic=419821&amp;view=getnewpost,14279,87c9aee2b83cc283fcab4534a6acbc700dcf42aa,,
October-2-2005-theiving-img256.imageshack.us.png,official game: interface or crop,"In-game interface crop. Posted in the forum thread ""Abyssal Runecrafting Guide - Runescape Community"".",,,2005-10-02,20130219114225,http://img256.imageshack.us/img256/6229/theiving6pl.png,https://web.archive.org/web/20130219114225/http://img256.imageshack.us/img256/6229/theiving6pl.png,https://web.archive.org/web/20060115100327/http://www.runescapecommunity.com:80/index.php?showtopic=419821&amp;view=getnewpost,12992,5c0715a7223aeb0c46be1cea66e780e13f08e9f7,,
October-2-2005-woodcutting-img256.imageshack.us.png,official game: interface or crop,"In-game interface crop. Posted in the forum thread ""Abyssal Runecrafting Guide - Runescape Community"".",,,2005-10-02,20130219114224,http://img256.imageshack.us/img256/451/woodcutting1hf.png,https://web.archive.org/web/20130219114224/http://img256.imageshack.us/img256/451/woodcutting1hf.png,https://web.archive.org/web/20060115100327/http://www.runescapecommunity.com:80/index.php?showtopic=419821&amp;view=getnewpost,12895,41f269f229b05f413606f893d784a918a72d5ed6,,
October-21-2004-stake2-img68.exs.cx.gif,official game: interface or crop,RS2 interface crop from img68.exs.cx.,,,2004-10-21,20070430043738,http://img68.exs.cx/img68/2830/stake2.gif,https://web.archive.org/web/20070430043738/http://img68.exs.cx/img68/2830/stake2.gif,,15339,8a7d20eaa5ab23226d8f108a862422422ad9ea59,"Found by the 2026-10 manual-check re-scan (CLIP ranking, verified by eye).",
October-21-2004-stake3-img68.exs.cx.gif,official game: interface or crop,RS2 interface crop from img68.exs.cx.,,,2004-10-21,20070430043738,http://img68.exs.cx/img68/6910/stake3.gif,https://web.archive.org/web/20070430043738/http://img68.exs.cx/img68/6910/stake3.gif,,14962,f1aa5be5cdafaea67c74cbca96c51545f6dc5d4b,"Found by the 2026-10 manual-check re-scan (CLIP ranking, verified by eye).",
October-21-2004-stake4-img93.exs.cx.gif,official game: interface or crop,RS2 interface crop from img93.exs.cx.,,,2004-10-21,20070430043738,http://img93.exs.cx/img93/4579/stake4.gif,https://web.archive.org/web/20070430043738/http://img93.exs.cx/img93/4579/stake4.gif,,19336,887d1e58404a69c647a20de8700550b618d922ba,"Found by the 2026-10 manual-check re-scan (CLIP ranking, verified by eye).",
October-21-2004-yewwwii-koti.mbnet.fi.jpg,official game: interface or crop,RS2 interface/dialogue image from koti.mbnet.fi.,,,2004-10-21,20041122135506,http://koti.mbnet.fi:80/kuukke/data/yewwwii.JPG,https://web.archive.org/web/20041122135506/http://koti.mbnet.fi:80/kuukke/data/yewwwii.JPG,,10951,be49375f4b25dd393cc7fcc4fc40341265a7fce3,,
October-22-2005-mysigfullydone9kz-img466.imageshack.us.png,official game: interface or crop,RS2 interface crop from img466.imageshack.us.,,,2005-10-22,20060111102246,http://img466.imageshack.us/img466/9144/mysigfullydone9kz.png,https://web.archive.org/web/20060111102246/http://img466.imageshack.us/img466/9144/mysigfullydone9kz.png,,13825,029ec722338c13f8e06c582a9189b64635d86779,"Found by the 2026-10 manual-check re-scan (CLIP ranking, verified by eye).",
October-24-2005-jokerunder5ip-img58.imageshack.us.png,official game: interface or crop,RS2 interface crop from img58.imageshack.us.,,,2005-10-24,20051224122306,http://img58.imageshack.us/img58/1972/jokerunder5ip.png,https://web.archive.org/web/20051224122306/http://img58.imageshack.us/img58/1972/jokerunder5ip.png,,6467,8a83d867354628c6db185992b6794e948abf1f0c,"Found by the 2026-10 manual-check re-scan (CLIP ranking, verified by eye).",
October-24-2005-noobunder1bs-img392.imageshack.us.png,official game: interface or crop,RS2 interface crop from img392.imageshack.us.,,,2005-10-24,20060102035954,http://img392.imageshack.us/img392/8636/noobunder1bs.png,https://web.archive.org/web/20060102035954/http://img392.imageshack.us/img392/8636/noobunder1bs.png,,18042,c71c1f8a7b12a8ffba3fab5dc20d936d78ec0088,"Found by the 2026-10 manual-check re-scan (CLIP ranking, verified by eye).",
October-24-2005-silverunder1bn-img232.imageshack.us.png,official game: interface or crop,RS2 interface crop from img232.imageshack.us.,,,2005-10-24,20060107201633,http://img232.imageshack.us/img232/8788/silverunder1bn.png,https://web.archive.org/web/20060107201633/http://img232.imageshack.us/img232/8788/silverunder1bn.png,,2157,d9a8b05f4c2e6b5fe0b074b0ee21e3b83a460601,"Found by the 2026-10 manual-check re-scan (CLIP ranking, verified by eye).",
October-25-2004-range-menu-www.lunagang.nl.png,official game: interface or crop,RS2 interface crop from www.lunagang.nl.,,,2004-10-25,20050122051314,http://www.lunagang.nl:80/Tips/combat/ranged/range_menu.png,https://web.archive.org/web/20050122051314/http://www.lunagang.nl:80/Tips/combat/ranged/range_menu.png,,16513,5c47b3ad04fdaaae269205bdcdd96a4edd88fef7,"Found by the 2026-10 manual-check re-scan (CLIP ranking, verified by eye).",
October-28-2004-inv-koti.mbnet.fi.png,official game: interface or crop,RS2 interface crop from koti.mbnet.fi.,,,2004-10-28,20041122134140,http://koti.mbnet.fi:80/kuukke/data/inv.PNG,https://web.archive.org/web/20041122134140/http://koti.mbnet.fi:80/kuukke/data/inv.PNG,,15010,7426f89e06d0d24b119cff2e05682d82b218697f,"Found by the 2026-10 manual-check re-scan (CLIP ranking, verified by eye).",
October-29-2004-album-pic-www.runehq.net.php_pic_id_4484,official game: interface or crop,RS2 interface crop from www.runehq.net.,,,2004-10-29,20041029232817,http://www.runehq.net:80/RHQInn/album_pic.php?pic_id=4484,https://web.archive.org/web/20041029232817/http://www.runehq.net:80/RHQInn/album_pic.php?pic_id=4484,,19610,d645286e468f761b23699db2463e14128a2a4dc4,"Found by the 2026-10 manual-check re-scan (CLIP ranking, verified by eye).",
October-29-2005-intro-runehq.com.png,official game: interface or crop,RS2 shop/interface window from a RuneHQ guide (runehq.com). Embedded in: Rune Headquarters :.:.: Your unfair Runescape advantage (https://web.archive.org/web/20051215221359/http://runehq.com:80/RHQMiniQuestsView.php?id=00612).,,,2005-10-29,20130221220726,http://runehq.com:80/images/miniquestguides/tzhaarfightcave/intro.png,https://web.archive.org/web/20130221220726/http://runehq.com:80/images/miniquestguides/tzhaarfightcave/intro.png,,27515,eaa6235d241abcb0cb2a1a7a76e6847ce5c1490e,,
October-29-2005-stats-img497.imageshack.us.png,official game: interface or crop,"In-game interface crop. Posted in the forum thread ""Mogres, Lizards, Pet Fish, Potions And Potatoes! - Runescape Community"".",,,2005-10-29,20060114110704,http://img497.imageshack.us/img497/3046/stats5mf.png,https://web.archive.org/web/20060114110704/http://img497.imageshack.us/img497/3046/stats5mf.png,https://web.archive.org/web/20051031140559/http://www.runescapecommunity.com:80/index.php?showtopic=342567&amp;view=getnewpost,26765,1de068e0a18270c3f8496db534745c924332938a,,
October-29-2005-tztokdead-runehq.com.png,official game: interface or crop,RS2 shop/interface window from a RuneHQ guide (runehq.com). Embedded in: Rune Headquarters :.:.: Your unfair Runescape advantage (https://web.archive.org/web/20051215221359/http://runehq.com:80/RHQMiniQuestsView.php?id=00612).,,,2005-10-29,20130221220730,http://runehq.com:80/images/miniquestguides/tzhaarfightcave/tztokdead.png,https://web.archive.org/web/20130221220730/http://runehq.com:80/images/miniquestguides/tzhaarfightcave/tztokdead.png,,19777,f0bf81479c0304c97fd149b3400162ebd53e7261,,
October-29-2006-985statsob6-img139.imageshack.us.gif,official game: interface or crop,"In-game interface crop. Posted in the forum thread ""Countdown To 1000! - RuneCrypt Forum"".",,,2006-10-29,20061121213210,http://img139.imageshack.us/img139/9287/985statsob6.gif,https://web.archive.org/web/20061121213210/http://img139.imageshack.us/img139/9287/985statsob6.gif,https://web.archive.org/web/20061116130930/http://www.runecrypt.com:80/forum/index.php?showtopic=38452,21311,74d4c9f6a5ef377d11f01ba485be520553057b18,,
October-30-2004-album-pic-runehq.net.php-pic-id-4969.png,official game: interface or crop,"RS2 interface crop (dialogue, shop, book, map or level-up) from a 2004-05 fansite page (www.runehq.net:80); found by the 2001-2005 fansite re-screen",,,2004-10-30,20041030161902,http://www.runehq.net:80/RHQInn/album_pic.php?pic_id=4969,https://web.archive.org/web/20041030161902/http://www.runehq.net:80/RHQInn/album_pic.php?pic_id=4969,,23831,cd4b8fe4707910b6014e1fbb8faa48c6909eccf1,,
October-30-2004-album-pic-www.runehq.net.php_pic_id_4964,official game: interface or crop,RS2 interface crop from www.runehq.net.,,,2004-10-30,20041030161303,http://www.runehq.net:80/RHQInn/album_pic.php?pic_id=4964,https://web.archive.org/web/20041030161303/http://www.runehq.net:80/RHQInn/album_pic.php?pic_id=4964,,12035,885a18eb11f161e6ea18172df6a7b3e885cdb1fc,"Found by the 2026-10 manual-check re-scan (CLIP ranking, verified by eye).",
October-30-2004-rsstyle4-runevillage.com.gif,official game: interface or crop,RS2 interface crop from runevillage.com.,,,2004-10-30,20051215180925,http://runevillage.com:80/images/rsstyle4.gif,https://web.archive.org/web/20051215180925/http://runevillage.com:80/images/rsstyle4.gif,,24700,d6c17441855ddfe9464aa2ff6fbffa0e08df9383,"Found by the 2026-10 manual-check re-scan (CLIP ranking, verified by eye).",
October-30-2006-kovslpopts-i32.photobucket.com.png,official game: interface or crop,"Right-click menu crop (long player list). Posted in the forum thread ""The Knights Of Order Defeat Latin Pride! - Runescape Community"".",,,2006-10-30,20190427010147,http://i32.photobucket.com/albums/d29/clanplague/kovslpopts.png,https://web.archive.org/web/20190427010147/http://i32.photobucket.com/albums/d29/clanplague/kovslpopts.png,https://web.archive.org/web/20061030130608/http://www.runescapecommunity.com/index.php?showtopic=675364,19706,b25b7891a20ea72b96f0ced110083784b637b220,,
October-31-2006-1-2-i106.photobucket.com.png,official game: interface or crop,RS2 interface crop from i106.photobucket.com.,,,2006-10-31,20070117062426,http://i106.photobucket.com/albums/m258/Elliotts_Pictures/1-2.png,https://web.archive.org/web/20070117062426/http://i106.photobucket.com/albums/m258/Elliotts_Pictures/1-2.png,,21878,5f6d8752a29e3477385911ae8b3c191c7ee86854,"Found by the 2026-10 manual-check re-scan (CLIP ranking, verified by eye).",
October-31-2006-3-2-i106.photobucket.com.png,official game: interface or crop,RS2 interface crop from i106.photobucket.com.,,,2006-10-31,20070117062437,http://i106.photobucket.com/albums/m258/Elliotts_Pictures/3-2.png,https://web.archive.org/web/20070117062437/http://i106.photobucket.com/albums/m258/Elliotts_Pictures/3-2.png,,18653,969248b3a52b2de6885e7a53107ac3c89b93dead,"Found by the 2026-10 manual-check re-scan (CLIP ranking, verified by eye).",
October-31-2006-6-2-i106.photobucket.com.png,official game: interface or crop,RS2 interface crop from i106.photobucket.com.,,,2006-10-31,20070117042639,http://i106.photobucket.com/albums/m258/Elliotts_Pictures/6-2.png,https://web.archive.org/web/20070117042639/http://i106.photobucket.com/albums/m258/Elliotts_Pictures/6-2.png,,21484,5e0a290ccfa63ac24e83a363d5ab3d3280b3b9cc,"Found by the 2026-10 manual-check re-scan (CLIP ranking, verified by eye).",
October-4-2004-327-img15.exs.cx.png,official game: interface or crop,"RS2 interface crop (dialogue, shop, book, map or level-up) posted to a 2004-05 fansite forum thread; found by the 2001-2005 fansite re-screen",,,2004-10-04,20050128093013,http://img15.exs.cx:80/img15/9509/327.png,https://web.archive.org/web/20050128093013/http://img15.exs.cx:80/img15/9509/327.png,,18200,ac6f9ec0b4200811d9e2060c98248b1b5369ae9a,,
October-4-2004-333-img15.exs.cx.png,official game: interface or crop,"In-game interface crop. Posted in the forum thread ""Runescape Community -> Gertrude's Cat"".",,,2004-10-04,20050130125006,http://img15.exs.cx:80/img15/7057/333.png,https://web.archive.org/web/20050130125006/http://img15.exs.cx:80/img15/7057/333.png,https://web.archive.org/web/20041127053432/http://www.runescapecommunity.com:80/index.php?showtopic=192140,6293,191f1d77df757e96bdbbdac7b8eb7039052e4cd1,,
October-4-2004-335-img15.exs.cx.png,official game: interface or crop,"RS2 interface crop (dialogue, shop, book, map or level-up) posted to a 2004-05 fansite forum thread; found by the 2001-2005 fansite re-screen",,,2004-10-04,20050124172715,http://img15.exs.cx:80/img15/5200/335.png,https://web.archive.org/web/20050124172715/http://img15.exs.cx:80/img15/5200/335.png,,21438,cf9fa2db4a1281ec82bdf0bacd8bc452212147b1,,
October-7-2004-323-img43.exs.cx.png,official game: interface or crop,"In-game interface crop. Posted in the forum thread ""Runescape Community -> Elemental Workshop"".",,,2004-10-07,20050125030942,http://img43.exs.cx:80/img43/9130/323.png,https://web.archive.org/web/20050125030942/http://img43.exs.cx:80/img43/9130/323.png,https://web.archive.org/web/20041127054357/http://www.runescapecommunity.com:80/index.php?showtopic=188227,5414,d8fd52e20c627db7a906ae111cbd8c31ceff9542,,
October-7-2004-329-img43.exs.cx.png,official game: interface or crop,"In-game interface crop. Posted in the forum thread ""Runescape Community -> Elemental Workshop"".",,,2004-10-07,20050128173628,http://img43.exs.cx:80/img43/9207/329.png,https://web.archive.org/web/20050128173628/http://img43.exs.cx:80/img43/9207/329.png,https://web.archive.org/web/20041127054357/http://www.runescapecommunity.com:80/index.php?showtopic=188227,5271,147955aab1d408d5e949c4a86b76fc9625c0aada,,
October-7-2004-332-img43.exs.cx.png,official game: interface or crop,"In-game interface crop. Posted in the forum thread ""Runescape Community -> Elemental Workshop"".",,,2004-10-07,20050124082215,http://img43.exs.cx:80/img43/7843/332.png,https://web.archive.org/web/20050124082215/http://img43.exs.cx:80/img43/7843/332.png,https://web.archive.org/web/20041127054357/http://www.runescapecommunity.com:80/index.php?showtopic=188227,5742,1569b708352a48adb07bd3206d7422f278809d81,,
October-7-2004-446-img13.exs.cx.png,official game: interface or crop,"In-game interface crop. Posted in the forum thread ""Runescape Community -> Elemental Workshop"".",,,2004-10-07,20050121054758,http://img13.exs.cx:80/img13/5757/446.png,https://web.archive.org/web/20050121054758/http://img13.exs.cx:80/img13/5757/446.png,https://web.archive.org/web/20041127054357/http://www.runescapecommunity.com:80/index.php?showtopic=188227,6219,536cd9207d302a3aba3457dc4d9500a39b76ec5f,,
October-9-2004-stake10-img48.exs.cx.png,official game: interface or crop,RS2 screenshot posted to a 2004-05 fansite forum thread; found by the 2001-2005 fansite re-screen,,,2004-10-09,20041102031842,http://img48.exs.cx:80/img48/9891/stake10.png,https://web.archive.org/web/20041102031842/http://img48.exs.cx:80/img48/9891/stake10.png,,37365,a391e77c4baa62e65d07824f4ed5cd93694fa686,Classified as official game: interface or crop: Duel stake result window crop.,
October-9-2004-stake15-img48.exs.cx.png,official game: interface or crop,RS2 screenshot posted to a 2004-05 fansite forum thread; found by the 2001-2005 fansite re-screen,,,2004-10-09,20041102081333,http://img48.exs.cx:80/img48/630/stake15.png,https://web.archive.org/web/20041102081333/http://img48.exs.cx:80/img48/630/stake15.png,,41451,d2e029d21733ae897e3b0df12aeb5fc23f947dc9,Classified as official game: interface or crop: Duel stake result window crop.,
October-9-2004-stake16-img48.exs.cx.png,official game: interface or crop,RS2 screenshot posted to a 2004-05 fansite forum thread; found by the 2001-2005 fansite re-screen,,,2004-10-09,20041102072021,http://img48.exs.cx:80/img48/1479/stake16.png,https://web.archive.org/web/20041102072021/http://img48.exs.cx:80/img48/1479/stake16.png,,47687,4f7f47b749b007629cc56a08528298972553a4a6,Classified as official game: interface or crop: Duel stake result window crop.,
October-9-2004-stake24-img48.exs.cx.png,official game: interface or crop,"In-game interface crop. Posted in the forum thread ""Runescape Community -> Some Stakes"".",,,2004-10-09,20041102074159,http://img48.exs.cx:80/img48/4783/stake24.png,https://web.archive.org/web/20041102074159/http://img48.exs.cx:80/img48/4783/stake24.png,https://web.archive.org/web/20041030071307/http://www.runescapecommunity.com:80/index.php?showtopic=194153,44794,9428ccd3f8ef6d4b51f0af905691802578a3f3c9,,
September-10-2005-bsale-i12.photobucket.com.png,official game: interface or crop,"Item icons crop (sale list). Posted in the forum thread ""RuneCrypt Forum -> Bank Sale"".",,,2005-09-10,20051226031506,http://i12.photobucket.com/albums/a220/paulo1234567/bsale.png,https://web.archive.org/web/20051226031506/http://i12.photobucket.com/albums/a220/paulo1234567/bsale.png,https://web.archive.org/web/20051025193646/http://www.runecrypt.com:80/forum/index.php?showtopic=8550,7574,84a65403eaabf5666834a9f9983687d58ec37e20,,
September-11-2004-confetions-img30.exs.cx.png,official game: interface or crop,"In-game interface crop. Posted in the forum thread ""RuneCrypt - The Holy Grail of RuneScape"".",,,2004-09-11,20041114195132,http://img30.exs.cx:80/img30/2236/confetions.png,https://web.archive.org/web/20041114195132/http://img30.exs.cx:80/img30/2236/confetions.png,https://web.archive.org/web/20041113041625/http://www.runecrypt.com:80/forum/index.php?act=ST&f=17&t=908,6288,4781ad6e4e08c4e30deb5f6de455250305e55592,,
September-12-2005-gotrune-img397.imageshack.us.png,official game: interface or crop,"In-game interface crop. Posted in the forum thread ""Join Phobia Today! - Runescape Community"".",,,2005-09-12,20051216133421,http://img397.imageshack.us/img397/4850/gotrune7bb.png,https://web.archive.org/web/20051216133421/http://img397.imageshack.us/img397/4850/gotrune7bb.png,https://web.archive.org/web/20051031140726/http://www.runescapecommunity.com:80/index.php?showtopic=350111&amp;view=getnewpost,132137,02942b325113b6ca7ac203ed665a2eec2d78d3cf,,
September-13-2005-11sep05144350-img382.imageshack.us.png,official game: interface or crop,"In-game interface crop. Posted in the forum thread ""My Achievements And Barrows Rewards - Runescape Community"".",,,2005-09-13,20051216133302,http://img382.imageshack.us/img382/402/11sep051443502ld.png,https://web.archive.org/web/20051216133302/http://img382.imageshack.us/img382/402/11sep051443502ld.png,https://web.archive.org/web/20051031141132/http://www.runescapecommunity.com:80/index.php?showtopic=386659&amp;view=getnewpost,2681,95d032a939eeb7cc670474fed49e026bc5fd4d4c,,
September-15-2004-statz0r-15-9-04-koti.mbnet.fi.png,official game: interface or crop,RS2 interface crop from koti.mbnet.fi.,,,2004-09-15,20041122142405,http://koti.mbnet.fi:80/kuukke/data/statz0r_15.9.04.PNG,https://web.archive.org/web/20041122142405/http://koti.mbnet.fi:80/kuukke/data/statz0r_15.9.04.PNG,,17444,d005a543a496357554d9889e505f97a48025707a,"Found by the 2026-10 manual-check re-scan (CLIP ranking, verified by eye).",
September-16-2004-lubufu-img44.exs.cx.png,official game: interface or crop,"In-game interface crop. Posted in the forum thread ""Runescape Community -> Tai Bwo Wannai Trio"".",,,2004-09-16,20060903142210,http://img44.exs.cx:80/img44/8977/Lubufu.png,https://web.archive.org/web/20060903142210/http://img44.exs.cx:80/img44/8977/Lubufu.png,https://web.archive.org/web/20041127054407/http://www.runescapecommunity.com:80/index.php?showtopic=184777,9781,072e48eb1dc3198e721f11db7d80254b62199f0a,,
September-16-2004-shaikahan-img44.exs.cx.png,official game: interface or crop,"In-game interface crop. Posted in the forum thread ""Runescape Community -> Tai Bwo Wannai Trio"".",,,2004-09-16,20050428211411,http://img44.exs.cx:80/img44/5591/Shaikahan.png,https://web.archive.org/web/20050428211411/http://img44.exs.cx:80/img44/5591/Shaikahan.png,https://web.archive.org/web/20041127054407/http://www.runescapecommunity.com:80/index.php?showtopic=184777,21855,73818ddcda845b502a4ccb53fd17997d6ccc2418,,
September-16-2004-tamayu-img44.exs.cx.png,official game: interface or crop,"In-game interface crop. Posted in the forum thread ""Runescape Community -> Tai Bwo Wannai Trio"".",,,2004-09-16,20060902221701,http://img44.exs.cx:80/img44/7392/Tamayu.png,https://web.archive.org/web/20060902221701/http://img44.exs.cx:80/img44/7392/Tamayu.png,https://web.archive.org/web/20041127054407/http://www.runescapecommunity.com:80/index.php?showtopic=184777,8815,24ef6b5bf4d1ddd80a132bd6bc47dfc4b61649de,,
September-16-2004-tiadeche-img44.exs.cx.png,official game: interface or crop,"In-game interface crop. Posted in the forum thread ""Runescape Community -> Tai Bwo Wannai Trio"".",,,2004-09-16,20060903142538,http://img44.exs.cx:80/img44/3795/Tiadeche.png,https://web.archive.org/web/20060903142538/http://img44.exs.cx:80/img44/3795/Tiadeche.png,https://web.archive.org/web/20041127054407/http://www.runescapecommunity.com:80/index.php?showtopic=184777,16047,6062a5f84b11d86a63d656dbae418ec04415eb3c,,
September-16-2004-tinsay-img44.exs.cx.png,official game: interface or crop,"In-game interface crop. Posted in the forum thread ""Runescape Community -> Tai Bwo Wannai Trio"".",,,2004-09-16,20050428231644,http://img44.exs.cx:80/img44/2664/Tinsay.png,https://web.archive.org/web/20050428231644/http://img44.exs.cx:80/img44/2664/Tinsay.png,https://web.archive.org/web/20041127054407/http://www.runescapecommunity.com:80/index.php?showtopic=184777,9765,9d51db1170c2456e501bfb9b71c0da5c61208e65,,
September-18-2004-maga-bank-1-koti.mbnet.fi.png,official game: interface or crop,RS2 interface crop from koti.mbnet.fi.,,,2004-09-18,20041122140743,http://koti.mbnet.fi:80/kuukke/data/Maga_bank_1.PNG,https://web.archive.org/web/20041122140743/http://koti.mbnet.fi:80/kuukke/data/Maga_bank_1.PNG,,37212,cc230748a2a19982c9b20cf009ecc4aee661f320,"Found by the 2026-10 manual-check re-scan (CLIP ranking, verified by eye).",
September-18-2004-maga-bank-1-nfs-koti.mbnet.fi.png,official game: interface or crop,RS2 interface crop from koti.mbnet.fi.,,,2004-09-18,20050128141058,http://koti.mbnet.fi:80/kuukke/data/Maga_bank_1_nfs.PNG,https://web.archive.org/web/20050128141058/http://koti.mbnet.fi:80/kuukke/data/Maga_bank_1_nfs.PNG,,39933,eb516991077b8b8d6b0e0e044972c865e0de8f94,"Found by the 2026-10 manual-check re-scan (CLIP ranking, verified by eye).",
September-18-2004-maga-bank-2-koti.mbnet.fi.png,official game: interface or crop,RS2 interface crop from koti.mbnet.fi.,,,2004-09-18,20041122140748,http://koti.mbnet.fi:80/kuukke/data/Maga_bank_2.PNG,https://web.archive.org/web/20041122140748/http://koti.mbnet.fi:80/kuukke/data/Maga_bank_2.PNG,,35421,39adb0a7859adb79124a66c03b886c9f950d4e56,"Found by the 2026-10 manual-check re-scan (CLIP ranking, verified by eye).",
September-18-2004-maga-bank-3-koti.mbnet.fi.png,official game: interface or crop,RS2 interface crop from koti.mbnet.fi.,,,2004-09-18,20041128042613,http://koti.mbnet.fi:80/kuukke/data/Maga_bank_3.PNG,https://web.archive.org/web/20041128042613/http://koti.mbnet.fi:80/kuukke/data/Maga_bank_3.PNG,,34694,4afcf246ef522e79c010cf8de95f57d6b01386d5,"Found by the 2026-10 manual-check re-scan (CLIP ranking, verified by eye).",
September-18-2004-maga-bank-4-nfs-koti.mbnet.fi.png,official game: interface or crop,RS2 interface crop from koti.mbnet.fi.,,,2004-09-18,20041128202040,http://koti.mbnet.fi:80/kuukke/data/Maga_bank_4_nfs.PNG,https://web.archive.org/web/20041128202040/http://koti.mbnet.fi:80/kuukke/data/Maga_bank_4_nfs.PNG,,17106,97d66a70bd36ced270a3de52327a1cbe9d90997a,"Found by the 2026-10 manual-check re-scan (CLIP ranking, verified by eye).",
September-19-2004-ibanlair-www.runehq.com.png,official game: interface or crop,RS2 interface crop from www.runehq.com.,,,2004-09-19,20050607020142,http://www.runehq.com/images/quests/memberquests/ibanlair.png,https://web.archive.org/web/20050607020142/http://www.runehq.com/images/quests/memberquests/ibanlair.png,,23873,202d923859254fb4bce7758f0bd7643f068e1e43,"Found by the 2026-10 manual-check re-scan (CLIP ranking, verified by eye).",
September-22-2004-distillator-img88.exs.cx.png,official game: interface or crop,"In-game interface crop. Posted in the forum thread ""RuneScape Community -> Regicide"".",,,2004-09-22,20041123195235,http://img88.exs.cx:80/img88/1456/Distillator.png,https://web.archive.org/web/20041123195235/http://img88.exs.cx:80/img88/1456/Distillator.png,https://web.archive.org/web/20050312171500/http://www.runescapecommunity.com:80/index.php?showtopic=187033,29951,0f67442c7cc86c931913a685992ffca5ae65f840,,
September-22-2004-map2-img64.exs.cx.png,official game: interface or crop,"In-game interface crop. Posted in the forum thread ""Runescape Community -> Troll Stronghold"".",,,2004-09-22,20060414192358,http://img64.exs.cx:80/img64/3456/Map2.png,https://web.archive.org/web/20060414192358/http://img64.exs.cx:80/img64/3456/Map2.png,https://web.archive.org/web/20041127050718/http://www.runescapecommunity.com:80/index.php?showtopic=187286,11816,e828b5cf55315d6b7c8afb54038d367f3b1f8458,,
September-22-2004-message4-img64.exs.cx.png,official game: interface or crop,"RS2 interface crop (dialogue, shop, book, map or level-up) posted to a 2004-05 fansite forum thread; found by the 2001-2005 fansite re-screen",,,2004-09-22,20050428223643,http://img64.exs.cx:80/img64/2614/Message4.png,https://web.archive.org/web/20050428223643/http://img64.exs.cx:80/img64/2614/Message4.png,,17242,397c8e6b6018ec16ad0e409925b458d65d75b860,,
September-24-2004-80-dragon-koti.mbnet.fi.jpg,official game: interface or crop,RS2 interface/dialogue image from koti.mbnet.fi.,,,2004-09-24,20041031004108,http://koti.mbnet.fi:80/kuukke/data/80+dragon.JPG,https://web.archive.org/web/20041031004108/http://koti.mbnet.fi:80/kuukke/data/80+dragon.JPG,,25858,e51c494fe369a9bd4e41781e4c4ec4372138f174,,
September-24-2004-88-full-koti.mbnet.fi.jpg,official game: interface or crop,RS2 interface/dialogue image from koti.mbnet.fi.,,,2004-09-24,20041031003438,http://koti.mbnet.fi:80/kuukke/data/88+full.JPG,https://web.archive.org/web/20041031003438/http://koti.mbnet.fi:80/kuukke/data/88+full.JPG,,27309,0820096e396c894a8c32d4a82bb676adbca3bf07,,
September-24-2004-trade-window-dragon-chainbody-img.villagephotos.com.jpg,official game: interface or crop,"Trade window offering a dragon chainbody (file name dragonchains), same album.",,,2004-09-24,20050113204309,http://img.villagephotos.com:80/p/2004-9/828071/dragonchains.JPG,https://web.archive.org/web/20050113204309/http://img.villagephotos.com:80/p/2004-9/828071/dragonchains.JPG,,21177,1820fe3fb0a9e63485890c4b1bd60f20e317cd9d,Classified as official game: interface or crop: Trade window crop.,
September-24-2004-trade-window-full-set-of-party-hats-img.villagephotos.com.jpg,official game: interface or crop,"Trade window with Lord Kaya offering a full set of party hats plus Santa hats and other rares (file name richdude), same album.",,,2004-09-24,20050113204242,http://img.villagephotos.com:80/p/2004-9/828071/richdude.JPG,https://web.archive.org/web/20050113204242/http://img.villagephotos.com:80/p/2004-9/828071/richdude.JPG,,21207,a92e5b808c80e86e515ffa00e23b79cecc8162b2,Classified as official game: interface or crop: Trade window crop.,
September-24-2005-bank1-img238.imageshack.us.png,official game: interface or crop,"In-game interface crop. Posted in the forum thread ""RuneCrypt Forum -> Bank Help..."".",,,2005-09-24,20051223144235,http://img238.imageshack.us/img238/4948/bank19zj.png,https://web.archive.org/web/20051223144235/http://img238.imageshack.us/img238/4948/bank19zj.png,https://web.archive.org/web/20051025195506/http://www.runecrypt.com:80/forum/index.php?showtopic=9817,40171,712ec574f4aa38e522ad9cb74462429002a51031,,
September-24-2005-bank2-img238.imageshack.us.png,official game: interface or crop,"In-game interface crop. Posted in the forum thread ""RuneCrypt Forum -> Bank Help..."".",,,2005-09-24,20051223144118,http://img238.imageshack.us/img238/4394/bank23lw.png,https://web.archive.org/web/20051223144118/http://img238.imageshack.us/img238/4394/bank23lw.png,https://web.archive.org/web/20051025195506/http://www.runecrypt.com:80/forum/index.php?showtopic=9817,10570,1c06d5add06c678b2819aa419a16d98628f961a4,,
September-24-2005-smithinginterface1-runescape.com.gif,official game: interface or crop,RS2 interface crop from runescape.com.,,,2005-09-24,20050930233528,http://runescape.com:80/img/rs2/manual/smithing/smithinginterface1.gif,https://web.archive.org/web/20050930233528/http://runescape.com:80/img/rs2/manual/smithing/smithinginterface1.gif,,40820,0a160e49238c880166e3619f970d3b4dcd4ce1ad,"Found by the 2026-10 manual-check re-scan (CLIP ranking, verified by eye).",
September-25-2005-87magic-img364.imageshack.us.png,official game: interface or crop,"In-game interface crop. Posted in the forum thread ""My Achievements And Barrows Rewards - Runescape Community"".",,,2005-09-25,20051216161631,http://img364.imageshack.us/img364/2161/87magic5xd.png,https://web.archive.org/web/20051216161631/http://img364.imageshack.us/img364/2161/87magic5xd.png,https://web.archive.org/web/20051031141132/http://www.runescapecommunity.com:80/index.php?showtopic=386659&amp;view=getnewpost,15639,17a9678362ba0db247abf7a57341e3fc0ee13cab,,
September-25-2005-treasuretrail1-img212.imageshack.us.png,official game: interface or crop,"In-game interface crop. Posted in the forum thread ""My Achievements And Barrows Rewards - Runescape Community"".",,,2005-09-25,20051216132433,http://img212.imageshack.us/img212/8668/treasuretrail14wl.png,https://web.archive.org/web/20051216132433/http://img212.imageshack.us/img212/8668/treasuretrail14wl.png,https://web.archive.org/web/20051031141132/http://www.runescapecommunity.com:80/index.php?showtopic=386659&amp;view=getnewpost,26793,d2c466b9b63a1975352d8db9133e2c11b5a464a9,,
September-26-2005-61fishing-img282.imageshack.us.png,official game: interface or crop,"In-game interface crop. Posted in the forum thread ""My Achievements And Barrows Rewards - Runescape Community"".",,,2005-09-26,20060114110340,http://img282.imageshack.us/img282/354/61fishing1ba.png,https://web.archive.org/web/20060114110340/http://img282.imageshack.us/img282/354/61fishing1ba.png,https://web.archive.org/web/20051031141132/http://www.runescapecommunity.com:80/index.php?showtopic=386659&amp;view=getnewpost,19333,a3df0fb6c4562f7ec4e082c06709aa378be9357c,,
September-27-2004-statsit-koti.mbnet.fi.png,official game: interface or crop,RS2 interface crop from koti.mbnet.fi.,,,2004-09-27,20050122204503,http://koti.mbnet.fi:80/kuukke/data/statsit..PNG,https://web.archive.org/web/20050122204503/http://koti.mbnet.fi:80/kuukke/data/statsit..PNG,,27086,c6cf877ee339b113dfcaac516eff4c3b1943aae4,"Found by the 2026-10 manual-check re-scan (CLIP ranking, verified by eye).",
September-28-2004-stake4-img46.exs.cx.gif,official game: interface or crop,RS2 interface crop from img46.exs.cx.,,,2004-09-28,20070430043738,http://img46.exs.cx/img46/6694/Stake4.gif,https://web.archive.org/web/20070430043738/http://img46.exs.cx/img46/6694/Stake4.gif,,14723,a9b3a60d7ab44760ff0e4c7be3407ef42c7d1d47,"Found by the 2026-10 manual-check re-scan (CLIP ranking, verified by eye).",
September-28-2004-stake6-img64.exs.cx.gif,official game: interface or crop,RS2 interface crop from img64.exs.cx.,,,2004-09-28,20070430043738,http://img64.exs.cx/img64/4130/stake6.gif,https://web.archive.org/web/20070430043738/http://img64.exs.cx/img64/4130/stake6.gif,,20483,4c1faa0ee4994383b7464b9efe6a74b7db72459a,"Found by the 2026-10 manual-check re-scan (CLIP ranking, verified by eye).",
September-28-2004-stake7-img64.exs.cx.gif,official game: interface or crop,"In-game interface crop. Posted in the forum thread ""Runescape Community -> Few Stakes"".",,,2004-09-28,20050528025259,http://img64.exs.cx:80/img64/762/stake7.gif,https://web.archive.org/web/20050528025259/http://img64.exs.cx:80/img64/762/stake7.gif,https://web.archive.org/web/20050524193232/http://www.runescapecommunity.com:80/index.php?showtopic=318502&amp,15036,53d392cc5c2684db69e8484364bf577df39a7329,,
September-28-2004-stake8-img64.exs.cx.gif,official game: interface or crop,RS2 interface crop from img64.exs.cx.,,,2004-09-28,20070430043737,http://img64.exs.cx/img64/7633/stake8.gif,https://web.archive.org/web/20070430043737/http://img64.exs.cx/img64/7633/stake8.gif,,19095,1df99b8c662e263d105f0be03631de471c4f54f4,"Found by the 2026-10 manual-check re-scan (CLIP ranking, verified by eye).",
September-28-2004-wittyremark-img52.exs.cx.jpg,official game: interface or crop,"RS2 interface crop (dialogue, shop, book, map or level-up) posted to a 2004-05 fansite forum thread; found by the 2001-2005 fansite re-screen",,,2004-09-28,20041114190435,http://img52.exs.cx:80/img52/1067/wittyremark.jpg,https://web.archive.org/web/20041114190435/http://img52.exs.cx:80/img52/1067/wittyremark.jpg,,14492,81114a1578f4f4ecf95b871f0ca45d479c042836,,
September-29-2004-crafting01-runecrypt.com.gif,official game: interface or crop,"RS2 interface crop (dialogue, shop, book, map or level-up) from a 2004-05 fansite page (www.runecrypt.com:80); found by the 2001-2005 fansite re-screen",,,2004-09-29,20050110060724,http://www.runecrypt.com:80/images/guides/crafting01.gif,https://web.archive.org/web/20050110060724/http://www.runecrypt.com:80/images/guides/crafting01.gif,,12970,cfe1eaa4b91703cd477a496968dafad940c2eeb0,,
September-29-2004-snakus-bank1-koti.mbnet.fi.png,official game: interface or crop,RS2 interface crop from koti.mbnet.fi.,,,2004-09-29,20041127201921,http://koti.mbnet.fi:80/kuukke/data/snakus%20bank1.PNG,https://web.archive.org/web/20041127201921/http://koti.mbnet.fi:80/kuukke/data/snakus%20bank1.PNG,,153379,09e170994aab786c6c5c26034f5c438a1449a990,"Found by the 2026-10 manual-check re-scan (CLIP ranking, verified by eye).",
September-29-2005-fullmourner2-www.runehq.com.png,official game: interface or crop,RS2 interface crop from www.runehq.com.,,,2005-09-29,20071107051451,http://www.runehq.com/image/quests/p2p/mourningsendspart1/fullmourner2.png,https://web.archive.org/web/20071107051451/http://www.runehq.com/image/quests/p2p/mourningsendspart1/fullmourner2.png,,18501,7c151c24cf5f658ff43ffaac250fec97b05188bb,"Found by the 2026-10 manual-check re-scan (CLIP ranking, verified by eye).",
September-3-2005-mod2dy-img297.imageshack.us.png,official game: interface or crop,RS2 interface crop from img297.imageshack.us.,,,2005-09-03,20060114214744,http://img297.imageshack.us/img297/104/mod2dy.png,https://web.archive.org/web/20060114214744/http://img297.imageshack.us/img297/104/mod2dy.png,,10390,d6c44ce7853714b5d0acb75d77bf3e6c07320092,"Found by the 2026-10 manual-check re-scan (CLIP ranking, verified by eye).",
September-30-2004-snakus-bank2-koti.mbnet.fi.png,official game: interface or crop,RS2 interface crop from koti.mbnet.fi.,,,2004-09-30,20041122142059,http://koti.mbnet.fi:80/kuukke/data/snakus%20bank2.PNG,https://web.archive.org/web/20041122142059/http://koti.mbnet.fi:80/kuukke/data/snakus%20bank2.PNG,,49887,1ae3ae09918759e69e451ee1f72f6f49d3a9690c,"Found by the 2026-10 manual-check re-scan (CLIP ranking, verified by eye).",
September-30-2004-stake1-img72.exs.cx.gif,official game: interface or crop,RS2 interface crop from img72.exs.cx.,,,2004-09-30,20070430043738,http://img72.exs.cx/img72/4105/stake1.gif,https://web.archive.org/web/20070430043738/http://img72.exs.cx/img72/4105/stake1.gif,,15363,c3d370b39a473f53cc8df3611d7e01e727650e8e,"Found by the 2026-10 manual-check re-scan (CLIP ranking, verified by eye).",
September-30-2004-stake2-img72.exs.cx.gif,official game: interface or crop,"In-game interface crop. Posted in the forum thread ""Runescape Community -> Few Stakes"".",,,2004-09-30,20050528045152,http://img72.exs.cx:80/img72/2830/stake2.gif,https://web.archive.org/web/20050528045152/http://img72.exs.cx:80/img72/2830/stake2.gif,https://web.archive.org/web/20050524193232/http://www.runescapecommunity.com:80/index.php?showtopic=318502&amp,15197,8d42d1ef2ac022afe2d6abfbe7309bdaf25932f0,,
September-30-2004-stake3-img72.exs.cx.gif,official game: interface or crop,RS2 interface crop from img72.exs.cx.,,,2004-09-30,20070430043736,http://img72.exs.cx/img72/6910/stake3.gif,https://web.archive.org/web/20070430043736/http://img72.exs.cx/img72/6910/stake3.gif,,16250,18a7d771c2653975af3917aa475a3394cd06021b,"Found by the 2026-10 manual-check re-scan (CLIP ranking, verified by eye).",
September-30-2004-stake5-img72.exs.cx.gif,official game: interface or crop,"In-game interface crop. Posted in the forum thread ""Runescape Community -> Few Stakes"".",,,2004-09-30,20050528052405,http://img72.exs.cx:80/img72/6194/stake5.gif,https://web.archive.org/web/20050528052405/http://img72.exs.cx:80/img72/6194/stake5.gif,https://web.archive.org/web/20050524193232/http://www.runescapecommunity.com:80/index.php?showtopic=318502&amp,17721,ac17f7a1998af96cd2acf7f5307a7310c3f2d195,,
September-30-2005-70prayer-img278.imageshack.us.png,official game: interface or crop,"In-game interface crop. Posted in the forum thread ""RuneCrypt Forum -> 70 Prayer!"".",,,2005-09-30,20051225104249,http://img278.imageshack.us/img278/88/70prayer2ur.png,https://web.archive.org/web/20051225104249/http://img278.imageshack.us/img278/88/70prayer2ur.png,https://web.archive.org/web/20051025200200/http://www.runecrypt.com:80/forum/index.php?showtopic=10285,31126,d2d47d06d08306da2e43d96b0645bee4f748bba0,,
September-30-2005-wise-old-man-runes-dialogue-i16.photobucket.com.jpg,official game: interface or crop,"Wise Old Man dialogue about runes, embedded in a Dec 2005 fansite forum post (Photobucket)",,,2005-09-30,20051224220236,http://i16.photobucket.com/albums/b10/cire9753/wdf.jpg,https://web.archive.org/web/20051224220236/http://i16.photobucket.com/albums/b10/cire9753/wdf.jpg,,57183,3a4d51e28c7626711415d4e0ae0f7ec0301144ce,,
September-4-2005-04sep05163823-img375.imageshack.us.png,official game: interface or crop,"In-game interface crop. Posted in the forum thread ""My Achievements And Barrows Rewards - Runescape Community"".",,,2005-09-04,20060101101019,http://img375.imageshack.us/img375/4604/04sep051638232mr.png,https://web.archive.org/web/20060101101019/http://img375.imageshack.us/img375/4604/04sep051638232mr.png,https://web.archive.org/web/20051031141132/http://www.runescapecommunity.com:80/index.php?showtopic=386659&amp;view=getnewpost,22926,4e4ceba26b7cf4c2756c8c41a93e7263353eb6bb,,
September-4-2005-vbbs-img299.imageshack.us.png,official game: interface or crop,"Inventory with sale-price note. Posted in the forum thread ""RuneCrypt Forum -> My Biggest Bank Sale Ever"".",,,2005-09-04,20060115025937,http://img299.imageshack.us/img299/4097/vbbs8br.png,https://web.archive.org/web/20060115025937/http://img299.imageshack.us/img299/4097/vbbs8br.png,https://web.archive.org/web/20051025191300/http://www.runecrypt.com:80/forum/index.php?showtopic=8048,34091,b5dc9d2bce92fff308d0bd73fecc89e593546fad,,
September-5-2004-attackbow-runescape.salmoneus.net.gif,official game: interface or crop,RS2 interface crop from runescape.salmoneus.net.,,,2004-09-05,20050322082242,http://runescape.salmoneus.net:80/images/attackbow.gif,https://web.archive.org/web/20050322082242/http://runescape.salmoneus.net:80/images/attackbow.gif,,9941,3382851099a0b6c1125d34e7e73b31dc6279f5a4,"Found by the 2026-10 manual-check re-scan (CLIP ranking, verified by eye).",
September-9-2004-snakus-stats1a-koti.mbnet.fi.png,official game: interface or crop,RS2 interface crop from koti.mbnet.fi.,,,2004-09-09,20041122142700,http://koti.mbnet.fi:80/kuukke/data/snakus%20stats1a.PNG,https://web.archive.org/web/20041122142700/http://koti.mbnet.fi:80/kuukke/data/snakus%20stats1a.PNG,,19543,73e3037528ac4cff3d5441dbae47bf4acec11bd2,"Found by the 2026-10 manual-check re-scan (CLIP ranking, verified by eye).",
September-9-2005-07sep05175722-img210.imageshack.us.png,official game: interface or crop,"In-game interface crop. Posted in the forum thread ""My Achievements And Barrows Rewards - Runescape Community"".",,,2005-09-09,20051216074852,http://img210.imageshack.us/img210/4449/07sep051757220zj.png,https://web.archive.org/web/20051216074852/http://img210.imageshack.us/img210/4449/07sep051757220zj.png,https://web.archive.org/web/20051031141132/http://www.runescapecommunity.com:80/index.php?showtopic=386659&amp;view=getnewpost,2405,a8946db5c5c488b88901f15e4b6655d82a217aa0,,
September-9-2005-nurse7-img355.imageshack.us.jpg,official game: interface or crop,"In-game interface crop. Posted in the forum thread ""RuneCrypt Forum -> P Mod Owned."".",,,2005-09-09,20051223143505,http://img355.imageshack.us/img355/9351/nurse71ig.jpg,https://web.archive.org/web/20051223143505/http://img355.imageshack.us/img355/9351/nurse71ig.jpg,https://web.archive.org/web/20051025193215/http://www.runecrypt.com:80/forum/index.php?showtopic=8456,11585,bb0ef8c1afcd3376b4322d39d353eaa195dcda02,,
