file,category,description,quest,version,original_file_date,wayback_capture,original_url,wayback_url,source_page,bytes,sha1,note,previous_file
2003/December-1-2003-111-koti.mbnet.fi.jpg,official game: screenshot (RuneScape 2),RS2 client screenshot from koti.mbnet.fi.,,,2003-12-01,20040918100314,http://koti.mbnet.fi:80/kuukke/data/111.JPG,https://web.archive.org/web/20040918100314/http://koti.mbnet.fi:80/kuukke/data/111.JPG,,113212,f2efeb37335096bbaf86fd134a0123a6588471d7,,
2003/December-1-2003-112-koti.mbnet.fi.jpg,official game: screenshot (RuneScape 2),RS2 client screenshot from koti.mbnet.fi.,,,2003-12-01,20050128132453,http://koti.mbnet.fi:80/kuukke/data/112.JPG,https://web.archive.org/web/20050128132453/http://koti.mbnet.fi:80/kuukke/data/112.JPG,,76631,2a0c778b2356c909750dd77384ae0d383b363f80,,
2003/December-1-2003-113-koti.mbnet.fi.jpg,official game: screenshot (RuneScape 2),RS2 client screenshot from koti.mbnet.fi.,,,2003-12-01,20041129041753,http://koti.mbnet.fi:80/kuukke/data/113.JPG,https://web.archive.org/web/20041129041753/http://koti.mbnet.fi:80/kuukke/data/113.JPG,,94848,4eaff2e82014a29918ae5aa35a8e91d93d697fc4,,
2003/December-1-2003-114-koti.mbnet.fi.jpg,official game: screenshot (RuneScape 2),RS2 client screenshot from koti.mbnet.fi.,,,2003-12-01,20040814220559,http://koti.mbnet.fi:80/kuukke/data/114.JPG,https://web.archive.org/web/20040814220559/http://koti.mbnet.fi:80/kuukke/data/114.JPG,,75227,1c3a41f665eb4de9478320bacd900e7b5b1988f1,,
2003/December-1-2003-116-koti.mbnet.fi.jpg,official game: screenshot (RuneScape 2),RS2 client screenshot from koti.mbnet.fi.,,,2003-12-01,20040814220247,http://koti.mbnet.fi:80/kuukke/data/116.JPG,https://web.archive.org/web/20040814220247/http://koti.mbnet.fi:80/kuukke/data/116.JPG,,88364,263fda430b48d00f8714068183e76d984ef2ac4e,,
2003/December-1-2003-121-koti.mbnet.fi.jpg,official game: screenshot (RuneScape 2),RS2 client screenshot from koti.mbnet.fi.,,,2003-12-01,20040918095749,http://koti.mbnet.fi:80/kuukke/data/121.JPG,https://web.archive.org/web/20040918095749/http://koti.mbnet.fi:80/kuukke/data/121.JPG,,82759,aef79f70b8dd22b1c167f076445187ea855acd61,,
2003/December-1-2003-122-koti.mbnet.fi.jpg,official game: screenshot (RuneScape 2),RS2 client screenshot from koti.mbnet.fi.,,,2003-12-01,20040814220306,http://koti.mbnet.fi:80/kuukke/data/122.JPG,https://web.archive.org/web/20040814220306/http://koti.mbnet.fi:80/kuukke/data/122.JPG,,77403,31d602954241d8eb1528504d885e5933e3753545,,
2003/December-1-2003-126-koti.mbnet.fi.jpg,official game: screenshot (RuneScape 2),RS2 client screenshot from koti.mbnet.fi.,,,2003-12-01,20040814220604,http://koti.mbnet.fi:80/kuukke/data/126.JPG,https://web.archive.org/web/20040814220604/http://koti.mbnet.fi:80/kuukke/data/126.JPG,,77930,33bfee602efcd813d031915ecd0c3ee202dae850,,
2003/December-1-2003-127-koti.mbnet.fi.jpg,official game: screenshot (RuneScape 2),RS2 client screenshot from koti.mbnet.fi.,,,2003-12-01,20050125043255,http://koti.mbnet.fi:80/kuukke/data/127.JPG,https://web.archive.org/web/20050125043255/http://koti.mbnet.fi:80/kuukke/data/127.JPG,,75995,48445f56a9ab2a06e51321352e2ffe52f37f3cf8,,
2003/December-1-2003-129-koti.mbnet.fi.jpg,official game: screenshot (RuneScape 2),RS2 client screenshot from koti.mbnet.fi.,,,2003-12-01,20041122134040,http://koti.mbnet.fi:80/kuukke/data/129.JPG,https://web.archive.org/web/20041122134040/http://koti.mbnet.fi:80/kuukke/data/129.JPG,,67038,76128caf023ef6b4454773995ccedef7f190a639,,
2003/December-1-2003-133-koti.mbnet.fi.jpg,official game: screenshot (RuneScape 2),RS2 client screenshot from koti.mbnet.fi.,,,2003-12-01,20041128111844,http://koti.mbnet.fi:80/kuukke/data/133.JPG,https://web.archive.org/web/20041128111844/http://koti.mbnet.fi:80/kuukke/data/133.JPG,,77687,f5de15496b5d5919b8dd171b32cbe563566d8d47,,
2003/December-1-2003-134-koti.mbnet.fi.jpg,official game: screenshot (RuneScape 2),RS2 client screenshot from koti.mbnet.fi.,,,2003-12-01,20040814220300,http://koti.mbnet.fi:80/kuukke/data/134.JPG,https://web.archive.org/web/20040814220300/http://koti.mbnet.fi:80/kuukke/data/134.JPG,,89252,a50f96fafad0f337cc9f1371b7ede22a2b615a07,,
2003/December-1-2003-136-koti.mbnet.fi.jpg,official game: screenshot (RuneScape 2),RS2 client screenshot from koti.mbnet.fi.,,,2003-12-01,20040814220122,http://koti.mbnet.fi:80/kuukke/data/136.JPG,https://web.archive.org/web/20040814220122/http://koti.mbnet.fi:80/kuukke/data/136.JPG,,96929,8d9b3a2f886d84e7fb0be9128a1bba7502f64e6a,,
2003/December-1-2003-137-koti.mbnet.fi.jpg,official game: screenshot (RuneScape 2),RS2 client screenshot from koti.mbnet.fi.,,,2003-12-01,20041129001823,http://koti.mbnet.fi:80/kuukke/data/137.JPG,https://web.archive.org/web/20041129001823/http://koti.mbnet.fi:80/kuukke/data/137.JPG,,76867,594980512d808f996e7f50e41b5b7eca40befc73,,
2003/December-1-2003-bugi-ehk-koti.mbnet.fi.png,official game: screenshot (RuneScape 2),RS2 client screenshot from koti.mbnet.fi.,,,2003-12-01,20040918100423,http://koti.mbnet.fi:80/kuukke/data/Bugi%20ehk%e4....PNG,https://web.archive.org/web/20040918100423/http://koti.mbnet.fi:80/kuukke/data/Bugi%20ehk%e4....PNG,,121956,21bccd5c38b8eabed54f9bccd2ffcd067aba0623,,
2003/December-1-2003-castle-koti.mbnet.fi.png,official game: screenshot (RuneScape 2),RS2 client screenshot from koti.mbnet.fi.,,,2003-12-01,20050131231438,http://koti.mbnet.fi:80/kuukke/data/castle.PNG,https://web.archive.org/web/20050131231438/http://koti.mbnet.fi:80/kuukke/data/castle.PNG,,167669,d7f579f8fbb12cae430f83285ffcf160cd355e30,,
2003/December-1-2003-image2-koti.mbnet.fi.jpg,official game: screenshot (RuneScape 2),RS2 client screenshot from koti.mbnet.fi.,,,2003-12-01,20040716095123,http://koti.mbnet.fi:80/kuukke/data/Image2.jpg,https://web.archive.org/web/20040716095123/http://koti.mbnet.fi:80/kuukke/data/Image2.jpg,,125276,adcb27680d1bd8de498af9831df8ebdac516f2ab,,
2003/December-1-2003-lumbissa-koti.mbnet.fi.png,official game: screenshot (RuneScape 2),RS2 client screenshot from koti.mbnet.fi.,,,2003-12-01,20050123083236,http://koti.mbnet.fi:80/kuukke/data/lumbissa.PNG,https://web.archive.org/web/20050123083236/http://koti.mbnet.fi:80/kuukke/data/lumbissa.PNG,,153792,cadcbfb0fc6269173be7a9a9d26411ca6be1884e,,
2003/December-1-2003-mining-guildis-koti.mbnet.fi.png,official game: screenshot (RuneScape 2),RS2 client screenshot from koti.mbnet.fi.,,,2003-12-01,20041128044107,http://koti.mbnet.fi:80/kuukke/data/mining%20guildis.PNG,https://web.archive.org/web/20041128044107/http://koti.mbnet.fi:80/kuukke/data/mining%20guildis.PNG,,131934,3f445d931fbd5777719e9ed1914fe41890217025,,
2003/December-1-2003-pankissa-koti.mbnet.fi.png,official game: screenshot (RuneScape 2),RS2 client screenshot from koti.mbnet.fi.,,,2003-12-01,20050123083305,http://koti.mbnet.fi:80/kuukke/data/pankissa.PNG,https://web.archive.org/web/20050123083305/http://koti.mbnet.fi:80/kuukke/data/pankissa.PNG,,182086,b05dd47775644c918ab1a12b22b513b689df986f,,
2003/December-1-2003-screen-koti.mbnet.fi.jpg,official game: screenshot (RuneScape 2),RS2 client screenshot from koti.mbnet.fi.,,,2003-12-01,20050123082705,http://koti.mbnet.fi:80/kuukke/data/screen.JPG,https://web.archive.org/web/20050123082705/http://koti.mbnet.fi:80/kuukke/data/screen.JPG,,49803,b1876c7f9b8aae76cf9b027eeae9e0ca86d5e748,,
2003/December-1-2003-white-wolf-mountanilla-koti.mbnet.fi.png,official game: screenshot (RuneScape 2),RS2 client screenshot from koti.mbnet.fi.,,,2003-12-01,20041130142359,http://koti.mbnet.fi:80/kuukke/data/white%20wolf%20mountanilla.PNG,https://web.archive.org/web/20041130142359/http://koti.mbnet.fi:80/kuukke/data/white%20wolf%20mountanilla.PNG,,157112,2e2434d8c72414852b3d2b81aebc83cdf2e18a53,,
2003/December-16-2003-goldring-koti.mbnet.fi.jpg,official game: screenshot (RuneScape 2),RS2 client screenshot from koti.mbnet.fi.,,,2003-12-16,20050122204351,http://koti.mbnet.fi:80/kuukke/data/goldring.JPG,https://web.archive.org/web/20050122204351/http://koti.mbnet.fi:80/kuukke/data/goldring.JPG,,72963,17872e224808f47d566072774894ee107d6d7972,,
2003/December-2-2003-kalastamas-koti.mbnet.fi.png,official game: screenshot (RuneScape 2),RS2 client screenshot from koti.mbnet.fi.,,,2003-12-02,20041122140523,http://koti.mbnet.fi:80/kuukke/data/kalastamas.PNG,https://web.archive.org/web/20041122140523/http://koti.mbnet.fi:80/kuukke/data/kalastamas.PNG,,193339,5d4ed2460e749b8c0273725fc4858ca987b56c89,,
2004/April-1-2004-kyll-sevainon-koti.mbnet.fi.jpg,official game: screenshot (RuneScape 2),RS2 client screenshot from koti.mbnet.fi.,,,2004-04-01,20040825224814,http://koti.mbnet.fi:80/kuukke/data/Kyll%e4sevainon.JPG,https://web.archive.org/web/20040825224814/http://koti.mbnet.fi:80/kuukke/data/Kyll%e4sevainon.JPG,,77661,9bd301abfdbec2505733b5962f33af63ac83da13,,
2004/April-1-2004-kyllasevainon-koti.mbnet.fi.jpg,official game: screenshot (RuneScape 2),RS2 client screenshot from koti.mbnet.fi.,,,2004-04-01,20040814224347,http://koti.mbnet.fi:80/kuukke/data/Kyllasevainon.JPG,https://web.archive.org/web/20040814224347/http://koti.mbnet.fi:80/kuukke/data/Kyllasevainon.JPG,,77591,132334c52e19ea9b7431a4675f3f558308ac7c66,,
2004/April-1-2004-omfg-koti.mbnet.fi.jpg,official game: screenshot (RuneScape 2),RS2 client screenshot from koti.mbnet.fi.,,,2004-04-01,20040917020600,http://koti.mbnet.fi:80/kuukke/data/!________________________________________________OMFG%20!!!!.JPG,https://web.archive.org/web/20040917020600/http://koti.mbnet.fi:80/kuukke/data/!________________________________________________OMFG%20!!!!.JPG,,85656,9eb970bee236bcf79fbb2bb6a94728c8d19294b4,,
2004/April-10-2004-elvarg-koti.mbnet.fi.jpg,official game: screenshot (RuneScape 2),RS2 client screenshot from koti.mbnet.fi.,,,2004-04-10,20050128134254,http://koti.mbnet.fi:80/kuukke/data/Elvarg.JPG,https://web.archive.org/web/20050128134254/http://koti.mbnet.fi:80/kuukke/data/Elvarg.JPG,,72203,18cc2db17908c28a31b723b650f9b6d37ea4fee0,,
2004/April-10-2004-elvargg-koti.mbnet.fi.jpg,official game: screenshot (RuneScape 2),RS2 client screenshot from koti.mbnet.fi.,,,2004-04-10,20040814221647,http://koti.mbnet.fi:80/kuukke/data/Elvargg.JPG,https://web.archive.org/web/20040814221647/http://koti.mbnet.fi:80/kuukke/data/Elvargg.JPG,,71596,a56f679a1e22c761191af137dd19603240ec9db9,,
2004/April-10-2004-foot-plz-koti.mbnet.fi.jpg,official game: screenshot (RuneScape 2),RS2 client screenshot from koti.mbnet.fi.,,,2004-04-10,20041127082232,http://koti.mbnet.fi:80/kuukke/data/Foot%20plz.JPG,https://web.archive.org/web/20041127082232/http://koti.mbnet.fi:80/kuukke/data/Foot%20plz.JPG,,64224,f3f0ce394f1819f2959ad5cd7a3e3e2261f71c38,,
2004/April-10-2004-full-addy-tappo-koti.mbnet.fi.jpg,official game: screenshot (RuneScape 2),RS2 client screenshot from koti.mbnet.fi.,,,2004-04-10,20040918040233,http://koti.mbnet.fi:80/kuukke/data/Full%20addy%20tappo.JPG,https://web.archive.org/web/20040918040233/http://koti.mbnet.fi:80/kuukke/data/Full%20addy%20tappo.JPG,,79184,4241dcb8d0f541bf2886df7618ad3fd6d7b81bd6,,
2004/April-10-2004-voihanerkki-koti.mbnet.fi.jpg,official game: screenshot (RuneScape 2),RS2 client screenshot from koti.mbnet.fi.,,,2004-04-10,20041122141011,http://koti.mbnet.fi:80/kuukke/data/voihanerkki.JPG,https://web.archive.org/web/20041122141011/http://koti.mbnet.fi:80/kuukke/data/voihanerkki.JPG,,78589,cbd14fd376a6c156f9a74a40c4f43722c50b48c4,,
2004/April-11-2004-5-runite-orea-koti.mbnet.fi.jpg,official game: screenshot (RuneScape 2),RS2 client screenshot from koti.mbnet.fi.,,,2004-04-11,20041122143354,http://koti.mbnet.fi:80/kuukke/data/5%20runite%20orea...JPG,https://web.archive.org/web/20041122143354/http://koti.mbnet.fi:80/kuukke/data/5%20runite%20orea...JPG,,73834,71c85280428ec9736338f8c78e042160a913019c,,
2004/April-11-2004-clan-fear-pking-party-freewebs.com.jpg,official game: screenshot (RuneScape 2),RS2 screenshot posted to a 2004-05 fansite forum thread; found by the 2001-2005 fansite re-screen,,,2004-04-11,20041113175818,http://www.freewebs.com/mikdan3/clan%20fear%20pking%20party.JPG,https://web.archive.org/web/20041113175818/http://www.freewebs.com/mikdan3/clan%20fear%20pking%20party.JPG,,75680,3c1114ef6c3c3dc65d2cb0d14b9d57ca05ee2122,,
2004/April-11-2004-pk-11april-08-img6.imageshack.us.png,official game: screenshot (RuneScape 2),RS2 screenshot posted to a 2004-05 fansite forum thread; found by the 2001-2005 fansite re-screen,,,2004-04-11,20041101215551,http://img6.imageshack.us/img6/1368/pk-11april-08.PNG,https://web.archive.org/web/20041101215551/http://img6.imageshack.us/img6/1368/pk-11april-08.PNG,,61672,8671a709236ad16f254cb93b496b9497124cd33c,,
2004/April-11-2004-pk-11april-09-img6.imageshack.us.png,official game: screenshot (RuneScape 2),RS2 screenshot posted to a 2004-05 fansite forum thread; found by the 2001-2005 fansite re-screen,,,2004-04-11,20041101214454,http://img6.imageshack.us/img6/6188/pk-11april-09.PNG,https://web.archive.org/web/20041101214454/http://img6.imageshack.us/img6/6188/pk-11april-09.PNG,,47542,a20f33c828dd07dc77ec95d963afbd29612a9b8d,,
2004/April-11-2004-pk-11april-12-img6.imageshack.us.png,official game: screenshot (RuneScape 2),RS2 screenshot posted to a 2004-05 fansite forum thread; found by the 2001-2005 fansite re-screen,,,2004-04-11,20041101220939,http://img6.imageshack.us/img6/8648/pk-11april-12.PNG,https://web.archive.org/web/20041101220939/http://img6.imageshack.us/img6/8648/pk-11april-12.PNG,,81639,5d915ae5ffa7679a73be91092e1a6a4532eb0148,,
2004/April-11-2004-pk-11april-14-img6.imageshack.us.png,official game: screenshot (RuneScape 2),RS2 screenshot posted to a 2004-05 fansite forum thread; found by the 2001-2005 fansite re-screen,,,2004-04-11,20041101210459,http://img6.imageshack.us/img6/4771/pk-11april-14.PNG,https://web.archive.org/web/20041101210459/http://img6.imageshack.us/img6/4771/pk-11april-14.PNG,,60681,8781c99607aeb5a7fa09238cdb81e8413e586c4c,,
2004/April-11-2004-pk-11april-15-img6.imageshack.us.png,official game: screenshot (RuneScape 2),RS2 screenshot posted to a 2004-05 fansite forum thread; found by the 2001-2005 fansite re-screen,,,2004-04-11,20041101215416,http://img6.imageshack.us/img6/6889/pk-11april-15.PNG,https://web.archive.org/web/20041101215416/http://img6.imageshack.us/img6/6889/pk-11april-15.PNG,,71685,8c6a2964cedf72a813868a901c854ad8ba6dd1c9,,
2004/April-11-2004-runiteeeee5-koti.mbnet.fi.jpg,official game: screenshot (RuneScape 2),RS2 client screenshot from koti.mbnet.fi.,,,2004-04-11,20040825223831,http://koti.mbnet.fi:80/kuukke/data/Runiteeeee5.JPG,https://web.archive.org/web/20040825223831/http://koti.mbnet.fi:80/kuukke/data/Runiteeeee5.JPG,,72849,d0260fb5ed89fefd28ee1d905f1db883c4e0f2cf,,
2004/April-11-2004-w00tw00tw00t-koti.mbnet.fi.jpg,official game: screenshot (RuneScape 2),RS2 client screenshot from koti.mbnet.fi.,,,2004-04-11,20050113052322,http://koti.mbnet.fi:80/kuukke/data/w00tw00tw00t.JPG,https://web.archive.org/web/20050113052322/http://koti.mbnet.fi:80/kuukke/data/w00tw00tw00t.JPG,,78393,0bb7114e6a360193614a5b1d745eeb14966fb80d,,
2004/April-12-2004-130404-koti.mbnet.fi.jpg,official game: screenshot (RuneScape 2),RS2 client screenshot from koti.mbnet.fi.,,,2004-04-12,20040601081501,http://koti.mbnet.fi:80/~timpat/kirja2/kuvat/130404.jpg,https://web.archive.org/web/20040601081501/http://koti.mbnet.fi:80/~timpat/kirja2/kuvat/130404.jpg,,76339,80a13a91d04a4c79b76b00cce3297653859833a3,,
2004/April-12-2004-a2hjastrammy-koti.mbnet.fi.jpg,official game: screenshot (RuneScape 2),RS2 client screenshot from koti.mbnet.fi.,,,2004-04-12,20050113052130,http://koti.mbnet.fi:80/kuukke/data/a2hjastrammy.JPG,https://web.archive.org/web/20050113052130/http://koti.mbnet.fi:80/kuukke/data/a2hjastrammy.JPG,,78996,b9aed86d04b8280ee1dc5acc5da4e0dfa78ba779,,
2004/April-12-2004-fish80-koti.mbnet.fi.jpg,official game: screenshot (RuneScape 2),RS2 client screenshot from koti.mbnet.fi.,,,2004-04-12,20050122203429,http://koti.mbnet.fi:80/kuukke/data/fish80.JPG,https://web.archive.org/web/20050122203429/http://koti.mbnet.fi:80/kuukke/data/fish80.JPG,,77220,4ff3a2df4f3e5162c09ed84d67872388f37e5e1a,,
2004/April-12-2004-strange-plant-koti.mbnet.fi.jpg,official game: screenshot (RuneScape 2),RS2 client screenshot from koti.mbnet.fi.,,,2004-04-12,20040716095150,http://koti.mbnet.fi:80/kuukke/data/Strange%20plant.jpg,https://web.archive.org/web/20040716095150/http://koti.mbnet.fi:80/kuukke/data/Strange%20plant.jpg,,95621,1f5fafa348ff61b22f0bf9080cdba8e08d1cd063,,
2004/April-13-2004-bookcase-img6.imageshack.us.png,official game: screenshot (RuneScape 2),"RS2 client screenshot. Posted in the forum thread ""Runescape Community -> Legends Quest"".",,,2004-04-13,20050315024700,http://img6.imageshack.us/img6/9045/bookcase.PNG,https://web.archive.org/web/20050315024700/http://img6.imageshack.us/img6/9045/bookcase.PNG,https://web.archive.org/web/20041122054006/http://www.runescapecommunity.com:80/index.php?showtopic=143222,70319,2c3d534481767385666a97bfb4df38384e2bdb1e,,
2004/April-13-2004-bookofbinding-img6.imageshack.us.png,official game: screenshot (RuneScape 2),"RS2 client screenshot. Posted in the forum thread ""Runescape Community -> Legends Quest"".",,,2004-04-13,20050315024432,http://img6.imageshack.us/img6/2681/bookofbinding.PNG,https://web.archive.org/web/20050315024432/http://img6.imageshack.us/img6/2681/bookofbinding.PNG,https://web.archive.org/web/20041122054006/http://www.runescapecommunity.com:80/index.php?showtopic=143222,53225,dc19b4a59ffc568cc4d3fb06ed6d58f1c65435fb,,
2004/April-13-2004-demon1-img5.imageshack.us.png,official game: screenshot (RuneScape 2),"RS2 client screenshot. Posted in the forum thread ""Runescape Community -> Legends Quest"".",,,2004-04-13,20050315024248,http://img5.imageshack.us/img5/7796/demon1.PNG,https://web.archive.org/web/20050315024248/http://img5.imageshack.us/img5/7796/demon1.PNG,https://web.archive.org/web/20041122054006/http://www.runescapecommunity.com:80/index.php?showtopic=143222,133953,9390d17ec1af299eed43b0d22a640d26e8fa1e8f,,
2004/April-13-2004-gatelock-img5.imageshack.us.png,official game: screenshot (RuneScape 2),"RS2 client screenshot. Posted in the forum thread ""Runescape Community -> Legends Quest"".",,,2004-04-13,20050315024657,http://img5.imageshack.us/img5/617/gatelock.PNG,https://web.archive.org/web/20050315024657/http://img5.imageshack.us/img5/617/gatelock.PNG,https://web.archive.org/web/20041122054006/http://www.runescapecommunity.com:80/index.php?showtopic=143222,38027,35541fa9899f3cd42a553984822aba8b55327743,,
2004/April-13-2004-jayz187-koti.mbnet.fi.jpg,official game: screenshot (RuneScape 2),RS2 client screenshot from koti.mbnet.fi.,,,2004-04-13,20050113050024,http://koti.mbnet.fi:80/kuukke/data/jayz187.JPG,https://web.archive.org/web/20050113050024/http://koti.mbnet.fi:80/kuukke/data/jayz187.JPG,,100472,cdd3bb4bd4d35d05eb519bc98625ce20be43f982,,
2004/April-13-2004-markedwall-img5.imageshack.us.png,official game: screenshot (RuneScape 2),"RS2 client screenshot. Posted in the forum thread ""Runescape Community -> Legends Quest"".",,,2004-04-13,20050315024352,http://img5.imageshack.us/img5/8491/markedwall.PNG,https://web.archive.org/web/20050315024352/http://img5.imageshack.us/img5/8491/markedwall.PNG,https://web.archive.org/web/20041122054006/http://www.runescapecommunity.com:80/index.php?showtopic=143222,32503,ba2548958e749d45e65c05205ec0a6bebee173cd,,
2004/April-13-2004-pushhard-img5.imageshack.us.png,official game: screenshot (RuneScape 2),RS2 screenshot posted to a 2004-05 fansite forum thread; found by the 2001-2005 fansite re-screen,,,2004-04-13,20050315024147,http://img5.imageshack.us/img5/7518/pushhard.PNG,https://web.archive.org/web/20050315024147/http://img5.imageshack.us/img5/7518/pushhard.PNG,,41719,b9d86a65eb5ae1cec40edf390c8dd139e04fc783,,
2004/April-13-2004-smashbolder-img6.imageshack.us.png,official game: screenshot (RuneScape 2),"RS2 client screenshot. Posted in the forum thread ""Runescape Community -> Legends Quest"".",,,2004-04-13,20050315024608,http://img6.imageshack.us/img6/4549/smashbolder.PNG,https://web.archive.org/web/20050315024608/http://img6.imageshack.us/img6/4549/smashbolder.PNG,https://web.archive.org/web/20041122054006/http://www.runescapecommunity.com:80/index.php?showtopic=143222,30353,3db894b01a2a30794fe7332d9e951f93fea59dcf,,
2004/April-13-2004-str8013404-koti.mbnet.fi.jpg,official game: screenshot (RuneScape 2),RS2 client screenshot from koti.mbnet.fi.,,,2004-04-13,20041130225958,http://koti.mbnet.fi:80/kuukke/data/str8013404.JPG,https://web.archive.org/web/20041130225958/http://koti.mbnet.fi:80/kuukke/data/str8013404.JPG,,87660,39a2ddc3f59d16b0b5d4f7a968a0ef30556b6b00,,
2004/April-13-2004-upbrother-dead-koti.mbnet.fi.jpg,official game: screenshot (RuneScape 2),RS2 client screenshot from koti.mbnet.fi.,,,2004-04-13,20041122142107,http://koti.mbnet.fi:80/kuukke/data/upbrother-dead.JPG,https://web.archive.org/web/20041122142107/http://koti.mbnet.fi:80/kuukke/data/upbrother-dead.JPG,,46103,c1173a139fe0e26fae22a9898405036c004dd6d4,,
2004/April-15-2004-jakatti-ounake-koti.mbnet.fi.jpg,official game: screenshot (RuneScape 2),RS2 client screenshot from koti.mbnet.fi.,,,2004-04-15,20041130020145,http://koti.mbnet.fi:80/kuukke/data/jakatti%20ounake.JPG,https://web.archive.org/web/20041130020145/http://koti.mbnet.fi:80/kuukke/data/jakatti%20ounake.JPG,,74034,b18916b39acf5aed57237883104eec4ab44ee040,,
2004/April-15-2004-njet-koti.mbnet.fi.jpg,official game: screenshot (RuneScape 2),RS2 client screenshot from koti.mbnet.fi.,,,2004-04-15,20041122135357,http://koti.mbnet.fi:80/kuukke/data/njet....JPG,https://web.archive.org/web/20041122135357/http://koti.mbnet.fi:80/kuukke/data/njet....JPG,,56375,a1f7af7dbd8a8651618edc5058d344d71eae1a08,,
2004/April-16-2004-fishingguild3-runehq.com.gif,official game: screenshot (RuneScape 2),RS2 client screenshot from a 2004-05 fansite page (www.runehq.com:80); found by the 2001-2005 fansite re-screen,,,2004-04-16,20041209232445,http://www.runehq.com:80/images/otherguides/fishingguild3.gif,https://web.archive.org/web/20041209232445/http://www.runehq.com:80/images/otherguides/fishingguild3.gif,,101093,7794827b3a551d18b716e4fbac042c11a7c97f27,,
2004/April-16-2004-rs2-exercitum3-games.infoseka.lt.jpg,official game: screenshot (RuneScape 2),RS2 client screenshot from games.infoseka.lt. Embedded in: RuneHQ -> ==:: Exercitum ::== (https://web.archive.org/web/20050207102157/http://www.runehq.com:80/RHQInn/index.php?showtopic=64967).,,,2004-04-16,20051124042331,http://games.infoseka.lt/rs2/rs2_exercitum3.jpg,https://web.archive.org/web/20051124042331/http://games.infoseka.lt/rs2/rs2_exercitum3.jpg,,50329,d00ce8afd7474f3685acd1eae134cb084c8d62e1,,
2004/April-17-2004-rune-runehq.com.png,official game: screenshot (RuneScape 2),RS2 client screenshot from a 2004-05 fansite page (www.runehq.com:80); found by the 2001-2005 fansite re-screen,,,2004-04-17,20040710164718,http://www.runehq.com:80/images/users/Z358_3017/rune.png,https://web.archive.org/web/20040710164718/http://www.runehq.com:80/images/users/Z358_3017/rune.png,,144548,53f7e862df525e8ad876e2f02817a619f6dfe93e,,
2004/April-19-2004-att80-koti.mbnet.fi.jpg,official game: screenshot (RuneScape 2),RS2 client screenshot from koti.mbnet.fi.,,,2004-04-19,20041128113020,http://koti.mbnet.fi:80/kuukke/data/!!!!!!!!!!!!________att80.JPG,https://web.archive.org/web/20041128113020/http://koti.mbnet.fi:80/kuukke/data/!!!!!!!!!!!!________att80.JPG,,78692,f39847087e99bbf21b48926cbaee883c213a03ab,,
2004/April-19-2004-d4-runehq.com.png,official game: screenshot (RuneScape 2),RS2 client screenshot from a 2004-05 fansite page (www.runehq.com:80); found by the 2001-2005 fansite re-screen,,,2004-04-19,20040710103405,http://www.runehq.com:80/images/users/pj_577/d4.png,https://web.archive.org/web/20040710103405/http://www.runehq.com:80/images/users/pj_577/d4.png,,155023,2897f96b91500902854a9aaa657b35fa3fc6ed6f,,
2004/April-19-2004-meeting-img7.imageshack.us.png,official game: screenshot (RuneScape 2),"RS2 client screenshot. Posted in the forum thread ""RuneHQ.com :: View topic - Join the legendary knights 160+ members! 80+ combat!"".",,,2004-04-19,20041101022142,http://img7.imageshack.us/img7/7089/meeting.PNG,https://web.archive.org/web/20041101022142/http://img7.imageshack.us/img7/7089/meeting.PNG,https://web.archive.org/web/20040831172425/http://www.runehq.com:80/TheInn/viewtopic.php?t=52375&amp,99050,8ada7bb89510df7ea6f94e1211789d1032faefa6,,
2004/April-19-2004-r2htappors2-koti.mbnet.fi.jpg,official game: screenshot (RuneScape 2),RS2 client screenshot from koti.mbnet.fi.,,,2004-04-19,20050122205915,http://koti.mbnet.fi:80/kuukke/data/r2htappors2.JPG,https://web.archive.org/web/20050122205915/http://koti.mbnet.fi:80/kuukke/data/r2htappors2.JPG,,63601,5ceeaa65730d060cbbe9fb61d9d6a528e324ecd8,,
2004/April-19-2004-rangertappo-koti.mbnet.fi.jpg,official game: screenshot (RuneScape 2),RS2 client screenshot from koti.mbnet.fi.,,,2004-04-19,20040918100218,http://koti.mbnet.fi:80/kuukke/data/%23rangertappo.JPG,https://web.archive.org/web/20040918100218/http://koti.mbnet.fi:80/kuukke/data/%23rangertappo.JPG,,100862,9ad3c67fa4ec910f0639d02d2726a358d9d89fe5,,
2004/April-19-2004-runescimmyafkjabalta-koti.mbnet.fi.jpg,official game: screenshot (RuneScape 2),RS2 client screenshot from koti.mbnet.fi.,,,2004-04-19,20040918040305,http://koti.mbnet.fi:80/kuukke/data/%23runescimmyafkjabalta.JPG,https://web.archive.org/web/20040918040305/http://koti.mbnet.fi:80/kuukke/data/%23runescimmyafkjabalta.JPG,,66298,e02aea33292edbab4c86385002143fb5b686602e,,
2004/April-19-2004-skill-total-1k-koti.mbnet.fi.jpg,official game: screenshot (RuneScape 2),RS2 client screenshot from koti.mbnet.fi.,,,2004-04-19,20041127083108,http://koti.mbnet.fi:80/kuukke/data/skill%20total%201k.JPG,https://web.archive.org/web/20041127083108/http://koti.mbnet.fi:80/kuukke/data/skill%20total%201k.JPG,,88274,2d9956990e45a0f570290928ce13b76ac094b372,,
2004/April-19-2004-twrf2-img3.imageshack.us.png,official game: screenshot (RuneScape 2),"RS2 client screenshot. Posted in the forum thread ""RuneHQ.com :: View topic - Join the legendary knights 160+ members! 80+ combat!"".",,,2004-04-19,20041101020605,http://img3.imageshack.us/img3/2356/twrf2.PNG,https://web.archive.org/web/20041101020605/http://img3.imageshack.us/img3/2356/twrf2.PNG,https://web.archive.org/web/20040831172425/http://www.runehq.com:80/TheInn/viewtopic.php?t=52375&amp,68034,5078356d462d9b7ec2ed412330cb82438d82bb73,,
2004/April-2-2004-r2hn-voima-koti.mbnet.fi.jpg,official game: screenshot (RuneScape 2),RS2 client screenshot from koti.mbnet.fi.,,,2004-04-02,20040917055727,http://koti.mbnet.fi:80/kuukke/data/R2hn%20voima.JPG,https://web.archive.org/web/20040917055727/http://koti.mbnet.fi:80/kuukke/data/R2hn%20voima.JPG,,64731,c42b18942c65158352d1b81d5baf9ea8f3b9a51f,,
2004/April-2-2004-vampir234-sfdsdfgdfg-server5.uploadit.org.jpg,official game: screenshot (RuneScape 2),RS2 client screenshot from server5.uploadit.org.,,,2004-04-02,20040405200713,http://server5.uploadit.org:80/files/vampir234-sfdsdfgdfg.JPG,https://web.archive.org/web/20040405200713/http://server5.uploadit.org:80/files/vampir234-sfdsdfgdfg.JPG,,123197,6c967693a67ba5697245804f9d13b33d5c7e7f21,,
2004/April-20-2004-juhlilla-koti.mbnet.fi.jpg,official game: screenshot (RuneScape 2),RS2 client screenshot from koti.mbnet.fi.,,,2004-04-20,20040929170405,http://koti.mbnet.fi:80/kuukke/data/Juhlilla.JPG,https://web.archive.org/web/20040929170405/http://koti.mbnet.fi:80/kuukke/data/Juhlilla.JPG,,94126,f5ec76ab8e4258dcd033cfe921db3dfd50830015,,
2004/April-20-2004-mypker-runehq.com.png,official game: screenshot (RuneScape 2),RS2 client screenshot from a 2004-05 fansite page (www.runehq.com:80); found by the 2001-2005 fansite re-screen,,,2004-04-20,20040710163938,http://www.runehq.com:80/images/users/Z358_3017/mypker.png,https://web.archive.org/web/20040710163938/http://www.runehq.com:80/images/users/Z358_3017/mypker.png,,183050,91bc8d9fb78c7680391e3471f4fbbc6b8131e348,,
2004/April-20-2004-siislolloosnakus1-koti.mbnet.fi.png,official game: screenshot (RuneScape 2),RS2 client screenshot from koti.mbnet.fi.,,,2004-04-20,20050125043739,http://koti.mbnet.fi:80/kuukke/data/siislolloosnakus1.PNG,https://web.archive.org/web/20050125043739/http://koti.mbnet.fi:80/kuukke/data/siislolloosnakus1.PNG,,119852,e6e3078c0b66e2ab2f29e167c0b477dd099e2d75,,
2004/April-21-2004-deathman61-stats-koti.mbnet.fi.jpg,official game: screenshot (RuneScape 2),RS2 client screenshot from koti.mbnet.fi.,,,2004-04-21,20050122211545,http://koti.mbnet.fi:80/kuukke/data/deathman61%20stats.JPG,https://web.archive.org/web/20050122211545/http://koti.mbnet.fi:80/kuukke/data/deathman61%20stats.JPG,,148614,38b9d2c10d05e18caa380f51cc907c577066249a,,
2004/April-21-2004-rs2pking-koti.mbnet.fi.jpg,official game: screenshot (RuneScape 2),RS2 client screenshot from koti.mbnet.fi.,,,2004-04-21,20040716094246,http://koti.mbnet.fi:80/kuukke/data/rs2pking.jpg,https://web.archive.org/web/20040716094246/http://koti.mbnet.fi:80/kuukke/data/rs2pking.jpg,,709254,a9cdcbb4644f1e3ad83356d1cc716c742279432d,,
2004/April-21-2004-taasblueillakuolee-koti.mbnet.fi.jpg,official game: screenshot (RuneScape 2),RS2 client screenshot from koti.mbnet.fi.,,,2004-04-21,20050125043916,http://koti.mbnet.fi:80/kuukke/data/%23taasblueillakuolee.JPG,https://web.archive.org/web/20050125043916/http://koti.mbnet.fi:80/kuukke/data/%23taasblueillakuolee.JPG,,77683,8ea2abd2544bf6aa77e990c5aa05d7adb39f9c9f,,
2004/April-22-2004-cowhidestan-screenshot-img9.imageshack.us.jpg,official game: screenshot (RuneScape 2),RuneScape client screenshot (uploaded as cowhidestannen.JPG).,,,2004-04-22,20041118063248,http://img9.imageshack.us:80/img9/5518/cowhidestannen.JPG,https://web.archive.org/web/20041118063248/http://img9.imageshack.us:80/img9/5518/cowhidestannen.JPG,,64013,bb873eff03a3e027b3e25c2be4fd283939ab6fe2,,
2004/April-22-2004-dragonarmourequippedandallleath-screenshot-img10.imageshack.us.jpg,official game: screenshot (RuneScape 2),RuneScape client screenshot (uploaded as dragonarmourequippedandallleathers.JPG).,,,2004-04-22,20041118061001,http://img10.imageshack.us:80/img10/105/dragonarmourequippedandallleathers.JPG,https://web.archive.org/web/20041118061001/http://img10.imageshack.us:80/img10/105/dragonarmourequippedandallleathers.JPG,,73605,72a8f5f57765638dc4b73086df9938c8baa0a5b2,,
2004/April-22-2004-yksipkilta-koti.mbnet.fi.jpg,official game: screenshot (RuneScape 2),RS2 client screenshot from koti.mbnet.fi.,,,2004-04-22,20040918095815,http://koti.mbnet.fi:80/kuukke/data/!!!!___yksipkilta.JPG,https://web.archive.org/web/20040918095815/http://koti.mbnet.fi:80/kuukke/data/!!!!___yksipkilta.JPG,,74931,ceb099f4ad475e2870e250859eca945bb1168681,,
2004/April-24-2004-cooking-97-koti.mbnet.fi.jpg,official game: screenshot (RuneScape 2),RS2 client screenshot from koti.mbnet.fi.,,,2004-04-24,20040828065808,http://koti.mbnet.fi:80/tarpuqqa/Stats/cooking%2097.JPG,https://web.archive.org/web/20040828065808/http://koti.mbnet.fi:80/tarpuqqa/Stats/cooking%2097.JPG,,75830,6fb2b18cc8ceac7f11735ff78d6b39078097b103,,
2004/April-24-2004-eep-img49.photobucket.com.png,official game: screenshot (RuneScape 2),"RS2 client screenshot. Posted in the forum thread ""Runescape Community -> Pictures/animations By Jamesco"".",,,2004-04-24,20040629123026,http://img49.photobucket.com/albums/v150/jamesco/eep.png,https://web.archive.org/web/20040629123026/http://img49.photobucket.com/albums/v150/jamesco/eep.png,https://web.archive.org/web/20040629123015/http://www.runescapecommunity.com/index.php?showtopic=116934,25287,fd37aad7b9ee0d35900b593d5358c3d9c5c62dcf,,
2004/April-24-2004-fgksdfds-koti.mbnet.fi.jpg,official game: screenshot (RuneScape 2),RS2 client screenshot from koti.mbnet.fi.,,,2004-04-24,20050125043344,http://koti.mbnet.fi:80/kuukke/data/fgksdfds.JPG,https://web.archive.org/web/20050125043344/http://koti.mbnet.fi:80/kuukke/data/fgksdfds.JPG,,84239,5da6bb5352c1899c80830e0f646782527b035b6a,,
2004/April-24-2004-lk-img7.imageshack.us.png,official game: screenshot (RuneScape 2),RS2 screenshot posted to a 2004-05 fansite forum thread; found by the 2001-2005 fansite re-screen,,,2004-04-24,20041101021618,http://img7.imageshack.us/img7/5404/lk.PNG,https://web.archive.org/web/20041101021618/http://img7.imageshack.us/img7/5404/lk.PNG,,165522,c4b6aa64e3fcc1fd8ffad43747117f9e705afbc1,,
2004/April-24-2004-save-img7.imageshack.us.png,official game: screenshot (RuneScape 2),RS2 screenshot posted to a 2004-05 fansite forum thread; found by the 2001-2005 fansite re-screen,,,2004-04-24,20041101021206,http://img7.imageshack.us/img7/2315/save.PNG,https://web.archive.org/web/20041101021206/http://img7.imageshack.us/img7/2315/save.PNG,,199248,02d5d57b0a55c4796b63b7135eec62f9e1ea4262,,
2004/April-24-2004-ticket-img49.photobucket.com.png,official game: screenshot (RuneScape 2),"RS2 client screenshot. Posted in the forum thread ""Runescape Community -> Pictures/animations By Jamesco"".",,,2004-04-24,20040629123055,http://img49.photobucket.com/albums/v150/jamesco/ticket.png,https://web.archive.org/web/20040629123055/http://img49.photobucket.com/albums/v150/jamesco/ticket.png,https://web.archive.org/web/20040629123015/http://www.runescapecommunity.com/index.php?showtopic=116934,23535,c1f507cc476071813f60a1b7310029c5180cc7ab,,
2004/April-25-2004-best-pk-kill-koti.mbnet.fi.jpg,official game: screenshot (RuneScape 2),RS2 client screenshot from koti.mbnet.fi.,,,2004-04-25,20040814225242,http://koti.mbnet.fi:80/kuukke/data/Best%20pk%20kill.JPG,https://web.archive.org/web/20040814225242/http://koti.mbnet.fi:80/kuukke/data/Best%20pk%20kill.JPG,,74177,a3c9a4cdb36b8a9a6e93c16bb4bdfb9909b5d8e4,,
2004/April-25-2004-best-pk2-koti.mbnet.fi.jpg,official game: screenshot (RuneScape 2),RS2 client screenshot from koti.mbnet.fi.,,,2004-04-25,20040814223649,http://koti.mbnet.fi:80/kuukke/data/BEST%20PK2.JPG,https://web.archive.org/web/20040814223649/http://koti.mbnet.fi:80/kuukke/data/BEST%20PK2.JPG,,83710,e7728494e66ada303df54e673e4a1366eec4719b,,
2004/April-25-2004-ranged56-koti.mbnet.fi.jpg,official game: screenshot (RuneScape 2),RS2 client screenshot from koti.mbnet.fi.,,,2004-04-25,20041130073444,http://koti.mbnet.fi:80/kuukke/data/ranged56.JPG,https://web.archive.org/web/20041130073444/http://koti.mbnet.fi:80/kuukke/data/ranged56.JPG,,66238,b1cf7ebaee6d38014e103332968c1923276f2f64,,
2004/April-26-2004-lesser-img10.imageshack.us.gif,official game: screenshot (RuneScape 2),"RS2 client screenshot. Posted in the forum thread ""RuneHQ.com :: View topic - Willi's Fakies (Crazy Baby on Page 12!)"".",,,2004-04-26,20040823135114,http://img10.imageshack.us/img10/1395/lesser.gif,https://web.archive.org/web/20040823135114/http://img10.imageshack.us/img10/1395/lesser.gif,https://web.archive.org/web/20040708172154/http://runehq.com:80/TheInn/viewtopic.php?t=31612&amp,511334,e3b19673c6cf2070178db94b5f04e82d252ca246,,
2004/April-26-2004-swarm-img10.imageshack.us.png,official game: screenshot (RuneScape 2),"RS2 client screenshot. Posted in the forum thread ""Runescape Community -> Explanation Of Random Events"".",,,2004-04-26,20041102045219,http://img10.imageshack.us/img10/9213/Swarm.PNG,https://web.archive.org/web/20041102045219/http://img10.imageshack.us/img10/9213/Swarm.PNG,https://web.archive.org/web/20040817204238/http://www.runescapecommunity.com:80/index.php?showtopic=104849,62548,a7ec41bb8cfa310c5ead8cd1bd74358f03b4b97e,,
2004/April-26-2004-treespirit-img10.imageshack.us.png,official game: screenshot (RuneScape 2),"RS2 client screenshot. Posted in the forum thread ""Runescape Community -> Explanation Of Random Events"".",,,2004-04-26,20041102050213,http://img10.imageshack.us/img10/3158/treespirit.PNG,https://web.archive.org/web/20041102050213/http://img10.imageshack.us/img10/3158/treespirit.PNG,https://web.archive.org/web/20040817204238/http://www.runescapecommunity.com:80/index.php?showtopic=104849,56376,e3ce53f37e018aecf6340a4fd576c5e94dd339d9,,
2004/April-26-2004-troll-img10.imageshack.us.png,official game: screenshot (RuneScape 2),"RS2 client screenshot. Posted in the forum thread ""Runescape Community -> Explanation Of Random Events"".",,,2004-04-26,20050418204508,http://img10.imageshack.us/img10/1096/troll.PNG,https://web.archive.org/web/20050418204508/http://img10.imageshack.us/img10/1096/troll.PNG,https://web.archive.org/web/20040817204238/http://www.runescapecommunity.com:80/index.php?showtopic=104849,85342,ae965baa19049ba71d5f67261955b61640551e69,,
2004/April-26-2004-xiitonraxu-koti.mbnet.fi.jpg,official game: screenshot (RuneScape 2),RS2 client screenshot from koti.mbnet.fi.,,,2004-04-26,20041127082312,http://koti.mbnet.fi:80/kuukke/data/xiitonraxu.JPG,https://web.archive.org/web/20041127082312/http://koti.mbnet.fi:80/kuukke/data/xiitonraxu.JPG,,52054,a0250faf9371f96a7f8c398fc9cb697bac616858,,
2004/April-26-2004-zombie-img10.imageshack.us.png,official game: screenshot (RuneScape 2),"RS2 client screenshot. Posted in the forum thread ""Runescape Community -> Explanation Of Random Events"".",,,2004-04-26,20041102062112,http://img10.imageshack.us/img10/7250/zombie.PNG,https://web.archive.org/web/20041102062112/http://img10.imageshack.us/img10/7250/zombie.PNG,https://web.archive.org/web/20040817204238/http://www.runescapecommunity.com:80/index.php?showtopic=104849,43889,b80f935a3f1bdf1cac3832d98a5d075624abb9c4,,
2004/April-29-2004-100-comb-koti.mbnet.fi.jpg,official game: screenshot (RuneScape 2),RS2 client screenshot from koti.mbnet.fi.,,,2004-04-29,20040828065455,http://koti.mbnet.fi:80/tarpuqqa/Stats/100%20comb.JPG,https://web.archive.org/web/20040828065455/http://koti.mbnet.fi:80/tarpuqqa/Stats/100%20comb.JPG,,95990,7e717d80b0f86e6138a4c6555ef0854ba0929df9,,
2004/April-29-2004-beatuloveme-runehq.com.jpg,official game: screenshot (RuneScape 2),RS2 client screenshot from a 2004-05 fansite page (www.runehq.com:80); found by the 2001-2005 fansite re-screen,,,2004-04-29,20040710105202,http://www.runehq.com:80/images/users/Tibberman_2190/beatuloveme.jpg,https://web.archive.org/web/20040710105202/http://www.runehq.com:80/images/users/Tibberman_2190/beatuloveme.jpg,,132789,b109930162616d0f9d24ef2ee731c6647e239ecf,,
2004/April-3-2004-1337-3-4-04-koti.mbnet.fi.jpg,official game: screenshot (RuneScape 2),RS2 client screenshot from koti.mbnet.fi.,,,2004-04-03,20040828065847,http://koti.mbnet.fi:80/tarpuqqa/Stats/1337%203.4.04.JPG,https://web.archive.org/web/20040828065847/http://koti.mbnet.fi:80/tarpuqqa/Stats/1337%203.4.04.JPG,,71619,df484d065bc55273a9a36592a9ebde83d50823a6,,
2004/April-3-2004-aaaaasviikki-stats-rs2aaaaaaaaa-koti.mbnet.fi.jpg,official game: screenshot (RuneScape 2),RS2 client screenshot from koti.mbnet.fi.,,,2004-04-03,20040716101605,http://koti.mbnet.fi:80/kuukke/data/aaaaasviikki%20stats%20rs2aaaaaaaaa.jpg,https://web.archive.org/web/20040716101605/http://koti.mbnet.fi:80/kuukke/data/aaaaasviikki%20stats%20rs2aaaaaaaaa.jpg,,74943,2155fc6977b742f027005b53b5440f30b7916e68,,
2004/April-4-2004-rockgolom1-imageshack.us.png,official game: screenshot (RuneScape 2),"RS2 client screenshot. Posted in the forum thread ""Runescape Community -> Explanation Of Random Events"".",,,2004-04-04,20041102220343,http://www.imageshack.us/img1/8642/rockgolom1.PNG,https://web.archive.org/web/20041102220343/http://www.imageshack.us/img1/8642/rockgolom1.PNG,https://web.archive.org/web/20040817204238/http://www.runescapecommunity.com:80/index.php?showtopic=104849,41325,71beb3a5cb8da60ebed9a284ea4bbd9e31953a95,,
2004/April-4-2004-watchman1-imageshack.us.png,official game: screenshot (RuneScape 2),"RS2 client screenshot. Posted in the forum thread ""Runescape Community -> Explanation Of Random Events"".",,,2004-04-04,20041128012111,http://www.imageshack.us/img1/2690/watchman1.PNG,https://web.archive.org/web/20041128012111/http://www.imageshack.us/img1/2690/watchman1.PNG,https://web.archive.org/web/20040817204238/http://www.runescapecommunity.com:80/index.php?showtopic=104849,65298,6c1f6eb64a75168cc75b626dde9ca12ed0a6539f,,
2004/April-5-2004-swarm-runehq.net.jpg,official game: screenshot (RuneScape 2),RS2 client screenshot from a 2004-05 fansite page (runehq.net:80); found by the 2001-2005 fansite re-screen,,,2004-04-05,20041210213918,http://runehq.net:80/images/otherguides/swarm.jpg,https://web.archive.org/web/20041210213918/http://runehq.net:80/images/otherguides/swarm.jpg,,81470,4e6a9b64d8b8138493b00178b5c34c516839f877,,
2004/April-5-2004-zombie-runehq.net.jpg,official game: screenshot (RuneScape 2),RS2 client screenshot from a 2004-05 fansite page (runehq.net:80); found by the 2001-2005 fansite re-screen,,,2004-04-05,20041211231011,http://runehq.net:80/images/otherguides/zombie.jpg,https://web.archive.org/web/20041211231011/http://runehq.net:80/images/otherguides/zombie.jpg,,76810,288e441b15c651129eda4d8bae36885138ade761,,
2004/April-6-2004-dunken-dwardf-koti.mbnet.fi.png,official game: screenshot (RuneScape 2),RS2 client screenshot from koti.mbnet.fi.,,,2004-04-06,20040430050944,http://koti.mbnet.fi:80/kuukke/data/dunken%20dwardf.png,https://web.archive.org/web/20040430050944/http://koti.mbnet.fi:80/kuukke/data/dunken%20dwardf.png,,214609,7b73c5577015267b824dd975537464bd43f6b76e,,
2004/April-7-2004-bigfish1-img5.imageshack.us.png,official game: screenshot (RuneScape 2),"RS2 client screenshot. Posted in the forum thread ""Runescape Community -> Explanation Of Random Events"".",,,2004-04-07,20041102042919,http://img5.imageshack.us/img5/9559/bigfish1.PNG,https://web.archive.org/web/20041102042919/http://img5.imageshack.us/img5/9559/bigfish1.PNG,https://web.archive.org/web/20040817204238/http://www.runescapecommunity.com:80/index.php?showtopic=104849,107110,6a7f2833550d3a10b90a537f58f781b8ab07788f,,
2004/April-7-2004-hits-80-7-4-04-koti.mbnet.fi.jpg,official game: screenshot (RuneScape 2),RS2 client screenshot from koti.mbnet.fi.,,,2004-04-07,20041118233246,http://koti.mbnet.fi:80/tarpuqqa/Stats/Tasalevut/hits%2080%20%5b7.4.04%5d.JPG,https://web.archive.org/web/20041118233246/http://koti.mbnet.fi:80/tarpuqqa/Stats/Tasalevut/hits%2080%20%5b7.4.04%5d.JPG,,72644,6f8694d65f037ed0ed95f4dcdb70d3d26441b930,,
2004/April-8-2004-heyali-free.pages.at.png,official game: screenshot (RuneScape 2),RS2 client screenshot from free.pages.at. Embedded in: Bug And Glitch Pictures - Runescape Community (https://web.archive.org/web/20051030161720/http://www.runescapecommunity.com:80/index.php?showtopic=2616&amp;st=20).,,,2004-04-08,20060113221340,http://free.pages.at/susu///heyali.png,https://web.archive.org/web/20060113221340/http://free.pages.at/susu///heyali.png,,151952,469e08409ffc1a81776043e003ef4c2a32e3ff41,,
2004/April-9-2004-lol-koti.mbnet.fi.jpg,official game: screenshot (RuneScape 2),RS2 client screenshot from koti.mbnet.fi.,,,2004-04-09,20040918100510,http://koti.mbnet.fi:80/kuukke/data/!!!!!______!!_!_!!!LOL.JPG,https://web.archive.org/web/20040918100510/http://koti.mbnet.fi:80/kuukke/data/!!!!!______!!_!_!!!LOL.JPG,,96897,328471d5b2ae12906750343b5590efa9a5b0bab9,,
2004/August-1-2004-lvl50theive-img39.exs.cx.jpg,official game: screenshot (RuneScape 2),"RS2 client screenshot. Posted in the forum thread ""Runescape Community -> The Underground Pass"".",,,2004-08-01,20041123200115,http://img39.exs.cx:80/img39/3671/lvl50theive.jpg,https://web.archive.org/web/20041123200115/http://img39.exs.cx:80/img39/3671/lvl50theive.jpg,https://web.archive.org/web/20041122054446/http://www.runescapecommunity.com:80/index.php?showtopic=164436,13052,7482bc581c6a614ee52b29d308e9dae45d03124f,,
2004/August-1-2004-mud-img37.exs.cx.jpg,official game: screenshot (RuneScape 2),"RS2 client screenshot. Posted in the forum thread ""Runescape Community -> The Underground Pass"".",,,2004-08-01,20041123202409,http://img37.exs.cx:80/img37/4656/mud.jpg,https://web.archive.org/web/20041123202409/http://img37.exs.cx:80/img37/4656/mud.jpg,https://web.archive.org/web/20041122054446/http://www.runescapecommunity.com:80/index.php?showtopic=164436,12699,a5cba8cf5a761089028bdb322df860dcbeac5f79,,
2004/August-1-2004-routetoiban-img39.exs.cx.jpg,official game: screenshot (RuneScape 2),RS2 screenshot posted to a 2004-05 fansite forum thread; found by the 2001-2005 fansite re-screen,,,2004-08-01,20050428214704,http://img39.exs.cx:80/img39/7509/routetoiban.jpg,https://web.archive.org/web/20050428214704/http://img39.exs.cx:80/img39/7509/routetoiban.jpg,,61687,2c228fac8c5066384d0a2f365d03645abdbafed6,,
2004/August-1-2004-salmarikossun-att60-koti.mbnet.fi.jpg,official game: screenshot (RuneScape 2),RS2 client screenshot from koti.mbnet.fi.,,,2004-08-01,20040825231201,http://koti.mbnet.fi:80/kuukke/data/Salmarikossun%20att60.JPG,https://web.archive.org/web/20040825231201/http://koti.mbnet.fi:80/kuukke/data/Salmarikossun%20att60.JPG,,82026,19bc647aa2c8ab96de2e9afc5b65b8b1c645d057,,
2004/August-1-2004-stonebridges-img39.exs.cx.jpg,official game: screenshot (RuneScape 2),RS2 screenshot posted to a 2004-05 fansite forum thread; found by the 2001-2005 fansite re-screen,,,2004-08-01,20041124000334,http://img39.exs.cx:80/img39/7053/stonebridges.jpg,https://web.archive.org/web/20041124000334/http://img39.exs.cx:80/img39/7053/stonebridges.jpg,,63244,559d26337b468fcc9d7f9c50f715ff9e3bc3165a,,
2004/August-1-2004-tunnel2-img32.exs.cx.jpg,official game: screenshot (RuneScape 2),"RS2 client screenshot. Posted in the forum thread ""Runescape Community -> The Underground Pass"".",,,2004-08-01,20041123235905,http://img32.exs.cx:80/img32/2408/tunnel2.jpg,https://web.archive.org/web/20041123235905/http://img32.exs.cx:80/img32/2408/tunnel2.jpg,https://web.archive.org/web/20041122054446/http://www.runescapecommunity.com:80/index.php?showtopic=164436,14272,7680ff4863e71c5a50f4dbcd3cef22510868df03,,
2004/August-1-2004-walltraps-img36.exs.cx.jpg,official game: screenshot (RuneScape 2),"RS2 client screenshot. Posted in the forum thread ""Runescape Community -> The Underground Pass"".",,,2004-08-01,20041123235925,http://img36.exs.cx:80/img36/4608/walltraps.jpg,https://web.archive.org/web/20041123235925/http://img36.exs.cx:80/img36/4608/walltraps.jpg,https://web.archive.org/web/20041122054446/http://www.runescapecommunity.com:80/index.php?showtopic=164436,11662,79e749caf80e783f11a94d1c780a99a79943c7b1,,
2004/August-1-2004-witchescat-img35.exs.cx.jpg,official game: screenshot (RuneScape 2),"RS2 client screenshot. Posted in the forum thread ""Runescape Community -> The Underground Pass"".",,,2004-08-01,20050428222638,http://img35.exs.cx:80/img35/2684/witchescat.jpg,https://web.archive.org/web/20050428222638/http://img35.exs.cx:80/img35/2684/witchescat.jpg,https://web.archive.org/web/20041122054446/http://www.runescapecommunity.com:80/index.php?showtopic=164436,15216,56a05b56e8bbe42e6f811e5504a55874c6eac3e1,,
2004/August-1-2004-witcheshouse-img41.exs.cx.jpg,official game: screenshot (RuneScape 2),"RS2 client screenshot. Posted in the forum thread ""Runescape Community -> The Underground Pass"".",,,2004-08-01,20050428221114,http://img41.exs.cx:80/img41/5067/witcheshouse.jpg,https://web.archive.org/web/20050428221114/http://img41.exs.cx:80/img41/5067/witcheshouse.jpg,https://web.archive.org/web/20041122054446/http://www.runescapecommunity.com:80/index.php?showtopic=164436,28030,a716cae3f8db90792687df78724610ea55b92ef5,,
2004/August-1-2004-witchtryintofind-img40.exs.cx.jpg,official game: screenshot (RuneScape 2),RS2 screenshot posted to a 2004-05 fansite forum thread; found by the 2001-2005 fansite re-screen,,,2004-08-01,20041123202532,http://img40.exs.cx:80/img40/1319/witchtryintofind.jpg,https://web.archive.org/web/20041123202532/http://img40.exs.cx:80/img40/1319/witchtryintofind.jpg,,41521,b3cb9c0441f14600aea1c1c93eeaf0d2d2aa412e,,
2004/August-11-2004-15-ruby-ammya-duelista-koti.mbnet.fi.jpg,official game: screenshot (RuneScape 2),RS2 client screenshot from koti.mbnet.fi.,,,2004-08-11,20040917055835,http://koti.mbnet.fi:80/kuukke/data/15_ruby_ammya_duelista.JPG,https://web.archive.org/web/20040917055835/http://koti.mbnet.fi:80/kuukke/data/15_ruby_ammya_duelista.JPG,,70719,e1eba89466715f8397b47dd16dd11ff59ee66076,,
2004/August-11-2004-pure-xax-koti.mbnet.fi.png,official game: screenshot (RuneScape 2),RS2 client screenshot from koti.mbnet.fi.,,,2004-08-11,20040825223647,http://koti.mbnet.fi:80/kuukke/data/Pure%20Xax.PNG,https://web.archive.org/web/20040825223647/http://koti.mbnet.fi:80/kuukke/data/Pure%20Xax.PNG,,115723,98980e78dda68f766c061292f1f33e672b170f31,,
2004/August-12-2004-crafting-70-koti.mbnet.fi.jpg,official game: screenshot (RuneScape 2),RS2 client screenshot from koti.mbnet.fi.,,,2004-08-12,20041115215428,http://koti.mbnet.fi:80/tarpuqqa/Stats/Tasalevut/crafting%2070.JPG,https://web.archive.org/web/20041115215428/http://koti.mbnet.fi:80/tarpuqqa/Stats/Tasalevut/crafting%2070.JPG,,88202,5cf3bf55fc57c0dc088079a17f03731f022b2556,,
2004/August-13-2004-91-cmb-koti.mbnet.fi.jpg,official game: screenshot (RuneScape 2),RS2 client screenshot from koti.mbnet.fi.,,,2004-08-13,20040814221258,http://koti.mbnet.fi:80/kuukke/data/91_cmb.JPG,https://web.archive.org/web/20040814221258/http://koti.mbnet.fi:80/kuukke/data/91_cmb.JPG,,82168,e5c77ae1db8e52f106cf268c78d0b2d6109ac5ff,,
2004/August-13-2004-knightouns-koti.mbnet.fi.jpg,official game: screenshot (RuneScape 2),RS2 client screenshot from koti.mbnet.fi.,,,2004-08-13,20050122205554,http://koti.mbnet.fi:80/kuukke/data/knightouns.JPG,https://web.archive.org/web/20050122205554/http://koti.mbnet.fi:80/kuukke/data/knightouns.JPG,,75750,3172310ecd3bb7bbebd93e127efab756c5df54d9,,
2004/August-13-2004-knightvoittaasodan-koti.mbnet.fi.jpg,official game: screenshot (RuneScape 2),RS2 client screenshot from koti.mbnet.fi.,,,2004-08-13,20041122133521,http://koti.mbnet.fi:80/kuukke/data/knightvoittaasodan.JPG,https://web.archive.org/web/20041122133521/http://koti.mbnet.fi:80/kuukke/data/knightvoittaasodan.JPG,,77127,d0c203abd6bb9a13b4e392bd88bab895f0ae2267,,
2004/August-13-2004-mod-simon-koti.mbnet.fi.jpg,official game: screenshot (RuneScape 2),RS2 client screenshot from koti.mbnet.fi.,,,2004-08-13,20040814223946,http://koti.mbnet.fi:80/kuukke/data/Mod%20simon.JPG,https://web.archive.org/web/20040814223946/http://koti.mbnet.fi:80/kuukke/data/Mod%20simon.JPG,,73926,c9108e418a578cee4b3dc9d496aa2f38f4d9b992,,
2004/August-13-2004-modsimon-koti.mbnet.fi.jpg,official game: screenshot (RuneScape 2),RS2 client screenshot from koti.mbnet.fi.,,,2004-08-13,20050113050425,http://koti.mbnet.fi:80/kuukke/data/Modsimon.JPG,https://web.archive.org/web/20050113050425/http://koti.mbnet.fi:80/kuukke/data/Modsimon.JPG,,73026,48fe4d280700209f4202587b57dcbe412c7bcea9,,
2004/August-13-2004-modsimon126-koti.mbnet.fi.jpg,official game: screenshot (RuneScape 2),RS2 client screenshot from koti.mbnet.fi.,,,2004-08-13,20040814223951,http://koti.mbnet.fi:80/kuukke/data/Modsimon126.JPG,https://web.archive.org/web/20040814223951/http://koti.mbnet.fi:80/kuukke/data/Modsimon126.JPG,,72856,64a038f0515d12cb2074d92692906a55bed4b9b0,,
2004/August-13-2004-nature-spirit-guide-1-client-wildernessguardians.com.jpg,official game: screenshot (RuneScape 2),"Nature Spirit quest walkthrough screenshot, posted in the RuneHQ forum thread ""Nature Spirit Quest Guide"" (Aug 2004), hosted on the clan site wildernessguardians.com",,,2004-08-13,20040823062324,http://www.wildernessguardians.com/1.JPG,https://web.archive.org/web/20040823062324/http://www.wildernessguardians.com/1.JPG,,73722,d1518b1b5ad66fc8a4f491b0cd760f0723dd324e,,
2004/August-13-2004-nature-spirit-guide-2-client-wildernessguardians.com.jpg,official game: screenshot (RuneScape 2),"Nature Spirit quest walkthrough screenshot, posted in the RuneHQ forum thread ""Nature Spirit Quest Guide"" (Aug 2004), hosted on the clan site wildernessguardians.com",,,2004-08-13,20040823062453,http://www.wildernessguardians.com/2.JPG,https://web.archive.org/web/20040823062453/http://www.wildernessguardians.com/2.JPG,,75201,dbfecee2579fba3c58d7a9bfc1b4abca2910a3ba,,
2004/August-13-2004-nature-spirit-guide-3-client-wildernessguardians.com.jpg,official game: screenshot (RuneScape 2),"Nature Spirit quest walkthrough screenshot, posted in the RuneHQ forum thread ""Nature Spirit Quest Guide"" (Aug 2004), hosted on the clan site wildernessguardians.com",,,2004-08-13,20040828000837,http://www.wildernessguardians.com/3.JPG,https://web.archive.org/web/20040828000837/http://www.wildernessguardians.com/3.JPG,,83056,352cb16f875b7d4ab268632bab577740b745b63e,,
2004/August-13-2004-nature-spirit-guide-5-client-wildernessguardians.com.jpg,official game: screenshot (RuneScape 2),"Nature Spirit quest walkthrough screenshot (Filliman's spirit dialogue), posted in the RuneHQ forum thread ""Nature Spirit Quest Guide"" (Aug 2004), hosted on the clan site wildernessguardians.com",,,2004-08-13,20040830103512,http://www.wildernessguardians.com/5.JPG,https://web.archive.org/web/20040830103512/http://www.wildernessguardians.com/5.JPG,,68051,e0cf49c5850166b7c5315d99ed76df98e09f1693,,
2004/August-13-2004-nature-spirit-guide-6-client-wildernessguardians.com.jpg,official game: screenshot (RuneScape 2),"Nature Spirit quest walkthrough screenshot, posted in the RuneHQ forum thread ""Nature Spirit Quest Guide"" (Aug 2004), hosted on the clan site wildernessguardians.com",,,2004-08-13,20040903163924,http://www.wildernessguardians.com/6.JPG,https://web.archive.org/web/20040903163924/http://www.wildernessguardians.com/6.JPG,,68221,02db2fc7c30e793aa56789356c4db253bacabbe0,,
2004/August-13-2004-rc60unkki-koti.mbnet.fi.png,official game: screenshot (RuneScape 2),RS2 client screenshot from koti.mbnet.fi.,,,2004-08-13,20040903081731,http://koti.mbnet.fi:80/kuukke/data/RC60Unkki.PNG,https://web.archive.org/web/20040903081731/http://koti.mbnet.fi:80/kuukke/data/RC60Unkki.PNG,,178302,163ff4af3406c3378d2eb5b7683aa750867a77f8,,
2004/August-14-2004-babyblue-img49.exs.cx.jpg,official game: screenshot (RuneScape 2),"RS2 client screenshot. Posted in the forum thread ""Runescape Community -> Dragon Slaying Guide"".",,,2004-08-14,20051016105847,http://img49.exs.cx:80/img49/7963/Babyblue.jpg,https://web.archive.org/web/20051016105847/http://img49.exs.cx:80/img49/7963/Babyblue.jpg,https://web.archive.org/web/20040817192737/http://www.runescapecommunity.com:80/index.php?showtopic=106758,20303,0e13f02a605f2761abcdf243e5c78f378661147d,,
2004/August-14-2004-blackdragon-img39.exs.cx.jpg,official game: screenshot (RuneScape 2),"RS2 client screenshot. Posted in the forum thread ""Runescape Community -> Dragon Slaying Guide"".",,,2004-08-14,20051016111703,http://img39.exs.cx:80/img39/4028/BlackDragon2ds.jpg,https://web.archive.org/web/20051016111703/http://img39.exs.cx:80/img39/4028/BlackDragon2ds.jpg,https://web.archive.org/web/20040817192737/http://www.runescapecommunity.com:80/index.php?showtopic=106758,27555,25aa1e2d78baecba8a4cd3cd93722a7e4a875edd,,
2004/August-14-2004-bluedragonsfklh-img65.exs.cx.jpg,official game: screenshot (RuneScape 2),"RS2 client screenshot. Posted in the forum thread ""Runescape Community -> Dragon Slaying Guide"".",,,2004-08-14,20051016112723,http://img65.exs.cx:80/img65/9094/Bluedragonsfklh.jpg,https://web.archive.org/web/20051016112723/http://img65.exs.cx:80/img65/9094/Bluedragonsfklh.jpg,https://web.archive.org/web/20040817192737/http://www.runescapecommunity.com:80/index.php?showtopic=106758,28415,c84e014fb2308b7368ec91645750a0218db80c6c,,
2004/August-14-2004-elvarg1s-img43.exs.cx.jpg,official game: screenshot (RuneScape 2),"RS2 client screenshot. Posted in the forum thread ""Runescape Community -> Dragon Slaying Guide"".",,,2004-08-14,20051016111145,http://img43.exs.cx:80/img43/3567/Elvarg1s.jpg,https://web.archive.org/web/20051016111145/http://img43.exs.cx:80/img43/3567/Elvarg1s.jpg,https://web.archive.org/web/20040817192737/http://www.runescapecommunity.com:80/index.php?showtopic=106758,35867,dca02485f7b2dc82d145fbfa43be7b02aaf338a5,,
2004/August-14-2004-gfosgja-koti.mbnet.fi.png,official game: screenshot (RuneScape 2),RS2 client screenshot from koti.mbnet.fi.,,,2004-08-14,20041122143145,http://koti.mbnet.fi:80/kuukke/data/!!!!!!!gfosgja%5c'.PNG,https://web.archive.org/web/20041122143145/http://koti.mbnet.fi:80/kuukke/data/!!!!!!!gfosgja%5c'.PNG,,127848,88a98abcca0f230eb539386e7cbf2a8682053c32,,
2004/August-14-2004-greendragon-img69.exs.cx.jpg,official game: screenshot (RuneScape 2),"RS2 client screenshot. Posted in the forum thread ""Runescape Community -> Dragon Slaying Guide"".",,,2004-08-14,20051016111346,http://img69.exs.cx:80/img69/6563/Greendragon.jpg,https://web.archive.org/web/20051016111346/http://img69.exs.cx:80/img69/6563/Greendragon.jpg,https://web.archive.org/web/20040817192737/http://www.runescapecommunity.com:80/index.php?showtopic=106758,29735,26e08e8de361ec4beb735b4e1c1ec2eca3cff319,,
2004/August-14-2004-kbd1dsf-img63.exs.cx.jpg,official game: screenshot (RuneScape 2),"RS2 client screenshot. Posted in the forum thread ""Runescape Community -> Dragon Slaying Guide"".",,,2004-08-14,20051016110021,http://img63.exs.cx:80/img63/4091/KBD1dsf.jpg,https://web.archive.org/web/20051016110021/http://img63.exs.cx:80/img63/4091/KBD1dsf.jpg,https://web.archive.org/web/20040817192737/http://www.runescapecommunity.com:80/index.php?showtopic=106758,28496,ad254561b8e916b6695b5e9c7f33cfc38f14e839,,
2004/August-14-2004-reddragon-img21.exs.cx.jpg,official game: screenshot (RuneScape 2),"RS2 client screenshot. Posted in the forum thread ""Runescape Community -> Dragon Slaying Guide"".",,,2004-08-14,20051016110406,http://img21.exs.cx:80/img21/6360/Reddragon.jpg,https://web.archive.org/web/20051016110406/http://img21.exs.cx:80/img21/6360/Reddragon.jpg,https://web.archive.org/web/20040817192737/http://www.runescapecommunity.com:80/index.php?showtopic=106758,31154,0673add82e8c38bd3588b26af30d0cc1df85b6a9,,
2004/August-14-2004-u-nt-in-pk-koti.mbnet.fi.jpg,official game: screenshot (RuneScape 2),RS2 client screenshot from koti.mbnet.fi.,,,2004-08-14,20050113055247,http://koti.mbnet.fi:80/kuukke/data/+++++%a3@U@Nt@IN%20PK+++++.JPG,https://web.archive.org/web/20050113055247/http://koti.mbnet.fi:80/kuukke/data/+++++%a3@U@Nt@IN%20PK+++++.JPG,,65904,f3c175a553c13b46d69af98129fc6a6b41da8238,,
2004/August-15-2004-sotaaaaaa1-koti.mbnet.fi.jpg,official game: screenshot (RuneScape 2),RS2 client screenshot from koti.mbnet.fi.,,,2004-08-15,20050121014356,http://koti.mbnet.fi:80/kuukke/data/Sotaaaaaa1.JPG,https://web.archive.org/web/20050121014356/http://koti.mbnet.fi:80/kuukke/data/Sotaaaaaa1.JPG,,124295,24596866d43a3cceaa556dba7f17b6ab95365a7b,,
2004/August-16-2004-woot-wc-lvl-60-koti.mbnet.fi.jpg,official game: screenshot (RuneScape 2),RS2 client screenshot from koti.mbnet.fi.,,,2004-08-16,20050121021249,http://koti.mbnet.fi:80/kuukke/data/Woot%20wc%20lvl%2060..JPG,https://web.archive.org/web/20050121021249/http://koti.mbnet.fi:80/kuukke/data/Woot%20wc%20lvl%2060..JPG,,74726,d49d217e094cc7dbb02e93cfe3ac014e07d6bcb0,,
2004/August-17-2004-fletching-90-koti.mbnet.fi.jpg,official game: screenshot (RuneScape 2),RS2 client screenshot from koti.mbnet.fi.,,,2004-08-17,20041118231422,http://koti.mbnet.fi:80/tarpuqqa/Stats/Tasalevut/fletching%2090.JPG,https://web.archive.org/web/20041118231422/http://koti.mbnet.fi:80/tarpuqqa/Stats/Tasalevut/fletching%2090.JPG,,90681,9d37e2f327aea92b6ef15078d414bcd3e14d0640,,
2004/August-18-2004-a-stats-temp-a-koti.mbnet.fi.jpg,official game: screenshot (RuneScape 2),RS2 client screenshot from koti.mbnet.fi.,,,2004-08-18,20041122143524,http://koti.mbnet.fi:80/kuukke/data/A%20stats%20temp%20A.JPG,https://web.archive.org/web/20041122143524/http://koti.mbnet.fi:80/kuukke/data/A%20stats%20temp%20A.JPG,,70194,14bcc5768c2b506d8152f06d22581894a5a9f299,,
2004/August-18-2004-blind105-koti.mbnet.fi.jpg,official game: screenshot (RuneScape 2),RS2 client screenshot from koti.mbnet.fi.,,,2004-08-18,20050122204324,http://koti.mbnet.fi:80/kuukke/data/blind105.JPG,https://web.archive.org/web/20050122204324/http://koti.mbnet.fi:80/kuukke/data/blind105.JPG,,66301,3fe7775dc066f4f8cfe09aa5fb1465a53ac101c6,,
2004/August-2-2004-chickpersone-img29.exs.cx.jpg,official game: screenshot (RuneScape 2),RS2 screenshot posted to a 2004-05 fansite forum thread; found by the 2001-2005 fansite re-screen,,,2004-08-02,20040823144001,http://img29.exs.cx:80/img29/8029/chickpersone.jpg,https://web.archive.org/web/20040823144001/http://img29.exs.cx:80/img29/8029/chickpersone.jpg,,54678,5a77cc3bb4169b982542d600faf81400aa9962f1,,
2004/August-2-2004-dm1-img57.exs.cx.jpg,official game: screenshot (RuneScape 2),RS2 screenshot posted to a 2004-05 fansite forum thread; found by the 2001-2005 fansite re-screen,,,2004-08-02,20040823142107,http://img57.exs.cx:80/img57/7528/dm1.jpg,https://web.archive.org/web/20040823142107/http://img57.exs.cx:80/img57/7528/dm1.jpg,,120718,6f5f0484f989da87b4e8a44b7491b3bad25c08ac,,
2004/August-2-2004-firefox1307deadlvl90-img68.exs.cx.jpg,official game: screenshot (RuneScape 2),RS2 screenshot posted to a 2004-05 fansite forum thread; found by the 2001-2005 fansite re-screen,,,2004-08-02,20040823132001,http://img68.exs.cx:80/img68/2974/firefox1307deadlvl90.jpg,https://web.archive.org/web/20040823132001/http://img68.exs.cx:80/img68/2974/firefox1307deadlvl90.jpg,,85030,a60a0a120f26760c4b5c33231acd416bea9317cf,,
2004/August-2-2004-hehehehe-img29.exs.cx.jpg,official game: screenshot (RuneScape 2),"RS2 client screenshot. Posted in the forum thread ""Runescape Community -> A Good Day For Pking"".",,,2004-08-02,20040823132512,http://img29.exs.cx:80/img29/24/hehehehe.jpg,https://web.archive.org/web/20040823132512/http://img29.exs.cx:80/img29/24/hehehehe.jpg,https://web.archive.org/web/20040822185531/http://www.runescapecommunity.com:80/index.php?showtopic=164888,85623,916079e20164234bf105d1f23ab123b2cd616a0a,,
2004/August-2-2004-hero-sakari-pankki-koti.mbnet.fi.jpg,official game: screenshot (RuneScape 2),RS2 client screenshot from koti.mbnet.fi.,,,2004-08-02,20041122143905,http://koti.mbnet.fi:80/kuukke/data/Hero%20sakari%20pankki.JPG,https://web.archive.org/web/20041122143905/http://koti.mbnet.fi:80/kuukke/data/Hero%20sakari%20pankki.JPG,,460044,eddd31896f27503b606bbe55a14bf3a8ea9f0596,,
2004/August-2-2004-magekill-img57.exs.cx.jpg,official game: screenshot (RuneScape 2),RS2 screenshot posted to a 2004-05 fansite forum thread; found by the 2001-2005 fansite re-screen,,,2004-08-02,20040823132042,http://img57.exs.cx:80/img57/1279/magekill.jpg,https://web.archive.org/web/20040823132042/http://img57.exs.cx:80/img57/1279/magekill.jpg,,49256,f04824df92cfb0f29a030988627db2a863f07e4a,,
2004/August-2-2004-minner-img53.exs.cx.jpg,official game: screenshot (RuneScape 2),"RS2 client screenshot. Posted in the forum thread ""Runescape Community -> A Good Day For Pking"".",,,2004-08-02,20040823132959,http://img53.exs.cx:80/img53/9951/minner.jpg,https://web.archive.org/web/20040823132959/http://img53.exs.cx:80/img53/9951/minner.jpg,https://web.archive.org/web/20040822185531/http://www.runescapecommunity.com:80/index.php?showtopic=164888,53392,354943ea09e46db52e96a87e7bf070e17371f425,,
2004/August-2-2004-moremage-img53.exs.cx.jpg,official game: screenshot (RuneScape 2),RS2 screenshot posted to a 2004-05 fansite forum thread; found by the 2001-2005 fansite re-screen,,,2004-08-02,20040823131732,http://img53.exs.cx:80/img53/9914/moremage.jpg,https://web.archive.org/web/20040823131732/http://img53.exs.cx:80/img53/9914/moremage.jpg,,54383,38b2d993a0db8a83a586458961c7c77d63f5dc00,,
2004/August-2-2004-ranged80jeejeejee-koti.mbnet.fi.png,official game: screenshot (RuneScape 2),RS2 client screenshot from koti.mbnet.fi.,,,2004-08-02,20041122143008,http://koti.mbnet.fi:80/kuukke/data/ranged80jeejeejee.PNG,https://web.archive.org/web/20041122143008/http://koti.mbnet.fi:80/kuukke/data/ranged80jeejeejee.PNG,,98056,e7db5f8b7bcd545b1fa7b8bd6999aff0bc45b758,,
2004/August-2-2004-runelarge-img53.exs.cx.jpg,official game: screenshot (RuneScape 2),RS2 screenshot posted to a 2004-05 fansite forum thread; found by the 2001-2005 fansite re-screen,,,2004-08-02,20040823142553,http://img53.exs.cx:80/img53/664/runelarge.jpg,https://web.archive.org/web/20040823142553/http://img53.exs.cx:80/img53/664/runelarge.jpg,,49555,b8c914ef4c53f83e6f744e0ceb552656e49b953f,,
2004/August-2-2004-silvertabdm-img68.exs.cx.jpg,official game: screenshot (RuneScape 2),RS2 screenshot posted to a 2004-05 fansite forum thread; found by the 2001-2005 fansite re-screen,,,2004-08-02,20040823134230,http://img68.exs.cx:80/img68/7030/silvertabdm.jpg,https://web.archive.org/web/20040823134230/http://img68.exs.cx:80/img68/7030/silvertabdm.jpg,,88766,7795d18502d0779cf330161425a043e908b0e8a0,,
2004/August-2-2004-skill1240r50-koti.mbnet.fi.png,official game: screenshot (RuneScape 2),RS2 client screenshot from koti.mbnet.fi.,,,2004-08-02,20041128044445,http://koti.mbnet.fi:80/kuukke/data/!!!!!!!Skill1240R50.PNG,https://web.archive.org/web/20041128044445/http://koti.mbnet.fi:80/kuukke/data/!!!!!!!Skill1240R50.PNG,,117923,01a6120dfd55118959dba26bd291ec74859505ea,,
2004/August-20-2004-fletching-90-nfs-koti.mbnet.fi.jpg,official game: screenshot (RuneScape 2),RS2 client screenshot from koti.mbnet.fi.,,,2004-08-20,20041121002147,http://koti.mbnet.fi:80/tarpuqqa/Stats/fletching%2090%20NFS.JPG,https://web.archive.org/web/20041121002147/http://koti.mbnet.fi:80/tarpuqqa/Stats/fletching%2090%20NFS.JPG,,93131,a708ea9884cfd1f555198ec72e772ed6f16be33f,,
2004/August-22-2004-dimmu85fleching-koti.mbnet.fi.png,official game: screenshot (RuneScape 2),RS2 client screenshot from koti.mbnet.fi.,,,2004-08-22,20050128162110,http://koti.mbnet.fi:80/kuukke/data/Dimmu85fleching.PNG,https://web.archive.org/web/20050128162110/http://koti.mbnet.fi:80/kuukke/data/Dimmu85fleching.PNG,,123283,df1150eab5fff3a5bdd4c0192e9c9b2b3e992285,,
2004/August-22-2004-zaff2-img28.exs.cx.jpg,official game: screenshot (RuneScape 2),"RS2 client screenshot. Posted in the forum thread """"The Rest"" Compilation - Runescape Community"".",,,2004-08-22,20051120074753,http://img28.exs.cx:80/img28/1617/Zaff2.jpg,https://web.archive.org/web/20051120074753/http://img28.exs.cx:80/img28/1617/Zaff2.jpg,https://web.archive.org/web/20061030114144/http://www.runescapecommunity.com/index.php?showtopic=413649,18542,87a3d4e744311414aacf5e7e5d987a4500905d34,,
2004/August-24-2004-vebuvebuvebuliaano-koti.mbnet.fi.jpg,official game: screenshot (RuneScape 2),RS2 client screenshot from koti.mbnet.fi.,,,2004-08-24,20041130012140,http://koti.mbnet.fi:80/kuukke/data/VEBUVEBUVEBULIAANO!!.JPG,https://web.archive.org/web/20041130012140/http://koti.mbnet.fi:80/kuukke/data/VEBUVEBUVEBULIAANO!!.JPG,,78954,2966a13f26a034b3817a1e39510b6fe2a5bae19d,,
2004/August-26-2004-mining84snakus1-koti.mbnet.fi.png,official game: screenshot (RuneScape 2),RS2 client screenshot from koti.mbnet.fi.,,,2004-08-26,20050113053004,http://koti.mbnet.fi:80/kuukke/data/mining84snakus1.PNG,https://web.archive.org/web/20050113053004/http://koti.mbnet.fi:80/kuukke/data/mining84snakus1.PNG,,133117,b44a8ba6976379fc117958042942634c5bd0dcc7,,
2004/August-27-2004-pic3-whitespindle-img62.exs.cx.png,official game: screenshot (RuneScape 2),"RS2 client screenshot. Posted in the forum thread ""Runescape Community -> Clock Tower"".",,,2004-08-27,20060414192516,http://img62.exs.cx:80/img62/7798/pic3-whitespindle.png,https://web.archive.org/web/20060414192516/http://img62.exs.cx:80/img62/7798/pic3-whitespindle.png,https://web.archive.org/web/20050102015214/http://www.runescapecommunity.com:80/index.php?showtopic=176563,147195,ecf40b8b6b6e0fb6b975a60b0eb35ceb8fbf355d,,
2004/August-27-2004-pic4-blackcog-img40.exs.cx.png,official game: screenshot (RuneScape 2),"RS2 client screenshot. Posted in the forum thread ""Runescape Community -> Clock Tower"".",,,2004-08-27,20060414192439,http://img40.exs.cx:80/img40/6983/pic4-blackcog.png,https://web.archive.org/web/20060414192439/http://img40.exs.cx:80/img40/6983/pic4-blackcog.png,https://web.archive.org/web/20050102015214/http://www.runescapecommunity.com:80/index.php?showtopic=176563,110122,42e04b99dbe189b4a3ff332da2513287e246db7a,,
2004/August-27-2004-pic5-bluecog-img51.exs.cx.png,official game: screenshot (RuneScape 2),"RS2 client screenshot. Posted in the forum thread ""Runescape Community -> Clock Tower"".",,,2004-08-27,20060414192405,http://img51.exs.cx:80/img51/318/pic5-bluecog.png,https://web.archive.org/web/20060414192405/http://img51.exs.cx:80/img51/318/pic5-bluecog.png,https://web.archive.org/web/20050102015214/http://www.runescapecommunity.com:80/index.php?showtopic=176563,143774,20d71faf36a288bb15f3edb580ed7ecb3259fc14,,
2004/August-27-2004-ranged-80-koti.mbnet.fi.jpg,official game: screenshot (RuneScape 2),RS2 client screenshot from koti.mbnet.fi.,,,2004-08-27,20041121002719,http://koti.mbnet.fi:80/tarpuqqa/Stats/Tasalevut/ranged%2080.JPG,https://web.archive.org/web/20041121002719/http://koti.mbnet.fi:80/tarpuqqa/Stats/Tasalevut/ranged%2080.JPG,,75550,91e7f331602139ca0e562562b24ae6a139660ad3,,
2004/August-27-2004-wooot-koti.mbnet.fi.jpg,official game: screenshot (RuneScape 2),RS2 client screenshot from koti.mbnet.fi.,,,2004-08-27,20041128042553,http://koti.mbnet.fi:80/kuukke/data/wooot.JPG,https://web.archive.org/web/20041128042553/http://koti.mbnet.fi:80/kuukke/data/wooot.JPG,,91600,bf2a45b56acf8085f392447131ae5b0c69be35f9,,
2004/August-28-2004-80def-ja-tavote-saavutettu-koti.mbnet.fi.jpg,official game: screenshot (RuneScape 2),RS2 client screenshot from koti.mbnet.fi.,,,2004-08-28,20041122144708,http://koti.mbnet.fi:80/kuukke/data/80def%20ja%20tavote%20saavutettu.JPG,https://web.archive.org/web/20041122144708/http://koti.mbnet.fi:80/kuukke/data/80def%20ja%20tavote%20saavutettu.JPG,,82072,7f6dfcb7085161c2ca8eacdee83fbde91d47828a,,
2004/August-28-2004-hassusti-scimmy-koti.mbnet.fi.jpg,official game: screenshot (RuneScape 2),RS2 client screenshot from koti.mbnet.fi.,,,2004-08-28,20050113052944,http://koti.mbnet.fi:80/kuukke/data/hassusti_scimmy.JPG,https://web.archive.org/web/20050113052944/http://koti.mbnet.fi:80/kuukke/data/hassusti_scimmy.JPG,,78686,8e136c9302359d109236d890a086b471643479d3,,
2004/August-28-2004-rc65-koti.mbnet.fi.png,official game: screenshot (RuneScape 2),RS2 client screenshot from koti.mbnet.fi.,,,2004-08-28,20041122134329,http://koti.mbnet.fi:80/kuukke/data/RC65.PNG,https://web.archive.org/web/20041122134329/http://koti.mbnet.fi:80/kuukke/data/RC65.PNG,,175562,f8a2ca8c7e80adb97dd69066d5104df9d41b4537,,
2004/August-28-2004-terroid-drop4-server5.uploadit.org.jpg,official game: screenshot (RuneScape 2),RS2 client screenshot from server5.uploadit.org.,,,2004-08-28,20041209135722,http://server5.uploadit.org:80/files/terroid-drop4.JPG,https://web.archive.org/web/20041209135722/http://server5.uploadit.org:80/files/terroid-drop4.JPG,,90860,0989c7b1b3dbc411611f4f6996a34637d9ead8a5,,
2004/August-29-2004-1111111agisds-koti.mbnet.fi.jpg,official game: screenshot (RuneScape 2),RS2 client screenshot from koti.mbnet.fi.,,,2004-08-29,20050113052421,http://koti.mbnet.fi:80/kuukke/data/1111111agisds.JPG,https://web.archive.org/web/20050113052421/http://koti.mbnet.fi:80/kuukke/data/1111111agisds.JPG,,76737,c05bf967a09922f0ef764d177cca00c4af775c51,,
2004/August-29-2004-arppa-juoksee-koti.mbnet.fi.png,official game: screenshot (RuneScape 2),RS2 client screenshot from koti.mbnet.fi.,,,2004-08-29,20050113053124,http://koti.mbnet.fi:80/kuukke/data/Arppa%20juoksee!.PNG,https://web.archive.org/web/20050113053124/http://koti.mbnet.fi:80/kuukke/data/Arppa%20juoksee!.PNG,,118553,d08a3f159c7877bbe684b25ddc0318442c672810,,
2004/August-29-2004-kkcpwn-koti.mbnet.fi.jpg,official game: screenshot (RuneScape 2),RS2 client screenshot from koti.mbnet.fi.,,,2004-08-29,20050125043211,http://koti.mbnet.fi:80/kuukke/data/kkcpwn.JPG,https://web.archive.org/web/20050125043211/http://koti.mbnet.fi:80/kuukke/data/kkcpwn.JPG,,76278,7f15acc4ed8e84e4d3f393f62b2b5461bc5c5a68,,
2004/August-29-2004-mining85snakus1-koti.mbnet.fi.png,official game: screenshot (RuneScape 2),RS2 client screenshot from koti.mbnet.fi.,,,2004-08-29,20041104012130,http://koti.mbnet.fi:80/kuukke/data/mining85snakus1.PNG,https://web.archive.org/web/20041104012130/http://koti.mbnet.fi:80/kuukke/data/mining85snakus1.PNG,,131777,3838b35e41d91c8f534bf58e1926b26371950a05,,
2004/August-29-2004-sog-vs-kkc-koti.mbnet.fi.jpg,official game: screenshot (RuneScape 2),RS2 client screenshot from koti.mbnet.fi.,,,2004-08-29,20041127082714,http://koti.mbnet.fi:80/kuukke/data/Sog%20vs%20Kkc.JPG,https://web.archive.org/web/20041127082714/http://koti.mbnet.fi:80/kuukke/data/Sog%20vs%20Kkc.JPG,,97452,d1cccdf7c42934fedc944040e1dd1d691c56e5a8,,
2004/August-29-2004-sog-vs-kkc1-koti.mbnet.fi.jpg,official game: screenshot (RuneScape 2),RS2 client screenshot from koti.mbnet.fi.,,,2004-08-29,20050113052908,http://koti.mbnet.fi:80/kuukke/data/Sog%20vs%20Kkc1.JPG,https://web.archive.org/web/20050113052908/http://koti.mbnet.fi:80/kuukke/data/Sog%20vs%20Kkc1.JPG,,81435,7ad9d6accdc3a6720a8b33164a3ad0a8527190ae,,
2004/August-29-2004-sog-vs-kkc2-koti.mbnet.fi.jpg,official game: screenshot (RuneScape 2),RS2 client screenshot from koti.mbnet.fi.,,,2004-08-29,20041122142308,http://koti.mbnet.fi:80/kuukke/data/Sog%20vs%20Kkc2.JPG,https://web.archive.org/web/20041122142308/http://koti.mbnet.fi:80/kuukke/data/Sog%20vs%20Kkc2.JPG,,73851,065b0ed0eb7236ea4e77a11a149bb61086a2925e,,
2004/August-29-2004-sog-vs-kkc3-koti.mbnet.fi.jpg,official game: screenshot (RuneScape 2),RS2 client screenshot from koti.mbnet.fi.,,,2004-08-29,20041127082824,http://koti.mbnet.fi:80/kuukke/data/Sog%20vs%20Kkc3.JPG,https://web.archive.org/web/20041127082824/http://koti.mbnet.fi:80/kuukke/data/Sog%20vs%20Kkc3.JPG,,73916,d66a261868300b98b904527f2266056c48bae797,,
2004/August-29-2004-sog3-koti.mbnet.fi.jpg,official game: screenshot (RuneScape 2),RS2 client screenshot from koti.mbnet.fi.,,,2004-08-29,20041128042301,http://koti.mbnet.fi:80/kuukke/data/sog3.JPG,https://web.archive.org/web/20041128042301/http://koti.mbnet.fi:80/kuukke/data/sog3.JPG,,131632,18bc9c23b111fc465d212d84b8da9602b4a6b4f6,,
2004/August-3-2004-clanlegendzpic01-img52.imageshack.us.png,official game: screenshot (RuneScape 2),"RS2 client screenshot. Posted in the forum thread ""Runescape Community -> Pictures From The First Legendz Event"".",,,2004-08-03,20040915130402,http://img52.imageshack.us/img52/7316/CLANLEGENDZPIC01.png,https://web.archive.org/web/20040915130402/http://img52.imageshack.us/img52/7316/CLANLEGENDZPIC01.png,https://web.archive.org/web/20040914224846/http://www.runescapecommunity.com:80/index.php?showtopic=167399&amp,30409,4b511e33e7b1751b3b7262e9c8ff2461fdac0bef,,
2004/August-3-2004-clanlegendzpic3-img60.exs.cx.png,official game: screenshot (RuneScape 2),"RS2 client screenshot. Posted in the forum thread ""Runescape Community -> Pictures From The First Legendz Event"".",,,2004-08-03,20040915130838,http://img60.exs.cx:80/img60/5469/clanlegendzpic3.png,https://web.archive.org/web/20040915130838/http://img60.exs.cx:80/img60/5469/clanlegendzpic3.png,https://web.archive.org/web/20040914224846/http://www.runescapecommunity.com:80/index.php?showtopic=167399&amp,35913,bb89f68073d4bc22e093725cbdb5961767cf8e8f,,
2004/August-3-2004-legend-s-tehty-koti.mbnet.fi.png,official game: screenshot (RuneScape 2),RS2 client screenshot from koti.mbnet.fi.,,,2004-08-03,20040918101106,http://koti.mbnet.fi:80/kuukke/data/LEGEND%5c'S_TEHTY!.PNG,https://web.archive.org/web/20040918101106/http://koti.mbnet.fi:80/kuukke/data/LEGEND%5c'S_TEHTY!.PNG,,141724,2d42fa4c11a32cec7310bff75bac32de47e9ebf5,,
2004/August-3-2004-magarooni-goes-legenda-koti.mbnet.fi.png,official game: screenshot (RuneScape 2),RS2 client screenshot from koti.mbnet.fi.,,,2004-08-03,20040825231310,http://koti.mbnet.fi:80/kuukke/data/Magarooni_GOES_legenda.PNG,https://web.archive.org/web/20040825231310/http://koti.mbnet.fi:80/kuukke/data/Magarooni_GOES_legenda.PNG,,141745,6d58985444167d43ccc04b42a3e83c8e33349063,,
2004/August-3-2004-uudistuneet-statsit-koti.mbnet.fi.jpg,official game: screenshot (RuneScape 2),RS2 client screenshot from koti.mbnet.fi.,,,2004-08-03,20050128143248,http://koti.mbnet.fi:80/kuukke/data/uudistuneet%20statsit.JPG,https://web.archive.org/web/20050128143248/http://koti.mbnet.fi:80/kuukke/data/uudistuneet%20statsit.JPG,,75642,c837bee81f51f7adb7eab28afb980008478e7d9f,,
2004/August-3-2004-w00tsystemupdateowns-koti.mbnet.fi.png,official game: screenshot (RuneScape 2),RS2 client screenshot from koti.mbnet.fi.,,,2004-08-03,20041108191339,http://koti.mbnet.fi:80/~hohtava/w00tsystemupdateowns.PNG,https://web.archive.org/web/20041108191339/http://koti.mbnet.fi:80/~hohtava/w00tsystemupdateowns.PNG,,123051,a3795245f677e52576bdcdb7040858e01895141c,,
2004/August-3-2004-weird-glitch-screenshot-img65.imageshack.us.jpg,official game: screenshot (RuneScape 2),Client screenshot of a graphical glitch (file name WeirdGlitch).,,,2004-08-03,20040821183011,http://img65.imageshack.us:80/img65/9469/WeirdGlitch.jpg,https://web.archive.org/web/20040821183011/http://img65.imageshack.us:80/img65/9469/WeirdGlitch.jpg,,80988,eed81c16882bbf0c94dfc7425f39c7eef27455d6,,
2004/August-3-2004-wilderness-kill-loot-menu-screenshot-img65.imageshack.us.jpg,official game: screenshot (RuneScape 2),Wilderness player kill with the loot menu open (file name 59ded).,,,2004-08-03,20040821184343,http://img65.imageshack.us:80/img65/9990/59ded.jpg,https://web.archive.org/web/20040821184343/http://img65.imageshack.us:80/img65/9990/59ded.jpg,,82006,b56c2cdb9f0d3e2fedfa9df0e480110004b53345,,
2004/August-30-2004-1111111stats11111-koti.mbnet.fi.jpg,official game: screenshot (RuneScape 2),RS2 client screenshot from koti.mbnet.fi.,,,2004-08-30,20041128112730,http://koti.mbnet.fi:80/kuukke/data/1111111stats11111.JPG,https://web.archive.org/web/20041128112730/http://koti.mbnet.fi:80/kuukke/data/1111111stats11111.JPG,,71621,c1602d432b4da60d0a5c8bb161431dba329a7133,,
2004/August-30-2004-gratz-wc-koti.mbnet.fi.png,official game: screenshot (RuneScape 2),RS2 client screenshot from koti.mbnet.fi.,,,2004-08-30,20041122140520,http://koti.mbnet.fi:80/kuukke/data/gratz%20wc.PNG,https://web.archive.org/web/20041122140520/http://koti.mbnet.fi:80/kuukke/data/gratz%20wc.PNG,,263210,7509e37a39566f7fd5f54bf35328d12832ffcf10,,
2004/August-30-2004-magarooni-strikes-1100-total-koti.mbnet.fi.png,official game: screenshot (RuneScape 2),RS2 client screenshot from koti.mbnet.fi.,,,2004-08-30,20041122144606,http://koti.mbnet.fi:80/kuukke/data/Magarooni_Strikes_1100_total.PNG,https://web.archive.org/web/20041122144606/http://koti.mbnet.fi:80/kuukke/data/Magarooni_Strikes_1100_total.PNG,,118536,16f9ca844ec76562338c7fba493a88e8354c1210,,
2004/August-31-2004-11112-koti.mbnet.fi.jpg,official game: screenshot (RuneScape 2),RS2 client screenshot from koti.mbnet.fi.,,,2004-08-31,20050113045121,http://koti.mbnet.fi:80/kuukke/data/11112.JPG,https://web.archive.org/web/20050113045121/http://koti.mbnet.fi:80/kuukke/data/11112.JPG,,124713,4c1edcc1f2bdb2ef7f9012a4721ee7752338275e,,
2004/August-31-2004-bigcliffs-img39.exs.cx.png,official game: screenshot (RuneScape 2),"RS2 client screenshot. Posted in the forum thread ""Runescape Community -> Legends Quest"".",,,2004-08-31,20041123202444,http://img39.exs.cx:80/img39/6942/bigcliffs.png,https://web.archive.org/web/20041123202444/http://img39.exs.cx:80/img39/6942/bigcliffs.png,https://web.archive.org/web/20041122054006/http://www.runescapecommunity.com:80/index.php?showtopic=143222,37963,6cfb35a58658e9e87b6cff1de71aba02f0ef01d3,,
2004/August-31-2004-blind106-koti.mbnet.fi.jpg,official game: screenshot (RuneScape 2),RS2 client screenshot from koti.mbnet.fi.,,,2004-08-31,20050123083224,http://koti.mbnet.fi:80/kuukke/data/blind106.JPG,https://web.archive.org/web/20050123083224/http://koti.mbnet.fi:80/kuukke/data/blind106.JPG,,78044,f3b1248c6209070b1df08b1020a0de7a8651d801,,
2004/August-31-2004-climbwinch-img72.exs.cx.png,official game: screenshot (RuneScape 2),"RS2 client screenshot. Posted in the forum thread ""Runescape Community -> Legends Quest"".",,,2004-08-31,20041123235910,http://img72.exs.cx:80/img72/8058/climbwinch.png,https://web.archive.org/web/20041123235910/http://img72.exs.cx:80/img72/8058/climbwinch.png,https://web.archive.org/web/20041122054006/http://www.runescapecommunity.com:80/index.php?showtopic=143222,35047,d8ec8dfec26dee9e17396540c02390add2c2ae16,,
2004/August-31-2004-furnacedone-img71.exs.cx.png,official game: screenshot (RuneScape 2),"RS2 client screenshot. Posted in the forum thread ""Runescape Community -> Legends Quest"".",,,2004-08-31,20041123234315,http://img71.exs.cx:80/img71/9500/furnacedone.png,https://web.archive.org/web/20041123234315/http://img71.exs.cx:80/img71/9500/furnacedone.png,https://web.archive.org/web/20041122054006/http://www.runescapecommunity.com:80/index.php?showtopic=143222,92101,8d5d1151d8abdf8ee5fc719779a659a157f4478f,,
2004/August-31-2004-orbgate2-img5.exs.cx.png,official game: screenshot (RuneScape 2),"RS2 client screenshot. Posted in the forum thread ""Runescape Community -> Legends Quest"".",,,2004-08-31,20041123194031,http://img5.exs.cx:80/img5/3880/orbgate2.png,https://web.archive.org/web/20041123194031/http://img5.exs.cx:80/img5/3880/orbgate2.png,https://web.archive.org/web/20041122054006/http://www.runescapecommunity.com:80/index.php?showtopic=143222,51370,cb8446a95b8c62425485b0e5cc00441dd4be1239,,
2004/August-31-2004-statsit2-koti.mbnet.fi.png,official game: screenshot (RuneScape 2),RS2 client screenshot from koti.mbnet.fi.,,,2004-08-31,20040908213505,http://koti.mbnet.fi:80/kuukke/data/statsit2.PNG,https://web.archive.org/web/20040908213505/http://koti.mbnet.fi:80/kuukke/data/statsit2.PNG,,115104,1e30f46166e398fe062caaaa3712dbe0ef7173ec,,
2004/August-4-2004-2510-screenshot-img70.imageshack.us.jpg,official game: screenshot (RuneScape 2),RuneScape client screenshot (uploaded as 2510.jpg).,,,2004-08-04,20041201030003,http://img70.imageshack.us:80/img70/7493/2510.jpg,https://web.archive.org/web/20041201030003/http://img70.imageshack.us:80/img70/7493/2510.jpg,,69423,ccb1e61fca5c40c051f8d0763cad1e4ef63a0c1d,,
2004/August-4-2004-a79-koti.mbnet.fi.png,official game: screenshot (RuneScape 2),RS2 client screenshot from koti.mbnet.fi.,,,2004-08-04,20041122143141,http://koti.mbnet.fi:80/kuukke/data/!!!!!!!!!!!!!!!A79.PNG,https://web.archive.org/web/20041122143141/http://koti.mbnet.fi:80/kuukke/data/!!!!!!!!!!!!!!!A79.PNG,,120944,18ac523c74d12b45e0eed2bae32f4d34d73f86d3,,
2004/August-4-2004-prayer55-koti.mbnet.fi.png,official game: screenshot (RuneScape 2),RS2 client screenshot from koti.mbnet.fi.,,,2004-08-04,20041128044906,http://koti.mbnet.fi:80/kuukke/data/!!!!!!!!!!!!!!!prayer55.PNG,https://web.archive.org/web/20041128044906/http://koti.mbnet.fi:80/kuukke/data/!!!!!!!!!!!!!!!prayer55.PNG,,154937,705f316e761f2722cfad5860de7bd35e04def046,,
2004/August-4-2004-wilderness-screenshot-img70.imageshack.us.jpg,official game: screenshot (RuneScape 2),Wilderness screenshot (file name hahahach00b).,,,2004-08-04,20041201012437,http://img70.imageshack.us:80/img70/2410/hahahach00b119.jpg,https://web.archive.org/web/20041201012437/http://img70.imageshack.us:80/img70/2410/hahahach00b119.jpg,,71264,6fc8d4916b129bd83e788d9ed66a41d6a31f551c,,
2004/August-5-2004-a-magetus-a-koti.mbnet.fi.jpg,official game: screenshot (RuneScape 2),RS2 client screenshot from koti.mbnet.fi.,,,2004-08-05,20041122142239,http://koti.mbnet.fi:80/kuukke/data/A%20magetus%20A.JPG,https://web.archive.org/web/20041122142239/http://koti.mbnet.fi:80/kuukke/data/A%20magetus%20A.JPG,,75919,85fe1f68a84e02da4dd39207f231f52bbb374d62,,
2004/August-5-2004-hp80-koti.mbnet.fi.png,official game: screenshot (RuneScape 2),RS2 client screenshot from koti.mbnet.fi.,,,2004-08-05,20041122144420,http://koti.mbnet.fi:80/kuukke/data/!!!!!!!!!!!!!!!!hp80!!!!!.PNG,https://web.archive.org/web/20041122144420/http://koti.mbnet.fi:80/kuukke/data/!!!!!!!!!!!!!!!!hp80!!!!!.PNG,,124733,f5b23b7b113a715775e4da9f5a79c28c4159ba5c,,
2004/August-5-2004-maze-koti.mbnet.fi.jpg,official game: screenshot (RuneScape 2),RS2 client screenshot from koti.mbnet.fi.,,,2004-08-05,20040814045728,http://koti.mbnet.fi:80/tarpuqqa/maze.JPG,https://web.archive.org/web/20040814045728/http://koti.mbnet.fi:80/tarpuqqa/maze.JPG,,92478,6508f3d90c8d86ea7fa28b973b3f54aeac11f6f1,,
2004/August-5-2004-wilderness-kill-screenshot-img37.imageshack.us.jpg,official game: screenshot (RuneScape 2),Wilderness fight / kill screenshot (file name ultradead).,,,2004-08-05,20040823141455,http://img37.imageshack.us:80/img37/3291/ultradead.jpg,https://web.archive.org/web/20040823141455/http://img37.imageshack.us:80/img37/3291/ultradead.jpg,,65083,e974bceb4a33ff4c6bb715d4c59478efa470530b,,
2004/August-7-2004-111-kaverin-status-pointti-koti.mbnet.fi.jpg,official game: screenshot (RuneScape 2),RS2 client screenshot from koti.mbnet.fi.,,,2004-08-07,20041122144726,http://koti.mbnet.fi:80/kuukke/data/111%20kaverin%20status%20pointti!.JPG,https://web.archive.org/web/20041122144726/http://koti.mbnet.fi:80/kuukke/data/111%20kaverin%20status%20pointti!.JPG,,116357,0a80504a2e30bfb05ff0d20bc13cc4b8db837aed,,
2004/August-7-2004-a-t-2-a-koti.mbnet.fi.jpg,official game: screenshot (RuneScape 2),RS2 client screenshot from koti.mbnet.fi.,,,2004-08-07,20050128141506,http://koti.mbnet.fi:80/kuukke/data/A%20t%e4%e42%20A.JPG,https://web.archive.org/web/20050128141506/http://koti.mbnet.fi:80/kuukke/data/A%20t%e4%e42%20A.JPG,,85593,ca3ddd428e32a92620ba0b4bf85c694bad726f6b,,
2004/August-7-2004-bakerstall-img26.exs.cx.png,official game: screenshot (RuneScape 2),"RS2 client screenshot. Posted in the forum thread ""Runescape Community -> Guide To Thieving"".",,,2004-08-07,20060929132335,http://img26.exs.cx:80/img26/8126/Bakerstall.png,https://web.archive.org/web/20060929132335/http://img26.exs.cx:80/img26/8126/Bakerstall.png,https://web.archive.org/web/20040822192951/http://www.runescapecommunity.com:80/index.php?showtopic=163106,8651,02a2a21429db10a8cddc0d10de860d925da7067b,,
2004/August-7-2004-battle-screenshot-img.villagephotos.com.jpg,official game: screenshot (RuneScape 2),"Client screenshot of a fight (file name battle), from a villagephotos album of activity screenshots.",,,2004-08-07,20040810115612,http://img.villagephotos.com:80/p/2004-8/799439/battle.JPG,https://web.archive.org/web/20040810115612/http://img.villagephotos.com:80/p/2004-8/799439/battle.JPG,,31697,9ecc875d2961002d992a080b7f9ee52ddbc5aa6c,,
2004/August-7-2004-character-creation-screen-img.villagephotos.com.jpg,official game: screenshot (RuneScape 2),"The 2004 character-creation screen: Welcome to RuneScape, use the buttons below to design your player.",,,2004-08-07,20040810115334,http://img.villagephotos.com:80/p/2004-8/799439/Choosecharacter.JPG,https://web.archive.org/web/20040810115334/http://img.villagephotos.com:80/p/2004-8/799439/Choosecharacter.JPG,,43230,c7cb9ab4541832b5e1de2f53634e0b7f5bbe5fdc,,
2004/August-7-2004-dimmu666hc-koti.mbnet.fi.png,official game: screenshot (RuneScape 2),RS2 client screenshot from koti.mbnet.fi.,,,2004-08-07,20050123084018,http://koti.mbnet.fi:80/kuukke/data/Dimmu666hc.PNG,https://web.archive.org/web/20050123084018/http://koti.mbnet.fi:80/kuukke/data/Dimmu666hc.PNG,,103788,0c33cdc7a0f821a23e03b6b8d48442a221350961,,
2004/August-7-2004-fishing-screenshot-img.villagephotos.com.jpg,official game: screenshot (RuneScape 2),"Client screenshot fishing (file name fishing), same villagephotos album.",,,2004-08-07,20040810115842,http://img.villagephotos.com:80/p/2004-8/799439/fishing.JPG,https://web.archive.org/web/20040810115842/http://img.villagephotos.com:80/p/2004-8/799439/fishing.JPG,,41688,b57b4293091e0043d11971ac5f160691e013ac09,,
2004/August-7-2004-furstall-img26.exs.cx.png,official game: screenshot (RuneScape 2),"RS2 client screenshot. Posted in the forum thread ""Runescape Community -> Guide To Thieving"".",,,2004-08-07,20060927095715,http://img26.exs.cx:80/img26/6096/Furstall.png,https://web.archive.org/web/20060927095715/http://img26.exs.cx:80/img26/6096/Furstall.png,https://web.archive.org/web/20040822192951/http://www.runescapecommunity.com:80/index.php?showtopic=163106,10877,c63fae8ad5fa3ec390ac808d54058271cc663dff,,
2004/August-7-2004-smelting-screenshot-img.villagephotos.com.jpg,official game: screenshot (RuneScape 2),"Client screenshot at a furnace (file name smelt), same villagephotos album.",,,2004-08-07,20040810120053,http://img.villagephotos.com:80/p/2004-8/799439/smelt.JPG,https://web.archive.org/web/20040810120053/http://img.villagephotos.com:80/p/2004-8/799439/smelt.JPG,,40412,5f201ea659078084a1530af2e55db297e63dba54,,
2004/August-7-2004-the-sk13-wizzonline.co.uk.jpg,official game: screenshot (RuneScape 2),RS2 client screenshot from a 2004-05 fansite page (www.wizzonline.co.uk:80); found by the 2001-2005 fansite re-screen,,,2004-08-07,20040821011956,http://www.wizzonline.co.uk:80/the%20sk13.jpg,https://web.archive.org/web/20040821011956/http://www.wizzonline.co.uk:80/the%20sk13.jpg,,123288,ff1c2abe62bf127df3b8c561435ed9d67e17ad49,,
2004/August-7-2004-wizzonline-gallery-sk4-client-wizzonline.co.uk.jpg,official game: screenshot (RuneScape 2),RS2 client screenshot from the wizzonline.co.uk RuneScape gallery (2004 page; this capture is from 2013),,,2004-08-07,20130310201949,http://www.wizzonline.co.uk:80/the%20sk4.jpg,https://web.archive.org/web/20130310201949/http://www.wizzonline.co.uk:80/the%20sk4.jpg,,81534,f0bcfac14c376bfe3a9aaacd2a9c04baf32fcb57,,
2004/August-9-2004-e3lipse-dp1-server6.uploadit.org.jpg,official game: screenshot (RuneScape 2),RS2 client screenshot from server6.uploadit.org. Embedded in: Runescape Community -> Celebrate Singapore's 39 Birthday (https://web.archive.org/web/20040821133849/http://www.runescapecommunity.com:80/index.php?showtopic=160187).,,,2004-08-09,20040821171111,http://server6.uploadit.org/files/e3lipse-dp1.JPG,https://web.archive.org/web/20040821171111/http://server6.uploadit.org/files/e3lipse-dp1.JPG,,83771,008cdc1bffb3efc49ba29ef127416316c67af281,,
2004/August-9-2004-e3lipse-dp2-server6.uploadit.org.jpg,official game: screenshot (RuneScape 2),RS2 client screenshot from server6.uploadit.org. Embedded in: Runescape Community -> Celebrate Singapore's 39 Birthday (https://web.archive.org/web/20040821133849/http://www.runescapecommunity.com:80/index.php?showtopic=160187).,,,2004-08-09,20040821171103,http://server6.uploadit.org/files/e3lipse-dp2.JPG,https://web.archive.org/web/20040821171103/http://server6.uploadit.org/files/e3lipse-dp2.JPG,,146823,2f812a1186e3a0e8c8a168338284d470899c2c8b,,
2004/August-9-2004-e3lipse-dp3-server6.uploadit.org.jpg,official game: screenshot (RuneScape 2),RS2 client screenshot from server6.uploadit.org. Embedded in: Runescape Community -> Celebrate Singapore's 39 Birthday (https://web.archive.org/web/20040821133849/http://www.runescapecommunity.com:80/index.php?showtopic=160187).,,,2004-08-09,20040821171035,http://server6.uploadit.org/files/e3lipse-dp3.JPG,https://web.archive.org/web/20040821171035/http://server6.uploadit.org/files/e3lipse-dp3.JPG,,120131,7420ca260a74b5e18676e72e728fb6525a4ae4fe,,
2004/August-9-2004-treasure-koti.mbnet.fi.png,official game: screenshot (RuneScape 2),RS2 client screenshot from koti.mbnet.fi.,,,2004-08-09,20040929200254,http://koti.mbnet.fi:80/kuukke/data/Treasure.PNG,https://web.archive.org/web/20040929200254/http://koti.mbnet.fi:80/kuukke/data/Treasure.PNG,,125936,9db234ba03a9767666dea65b54e89979d17131ea,,
2004/December-1-2004-account-security-warning-message-s04.imagehost.org.png,official game: screenshot (RuneScape 2),RuneScape client screenshot (uploaded as mine4sale2.png).,,,2004-12-01,20060426201854,http://s04.imagehost.org:80/0851/mine4sale2.png,https://web.archive.org/web/20060426201854/http://s04.imagehost.org:80/0851/mine4sale2.png,,132617,a6ba81b668c08eedc68ccd8748b33c898d95b10c,,
2004/December-1-2004-evil-chicken-random-event-loot-home.ripway.com.jpg,official game: screenshot (RuneScape 2),"Client screenshot with a right-click loot menu after a chicken fight (file name chicken1), from a ripway folder.",,,2004-12-01,20050114185734,http://home.ripway.com:80/2004-11/212891/chicken1.JPG,https://web.archive.org/web/20050114185734/http://home.ripway.com:80/2004-11/212891/chicken1.JPG,,67930,7dbd7aa68dbbc3640ad5e4b492b3bfb94d528a68,,
2004/December-1-2004-howatt3431-howattsbank-server3.uploadit.org.jpg,official game: screenshot (RuneScape 2),RS2 client screenshot from server3.uploadit.org.,,,2004-12-01,20050113160633,http://server3.uploadit.org:80/files/Howatt3431-Howattsbank.JPG,https://web.archive.org/web/20050113160633/http://server3.uploadit.org:80/files/Howatt3431-Howattsbank.JPG,,60320,f29ab779a0e08370a891cf4043f09fe32f6e65e6,,
2004/December-1-2004-ownage-fulljarunet-koti.mbnet.fi.png,official game: screenshot (RuneScape 2),RS2 client screenshot from koti.mbnet.fi.,,,2004-12-01,20050125043754,http://koti.mbnet.fi:80/kuukke/data/Ownage_fulljarunet.PNG,https://web.archive.org/web/20050125043754/http://koti.mbnet.fi:80/kuukke/data/Ownage_fulljarunet.PNG,,110503,658eaeaa3159d8baad91bf4b1666a02513860b71,,
2004/December-1-2004-stegasowned-koti.mbnet.fi.png,official game: screenshot (RuneScape 2),RS2 client screenshot from koti.mbnet.fi.,,,2004-12-01,20050128140314,http://koti.mbnet.fi:80/kuukke/data/StegasOwned.PNG,https://web.archive.org/web/20050128140314/http://koti.mbnet.fi:80/kuukke/data/StegasOwned.PNG,,113734,b3373dc2c3c550c42f4a1fda342a7a6e19265ca1,,
2004/December-1-2004-upo7-koti.mbnet.fi.jpg,official game: screenshot (RuneScape 2),RS2 client screenshot from koti.mbnet.fi.,,,2004-12-01,20041209151203,http://koti.mbnet.fi:80/tarpuqqa/upo7.JPG,https://web.archive.org/web/20041209151203/http://koti.mbnet.fi:80/tarpuqqa/upo7.JPG,,82836,f57cceb13ecbd5f763179d75dc34da6ad8e59c00,,
2004/December-10-2004-99hp-screenshot-img.photobucket.com.jpg,official game: screenshot (RuneScape 2),RuneScape client screenshot (uploaded as 99hp.jpg).,,,2004-12-10,20041223080520,http://img.photobucket.com/albums/v223/mrme3572/99hp.jpg,https://web.archive.org/web/20041223080520/http://img.photobucket.com/albums/v223/mrme3572/99hp.jpg,,73102,a992407c5d7e0af7105cfcbba8bc1197ad452c17,,
2004/December-10-2004-osod-owned-koti.mbnet.fi.jpg,official game: screenshot (RuneScape 2),RS2 client screenshot from koti.mbnet.fi.,,,2004-12-10,20050128140556,http://koti.mbnet.fi:80/kuukke/data/osod%20owned.JPG,https://web.archive.org/web/20050128140556/http://koti.mbnet.fi:80/kuukke/data/osod%20owned.JPG,,79099,617cf5a1b298339ace470b301d5f698055f2f946,,
2004/December-10-2004-red-spiders-koti.mbnet.fi.jpg,official game: screenshot (RuneScape 2),RS2 client screenshot from koti.mbnet.fi.,,,2004-12-10,20050123084755,http://koti.mbnet.fi:80/kuukke/data/Red%20spiders.JPG,https://web.archive.org/web/20050123084755/http://koti.mbnet.fi:80/kuukke/data/Red%20spiders.JPG,,58629,81c10f368f0b40757befe548c94e4d46e74ceab3,,
2004/December-11-2004-bankki696969-koti.mbnet.fi.jpg,official game: screenshot (RuneScape 2),RS2 client screenshot from koti.mbnet.fi.,,,2004-12-11,20050113052147,http://koti.mbnet.fi:80/kuukke/data/bankki696969.JPG,https://web.archive.org/web/20050113052147/http://koti.mbnet.fi:80/kuukke/data/bankki696969.JPG,,89758,3868db96bf8273ce5a6244c1919247962e8abb54,,
2004/December-11-2004-comb80-koti.mbnet.fi.png,official game: screenshot (RuneScape 2),RS2 client screenshot from koti.mbnet.fi.,,,2004-12-11,20050122203411,http://koti.mbnet.fi:80/kuukke/data/comb80.PNG,https://web.archive.org/web/20050122203411/http://koti.mbnet.fi:80/kuukke/data/comb80.PNG,,142600,dd4ff673a8820af46ef091ce03cbd47912888767,,
2004/December-11-2004-kiki1234ns-img121.exs.cx.jpg,official game: screenshot (RuneScape 2),RS2 screenshot posted to a 2004-05 fansite forum thread; found by the 2001-2005 fansite re-screen,,,2004-12-11,20050118003827,http://img121.exs.cx:80/img121/2670/kiki1234ns.jpg,https://web.archive.org/web/20050118003827/http://img121.exs.cx:80/img121/2670/kiki1234ns.jpg,,94296,2587dca9bd351803a6fb5db5a2c3d8da4181ec98,,
2004/December-11-2004-oo-koti.mbnet.fi.jpg,official game: screenshot (RuneScape 2),RS2 client screenshot from koti.mbnet.fi.,,,2004-12-11,20050122203142,http://koti.mbnet.fi:80/kuukke/data/oo....JPG,https://web.archive.org/web/20050122203142/http://koti.mbnet.fi:80/kuukke/data/oo....JPG,,78165,393418dddf62836221661634063854833bdb21ae,,
2004/December-11-2004-ratetkaataa-koti.mbnet.fi.jpg,official game: screenshot (RuneScape 2),RS2 client screenshot from koti.mbnet.fi.,,,2004-12-11,20050122205919,http://koti.mbnet.fi:80/kuukke/data/ratetkaataa.JPG,https://web.archive.org/web/20050122205919/http://koti.mbnet.fi:80/kuukke/data/ratetkaataa.JPG,,87330,1978845db5bed78e725d67809c8ef995aee1a64d,,
2004/December-11-2004-tappo-of-76-lvl-koti.mbnet.fi.jpg,official game: screenshot (RuneScape 2),RS2 client screenshot from koti.mbnet.fi.,,,2004-12-11,20050121021245,http://koti.mbnet.fi:80/kuukke/data/Tappo%20Of%2076%20lvl.JPG,https://web.archive.org/web/20050121021245/http://koti.mbnet.fi:80/kuukke/data/Tappo%20Of%2076%20lvl.JPG,,128837,45ac1f46ec1b21d6e0388b08c12ae96853dbe9ae,,
2004/December-12-2004-2hpker-magic-server3.uploadit.org.jpg,official game: screenshot (RuneScape 2),RS2 client screenshot from server3.uploadit.org.,,,2004-12-12,20041230190752,http://server3.uploadit.org:80/files/2hpker-magic.JPG,https://web.archive.org/web/20041230190752/http://server3.uploadit.org:80/files/2hpker-magic.JPG,,76941,5fbb773abe38bb66bf7188404b08afeece7ebb1b,,
2004/December-12-2004-anniversary10-wildernessguardians.com.jpg,official game: screenshot (RuneScape 2),RS2 client screenshot from wildernessguardians.com. Embedded in: RuneHQ -> ::wildguard:: As Active As It Gets (https://web.archive.org/web/20050208080908/http://www.runehq.com:80/RHQInn/index.php?showtopic=60335).,,,2004-12-12,20050313061114,http://www.wildernessguardians.com/anniversary10.JPG,https://web.archive.org/web/20050313061114/http://www.wildernessguardians.com/anniversary10.JPG,,82979,f2d5c78645a720153c382df19a55936fad77f6e6,,
2004/December-12-2004-anniversary7-wildernessguardians.com.jpg,official game: screenshot (RuneScape 2),RS2 client screenshot from wildernessguardians.com. Embedded in: RuneHQ -> ::wildguard:: As Active As It Gets (https://web.archive.org/web/20050208080908/http://www.runehq.com:80/RHQInn/index.php?showtopic=60335).,,,2004-12-12,20050322204201,http://www.wildernessguardians.com/anniversary7.JPG,https://web.archive.org/web/20050322204201/http://www.wildernessguardians.com/anniversary7.JPG,,88114,ce0642008a3e7fc4205027312fc6769e9faa4512,,
2004/December-12-2004-bronzewar05-wildernessguardians.com.jpg,official game: screenshot (RuneScape 2),RS2 client screenshot from wildernessguardians.com. Embedded in: RuneHQ -> ::wildguard:: As Active As It Gets (https://web.archive.org/web/20050208080908/http://www.runehq.com:80/RHQInn/index.php?showtopic=60335).,,,2004-12-12,20050208070934,http://www.wildernessguardians.com/bronzewar05.JPG,https://web.archive.org/web/20050208070934/http://www.wildernessguardians.com/bronzewar05.JPG,,75409,eebf07fe407222d94e2076d0e56a8eda99b29b24,,
2004/December-12-2004-largebaxep2p-koti.mbnet.fi.jpg,official game: screenshot (RuneScape 2),RS2 client screenshot from koti.mbnet.fi.,,,2004-12-12,20050121015211,http://koti.mbnet.fi:80/kuukke/data/largebaxep2p.JPG,https://web.archive.org/web/20050121015211/http://koti.mbnet.fi:80/kuukke/data/largebaxep2p.JPG,,82480,1fd83bea94c5666138dfc5e28d131b8a31d8947f,,
2004/December-12-2004-runelargekillp2p-koti.mbnet.fi.jpg,official game: screenshot (RuneScape 2),RS2 client screenshot from koti.mbnet.fi.,,,2004-12-12,20050125043710,http://koti.mbnet.fi:80/kuukke/data/runelargekillp2p.JPG,https://web.archive.org/web/20050125043710/http://koti.mbnet.fi:80/kuukke/data/runelargekillp2p.JPG,,83413,4ea6c150e9277364bd058a15c51f95995bf578da,,
2004/December-12-2004-waiting5jv-img76.exs.cx.jpg,official game: screenshot (RuneScape 2),RS2 screenshot posted to a 2004-05 fansite forum thread; found by the 2001-2005 fansite re-screen,,,2004-12-12,20050206001737,http://img76.exs.cx:80/img76/204/waiting5jv.jpg,https://web.archive.org/web/20050206001737/http://img76.exs.cx:80/img76/204/waiting5jv.jpg,,108560,813009c22d7e8d49a7b54a5256587bcdd9eadd72,,
2004/December-13-2004-rs2-0034-koti.mbnet.fi.jpg,official game: screenshot (RuneScape 2),RS2 client screenshot from koti.mbnet.fi.,,,2004-12-13,20050128135040,http://koti.mbnet.fi:80/kuukke/data/Rs2-0034.JPG,https://web.archive.org/web/20050128135040/http://koti.mbnet.fi:80/kuukke/data/Rs2-0034.JPG,,76773,adca8489bb78827fcc948b678c28c1db253fe0d4,,
2004/December-14-2004-juttuhommapiste-koti.mbnet.fi.jpg,official game: screenshot (RuneScape 2),RS2 client screenshot from koti.mbnet.fi.,,,2004-12-14,20050121015956,http://koti.mbnet.fi:80/kuukke/data/juttuhommapiste.JPG,https://web.archive.org/web/20050121015956/http://koti.mbnet.fi:80/kuukke/data/juttuhommapiste.JPG,,79592,bb4fd846df647fdd58ba631abb04f307ba894e19,,
2004/December-14-2004-nubstats-koti.mbnet.fi.jpg,official game: screenshot (RuneScape 2),RS2 client screenshot from koti.mbnet.fi.,,,2004-12-14,20050121011102,http://koti.mbnet.fi:80/kuukke/data/nubstats.JPG,https://web.archive.org/web/20050121011102/http://koti.mbnet.fi:80/kuukke/data/nubstats.JPG,,75949,cf438549f9b9d1080f1d4084249cb0650eee06ce,,
2004/December-14-2004-saradomin-img131.exs.cx.png,official game: screenshot (RuneScape 2),"RS2 client screenshot. Posted in the forum thread ""Runescape Community -> Castle Wars"".",,,2004-12-14,20050118023527,http://img131.exs.cx:80/img131/2514/saradomin8wf.png,https://web.archive.org/web/20050118023527/http://img131.exs.cx:80/img131/2514/saradomin8wf.png,https://web.archive.org/web/20050102015537/http://www.runescapecommunity.com:80/index.php?showtopic=227066,86534,438190d07c54778d7c8bb808f8049caedb358552,,
2004/December-14-2004-wwwww-koti.mbnet.fi.jpg,official game: screenshot (RuneScape 2),RS2 client screenshot from koti.mbnet.fi.,,,2004-12-14,20050122203221,http://koti.mbnet.fi:80/kuukke/data/wwwww.JPG,https://web.archive.org/web/20050122203221/http://koti.mbnet.fi:80/kuukke/data/wwwww.JPG,,102871,07fdcec7042b7d9ef29ef00bcf735accb82d8417,,
2004/December-15-2004-dragon-sini-kilpi-koti.mbnet.fi.jpg,official game: screenshot (RuneScape 2),RS2 client screenshot from koti.mbnet.fi.,,,2004-12-15,20050128143628,http://koti.mbnet.fi:80/kuukke/data/dragon%20sini%20(kilpi).JPG,https://web.archive.org/web/20050128143628/http://koti.mbnet.fi:80/kuukke/data/dragon%20sini%20(kilpi).JPG,,82085,4eb51c41bbab5f8e352654a25328861ea6f8426d,,
2004/December-15-2004-kill10ez-img158.exs.cx.gif,official game: screenshot (RuneScape 2),RS2 screenshot posted to a 2004-05 fansite forum thread; found by the 2001-2005 fansite re-screen,,,2004-12-15,20050210011359,http://img158.exs.cx:80/img158/764/kill10ez.gif,https://web.archive.org/web/20050210011359/http://img158.exs.cx:80/img158/764/kill10ez.gif,,222349,fbea7c497f6cae183447e9b20825ae82c7faae12,,
2004/December-15-2004-onkoeespro-koti.mbnet.fi.jpg,official game: screenshot (RuneScape 2),RS2 client screenshot from koti.mbnet.fi.,,,2004-12-15,20050125042844,http://koti.mbnet.fi:80/kuukke/data/onkoeespro.JPG,https://web.archive.org/web/20050125042844/http://koti.mbnet.fi:80/kuukke/data/onkoeespro.JPG,,187437,410be9bf4182e659be5a7c442f92ad6e45002462,,
2004/December-16-2004-bollenyn-ownage-statsit2-koti.mbnet.fi.jpg,official game: screenshot (RuneScape 2),RS2 client screenshot from koti.mbnet.fi.,,,2004-12-16,20050123090414,http://koti.mbnet.fi:80/kuukke/data/BOLLENYN_OWNAGE_STATSIT2.JPG,https://web.archive.org/web/20050123090414/http://koti.mbnet.fi:80/kuukke/data/BOLLENYN_OWNAGE_STATSIT2.JPG,,53317,c6986f6f9d7174c0480119fcda3eff9aa3947fff,,
2004/December-16-2004-opski-950-koti.mbnet.fi.jpg,official game: screenshot (RuneScape 2),RS2 client screenshot from koti.mbnet.fi.,,,2004-12-16,20050123084318,http://koti.mbnet.fi:80/kuukke/data/Opski%20950.JPG,https://web.archive.org/web/20050123084318/http://koti.mbnet.fi:80/kuukke/data/Opski%20950.JPG,,67025,60bd631fdc3a48d20a5913a5134f35a01a759011,,
2004/December-16-2004-rsbank-koti.mbnet.fi.jpg,official game: screenshot (RuneScape 2),RS2 client screenshot from koti.mbnet.fi.,,,2004-12-16,20050122203331,http://koti.mbnet.fi:80/kuukke/data/RSBANK.JPG,https://web.archive.org/web/20050122203331/http://koti.mbnet.fi:80/kuukke/data/RSBANK.JPG,,117448,4669de0976a75485716c8d03adce7dd283e3e596,,
2004/December-16-2004-rsstats-koti.mbnet.fi.jpg,official game: screenshot (RuneScape 2),RS2 client screenshot from koti.mbnet.fi.,,,2004-12-16,20050121012850,http://koti.mbnet.fi:80/kuukke/data/RSSTATS.JPG,https://web.archive.org/web/20050121012850/http://koti.mbnet.fi:80/kuukke/data/RSSTATS.JPG,,116094,96ca6524007ef527d83438ec97f800be835a5e4f,,
2004/December-18-2004-kaaa-koti.mbnet.fi.jpg,official game: screenshot (RuneScape 2),RS2 client screenshot from koti.mbnet.fi.,,,2004-12-18,20050121011908,http://koti.mbnet.fi:80/kuukke/data/kaaa.JPG,https://web.archive.org/web/20050121011908/http://koti.mbnet.fi:80/kuukke/data/kaaa.JPG,,93455,9181fe47e7ccb39655cb395e3efc0a91c5581f6d,,
2004/December-18-2004-wtfdwarf-koti.mbnet.fi.jpg,official game: screenshot (RuneScape 2),RS2 client screenshot from koti.mbnet.fi.,,,2004-12-18,20050122204556,http://koti.mbnet.fi:80/kuukke/data/wtfdwarf.JPG,https://web.archive.org/web/20050122204556/http://koti.mbnet.fi:80/kuukke/data/wtfdwarf.JPG,,90897,6fc5abcb8e11c6159aeb71f2cc161db4c146511d,,
2004/December-19-2004-162ph-img135.exs.cx.jpg,official game: screenshot (RuneScape 2),RS2 screenshot posted to a 2004-05 fansite forum thread; found by the 2001-2005 fansite re-screen,,,2004-12-19,20050210002753,http://img135.exs.cx:80/img135/5010/162ph.jpg,https://web.archive.org/web/20050210002753/http://img135.exs.cx:80/img135/5010/162ph.jpg,,88683,3de7a5027774dcd75a674ad477817c28813773b4,,
2004/December-19-2004-chr40vx-img83.exs.cx.png,official game: screenshot (RuneScape 2),RS2 screenshot posted to a 2004-05 fansite forum thread; found by the 2001-2005 fansite re-screen,,,2004-12-19,20050210000215,http://img83.exs.cx:80/img83/7646/chr40vx.png,https://web.archive.org/web/20050210000215/http://img83.exs.cx:80/img83/7646/chr40vx.png,,158069,141c161a98c35f5f394c32e068c6371883e13217,,
2004/December-19-2004-invpic12hf-img159.exs.cx.png,official game: screenshot (RuneScape 2),RS2 screenshot posted to a 2004-05 fansite forum thread; found by the 2001-2005 fansite re-screen,,,2004-12-19,20050210004803,http://img159.exs.cx:80/img159/2812/invpic12hf.png,https://web.archive.org/web/20050210004803/http://img159.exs.cx:80/img159/2812/invpic12hf.png,,147275,1e48254d3bf431d2cf63fa58d1c3f0242377292d,,
2004/December-19-2004-jouludop-party-403-koti.mbnet.fi.png,official game: screenshot (RuneScape 2),RS2 client screenshot from koti.mbnet.fi.,,,2004-12-19,20050125044036,http://koti.mbnet.fi:80/kuukke/data/jouludop%20party%20%20403.PNG,https://web.archive.org/web/20050125044036/http://koti.mbnet.fi:80/kuukke/data/jouludop%20party%20%20403.PNG,,165216,c64a59fcabade28a8b5c8d298d5dfaee8f5956ed,,
2004/December-19-2004-noobstatsn00b-koti.mbnet.fi.jpg,official game: screenshot (RuneScape 2),RS2 client screenshot from koti.mbnet.fi.,,,2004-12-19,20050122210447,http://koti.mbnet.fi:80/kuukke/data/noobstatsn00b.JPG,https://web.archive.org/web/20050122210447/http://koti.mbnet.fi:80/kuukke/data/noobstatsn00b.JPG,,86024,a2360ca70f6f53183047aaad6a186a9a10d6c536,,
2004/December-19-2004-rate-mun-ranged-ukko-koti.mbnet.fi.png,official game: screenshot (RuneScape 2),RS2 client screenshot from koti.mbnet.fi.,,,2004-12-19,20050113055307,http://koti.mbnet.fi:80/kuukke/data/!rate%20mun%20ranged%20ukko.PNG,https://web.archive.org/web/20050113055307/http://koti.mbnet.fi:80/kuukke/data/!rate%20mun%20ranged%20ukko.PNG,,144049,9107306989c47bf6fa1d76d4598d9dbabe7661dd,,
2004/December-19-2004-wildy60-wildernessguardians.com.jpg,official game: screenshot (RuneScape 2),RS2 client screenshot from wildernessguardians.com. Embedded in: RuneHQ -> ::wildguard:: As Active As It Gets (https://web.archive.org/web/20050208080908/http://www.runehq.com:80/RHQInn/index.php?showtopic=60335).,,,2004-12-19,20050215031142,http://www.wildernessguardians.com/wildy60.JPG,https://web.archive.org/web/20050215031142/http://www.wildernessguardians.com/wildy60.JPG,,80156,527dc5d2c814c7a258bc14a5cbb2a63e1c77696f,,
2004/December-2-2004-mage-75-koti.mbnet.fi.png,official game: screenshot (RuneScape 2),RS2 client screenshot from koti.mbnet.fi.,,,2004-12-02,20050113050049,http://koti.mbnet.fi:80/kuukke/data/mage_75.PNG,https://web.archive.org/web/20050113050049/http://koti.mbnet.fi:80/kuukke/data/mage_75.PNG,,235846,d53bc8d9edae52ea00165e553aaec3b405d9b040,,
2004/December-20-2004-granitetappo-koti.mbnet.fi.jpg,official game: screenshot (RuneScape 2),RS2 client screenshot from koti.mbnet.fi.,,,2004-12-20,20050113052212,http://koti.mbnet.fi:80/kuukke/data/granitetappo.JPG,https://web.archive.org/web/20050113052212/http://koti.mbnet.fi:80/kuukke/data/granitetappo.JPG,,80551,29db1e21d5f3272c31ebe089a4031a3e0ed610e2,,
2004/December-20-2004-honkkis-nuup-server3.uploadit.org.jpg,official game: screenshot (RuneScape 2),RS2 client screenshot from server3.uploadit.org.,,,2004-12-20,20050113160830,http://server3.uploadit.org:80/files/Honkkis-nuup.JPG,https://web.archive.org/web/20050113160830/http://server3.uploadit.org:80/files/Honkkis-nuup.JPG,,78573,221e22c6032bd1fe198d464c71cbd135eb75acad,,
2004/December-20-2004-honkkis-nuup2-server3.uploadit.org.jpg,official game: screenshot (RuneScape 2),RS2 client screenshot from server3.uploadit.org.,,,2004-12-20,20050113160852,http://server3.uploadit.org:80/files/Honkkis-nuup2.JPG,https://web.archive.org/web/20050113160852/http://server3.uploadit.org:80/files/Honkkis-nuup2.JPG,,69689,c228ed95c5a9230196348f6e3013a0ef0f9259b7,,
2004/December-21-2004-anniversary18-wildernessguardians.com.jpg,official game: screenshot (RuneScape 2),RS2 client screenshot from wildernessguardians.com. Embedded in: RuneHQ -> ::wildguard:: As Active As It Gets (https://web.archive.org/web/20050208080908/http://www.runehq.com:80/RHQInn/index.php?showtopic=60335).,,,2004-12-21,20050314093309,http://www.wildernessguardians.com/anniversary18.JPG,https://web.archive.org/web/20050314093309/http://www.wildernessguardians.com/anniversary18.JPG,,87569,d2525e362a623205fa802389cd829bc168060338,,
2004/December-21-2004-anniversary34-wildernessguardians.com.jpg,official game: screenshot (RuneScape 2),RS2 client screenshot from wildernessguardians.com. Embedded in: RuneHQ -> ::wildguard:: As Active As It Gets (https://web.archive.org/web/20050208080908/http://www.runehq.com:80/RHQInn/index.php?showtopic=60335).,,,2004-12-21,20050319165827,http://www.wildernessguardians.com/anniversary34.JPG,https://web.archive.org/web/20050319165827/http://www.wildernessguardians.com/anniversary34.JPG,,87114,4b857900b4839039814a2291ceb711ca133b914f,,
2004/December-21-2004-joulupukki-koti.mbnet.fi.jpg,official game: screenshot (RuneScape 2),RS2 client screenshot from koti.mbnet.fi.,,,2004-12-21,20050113051350,http://koti.mbnet.fi:80/kuukke/data/Joulupukki.JPG,https://web.archive.org/web/20050113051350/http://koti.mbnet.fi:80/kuukke/data/Joulupukki.JPG,,76253,10eb547a5d0eea0bb8b483309d821526fb73a12a,,
2004/December-21-2004-statsuptade-koti.mbnet.fi.jpg,official game: screenshot (RuneScape 2),RS2 client screenshot from koti.mbnet.fi.,,,2004-12-21,20050121014932,http://koti.mbnet.fi:80/kuukke/data/statsuptade.JPG,https://web.archive.org/web/20050121014932/http://koti.mbnet.fi:80/kuukke/data/statsuptade.JPG,,77030,a2bc2ea8d945c980854046e5648b872af898c6ef,,
2004/December-22-2004-attakki-60-koti.mbnet.fi.png,official game: screenshot (RuneScape 2),RS2 client screenshot from koti.mbnet.fi.,,,2004-12-22,20050128140504,http://koti.mbnet.fi:80/kuukke/data/attakki...60.PNG,https://web.archive.org/web/20050128140504/http://koti.mbnet.fi:80/kuukke/data/attakki...60.PNG,,145779,893932891c92f5354dfe5f59e9bc68d2c21c0aef,,
2004/December-22-2004-lordronak-73-server3.uploadit.org.jpg,official game: screenshot (RuneScape 2),RS2 client screenshot from server3.uploadit.org.,,,2004-12-22,20050118095506,http://server3.uploadit.org:80/files/LordRonak-73.JPG,https://web.archive.org/web/20050118095506/http://server3.uploadit.org:80/files/LordRonak-73.JPG,,56624,2689c7cc088bc5b15eb25525204d9fd3900c738b,,
2004/December-22-2004-strength-81-ro0ni-koti.mbnet.fi.png,official game: screenshot (RuneScape 2),RS2 client screenshot from koti.mbnet.fi.,,,2004-12-22,20050128161928,http://koti.mbnet.fi:80/kuukke/data/Strength%2081%20%5bro0ni%5d.PNG,https://web.archive.org/web/20050128161928/http://koti.mbnet.fi:80/kuukke/data/Strength%2081%20%5bro0ni%5d.PNG,,128926,16f1d768e11fbfe9bc584745ab07284125910042,,
2004/December-23-2004-1-img151.exs.cx.png,official game: screenshot (RuneScape 2),"RS2 client screenshot. Posted in the forum thread ""RuneHQ -> Monkey Greegree Guide"".",,,2004-12-23,20050209173723,http://img151.exs.cx:80/img151/4103/13yb.png,https://web.archive.org/web/20050209173723/http://img151.exs.cx:80/img151/4103/13yb.png,https://web.archive.org/web/20050115232006/http://www.runehq.com:80/RHQInn/index.php?showtopic=54662,238404,a0043f982b33b6adce78fff93d17e390adc1b1e7,,
2004/December-23-2004-5-img151.exs.cx.png,official game: screenshot (RuneScape 2),"RS2 client screenshot. Posted in the forum thread ""RuneHQ -> Monkey Greegree Guide"".",,,2004-12-23,20050210002558,http://img151.exs.cx:80/img151/5871/59jg.png,https://web.archive.org/web/20050210002558/http://img151.exs.cx:80/img151/5871/59jg.png,https://web.archive.org/web/20050115232006/http://www.runehq.com:80/RHQInn/index.php?showtopic=54662,68519,0296241e3c1bca226798f3bdd88109a3e2fa4b54,,
2004/December-23-2004-fullrune-koti.mbnet.fi.png,official game: screenshot (RuneScape 2),RS2 client screenshot from koti.mbnet.fi.,,,2004-12-23,20050128135113,http://koti.mbnet.fi:80/kuukke/data/fullrune.PNG,https://web.archive.org/web/20050128135113/http://koti.mbnet.fi:80/kuukke/data/fullrune.PNG,,142064,3916352631b5fda6f286e58bbb530c4ee94587b4,,
2004/December-23-2004-kodlazyk-simmias-server3.uploadit.org.jpg,official game: screenshot (RuneScape 2),RS2 client screenshot from server3.uploadit.org.,,,2004-12-23,20050116232916,http://server3.uploadit.org:80/files/KoDLazyK-simmias.JPG,https://web.archive.org/web/20050116232916/http://server3.uploadit.org:80/files/KoDLazyK-simmias.JPG,,83525,cdaba27a83bd3102c4cdce07a838a93c1883abcb,,
2004/December-23-2004-lvl-95-koti.mbnet.fi.png,official game: screenshot (RuneScape 2),RS2 client screenshot from koti.mbnet.fi.,,,2004-12-23,20050113050602,http://koti.mbnet.fi:80/kuukke/data/lvl%2095.PNG,https://web.archive.org/web/20050113050602/http://koti.mbnet.fi:80/kuukke/data/lvl%2095.PNG,,169174,20a5e2d1f60effc468e758ffb9dd60b5583feaf1,,
2004/December-23-2004-sauron-combat110-koti.mbnet.fi.jpg,official game: screenshot (RuneScape 2),RS2 client screenshot from koti.mbnet.fi.,,,2004-12-23,20050122202106,http://koti.mbnet.fi:80/kuukke/data/sauron_combat110.JPG,https://web.archive.org/web/20050122202106/http://koti.mbnet.fi:80/kuukke/data/sauron_combat110.JPG,,69195,4df643832d4ebf2c6b1f6882bed1884933b0bd17,,
2004/December-23-2004-wolveriini-koti.mbnet.fi.jpg,official game: screenshot (RuneScape 2),RS2 client screenshot from koti.mbnet.fi.,,,2004-12-23,20050129232554,http://koti.mbnet.fi:80/kuukke/data/wolveriini.JPG,https://web.archive.org/web/20050129232554/http://koti.mbnet.fi:80/kuukke/data/wolveriini.JPG,,72705,fc5aa44592d32a35cedab08af786e6c247f82088,,
2004/December-24-2004-2hpker-killone-server3.uploadit.org.jpg,official game: screenshot (RuneScape 2),RS2 client screenshot from server3.uploadit.org.,,,2004-12-24,20041230190906,http://server3.uploadit.org:80/files/2hpker-killone.JPG,https://web.archive.org/web/20041230190906/http://server3.uploadit.org:80/files/2hpker-killone.JPG,,85026,22e466426c40fc4b0497b969811855197d72f52a,,
2004/December-24-2004-anniversary52-wildernessguardians.com.jpg,official game: screenshot (RuneScape 2),RS2 client screenshot from wildernessguardians.com. Embedded in: RuneHQ -> ::wildguard:: As Active As It Gets (https://web.archive.org/web/20050208080908/http://www.runehq.com:80/RHQInn/index.php?showtopic=60335).,,,2004-12-24,20050322065931,http://www.wildernessguardians.com/anniversary52.JPG,https://web.archive.org/web/20050322065931/http://www.wildernessguardians.com/anniversary52.JPG,,80577,d9d271f4e4d40e49aa95a64fe01ace11e71a12a7,,
2004/December-25-2004-2hpker-kill-server3.uploadit.org.jpg,official game: screenshot (RuneScape 2),RS2 client screenshot from server3.uploadit.org.,,,2004-12-25,20041230190729,http://server3.uploadit.org:80/files/2hpker-kill.JPG,https://web.archive.org/web/20041230190729/http://server3.uploadit.org:80/files/2hpker-kill.JPG,,81803,2e4911f75cd4536f0003183e60a2798f06359111,,
2004/December-25-2004-bluerose13-img156.exs.cx.jpg,official game: screenshot (RuneScape 2),"RS2 client screenshot. Posted in the forum thread ""Pictures of Famous People Go Here"".",,,2004-12-25,20060526234309,http://img156.exs.cx:80/img156/1493/bluerose131np.jpg,https://web.archive.org/web/20060526234309/http://img156.exs.cx:80/img156/1493/bluerose131np.jpg,https://web.archive.org/web/20060310113259/http://forums.rsbandb.com:80/viewtopic.php?t=1345,12471,b98af6c78a2e5dfcb96968284956719d7a052c9f,,
2004/December-27-2004-fullrunemukava-koti.mbnet.fi.jpg,official game: screenshot (RuneScape 2),RS2 client screenshot from koti.mbnet.fi.,,,2004-12-27,20050128140928,http://koti.mbnet.fi:80/kuukke/data/fullrunemukava.JPG,https://web.archive.org/web/20050128140928/http://koti.mbnet.fi:80/kuukke/data/fullrunemukava.JPG,,89969,d5cc2d6b69e53aa9371e39d2c884b1ec9adbba69,,
2004/December-27-2004-recovsunset11224-koti.mbnet.fi.jpg,official game: screenshot (RuneScape 2),RS2 client screenshot from koti.mbnet.fi.,,,2004-12-27,20050121020240,http://koti.mbnet.fi:80/kuukke/data/recovsunset11224.JPG,https://web.archive.org/web/20050121020240/http://koti.mbnet.fi:80/kuukke/data/recovsunset11224.JPG,,102238,109ef74e6e33dcff0ce85d408f4db521bd34d085,,
2004/December-27-2004-rikous-dead-koti.mbnet.fi.png,official game: screenshot (RuneScape 2),RS2 client screenshot from koti.mbnet.fi.,,,2004-12-27,20050121014912,http://koti.mbnet.fi:80/kuukke/data/rikous_Dead.PNG,https://web.archive.org/web/20050121014912/http://koti.mbnet.fi:80/kuukke/data/rikous_Dead.PNG,,143539,fde71ca801c992e3aa81fcd8ececdfa56d396ff9,,
2004/December-27-2004-tasty-gun-dead-koti.mbnet.fi.png,official game: screenshot (RuneScape 2),RS2 client screenshot from koti.mbnet.fi.,,,2004-12-27,20050121015828,http://koti.mbnet.fi:80/kuukke/data/tasty_gun_dead.PNG,https://web.archive.org/web/20050121015828/http://koti.mbnet.fi:80/kuukke/data/tasty_gun_dead.PNG,,134799,cd8144993f762b65a5641e5749c43b588cc705f6,,
2004/December-27-2004-wilderness-pking-27-dec-client-members.lycos.nl.jpg,official game: screenshot (RuneScape 2),"RS2 client screenshot of a Wilderness PK trip (27 December), attack menu over a crowd, from a Dutch player's lycos.nl page embedded in a 2005 fansite forum post",,,2004-12-27,20050215080201,http://members.lycos.nl/marscards/images/pking27dec.JPG,https://web.archive.org/web/20050215080201/http://members.lycos.nl/marscards/images/pking27dec.JPG,,82729,3803dc0d07afa3d9184294b916c5d723f1e64c89,,
2004/December-27-2004-yoslaveitfsada-koti.mbnet.fi.jpg,official game: screenshot (RuneScape 2),RS2 client screenshot from koti.mbnet.fi.,,,2004-12-27,20050121015840,http://koti.mbnet.fi:80/kuukke/data/yoslaveitfsada.JPG,https://web.archive.org/web/20050121015840/http://koti.mbnet.fi:80/kuukke/data/yoslaveitfsada.JPG,,95523,5d976c9648ccd3c4cdd2a4d45bf13c7105857d0d,,
2004/December-28-2004-2hpker-attack-server3.uploadit.org.jpg,official game: screenshot (RuneScape 2),RS2 client screenshot from server3.uploadit.org.,,,2004-12-28,20041230190816,http://server3.uploadit.org:80/files/2hpker-attack.JPG,https://web.archive.org/web/20041230190816/http://server3.uploadit.org:80/files/2hpker-attack.JPG,,70626,d43d1e6055d1877aff280df8d956a99f0d571bfd,,
2004/December-28-2004-heresmybank-koti.mbnet.fi.jpg,official game: screenshot (RuneScape 2),RS2 client screenshot from koti.mbnet.fi.,,,2004-12-28,20050125043538,http://koti.mbnet.fi:80/kuukke/data/heresmybank.JPG,https://web.archive.org/web/20050125043538/http://koti.mbnet.fi:80/kuukke/data/heresmybank.JPG,,75753,7d48ff4c2e95b9e8d14f9156910d1499bc3c4459,,
2004/December-28-2004-mainintsats1241-koti.mbnet.fi.jpg,official game: screenshot (RuneScape 2),RS2 client screenshot from koti.mbnet.fi.,,,2004-12-28,20050128141139,http://koti.mbnet.fi:80/kuukke/data/mainintsats1241.JPG,https://web.archive.org/web/20050128141139/http://koti.mbnet.fi:80/kuukke/data/mainintsats1241.JPG,,99828,48817a19dadc7d473c18c04b87dcbb67d722a5ea,,
2004/December-28-2004-ownedloversl-koti.mbnet.fi.jpg,official game: screenshot (RuneScape 2),RS2 client screenshot from koti.mbnet.fi.,,,2004-12-28,20050122210159,http://koti.mbnet.fi:80/kuukke/data/ownedloversl.JPG,https://web.archive.org/web/20050122210159/http://koti.mbnet.fi:80/kuukke/data/ownedloversl.JPG,,77884,7eda0001da9ffe06ba921a6abad8272b404c6c90,,
2004/December-29-2004-benexne-koti.mbnet.fi.jpg,official game: screenshot (RuneScape 2),RS2 client screenshot from koti.mbnet.fi.,,,2004-12-29,20050113050004,http://koti.mbnet.fi:80/kuukke/data/benexne.JPG,https://web.archive.org/web/20050113050004/http://koti.mbnet.fi:80/kuukke/data/benexne.JPG,,96574,1711bb0c5dd8f77e22939cadc7d7c506009e475e,,
2004/December-29-2004-boofulljee-koti.mbnet.fi.jpg,official game: screenshot (RuneScape 2),RS2 client screenshot from koti.mbnet.fi.,,,2004-12-29,20050113051430,http://koti.mbnet.fi:80/kuukke/data/boofulljee.JPG,https://web.archive.org/web/20050113051430/http://koti.mbnet.fi:80/kuukke/data/boofulljee.JPG,,79774,acbb16a3c395dc7581f8002711439131198c66c2,,
2004/December-29-2004-boonillataas-koti.mbnet.fi.png,official game: screenshot (RuneScape 2),RS2 client screenshot from koti.mbnet.fi.,,,2004-12-29,20050128140512,http://koti.mbnet.fi:80/kuukke/data/boonillataas.PNG,https://web.archive.org/web/20050128140512/http://koti.mbnet.fi:80/kuukke/data/boonillataas.PNG,,163779,8e550a704a5d1c01faf3a7f6e6dd0d9d31eac561,,
2004/December-29-2004-jr-mage-79-koti.mbnet.fi.png,official game: screenshot (RuneScape 2),RS2 client screenshot from koti.mbnet.fi.,,,2004-12-29,20050123081433,http://koti.mbnet.fi:80/kuukke/data/jr_mage%2079.PNG,https://web.archive.org/web/20050123081433/http://koti.mbnet.fi:80/kuukke/data/jr_mage%2079.PNG,,185159,048fdd3b1e44a8cb0d4572907f2f2c6d07a1d00f,,
2004/December-29-2004-mazemaze-koti.mbnet.fi.jpg,official game: screenshot (RuneScape 2),RS2 client screenshot from koti.mbnet.fi.,,,2004-12-29,20050123083127,http://koti.mbnet.fi:80/kuukke/data/MAZEMAZE.JPG,https://web.archive.org/web/20050123083127/http://koti.mbnet.fi:80/kuukke/data/MAZEMAZE.JPG,,77123,21febecb46678ebf3f42a559e55eb4fc78baa3ec,,
2004/December-29-2004-zezima-sighting-client-rsbandb.com.jpg,official game: screenshot (RuneScape 2),"RS2 client screenshot of a Zezima sighting, right-click menu showing Trade with / Follow Zezima, from rsbandb.com's image folder embedded in a fansite forum post (this capture is from 2013)",,,2004-12-29,20130618034057,http://www.rsbandb.com/images/random/zez.JPG,https://web.archive.org/web/20130618034057/http://www.rsbandb.com/images/random/zez.JPG,,109651,1b77c470e0b1b280884cb6db30466bf5fd5effed,,
2004/December-29-2004-zomgmagic80nub-koti.mbnet.fi.png,official game: screenshot (RuneScape 2),RS2 client screenshot from koti.mbnet.fi.,,,2004-12-29,20050123085015,http://koti.mbnet.fi:80/kuukke/data/zomgmagic80nub.PNG,https://web.archive.org/web/20050123085015/http://koti.mbnet.fi:80/kuukke/data/zomgmagic80nub.PNG,,136013,9d9c26507f2fc0383295d0ff0831e134a688b52d,,
2004/December-3-2004-amadeus-14-koti.mbnet.fi.jpg,official game: screenshot (RuneScape 2),RS2 client screenshot from koti.mbnet.fi.,,,2004-12-03,20041209135700,http://koti.mbnet.fi:80/tarpuqqa/amadeus%2014.JPG,https://web.archive.org/web/20041209135700/http://koti.mbnet.fi:80/tarpuqqa/amadeus%2014.JPG,,96051,eb7f122c963e896fabbcc3854a43aa7a7a2990a2,,
2004/December-3-2004-amadeus14-koti.mbnet.fi.jpg,official game: screenshot (RuneScape 2),RS2 client screenshot from koti.mbnet.fi.,,,2004-12-03,20041209141320,http://koti.mbnet.fi:80/tarpuqqa/amadeus14.JPG,https://web.archive.org/web/20041209141320/http://koti.mbnet.fi:80/tarpuqqa/amadeus14.JPG,,79260,d2429c49324f3b585d12d500fc76af6931e4c97b,,
2004/December-3-2004-musoolo1-koti.mbnet.fi.jpg,official game: screenshot (RuneScape 2),RS2 client screenshot from koti.mbnet.fi.,,,2004-12-03,20050122201804,http://koti.mbnet.fi:80/kuukke/data/MUsoolo1.JPG,https://web.archive.org/web/20050122201804/http://koti.mbnet.fi:80/kuukke/data/MUsoolo1.JPG,,87003,d24dbfb86f3a54ef24a10b25116d4d1bead52d26,,
2004/December-30-2004-nuolenrune-koti.mbnet.fi.jpg,official game: screenshot (RuneScape 2),RS2 client screenshot from koti.mbnet.fi.,,,2004-12-30,20050113051354,http://koti.mbnet.fi:80/kuukke/data/Nuolenrune.JPG,https://web.archive.org/web/20050113051354/http://koti.mbnet.fi:80/kuukke/data/Nuolenrune.JPG,,79446,58f4046605e11f5ae2cce2dd23d8340f0449adb8,,
2004/December-30-2004-whiptail901-dead-koti.mbnet.fi.png,official game: screenshot (RuneScape 2),RS2 client screenshot from koti.mbnet.fi.,,,2004-12-30,20050122211613,http://koti.mbnet.fi:80/kuukke/data/whiptail901%20dead.PNG,https://web.archive.org/web/20050122211613/http://koti.mbnet.fi:80/kuukke/data/whiptail901%20dead.PNG,,104636,ef0a2fc90a07623fe7b127361d92be5cf89da361,,
2004/December-31-2004-jstam3-dragonplate3-server2.uploadit.org.jpg,official game: screenshot (RuneScape 2),RS2 client screenshot from server2.uploadit.org.,,,2004-12-31,20051116125056,http://server2.uploadit.org:80/files/jstam3-dragonplate3.JPG,https://web.archive.org/web/20051116125056/http://server2.uploadit.org:80/files/jstam3-dragonplate3.JPG,,85585,0462c85572e1faec598d45ec65888950778790fa,,
2004/December-4-2004-777scuba777-zerizon-server3.uploadit.org.jpg,official game: screenshot (RuneScape 2),RS2 client screenshot from server3.uploadit.org.,,,2004-12-04,20041230192046,http://server3.uploadit.org:80/files/777scuba777-zerizon.JPG,https://web.archive.org/web/20041230192046/http://server3.uploadit.org:80/files/777scuba777-zerizon.JPG,,84111,03f9452bdf7ba012c047127e64d97a3f16ea63fc,,
2004/December-4-2004-fd-whitephatinstore-th-img119.exs.cx.jpg,official game: screenshot (RuneScape 2),"RS2 client screenshot. Posted in the forum thread ""RuneHQ -> White Phat"".",,,2004-12-04,20050118120310,http://img119.exs.cx:80/img119/6991/fd-WhitePhatinStore.th.jpg,https://web.archive.org/web/20050118120310/http://img119.exs.cx:80/img119/6991/fd-WhitePhatinStore.th.jpg,https://web.archive.org/web/20050124010150/http://www.runehq.com:80/RHQInn/index.php?showtopic=48039,3933,96f9b9ac4407ec63d5a8aebc77aa5bf0edcf9bb6,,
2004/December-4-2004-legends-done-ee.1asphost.com.jpg,official game: screenshot (RuneScape 2),RS2 screenshot posted to a 2004-05 fansite forum thread; found by the 2001-2005 fansite re-screen,,,2004-12-04,20050116125346,http://ee.1asphost.com:80/endless2/LEGENDS%20DONE.JPG,https://web.archive.org/web/20050116125346/http://ee.1asphost.com:80/endless2/LEGENDS%20DONE.JPG,,117349,0ebd130493618d392b0967a9c3ad5c04c7883c20,,
2004/December-4-2004-superbob1-koti.mbnet.fi.jpg,official game: screenshot (RuneScape 2),RS2 client screenshot from koti.mbnet.fi.,,,2004-12-04,20050123083918,http://koti.mbnet.fi:80/kuukke/data/superbob1.JPG,https://web.archive.org/web/20050123083918/http://koti.mbnet.fi:80/kuukke/data/superbob1.JPG,,80928,fcbbd5c1840615e51ad2c72c3fc2e8719d5b638c,,
2004/December-4-2004-villef5-90-koti.mbnet.fi.jpg,official game: screenshot (RuneScape 2),RS2 client screenshot from koti.mbnet.fi.,,,2004-12-04,20050123084603,http://koti.mbnet.fi:80/kuukke/data/Villef5%2090.JPG,https://web.archive.org/web/20050123084603/http://koti.mbnet.fi:80/kuukke/data/Villef5%2090.JPG,,81670,ca552dc8bba524d9aa2d0a0ae52a2dddc980b174,,
2004/December-5-2004-bkg-picsplace.to.jpg,official game: screenshot (RuneScape 2),RS2 screenshot posted to a 2004-05 fansite forum thread; found by the 2001-2005 fansite re-screen,,,2004-12-05,20041229005243,http://www.picsplace.to/044971/bkg.JPG,https://web.archive.org/web/20041229005243/http://www.picsplace.to/044971/bkg.JPG,,71962,e137e5011ffd943b60ccb3805b70adc9796cd889,,
2004/December-5-2004-browser-client-fence-client-img14.exs.cx.jpg,official game: screenshot (RuneScape 2),"Browser window with the RS2 client, embedded in a Jan 2005 fansite forum post (exs.cx)",,,2004-12-05,20050128174741,http://img14.exs.cx/img14/9910/i2qpeee.jpg,https://web.archive.org/web/20050128174741/http://img14.exs.cx/img14/9910/i2qpeee.jpg,,104351,4eee85d2f757b27783d07cb697eea94fe7c25eb9,,
2004/December-5-2004-kalphite1-koti.mbnet.fi.jpg,official game: screenshot (RuneScape 2),RS2 client screenshot from koti.mbnet.fi.,,,2004-12-05,20050123083813,http://koti.mbnet.fi:80/kuukke/data/kalphite1.JPG,https://web.archive.org/web/20050123083813/http://koti.mbnet.fi:80/kuukke/data/kalphite1.JPG,,83241,83c824e0d99dc745ce7d8481a0da34cacdfd56c5,,
2004/December-5-2004-kalphite2-koti.mbnet.fi.jpg,official game: screenshot (RuneScape 2),RS2 client screenshot from koti.mbnet.fi.,,,2004-12-05,20050129211824,http://koti.mbnet.fi:80/kuukke/data/kalphite2.JPG,https://web.archive.org/web/20050129211824/http://koti.mbnet.fi:80/kuukke/data/kalphite2.JPG,,75390,e78faa51e4558ff8bca773ad8fc55fc5197b2e00,,
2004/December-5-2004-new-img.photobucket.com.png,official game: screenshot (RuneScape 2),RS2 screenshot posted to a 2004-05 fansite forum thread; found by the 2001-2005 fansite re-screen,,,2004-12-05,20050118002242,http://img.photobucket.com/albums/v131/Scratchy/new.png,https://web.archive.org/web/20050118002242/http://img.photobucket.com/albums/v131/Scratchy/new.png,,165043,f937d7bb6c6ae7d9d3f5986beb8a7c70c869de44,,
2004/December-5-2004-wow-picsplace.to.jpg,official game: screenshot (RuneScape 2),RS2 screenshot posted to a 2004-05 fansite forum thread; found by the 2001-2005 fansite re-screen,,,2004-12-05,20041231041159,http://www.picsplace.to/044971/wow.jpg,https://web.archive.org/web/20041231041159/http://www.picsplace.to/044971/wow.jpg,,68373,29814257f01eda10f2e83fee1c38d3f80ba6eb55,,
2004/December-5-2004-yaochee-waratgd-server2.uploadit.org.jpg,official game: screenshot (RuneScape 2),RS2 client screenshot from server2.uploadit.org.,,,2004-12-05,20051111150119,http://server2.uploadit.org:80/files/yaochee-waratgd.JPG,https://web.archive.org/web/20051111150119/http://server2.uploadit.org:80/files/yaochee-waratgd.JPG,,90500,0e7db8a1acbe5ea67e99b057f4868bb5378aca5f,,
2004/December-6-2004-e5ubaseball23-img117.exs.cx.jpg,official game: screenshot (RuneScape 2),RS2 client screenshot from img117.exs.cx. Embedded in: RuneHQ -> 30+ Kills (https://web.archive.org/web/20041221033758/http://www.runehq.com:80/RHQInn/index.php?showtopic=48931).,,,2004-12-06,20070513230012,http://img117.exs.cx/img117/3854/e5ubaseball23.jpg,https://web.archive.org/web/20070513230012/http://img117.exs.cx/img117/3854/e5ubaseball23.jpg,,88990,a8220b37d0267f7e3fad5708aa49898e1634a47b,,
2004/December-6-2004-g2iamach3-img76.exs.cx.jpg,official game: screenshot (RuneScape 2),RS2 client screenshot from img76.exs.cx. Embedded in: RuneHQ -> 30+ Kills (https://web.archive.org/web/20041221033758/http://www.runehq.com:80/RHQInn/index.php?showtopic=48931).,,,2004-12-06,20070513225952,http://img76.exs.cx/img76/7729/g2iamach3.jpg,https://web.archive.org/web/20070513225952/http://img76.exs.cx/img76/7729/g2iamach3.jpg,,79090,2a1901323bce356c5f21c412f63c7b3ac8c8da1e,,
2004/December-6-2004-p4ibulldogsrage-img73.exs.cx.jpg,official game: screenshot (RuneScape 2),RS2 client screenshot from img73.exs.cx. Embedded in: RuneHQ -> 30+ Kills (https://web.archive.org/web/20041221033758/http://www.runehq.com:80/RHQInn/index.php?showtopic=48931).,,,2004-12-06,20070513230056,http://img73.exs.cx/img73/8375/p4ibulldogsrage.jpg,https://web.archive.org/web/20070513230056/http://img73.exs.cx/img73/8375/p4ibulldogsrage.jpg,,78062,37063370ad433a9864020e5c6d984516a24319d7,,
2004/December-7-2004-a-303-runecrypt.com.png,official game: screenshot (RuneScape 2),RS2 client screenshot from a 2004-05 fansite page (www.runecrypt.com:80); found by the 2001-2005 fansite re-screen,,,2004-12-07,20041211114810,http://www.runecrypt.com:80/mkportal/modules/gallery/album/a_303.png,https://web.archive.org/web/20041211114810/http://www.runecrypt.com:80/mkportal/modules/gallery/album/a_303.png,,88350,7d4e327492d943b3bb7c973403ea289bcbe1e256,,
2004/December-7-2004-bigpappadead-s04.imagehost.org.png,official game: screenshot (RuneScape 2),RS2 screenshot posted to a 2004-05 fansite forum thread; found by the 2001-2005 fansite re-screen,,,2004-12-07,20041229190204,http://s04.imagehost.org/1001/bigpappadead.png,https://web.archive.org/web/20041229190204/http://s04.imagehost.org/1001/bigpappadead.png,,87424,9157dcea642dd13efabd6af363fd3eaf93515d25,,
2004/December-7-2004-l1jcopycopy-img28.exs.cx.jpg,official game: screenshot (RuneScape 2),RS2 client screenshot from img28.exs.cx. Embedded in: Runescape Community -> Another Roh Pk Trip (https://web.archive.org/web/20041226211920/http://www.runescapecommunity.com:80/index.php?showtopic=223301).,,,2004-12-07,20070513080129,http://img28.exs.cx/img28/4118/l1jcopycopy.jpg,https://web.archive.org/web/20070513080129/http://img28.exs.cx/img28/4118/l1jcopycopy.jpg,,72904,927c1b24a7ae312b6a631cd2c2c8b1928909539a,,
2004/December-7-2004-safarirangerdeadfullred-s04.imagehost.org.png,official game: screenshot (RuneScape 2),RS2 client screenshot.,,,2004-12-07,20041229191527,http://s04.imagehost.org/1001/safarirangerdeadfullred.png,https://web.archive.org/web/20041229191527/http://s04.imagehost.org/1001/safarirangerdeadfullred.png,,89046,5796f1cec4ef948d826451cb0d554941136333b7,,
2004/December-7-2004-sebdadgloryammydad-s04.imagehost.org.png,official game: screenshot (RuneScape 2),RS2 screenshot posted to a 2004-05 fansite forum thread; found by the 2001-2005 fansite re-screen,,,2004-12-07,20041229193821,http://s04.imagehost.org/1001/sebdadgloryammydad.png,https://web.archive.org/web/20041229193821/http://s04.imagehost.org/1001/sebdadgloryammydad.png,,57281,1fa8fe3751122f64480215e792e11f1b0407897e,,
2004/December-7-2004-turon01fullrunekill-s04.imagehost.org.png,official game: screenshot (RuneScape 2),RS2 client screenshot.,,,2004-12-07,20041229003009,http://s04.imagehost.org/1001/turon01fullrunekill.png,https://web.archive.org/web/20041229003009/http://s04.imagehost.org/1001/turon01fullrunekill.png,,87358,d06b3b35a10663c373417ce5fd6c9769c69e55a7,,
2004/December-7-2004-u9hpktrip-img72.exs.cx.png,official game: screenshot (RuneScape 2),RS2 client screenshot from img72.exs.cx. Embedded in: Runescape Community -> Another Roh Pk Trip (https://web.archive.org/web/20041226211920/http://www.runescapecommunity.com:80/index.php?showtopic=223301).,,,2004-12-07,20070513080044,http://img72.exs.cx/img72/7837/u9hpktrip.png,https://web.archive.org/web/20070513080044/http://img72.exs.cx/img72/7837/u9hpktrip.png,,125202,3ed86a575fb3b046c5ccc6b0c042306f4432e4d1,,
2004/December-7-2004-x0huntitled1copy-img28.exs.cx.jpg,official game: screenshot (RuneScape 2),RS2 client screenshot from img28.exs.cx. Embedded in: Runescape Community -> Another Roh Pk Trip (https://web.archive.org/web/20041226211920/http://www.runescapecommunity.com:80/index.php?showtopic=223301).,,,2004-12-07,20070513080139,http://img28.exs.cx/img28/6664/x0huntitled1copy.jpg,https://web.archive.org/web/20070513080139/http://img28.exs.cx/img28/6664/x0huntitled1copy.jpg,,78440,ff111bac9c6df4ded9c9a05743f50f6f24726f6a,,
2004/December-8-2004-003-img38.exs.cx.png,official game: screenshot (RuneScape 2),RS2 client screenshot from img38.exs.cx. Embedded in: Runescape Community -> Some Duels Pks And A Bank Pic (https://web.archive.org/web/20040821135256/http://www.runescapecommunity.com:80/index.php?showtopic=160282).,,,2004-12-08,20140415214346,http://img38.exs.cx/img38/3843/003.png,https://web.archive.org/web/20140415214346/http://img38.exs.cx/img38/3843/003.png,,42685,dc885213c7a4ad98910928daa775297412b10780,,
2004/December-8-2004-040-img38.exs.cx.png,official game: screenshot (RuneScape 2),RS2 client screenshot from img38.exs.cx. Embedded in: Runescape Community -> Some Duels Pks And A Bank Pic (https://web.archive.org/web/20040821135256/http://www.runescapecommunity.com:80/index.php?showtopic=160282).,,,2004-12-08,20140415214339,http://img38.exs.cx/img38/645/040.png,https://web.archive.org/web/20140415214339/http://img38.exs.cx/img38/645/040.png,,48374,75b0688e4f745065791da60438b6ccc62d5b5dd9,,
2004/December-8-2004-041-img38.exs.cx.png,official game: screenshot (RuneScape 2),RS2 client screenshot from img38.exs.cx. Embedded in: Runescape Community -> Some Duels Pks And A Bank Pic (https://web.archive.org/web/20040821135256/http://www.runescapecommunity.com:80/index.php?showtopic=160282).,,,2004-12-08,20140415214319,http://img38.exs.cx/img38/4688/041.png,https://web.archive.org/web/20140415214319/http://img38.exs.cx/img38/4688/041.png,,44728,b44faeaae15970529228ad8f42a5b8929d2c7802,,
2004/December-8-2004-042-img38.exs.cx.png,official game: screenshot (RuneScape 2),RS2 client screenshot from img38.exs.cx. Embedded in: Runescape Community -> Some Duels Pks And A Bank Pic (https://web.archive.org/web/20040821135256/http://www.runescapecommunity.com:80/index.php?showtopic=160282).,,,2004-12-08,20140415214432,http://img38.exs.cx/img38/3121/042.png,https://web.archive.org/web/20140415214432/http://img38.exs.cx/img38/3121/042.png,,47871,1d49f4773877fd51a1ab4682ec30393a832024f0,,
2004/December-8-2004-duel541dh-img72.exs.cx.jpg,official game: screenshot (RuneScape 2),RS2 client screenshot from img72.exs.cx. Embedded in: Runescape Community -> Archurass' Dueling Frenzy... (https://web.archive.org/web/20041226211923/http://www.runescapecommunity.com:80/index.php?showtopic=223514).,,,2004-12-08,20070513075212,http://img72.exs.cx/img72/3466/duel541dh.jpg,https://web.archive.org/web/20070513075212/http://img72.exs.cx/img72/3466/duel541dh.jpg,,42839,41ab7767c7529461057ef225c2d12308413b7d37,,
2004/December-8-2004-duel558mm-img72.exs.cx.jpg,official game: screenshot (RuneScape 2),RS2 client screenshot from img72.exs.cx. Embedded in: Runescape Community -> Archurass' Dueling Frenzy... (https://web.archive.org/web/20041226211923/http://www.runescapecommunity.com:80/index.php?showtopic=223514).,,,2004-12-08,20070513075215,http://img72.exs.cx/img72/354/duel558mm.jpg,https://web.archive.org/web/20070513075215/http://img72.exs.cx/img72/354/duel558mm.jpg,,43131,2b2b3fce541205d774b7a882f4dcd0dbf63cb1c1,,
2004/December-8-2004-holygrail-img38.imageshack.us.jpg,official game: screenshot (RuneScape 2),"RS2 client screenshot. Posted in the forum thread ""Runescape Community -> The Holy Grail."".",,,2004-12-08,20060221000705,http://img38.imageshack.us/img38/1908/HolyGrail.jpg,https://web.archive.org/web/20060221000705/http://img38.imageshack.us/img38/1908/HolyGrail.jpg,https://web.archive.org/web/20041122054410/http://www.runescapecommunity.com:80/index.php?showtopic=146299,72259,f9ad645fe12c3c57fc67b7782d888fb3b8d6be9f,,
2004/December-8-2004-king-img38.imageshack.us.png,official game: screenshot (RuneScape 2),"RS2 client screenshot. Posted in the forum thread ""Runescape Community -> Priest In Peril"".",,,2004-12-08,20050118064401,http://img38.imageshack.us/img38/2193/King.png,https://web.archive.org/web/20050118064401/http://img38.imageshack.us/img38/2193/King.png,https://web.archive.org/web/20041122054426/http://www.runescapecommunity.com:80/index.php?showtopic=150741,5577,51e9aa4abb401f2e4e5de638bca70561e8e03b0b,,
2004/December-8-2004-matrixstyle-img38.exs.cx.jpg,official game: screenshot (RuneScape 2),"RS2 client screenshot. Posted in the forum thread ""Runescape Community -> The Underground Pass"".",,,2004-12-08,20050428210904,http://img38.exs.cx:80/img38/4633/matrixstyle.jpg,https://web.archive.org/web/20050428210904/http://img38.exs.cx:80/img38/4633/matrixstyle.jpg,https://web.archive.org/web/20041122054446/http://www.runescapecommunity.com:80/index.php?showtopic=164436,6820,a9ffc3143d8d92860e81edcb8b06ee02d335779f,,
2004/December-8-2004-pk194zx-img72.exs.cx.jpg,official game: screenshot (RuneScape 2),RS2 client screenshot from img72.exs.cx. Embedded in: Runescape Community -> Archurass' Dueling Frenzy... (https://web.archive.org/web/20041226211923/http://www.runescapecommunity.com:80/index.php?showtopic=223514).,,,2004-12-08,20070513075220,http://img72.exs.cx/img72/896/pk194zx.jpg,https://web.archive.org/web/20070513075220/http://img72.exs.cx/img72/896/pk194zx.jpg,,79364,5e61bfb7773068deead88fab3cd1869e45ed42db,,
2004/December-8-2004-shamantossout-img38.imageshack.us.png,official game: screenshot (RuneScape 2),"RS2 client screenshot. Posted in the forum thread ""Runescape Community -> Legends Quest"".",,,2004-12-08,20050105004432,http://img38.imageshack.us/img38/3001/shamantossout.png,https://web.archive.org/web/20050105004432/http://img38.imageshack.us/img38/3001/shamantossout.png,https://web.archive.org/web/20041122054006/http://www.runescapecommunity.com:80/index.php?showtopic=143222,120505,b31a0b34ecd379e073e72708b2e34650df927645,,
2004/December-9-2004-fishguild-koti.mbnet.fi.jpg,official game: screenshot (RuneScape 2),RS2 client screenshot from koti.mbnet.fi.,,,2004-12-09,20050113051347,http://koti.mbnet.fi:80/kuukke/data/Fishguild!.JPG,https://web.archive.org/web/20050113051347/http://koti.mbnet.fi:80/kuukke/data/Fishguild!.JPG,,95478,59fd49d6211107180753ee64c867618b06451739,,
2004/February-20-2004-treespirit-koti.mbnet.fi.jpg,official game: screenshot (RuneScape 2),RS2 client screenshot from koti.mbnet.fi.,,,2004-02-20,20050113051611,http://koti.mbnet.fi:80/kuukke/data/treespirit.JPG,https://web.archive.org/web/20050113051611/http://koti.mbnet.fi:80/kuukke/data/treespirit.JPG,,69969,2ba43617a0708f4da53e9a8354e88f4519df8433,,
2004/February-23-2004-adhavedragonmedinrs2-koti.mbnet.fi.png,official game: screenshot (RuneScape 2),RS2 client screenshot from koti.mbnet.fi.,,,2004-02-23,20041128112819,http://koti.mbnet.fi:80/kuukke/data/adhavedragonmedinrs2.PNG,https://web.archive.org/web/20041128112819/http://koti.mbnet.fi:80/kuukke/data/adhavedragonmedinrs2.PNG,,153332,24f59288c71b1759ca7803d2c8d5a4c8f1493af2,,
2004/February-25-2004-rs2waterfallpic3-runehq.com.png,official game: screenshot (RuneScape 2),RS2 client screenshot from a 2004-05 fansite page (www.runehq.com:80); found by the 2001-2005 fansite re-screen,,,2004-02-25,20040318052624,http://www.runehq.com:80/images/users/Lpoley_2982/Rs2WaterfallPic3.png,https://web.archive.org/web/20040318052624/http://www.runehq.com:80/images/users/Lpoley_2982/Rs2WaterfallPic3.png,,174597,6607c0e04aaa0882843f1917e02600c96013188a,,
2004/February-25-2004-rs2waterfallpic4-runehq.com.png,official game: screenshot (RuneScape 2),RS2 client screenshot from a 2004-05 fansite page (www.runehq.com:80); found by the 2001-2005 fansite re-screen,,,2004-02-25,20040318054546,http://www.runehq.com:80/images/users/Lpoley_2982/Rs2WaterfallPic4.png,https://web.archive.org/web/20040318054546/http://www.runehq.com:80/images/users/Lpoley_2982/Rs2WaterfallPic4.png,,153466,90710623dae623a1bb7adf9a6f411df79d321145,,
2004/February-26-2004-00000000snakus-koti.mbnet.fi.jpg,official game: screenshot (RuneScape 2),RS2 client screenshot from koti.mbnet.fi.,,,2004-02-26,20041122141948,http://koti.mbnet.fi:80/kuukke/data/00000000snakus.JPG,https://web.archive.org/web/20041122141948/http://koti.mbnet.fi:80/kuukke/data/00000000snakus.JPG,,72197,33f6e16a61bf0d8c334bc1c92d5077cfd5ed4ef8,,
2004/February-27-2004-xbepox-poison2-server6.uploadit.org.jpg,official game: screenshot (RuneScape 2),RS2 client screenshot from server6.uploadit.org.,,,2004-02-27,20040829000445,http://server6.uploadit.org:80/files/xbepox-poison2.jpg,https://web.archive.org/web/20040829000445/http://server6.uploadit.org:80/files/xbepox-poison2.jpg,,194657,b61a02e53809ffcfbfde37c071bd32bfc836ed3c,,
2004/February-4-2004-suoalue-koti.mbnet.fi.jpg,official game: screenshot (RuneScape 2),RS2 client screenshot from koti.mbnet.fi.,,,2004-02-04,20041128043114,http://koti.mbnet.fi:80/kuukke/data/suoalue.JPG,https://web.archive.org/web/20041128043114/http://koti.mbnet.fi:80/kuukke/data/suoalue.JPG,,66157,bf12d78c24a7108d47db12c0d5b1abedc1ac113a,,
2004/February-4-2004-waterfall111-koti.mbnet.fi.jpg,official game: screenshot (RuneScape 2),RS2 client screenshot from koti.mbnet.fi.,,,2004-02-04,20050123084715,http://koti.mbnet.fi:80/kuukke/data/waterfall111.JPG,https://web.archive.org/web/20050123084715/http://koti.mbnet.fi:80/kuukke/data/waterfall111.JPG,,87809,069d6758ae04d99dd787c1f849a1b59a36ecd3a7,,
2004/February-4-2004-ykskuvavaansnakus1rs2-koti.mbnet.fi.jpg,official game: screenshot (RuneScape 2),RS2 client screenshot from koti.mbnet.fi.,,,2004-02-04,20041127083248,http://koti.mbnet.fi:80/kuukke/data/ykskuvavaansnakus1rs2.JPG,https://web.archive.org/web/20041127083248/http://koti.mbnet.fi:80/kuukke/data/ykskuvavaansnakus1rs2.JPG,,65285,c8c9913eddbed8afa8a986d551cd663e4ae59ddf,,
2004/February-7-2004-rivertrolltapettubysnakus1-koti.mbnet.fi.jpg,official game: screenshot (RuneScape 2),RS2 client screenshot from koti.mbnet.fi.,,,2004-02-07,20041127202420,http://koti.mbnet.fi:80/kuukke/data/rivertrolltapettubysnakus1.JPG,https://web.archive.org/web/20041127202420/http://koti.mbnet.fi:80/kuukke/data/rivertrolltapettubysnakus1.JPG,,76220,d2a730f519cba5cbddf80ae57fe657e25bfd0ea5,,
2004/July-1-2004-1111170-rangedweee-koti.mbnet.fi.png,official game: screenshot (RuneScape 2),RS2 client screenshot from koti.mbnet.fi.,,,2004-07-01,20041122143520,http://koti.mbnet.fi:80/kuukke/data/1111170%20rangedweee.PNG,https://web.archive.org/web/20041122143520/http://koti.mbnet.fi:80/kuukke/data/1111170%20rangedweee.PNG,,103200,84483f54525bb1f3e2a7a64353666b196f15b1c2,,
2004/July-1-2004-kuva8-koti.mbnet.fi.png,official game: screenshot (RuneScape 2),RS2 client screenshot from koti.mbnet.fi.,,,2004-07-01,20050113045327,http://koti.mbnet.fi:80/kuukke/data/kuva8.PNG,https://web.archive.org/web/20050113045327/http://koti.mbnet.fi:80/kuukke/data/kuva8.PNG,,105920,2b926811ae7c0fb8b31aef93273d68b7bd2e43eb,,
2004/July-1-2004-loot-koti.mbnet.fi.jpg,official game: screenshot (RuneScape 2),RS2 client screenshot from koti.mbnet.fi.,,,2004-07-01,20040814220922,http://koti.mbnet.fi:80/kuukke/data/Loot.JPG,https://web.archive.org/web/20040814220922/http://koti.mbnet.fi:80/kuukke/data/Loot.JPG,,77803,65469d9cb935c513f59b6c49d93eff98f5b563b8,,
2004/July-1-2004-rc50-koti.mbnet.fi.png,official game: screenshot (RuneScape 2),RS2 client screenshot from koti.mbnet.fi.,,,2004-07-01,20040814220945,http://koti.mbnet.fi:80/kuukke/data/RC50.PNG,https://web.archive.org/web/20040814220945/http://koti.mbnet.fi:80/kuukke/data/RC50.PNG,,174709,3a65599a297a8df57b1212d38716465d3b0f59b7,,
2004/July-10-2004-knightcooking80-koti.mbnet.fi.jpg,official game: screenshot (RuneScape 2),RS2 client screenshot from koti.mbnet.fi.,,,2004-07-10,20050123085144,http://koti.mbnet.fi:80/kuukke/data/knightcooking80.JPG,https://web.archive.org/web/20050123085144/http://koti.mbnet.fi:80/kuukke/data/knightcooking80.JPG,,83186,6fb9bd8d42af0e1e944994ea90f698f00a1e8d89,,
2004/July-10-2004-stakewin4-img43.exs.cx.jpg,official game: screenshot (RuneScape 2),RS2 screenshot posted to a 2004-05 fansite forum thread; found by the 2001-2005 fansite re-screen,,,2004-07-10,20040823131543,http://img43.exs.cx:80/img43/2641/stakewin4.jpg,https://web.archive.org/web/20040823131543/http://img43.exs.cx:80/img43/2641/stakewin4.jpg,,76817,431b0e107bf4fe62ac49b88ddc2153c34fe0546f,,
2004/July-10-2004-stakewin9-img43.exs.cx.jpg,official game: screenshot (RuneScape 2),RS2 client screenshot from img43.exs.cx. Embedded in: Runescape Community -> Some Kills (https://web.archive.org/web/20040821135454/http://www.runescapecommunity.com:80/index.php?showtopic=154583).,,,2004-07-10,20140415214943,http://img43.exs.cx/img43/6575/stakewin9.jpg,https://web.archive.org/web/20140415214943/http://img43.exs.cx/img43/6575/stakewin9.jpg,,60028,9798dcbb9917936c94cfdcab2550d594aff91786,,
2004/July-10-2004-ttl1100-koti.mbnet.fi.png,official game: screenshot (RuneScape 2),RS2 client screenshot from koti.mbnet.fi.,,,2004-07-10,20040814221738,http://koti.mbnet.fi:80/kuukke/data/TTL1100.PNG,https://web.archive.org/web/20040814221738/http://koti.mbnet.fi:80/kuukke/data/TTL1100.PNG,,157266,a660bba4e76621046b024cbf9212b5ed3a45265e,,
2004/July-11-2004-1000-angelfire.com.gif,official game: screenshot (RuneScape 2),RS2 screenshot posted to a 2004-05 fansite forum thread; found by the 2001-2005 fansite re-screen,,,2004-07-11,20041101164216,http://www.angelfire.com/games5/nwn_theunderdark/1000.gif,https://web.archive.org/web/20041101164216/http://www.angelfire.com/games5/nwn_theunderdark/1000.gif,,147151,dadb331d181d960040f20586f156810cda63bf50,,
2004/July-11-2004-ihqniinq-koti.mbnet.fi.jpg,official game: screenshot (RuneScape 2),RS2 client screenshot from koti.mbnet.fi.,,,2004-07-11,20040716095547,http://koti.mbnet.fi:80/kuukke/data/ihqniinq.jpg,https://web.archive.org/web/20040716095547/http://koti.mbnet.fi:80/kuukke/data/ihqniinq.jpg,,296656,a9f390168b27553bab258f79c65e10a80342915e,,
2004/July-12-2004-111-wc-50-koti.mbnet.fi.jpg,official game: screenshot (RuneScape 2),RS2 client screenshot from koti.mbnet.fi.,,,2004-07-12,20040918095858,http://koti.mbnet.fi:80/kuukke/data/111%20Wc%2050.JPG,https://web.archive.org/web/20040918095858/http://koti.mbnet.fi:80/kuukke/data/111%20Wc%2050.JPG,,74835,c5bb9e82dcb06e990715d7e2d501ca0345518692,,
2004/July-12-2004-boello-stats-12-7-04-koti.mbnet.fi.jpg,official game: screenshot (RuneScape 2),RS2 client screenshot from koti.mbnet.fi.,,,2004-07-12,20050127011330,http://koti.mbnet.fi:80/kuukke/data/boello_stats_12.7.04.JPG,https://web.archive.org/web/20050127011330/http://koti.mbnet.fi:80/kuukke/data/boello_stats_12.7.04.JPG,,86512,98ec69e4ff7dfcb8f3812dd98d4989cc37bce4c0,,
2004/July-12-2004-cyrano74-img28.exs.cx.jpg,official game: screenshot (RuneScape 2),"RS2 client screenshot. Posted in the forum thread ""RuneHQ.com :: View topic - What happened to the Tangle Vine?"".",,,2004-07-12,20040823134321,http://img28.exs.cx:80/img28/6493/cyrano74.jpg,https://web.archive.org/web/20040823134321/http://img28.exs.cx:80/img28/6493/cyrano74.jpg,https://web.archive.org/web/20040823015331/http://www.runehq.com:80/TheInn/viewtopic.php?t=45329&amp,4277,a9dbc3f84f166594aa04ed73219725fca88726a6,,
2004/July-13-2004-4-runite-oren-tappo-koti.mbnet.fi.jpg,official game: screenshot (RuneScape 2),RS2 client screenshot from koti.mbnet.fi.,,,2004-07-13,20041128172800,http://koti.mbnet.fi:80/kuukke/data/4_runite_oren_tappo.JPG,https://web.archive.org/web/20041128172800/http://koti.mbnet.fi:80/kuukke/data/4_runite_oren_tappo.JPG,,85728,e78ada0ae8a0ceb6a9169bad397fa9d64b9803c8,,
2004/July-13-2004-dapimp-69-snakus1-koti.mbnet.fi.png,official game: screenshot (RuneScape 2),RS2 client screenshot from koti.mbnet.fi.,,,2004-07-13,20050123090035,http://koti.mbnet.fi:80/kuukke/data/dapimp%2069%20snakus1.PNG,https://web.archive.org/web/20050123090035/http://koti.mbnet.fi:80/kuukke/data/dapimp%2069%20snakus1.PNG,,115220,a7efd74f6da46d499f82e5692b166cb51474a32d,,
2004/July-13-2004-naturespiritpic4-img44.exs.cx.png,official game: screenshot (RuneScape 2),"RS2 client screenshot. Posted in the forum thread ""Runescape Community -> Nature Spirit"".",,,2004-07-13,20050428224236,http://img44.exs.cx:80/img44/9333/naturespiritpic4.png,https://web.archive.org/web/20050428224236/http://img44.exs.cx:80/img44/9333/naturespiritpic4.png,https://web.archive.org/web/20041127050255/http://www.runescapecommunity.com:80/index.php?showtopic=155927,540414,22920bc65d8edbc24e0aaf7a656834d777de8987,,
2004/July-13-2004-naturespiritpic7-img44.exs.cx.png,official game: screenshot (RuneScape 2),"RS2 client screenshot. Posted in the forum thread ""Runescape Community -> Nature Spirit"".",,,2004-07-13,20050428221524,http://img44.exs.cx:80/img44/7239/naturespiritpic7.png,https://web.archive.org/web/20050428221524/http://img44.exs.cx:80/img44/7239/naturespiritpic7.png,https://web.archive.org/web/20041127050255/http://www.runescapecommunity.com:80/index.php?showtopic=155927,542394,345ebf083db7214b6850429c4334cdb7806be76b,,
2004/July-13-2004-no-jes-koti.mbnet.fi.jpg,official game: screenshot (RuneScape 2),RS2 client screenshot from koti.mbnet.fi.,,,2004-07-13,20040825222137,http://koti.mbnet.fi:80/kuukke/data/No_jes.JPG,https://web.archive.org/web/20040825222137/http://koti.mbnet.fi:80/kuukke/data/No_jes.JPG,,86359,25e0856740c9f582e04ecb8fe787da21e25f9a07,,
2004/July-13-2004-pk21-runehq.com.jpg,official game: screenshot (RuneScape 2),RS2 client screenshot from a 2004-05 fansite page (www.runehq.com:80); found by the 2001-2005 fansite re-screen,,,2004-07-13,20041031051317,http://www.runehq.com:80/images/users/Evilbooyaa_10611/pk21.jpg,https://web.archive.org/web/20041031051317/http://www.runehq.com:80/images/users/Evilbooyaa_10611/pk21.jpg,,89871,6c66b096b2226bd6a37c8f3fb28261281fcdcc5c,,
2004/July-13-2004-pk22-runehq.com.jpg,official game: screenshot (RuneScape 2),RS2 client screenshot from a 2004-05 fansite page (www.runehq.com:80); found by the 2001-2005 fansite re-screen,,,2004-07-13,20041031035852,http://www.runehq.com:80/images/users/Evilbooyaa_10611/pk22.jpg,https://web.archive.org/web/20041031035852/http://www.runehq.com:80/images/users/Evilbooyaa_10611/pk22.jpg,,78065,53ba07ce27f3308cbf82092a3fba5b9993758e03,,
2004/July-13-2004-pk23-runehq.com.jpg,official game: screenshot (RuneScape 2),RS2 client screenshot from a 2004-05 fansite page (www.runehq.com:80); found by the 2001-2005 fansite re-screen,,,2004-07-13,20041031044603,http://www.runehq.com:80/images/users/Evilbooyaa_10611/pk23.jpg,https://web.archive.org/web/20041031044603/http://www.runehq.com:80/images/users/Evilbooyaa_10611/pk23.jpg,,86214,89ecdfe61c54eef85d07bc44925ac80775d1a00b,,
2004/July-13-2004-pk24-runehq.com.jpg,official game: screenshot (RuneScape 2),RS2 client screenshot from a 2004-05 fansite page (www.runehq.com:80); found by the 2001-2005 fansite re-screen,,,2004-07-13,20041031050128,http://www.runehq.com:80/images/users/Evilbooyaa_10611/pk24.jpg,https://web.archive.org/web/20041031050128/http://www.runehq.com:80/images/users/Evilbooyaa_10611/pk24.jpg,,86423,08ee86f495e7e06faeaa469d5aacd67d1fe7d5e8,,
2004/July-13-2004-pk25-runehq.com.jpg,official game: screenshot (RuneScape 2),RS2 client screenshot from a 2004-05 fansite page (www.runehq.com:80); found by the 2001-2005 fansite re-screen,,,2004-07-13,20041031051251,http://www.runehq.com:80/images/users/Evilbooyaa_10611/pk25.jpg,https://web.archive.org/web/20041031051251/http://www.runehq.com:80/images/users/Evilbooyaa_10611/pk25.jpg,,72985,0a5fb04ccbc064f7d85ff048bf1e98b1ed25ad68,,
2004/July-13-2004-rune-scimi-ja-addy-full-koti.mbnet.fi.jpg,official game: screenshot (RuneScape 2),RS2 client screenshot from koti.mbnet.fi.,,,2004-07-13,20050129212625,http://koti.mbnet.fi:80/kuukke/data/rune_scimi_ja_addy_full.JPG,https://web.archive.org/web/20050129212625/http://koti.mbnet.fi:80/kuukke/data/rune_scimi_ja_addy_full.JPG,,76850,679498c78b407ce55ec746201d6407ac72c809fd,,
2004/July-13-2004-strength-79-pwn-pwn-koti.mbnet.fi.png,official game: screenshot (RuneScape 2),RS2 client screenshot from koti.mbnet.fi.,,,2004-07-13,20041129231448,http://koti.mbnet.fi:80/kuukke/data/Strength_79_PWN_PWN.PNG,https://web.archive.org/web/20041129231448/http://koti.mbnet.fi:80/kuukke/data/Strength_79_PWN_PWN.PNG,,102291,f86bec02834959e9f13675235fb3ed3a098db89c,,
2004/July-13-2004-taas-tappo-koti.mbnet.fi.jpg,official game: screenshot (RuneScape 2),RS2 client screenshot from koti.mbnet.fi.,,,2004-07-13,20050113051603,http://koti.mbnet.fi:80/kuukke/data/taas_tappo.JPG,https://web.archive.org/web/20050113051603/http://koti.mbnet.fi:80/kuukke/data/taas_tappo.JPG,,59099,bf8a289b880cf7dd19f1009fec6272e9fc53dd12,,
2004/July-14-2004-smithing-78-koti.mbnet.fi.png,official game: screenshot (RuneScape 2),RS2 client screenshot from koti.mbnet.fi.,,,2004-07-14,20040918101208,http://koti.mbnet.fi:80/kuukke/data/!!!!!!!Smithing%2078.PNG,https://web.archive.org/web/20040918101208/http://koti.mbnet.fi:80/kuukke/data/!!!!!!!Smithing%2078.PNG,,177981,87a1bef92854acb8f64cb268ab6669a8dc82968c,,
2004/July-15-2004-90hp110combat-koti.mbnet.fi.png,official game: screenshot (RuneScape 2),RS2 client screenshot from koti.mbnet.fi.,,,2004-07-15,20040904091815,http://koti.mbnet.fi:80/~hohtava/90hp110combat.PNG,https://web.archive.org/web/20040904091815/http://koti.mbnet.fi:80/~hohtava/90hp110combat.PNG,,128788,11d5dfd0d5d5d8ea1f6e9aa8ce42f65b3e82635c,,
2004/July-15-2004-knightmoumiuo-koti.mbnet.fi.jpg,official game: screenshot (RuneScape 2),RS2 client screenshot from koti.mbnet.fi.,,,2004-07-15,20050129211438,http://koti.mbnet.fi:80/kuukke/data/knightmoumiuo.JPG,https://web.archive.org/web/20050129211438/http://koti.mbnet.fi:80/kuukke/data/knightmoumiuo.JPG,,64819,349d408249676121a8cd6a41d790171c054f8af1,,
2004/July-15-2004-pk220-runehq.com.jpg,official game: screenshot (RuneScape 2),RS2 client screenshot from a 2004-05 fansite page (www.runehq.com:80); found by the 2001-2005 fansite re-screen,,,2004-07-15,20041031042253,http://www.runehq.com:80/images/users/Evilbooyaa_10611/pk220.jpg,https://web.archive.org/web/20041031042253/http://www.runehq.com:80/images/users/Evilbooyaa_10611/pk220.jpg,,83445,1394a438a5b375510f19988ee4c1de99848bb800,,
2004/July-15-2004-rune-legs-plate-ja-2h-koti.mbnet.fi.jpg,official game: screenshot (RuneScape 2),RS2 client screenshot from koti.mbnet.fi.,,,2004-07-15,20041128173441,http://koti.mbnet.fi:80/kuukke/data/rune_legs_plate_ja_2h.JPG,https://web.archive.org/web/20041128173441/http://koti.mbnet.fi:80/kuukke/data/rune_legs_plate_ja_2h.JPG,,103398,ff141266c29e53104d579a488c5bffd98e235a0b,,
2004/July-15-2004-smithing-79-koti.mbnet.fi.png,official game: screenshot (RuneScape 2),RS2 client screenshot from koti.mbnet.fi.,,,2004-07-15,20041128172859,http://koti.mbnet.fi:80/kuukke/data/!!!!!!!!Smithing%2079!.PNG,https://web.archive.org/web/20041128172859/http://koti.mbnet.fi:80/kuukke/data/!!!!!!!!Smithing%2079!.PNG,,171481,c390d03c60f9a0b27b9a196c6b6b634dfc673609,,
2004/July-15-2004-undeadlt-rsportal.dtiltas.lt.jpg,official game: screenshot (RuneScape 2),RS2 client screenshot from rsportal.dtiltas.lt. Embedded in: File Uploader. [Powered by lux0r lt] (https://web.archive.org/web/20040815145459/http://rsportal.dtiltas.lt:80/upload/).,,,2004-07-15,20040730025616,http://rsportal.dtiltas.lt/upload/files/undeadlt.jpg,https://web.archive.org/web/20040730025616/http://rsportal.dtiltas.lt/upload/files/undeadlt.jpg,,74626,e1331ca18f453c807d1bb12ad570f58e63e4ccbd,,
2004/July-16-2004-1k-koti.mbnet.fi.png,official game: screenshot (RuneScape 2),RS2 client screenshot from koti.mbnet.fi.,,,2004-07-16,20041116182442,http://koti.mbnet.fi:80/toni2/data/1k.PNG,https://web.archive.org/web/20041116182442/http://koti.mbnet.fi:80/toni2/data/1k.PNG,,196960,0e1a847b4ff31036df92dcff08692f6f15b14ba6,,
2004/July-16-2004-3level-koti.mbnet.fi.png,official game: screenshot (RuneScape 2),RS2 client screenshot from koti.mbnet.fi.,,,2004-07-16,20040821232841,http://koti.mbnet.fi:80/toni2/data/3level.PNG,https://web.archive.org/web/20040821232841/http://koti.mbnet.fi:80/toni2/data/3level.PNG,,153319,45390b67ceaffff961368bc9519f4c95b2b39b62,,
2004/July-16-2004-70hitsit-koti.mbnet.fi.jpg,official game: screenshot (RuneScape 2),RS2 client screenshot from koti.mbnet.fi.,,,2004-07-16,20040918095818,http://koti.mbnet.fi:80/kuukke/data/70hitsit.JPG,https://web.archive.org/web/20040918095818/http://koti.mbnet.fi:80/kuukke/data/70hitsit.JPG,,102695,2687a56eb078a4d858537596b58d0169b8e91eb4,,
2004/July-16-2004-70hpjes-koti.mbnet.fi.jpg,official game: screenshot (RuneScape 2),RS2 client screenshot from koti.mbnet.fi.,,,2004-07-16,20050113045912,http://koti.mbnet.fi:80/kuukke/data/70hpjes.JPG,https://web.archive.org/web/20050113045912/http://koti.mbnet.fi:80/kuukke/data/70hpjes.JPG,,62844,29d349f39a3e5555b245b63dc643df59ee222772,,
2004/July-16-2004-70hpjesh-koti.mbnet.fi.jpg,official game: screenshot (RuneScape 2),RS2 client screenshot from koti.mbnet.fi.,,,2004-07-16,20040814221909,http://koti.mbnet.fi:80/kuukke/data/70hpjesh.JPG,https://web.archive.org/web/20040814221909/http://koti.mbnet.fi:80/kuukke/data/70hpjesh.JPG,,104917,0482ff815890fba019b07faabbf1803ed54da653,,
2004/July-16-2004-75-mage-koti.mbnet.fi.png,official game: screenshot (RuneScape 2),RS2 client screenshot from koti.mbnet.fi.,,,2004-07-16,20040822175053,http://koti.mbnet.fi:80/toni2/data/75%20mage.PNG,https://web.archive.org/web/20040822175053/http://koti.mbnet.fi:80/toni2/data/75%20mage.PNG,,141584,112a49573e86c59e260c0cedca66ff071da612eb,,
2004/July-16-2004-banaaninmurhaaja-koti.mbnet.fi.png,official game: screenshot (RuneScape 2),RS2 client screenshot from koti.mbnet.fi.,,,2004-07-16,20040822175242,http://koti.mbnet.fi:80/toni2/data/banaaninmurhaaja.PNG,https://web.archive.org/web/20040822175242/http://koti.mbnet.fi:80/toni2/data/banaaninmurhaaja.PNG,,107693,c9324e088b6f2379f0a47ea270bb331d44a0368a,,
2004/July-16-2004-hoono-ownagee-koti.mbnet.fi.png,official game: screenshot (RuneScape 2),RS2 client screenshot from koti.mbnet.fi.,,,2004-07-16,20040821233159,http://koti.mbnet.fi:80/toni2/data/hoono%20ownagee.PNG,https://web.archive.org/web/20040821233159/http://koti.mbnet.fi:80/toni2/data/hoono%20ownagee.PNG,,119261,f6b9f859ad6579d3b83f1cc8436e5bd093486d21,,
2004/July-16-2004-kashiux-koti.mbnet.fi.png,official game: screenshot (RuneScape 2),RS2 client screenshot from koti.mbnet.fi.,,,2004-07-16,20040929125517,http://koti.mbnet.fi:80/toni2/data/Kashiux.PNG,https://web.archive.org/web/20040929125517/http://koti.mbnet.fi:80/toni2/data/Kashiux.PNG,,113809,e2b0b26abfd0fe20693f1c01ffd33f78a4670358,,
2004/July-16-2004-magarooni-goes-pro-str-80-koti.mbnet.fi.png,official game: screenshot (RuneScape 2),RS2 client screenshot from koti.mbnet.fi.,,,2004-07-16,20040814232941,http://koti.mbnet.fi:80/kuukke/data/Magarooni_GOES_PRO_str_80.PNG,https://web.archive.org/web/20040814232941/http://koti.mbnet.fi:80/kuukke/data/Magarooni_GOES_PRO_str_80.PNG,,122224,225ae8d6bbf318f599876c02569faf67f99b052c,,
2004/July-16-2004-malacer130-koti.mbnet.fi.jpg,official game: screenshot (RuneScape 2),RS2 client screenshot from koti.mbnet.fi.,,,2004-07-16,20040927224007,http://koti.mbnet.fi:80/toni2/data/malacer130.JPG,https://web.archive.org/web/20040927224007/http://koti.mbnet.fi:80/toni2/data/malacer130.JPG,,78695,279f7a220491bfe5cf390f7e3b0a60ce34a77ee3,,
2004/July-16-2004-members-object-in-f2p-koti.mbnet.fi.png,official game: screenshot (RuneScape 2),RS2 client screenshot from koti.mbnet.fi.,,,2004-07-16,20041126000454,http://koti.mbnet.fi:80/toni2/data/members%20object%20in%20f2p.PNG,https://web.archive.org/web/20041126000454/http://koti.mbnet.fi:80/toni2/data/members%20object%20in%20f2p.PNG,,111572,224dd10e6788551222912d930fabce1c774621c1,,
2004/July-16-2004-mod-koti.mbnet.fi.jpg,official game: screenshot (RuneScape 2),RS2 client screenshot from koti.mbnet.fi.,,,2004-07-16,20040927234557,http://koti.mbnet.fi:80/toni2/data/mod.JPG,https://web.archive.org/web/20040927234557/http://koti.mbnet.fi:80/toni2/data/mod.JPG,,31839,8b816785f8b315391cb94e1d688312835376f641,,
2004/July-16-2004-st1200-koti.mbnet.fi.png,official game: screenshot (RuneScape 2),RS2 client screenshot from koti.mbnet.fi.,,,2004-07-16,20041001083420,http://koti.mbnet.fi:80/toni2/data/st1200.PNG,https://web.archive.org/web/20041001083420/http://koti.mbnet.fi:80/toni2/data/st1200.PNG,,168582,28b8a6fd29170324e35dacd1cb85280b32c6e799,,
2004/July-17-2004-80-attack80-koti.mbnet.fi.jpg,official game: screenshot (RuneScape 2),RS2 client screenshot from koti.mbnet.fi.,,,2004-07-17,20041001080950,http://koti.mbnet.fi:80/kuukke/data/80%20Attack80.JPG,https://web.archive.org/web/20041001080950/http://koti.mbnet.fi:80/kuukke/data/80%20Attack80.JPG,,74436,b8660d9edb26f3cbf7dc11626a5038eaed7afd83,,
2004/July-17-2004-humor-img7.exs.cx.png,official game: screenshot (RuneScape 2),RS2 client screenshot from img7.exs.cx. Embedded in: RuneHQ.com :: View topic - August Humor (https://web.archive.org/web/20040905081918/http://www.runehq.net:80/RHQInn/viewtopic.php?p=49992&amp).,,,2004-07-17,20040910004332,http://img7.exs.cx/img7/8523/Humor.png,https://web.archive.org/web/20040910004332/http://img7.exs.cx/img7/8523/Humor.png,,173413,a19ccec440d08bf0d7456d492c3d9d16f3756091,,
2004/July-17-2004-undeadlt-pk-rsportal.dtiltas.lt.jpg,official game: screenshot (RuneScape 2),RS2 client screenshot from rsportal.dtiltas.lt. Embedded in: File Uploader. [Powered by lux0r lt] (https://web.archive.org/web/20040815145459/http://rsportal.dtiltas.lt:80/upload/).,,,2004-07-17,20040730044433,http://rsportal.dtiltas.lt/upload/files/undeadlt_pk.jpg,https://web.archive.org/web/20040730044433/http://rsportal.dtiltas.lt/upload/files/undeadlt_pk.jpg,,82363,364f944b1fb17ca476ddc8210869809524bbef25,,
2004/July-18-2004-rangedd12-koti.mbnet.fi.png,official game: screenshot (RuneScape 2),RS2 client screenshot from koti.mbnet.fi.,,,2004-07-18,20040814223600,http://koti.mbnet.fi:80/kuukke/data/Rangedd12.PNG,https://web.archive.org/web/20040814223600/http://koti.mbnet.fi:80/kuukke/data/Rangedd12.PNG,,160844,1e11813cc0a6203fa4395bf4b8b4d3792f396b44,,
2004/July-18-2004-rangedd13-koti.mbnet.fi.png,official game: screenshot (RuneScape 2),RS2 client screenshot from koti.mbnet.fi.,,,2004-07-18,20040903081735,http://koti.mbnet.fi:80/kuukke/data/Rangedd13.PNG,https://web.archive.org/web/20040903081735/http://koti.mbnet.fi:80/kuukke/data/Rangedd13.PNG,,158983,cefabbc5f174b52403d34501ae213055168acd79,,
2004/July-18-2004-rangedd15-koti.mbnet.fi.png,official game: screenshot (RuneScape 2),RS2 client screenshot from koti.mbnet.fi.,,,2004-07-18,20050129230746,http://koti.mbnet.fi:80/kuukke/data/rangedd15.PNG,https://web.archive.org/web/20050129230746/http://koti.mbnet.fi:80/kuukke/data/rangedd15.PNG,,153448,de31ad68be5e110cf90d1fbf85f255010b2efe59,,
2004/July-20-2004-besthits-img33.exs.cx.jpg,official game: screenshot (RuneScape 2),"RS2 client screenshot. Posted in the forum thread ""Runescape Community -> History Of Me"".",,,2004-07-20,20040818103019,http://img33.exs.cx/img33/7543/besthits.jpg,https://web.archive.org/web/20040818103019/http://img33.exs.cx/img33/7543/besthits.jpg,https://web.archive.org/web/20040818102933/http://www.runescapecommunity.com/index.php?showtopic=158640,56622,e43c175f4b27c055028dccb88051bb108874900c,,
2004/July-20-2004-m4ximx-11blacktrim-server6.uploadit.org.jpg,official game: screenshot (RuneScape 2),RS2 client screenshot from server6.uploadit.org.,,,2004-07-20,20040822121716,http://server6.uploadit.org:80/files/m4ximx-11blacktrim.JPG,https://web.archive.org/web/20040822121716/http://server6.uploadit.org:80/files/m4ximx-11blacktrim.JPG,,47373,92e7f81231dde6bb82c56c127d79360336f5c98e,,
2004/July-20-2004-m4ximx-11funnynoobkill-server6.uploadit.org.jpg,official game: screenshot (RuneScape 2),RS2 client screenshot from server6.uploadit.org.,,,2004-07-20,20040822121850,http://server6.uploadit.org:80/files/m4ximx-11funnynoobkill.JPG,https://web.archive.org/web/20040822121850/http://server6.uploadit.org:80/files/m4ximx-11funnynoobkill.JPG,,41567,5d5a14fcf29b3c3925c0b5f484bfcad11e843635,,
2004/July-21-2004-111-kaverin-statsit-koti.mbnet.fi.jpg,official game: screenshot (RuneScape 2),RS2 client screenshot from koti.mbnet.fi.,,,2004-07-21,20040927174046,http://koti.mbnet.fi:80/kuukke/data/111%20kaverin%20statsit.JPG,https://web.archive.org/web/20040927174046/http://koti.mbnet.fi:80/kuukke/data/111%20kaverin%20statsit.JPG,,105431,e30a48f730c705921b897bec55d9c470448bba97,,
2004/July-21-2004-dragon-screenshot-home.ripway.com.gif,official game: screenshot (RuneScape 2),RuneScape client screenshot (uploaded as dragon.GIF).,,,2004-07-21,20040815221522,http://home.ripway.com:80/2004-6/125666/dragon.GIF,https://web.archive.org/web/20040815221522/http://home.ripway.com:80/2004-6/125666/dragon.GIF,,206855,3ea91850b6bf61d9e3fcd6d59fb1d028cbba6992,,
2004/July-21-2004-dragonstarted-screenshot-home.ripway.com.gif,official game: screenshot (RuneScape 2),RuneScape client screenshot (uploaded as dragonstarted.GIF).,,,2004-07-21,20040815215334,http://home.ripway.com:80/2004-6/125666/dragonstarted.GIF,https://web.archive.org/web/20040815215334/http://home.ripway.com:80/2004-6/125666/dragonstarted.GIF,,186069,215c9b63fa5e9252cced8d9c07d6e01e44d43b47,,
2004/July-21-2004-ei-ole-hassua-koti.mbnet.fi.jpg,official game: screenshot (RuneScape 2),RS2 client screenshot from koti.mbnet.fi.,,,2004-07-21,20041129203537,http://koti.mbnet.fi:80/kuukke/data/ei_ole_hassua.JPG,https://web.archive.org/web/20041129203537/http://koti.mbnet.fi:80/kuukke/data/ei_ole_hassua.JPG,,80840,c4128de73d257a451eb4d451045a6d948c6753c6,,
2004/July-21-2004-mightycannon-img2.exs.cx.png,official game: screenshot (RuneScape 2),"RS2 client screenshot. Posted in the forum thread ""Runescape Community -> Deathswords Guide To The Cannon"".",,,2004-07-21,20051120075527,http://img2.exs.cx:80/img2/2071/mightycannon.png,https://web.archive.org/web/20051120075527/http://img2.exs.cx:80/img2/2071/mightycannon.png,https://web.archive.org/web/20040821133710/http://www.runescapecommunity.com:80/index.php?showtopic=159464,10410,3760894b0f83f043ea20500c11abe79499da812c,,
2004/July-22-2004-defense-61-suxsux-koti.mbnet.fi.png,official game: screenshot (RuneScape 2),RS2 client screenshot from koti.mbnet.fi.,,,2004-07-22,20041001085038,http://koti.mbnet.fi:80/kuukke/data/Defense_61_sUxsUx!.PNG,https://web.archive.org/web/20041001085038/http://koti.mbnet.fi:80/kuukke/data/Defense_61_sUxsUx!.PNG,,103693,44649cb2309043e6b73301b810c48b71f152433b,,
2004/July-22-2004-ow-img35.exs.cx.png,official game: screenshot (RuneScape 2),"RS2 client screenshot. Posted in the forum thread ""Runescape Community -> When Chopping Wood Safty Is Always Important"".",,,2004-07-22,20040728205828,http://img35.exs.cx:80/img35/6612/ow.png,https://web.archive.org/web/20040728205828/http://img35.exs.cx:80/img35/6612/ow.png,https://web.archive.org/web/20040725034900/http://www.runescapecommunity.com:80/index.php?showtopic=159675&amp,70256,d9e5fcb966f3ac5f837b5e1cbeebf7c1fa22a997,,
2004/July-23-2004-89-img38.exs.cx.png,official game: screenshot (RuneScape 2),RS2 screenshot posted to a 2004-05 fansite forum thread; found by the 2001-2005 fansite re-screen,,,2004-07-23,20040823142234,http://img38.exs.cx:80/img38/2885/89.png,https://web.archive.org/web/20040823142234/http://img38.exs.cx:80/img38/2885/89.png,,95948,93eca57134f01493f6e86c86c7b21c721a6082b1,,
2004/July-23-2004-dm-1-koti.mbnet.fi.png,official game: screenshot (RuneScape 2),RS2 client screenshot from koti.mbnet.fi.,,,2004-07-23,20041119040334,http://koti.mbnet.fi:80/toni2/data/dm%20banskun%20kans%2017.7.2004/dm%201.PNG,https://web.archive.org/web/20041119040334/http://koti.mbnet.fi:80/toni2/data/dm%20banskun%20kans%2017.7.2004/dm%201.PNG,,113117,9637fa4e7e9b50f840ddfeed5add658ea3a5980f,,
2004/July-23-2004-dm-2-koti.mbnet.fi.png,official game: screenshot (RuneScape 2),RS2 client screenshot from koti.mbnet.fi.,,,2004-07-23,20041124142331,http://koti.mbnet.fi:80/toni2/data/dm%20banskun%20kans%2017.7.2004/dm%202.PNG,https://web.archive.org/web/20041124142331/http://koti.mbnet.fi:80/toni2/data/dm%20banskun%20kans%2017.7.2004/dm%202.PNG,,116786,da0f0457bc6592b2bcf3bc8cde45ebf3bd594462,,
2004/July-23-2004-dm2-koti.mbnet.fi.png,official game: screenshot (RuneScape 2),RS2 client screenshot from koti.mbnet.fi.,,,2004-07-23,20040918211126,http://koti.mbnet.fi:80/toni2/data/dm%20banskun%20kans%2023.7.2004/dm2.PNG,https://web.archive.org/web/20040918211126/http://koti.mbnet.fi:80/toni2/data/dm%20banskun%20kans%2023.7.2004/dm2.PNG,,178711,87c3ada6174b82aaacea2b415275be5dbf1be96a,,
2004/July-23-2004-dm4-koti.mbnet.fi.png,official game: screenshot (RuneScape 2),RS2 client screenshot from koti.mbnet.fi.,,,2004-07-23,20040824025706,http://koti.mbnet.fi:80/toni2/data/dm%20banskun%20kans%2023.7.2004/dm4.PNG,https://web.archive.org/web/20040824025706/http://koti.mbnet.fi:80/toni2/data/dm%20banskun%20kans%2023.7.2004/dm4.PNG,,180790,3a3343e05882ff2309696990eecefa169db8591c,,
2004/July-23-2004-dm5-koti.mbnet.fi.png,official game: screenshot (RuneScape 2),RS2 client screenshot from koti.mbnet.fi.,,,2004-07-23,20040918210528,http://koti.mbnet.fi:80/toni2/data/dm%20banskun%20kans%2023.7.2004/dm5.PNG,https://web.archive.org/web/20040918210528/http://koti.mbnet.fi:80/toni2/data/dm%20banskun%20kans%2023.7.2004/dm5.PNG,,174805,9ff1713b3c4a88f60759c0c87467dbe2ff0eca7c,,
2004/July-23-2004-dm6-koti.mbnet.fi.png,official game: screenshot (RuneScape 2),RS2 client screenshot from koti.mbnet.fi.,,,2004-07-23,20041125082952,http://koti.mbnet.fi:80/toni2/data/dm%20banskun%20kans%2023.7.2004/dm6.PNG,https://web.archive.org/web/20041125082952/http://koti.mbnet.fi:80/toni2/data/dm%20banskun%20kans%2023.7.2004/dm6.PNG,,181779,feb8946d48ec1e8f26ba238b6db78eae68ea583b,,
2004/July-23-2004-dm7-koti.mbnet.fi.png,official game: screenshot (RuneScape 2),RS2 client screenshot from koti.mbnet.fi.,,,2004-07-23,20040824025713,http://koti.mbnet.fi:80/toni2/data/dm%20banskun%20kans%2023.7.2004/dm7.PNG,https://web.archive.org/web/20040824025713/http://koti.mbnet.fi:80/toni2/data/dm%20banskun%20kans%2023.7.2004/dm7.PNG,,165318,ff9f5ec6ce04454e7fa115979a9354cd20c9cac5,,
2004/July-23-2004-opski-skill-total-800-koti.mbnet.fi.jpg,official game: screenshot (RuneScape 2),RS2 client screenshot from koti.mbnet.fi.,,,2004-07-23,20040825231955,http://koti.mbnet.fi:80/kuukke/data/Opski%20skill%20total%20800.JPG,https://web.archive.org/web/20040825231955/http://koti.mbnet.fi:80/kuukke/data/Opski%20skill%20total%20800.JPG,,83296,e0bc7da9eb40fe4f819dfe7ab8fc8fe791f8df08,,
2004/July-24-2004-lilthug-piled-koti.mbnet.fi.png,official game: screenshot (RuneScape 2),RS2 client screenshot from koti.mbnet.fi.,,,2004-07-24,20040903082737,http://koti.mbnet.fi:80/kuukke/data/Lilthug_Piled.PNG,https://web.archive.org/web/20040903082737/http://koti.mbnet.fi:80/kuukke/data/Lilthug_Piled.PNG,,137152,3b940ea52a60ef376995bb46e8aca5fb6b9f7250,,
2004/July-24-2004-sota-koti.mbnet.fi.png,official game: screenshot (RuneScape 2),RS2 client screenshot from koti.mbnet.fi.,,,2004-07-24,20040814221143,http://koti.mbnet.fi:80/kuukke/data/Sota!.PNG,https://web.archive.org/web/20040814221143/http://koti.mbnet.fi:80/kuukke/data/Sota!.PNG,,131238,f3bed5bd36c0cb2670989b667f12c59f51605f4b,,
2004/July-24-2004-terminator-owns-joo-koti.mbnet.fi.png,official game: screenshot (RuneScape 2),RS2 client screenshot from koti.mbnet.fi.,,,2004-07-24,20040814231921,http://koti.mbnet.fi:80/kuukke/data/Terminator_owns_joo.PNG,https://web.archive.org/web/20040814231921/http://koti.mbnet.fi:80/kuukke/data/Terminator_owns_joo.PNG,,349306,a36aea5b2fbd50ab247dc2adfde4357bcb7494dd,,
2004/July-24-2004-wilderness-kill-loot-menu-kill2-img1.uploadimages.net.jpg,official game: screenshot (RuneScape 2),"Wilderness player kill (You have defeated Scorin) with the loot menu open: rune scimitar, mithril 2h, potions, swordfish.",,,2004-07-24,20050712025537,http://img1.uploadimages.net/245897kill2.jpg,https://web.archive.org/web/20050712025537/http://img1.uploadimages.net/245897kill2.jpg,,216069,acf3b96780e74786213a9166f4db457ec3bfe733,,
2004/July-25-2004-knighthp80-koti.mbnet.fi.jpg,official game: screenshot (RuneScape 2),RS2 client screenshot from koti.mbnet.fi.,,,2004-07-25,20050128140054,http://koti.mbnet.fi:80/kuukke/data/knighthp80.JPG,https://web.archive.org/web/20050128140054/http://koti.mbnet.fi:80/kuukke/data/knighthp80.JPG,,75433,bc8a8d69aee1b4723dd617728210e06b700cfdb0,,
2004/July-25-2004-knightjeppajappajuu-koti.mbnet.fi.jpg,official game: screenshot (RuneScape 2),RS2 client screenshot from koti.mbnet.fi.,,,2004-07-25,20041122143419,http://koti.mbnet.fi:80/kuukke/data/knightjeppajappajuu.JPG,https://web.archive.org/web/20041122143419/http://koti.mbnet.fi:80/kuukke/data/knightjeppajappajuu.JPG,,62870,68a85af2d8a0cff42e56d07bd7d1fcbfb8c27ba6,,
2004/July-25-2004-mystic-knight-clan-koti.mbnet.fi.jpg,official game: screenshot (RuneScape 2),RS2 client screenshot from koti.mbnet.fi.,,,2004-07-25,20040825225518,http://koti.mbnet.fi:80/kuukke/data/Mystic_knight_clan.JPG,https://web.archive.org/web/20040825225518/http://koti.mbnet.fi:80/kuukke/data/Mystic_knight_clan.JPG,,50475,b3b12f275866c6fd112eba9b9d3da8f18bca32d0,,
2004/July-25-2004-thieving-75-koti.mbnet.fi.jpg,official game: screenshot (RuneScape 2),RS2 client screenshot from koti.mbnet.fi.,,,2004-07-25,20041030113626,http://koti.mbnet.fi:80/kuukke/data/thieving_75.JPG,https://web.archive.org/web/20041030113626/http://koti.mbnet.fi:80/kuukke/data/thieving_75.JPG,,83916,1420f75a866e774db9861da635a3e9ca2f9b8162,,
2004/July-26-2004-knightlongtappo-koti.mbnet.fi.jpg,official game: screenshot (RuneScape 2),RS2 client screenshot from koti.mbnet.fi.,,,2004-07-26,20050113052952,http://koti.mbnet.fi:80/kuukke/data/knightlongtappo.JPG,https://web.archive.org/web/20050113052952/http://koti.mbnet.fi:80/kuukke/data/knightlongtappo.JPG,,77858,766ea18bc1f8aa6f8d7ec5efa3ed9f6df9f4a290,,
2004/July-27-2004-hassu-bugi-koti.mbnet.fi.jpg,official game: screenshot (RuneScape 2),RS2 client screenshot from koti.mbnet.fi.,,,2004-07-27,20050113051502,http://koti.mbnet.fi:80/kuukke/data/hassu_bugi.JPG,https://web.archive.org/web/20050113051502/http://koti.mbnet.fi:80/kuukke/data/hassu_bugi.JPG,,91458,e18762c6a05c31010e088ddc6b52fcf24c93bc92,,
2004/July-28-2004-agility-44-ownaa-koti.mbnet.fi.png,official game: screenshot (RuneScape 2),RS2 client screenshot from koti.mbnet.fi.,,,2004-07-28,20040814225237,http://koti.mbnet.fi:80/kuukke/data/Agility_44_ownaa.PNG,https://web.archive.org/web/20040814225237/http://koti.mbnet.fi:80/kuukke/data/Agility_44_ownaa.PNG,,88592,bd86990ffdab8548169d3ffae7394eb55108e57b,,
2004/July-28-2004-defense-64-pwn-pwn-koti.mbnet.fi.png,official game: screenshot (RuneScape 2),RS2 client screenshot from koti.mbnet.fi.,,,2004-07-28,20040918101102,http://koti.mbnet.fi:80/kuukke/data/Defense_64_PWN_PWN.PNG,https://web.archive.org/web/20040918101102/http://koti.mbnet.fi:80/kuukke/data/Defense_64_PWN_PWN.PNG,,119371,809a4867e3abfefbb1dc0da358bf619875b554bb,,
2004/July-28-2004-fletching-48-kuseee-koti.mbnet.fi.png,official game: screenshot (RuneScape 2),RS2 client screenshot from koti.mbnet.fi.,,,2004-07-28,20040918101152,http://koti.mbnet.fi:80/kuukke/data/Fletching_48_KUSEEE.PNG,https://web.archive.org/web/20040918101152/http://koti.mbnet.fi:80/kuukke/data/Fletching_48_KUSEEE.PNG,,127745,7d2b864ce1c1d554f863a018ea3ef8ce70058f7e,,
2004/July-28-2004-jees-herblaw-44-1-viel-koti.mbnet.fi.png,official game: screenshot (RuneScape 2),RS2 client screenshot from koti.mbnet.fi.,,,2004-07-28,20041128131607,http://koti.mbnet.fi:80/kuukke/data/Jees_HERBLAW_44_1_viel.PNG,https://web.archive.org/web/20041128131607/http://koti.mbnet.fi:80/kuukke/data/Jees_HERBLAW_44_1_viel.PNG,,130778,936860ecc738594e1f32de316ed8874398257865,,
2004/July-28-2004-maining-58-kusee-koti.mbnet.fi.png,official game: screenshot (RuneScape 2),RS2 client screenshot from koti.mbnet.fi.,,,2004-07-28,20040814225327,http://koti.mbnet.fi:80/kuukke/data/Maining_58_kusee.PNG,https://web.archive.org/web/20040814225327/http://koti.mbnet.fi:80/kuukke/data/Maining_58_kusee.PNG,,103784,55fb5d55cd7384cfb4a67f5360fb469692fb8703,,
2004/July-28-2004-oooooodooo1-img52.exs.cx.jpg,official game: screenshot (RuneScape 2),"RS2 client screenshot. Posted in the forum thread ""Runescape Community -> Dm Ownage... New Stats X2"".",,,2004-07-28,20040727170635,http://img52.exs.cx/img52/8571/oooooodooo1.jpg,https://web.archive.org/web/20040727170635/http://img52.exs.cx/img52/8571/oooooodooo1.jpg,https://web.archive.org/web/20040727170627/http://www.runescapecommunity.com/index.php?showtopic=162380,83965,4555167a3297db139feb056ef93c14a3ecdd2d38,,
2004/July-28-2004-smithing-58-pwn-pwn-koti.mbnet.fi.png,official game: screenshot (RuneScape 2),RS2 client screenshot from koti.mbnet.fi.,,,2004-07-28,20040917055824,http://koti.mbnet.fi:80/kuukke/data/Smithing_58_PWN_PWN.PNG,https://web.archive.org/web/20040917055824/http://koti.mbnet.fi:80/kuukke/data/Smithing_58_PWN_PWN.PNG,,146145,59db61f7de72703ce8a82b722ae47f482bbf0eb9,,
2004/July-28-2004-tonikoos-koti.mbnet.fi.png,official game: screenshot (RuneScape 2),RS2 client screenshot from koti.mbnet.fi.,,,2004-07-28,20040927193734,http://koti.mbnet.fi:80/toni2/data/tonikoos.PNG,https://web.archive.org/web/20040927193734/http://koti.mbnet.fi:80/toni2/data/tonikoos.PNG,,102976,2575549a0c2c5ca08899f425ee076493332c3220,,
2004/July-28-2004-woot-65-att-koti.mbnet.fi.jpg,official game: screenshot (RuneScape 2),RS2 client screenshot from koti.mbnet.fi.,,,2004-07-28,20040918101357,http://koti.mbnet.fi:80/kuukke/data/!!!%20woot%2065%20att%20!!!.JPG,https://web.archive.org/web/20040918101357/http://koti.mbnet.fi:80/kuukke/data/!!!%20woot%2065%20att%20!!!.JPG,,66784,c36e485db264b5f97ad9021e5afd7048ff36bd89,,
2004/July-29-2004-dm-voitto-koti.mbnet.fi.jpg,official game: screenshot (RuneScape 2),RS2 client screenshot from koti.mbnet.fi.,,,2004-07-29,20050128140257,http://koti.mbnet.fi:80/kuukke/data/Dm%20voitto.JPG,https://web.archive.org/web/20050128140257/http://koti.mbnet.fi:80/kuukke/data/Dm%20voitto.JPG,,81220,a3a723f94b58fc0f432dac1749722ac4d5719adf,,
2004/July-29-2004-drag-meed-koti.mbnet.fi.jpg,official game: screenshot (RuneScape 2),RS2 client screenshot from koti.mbnet.fi.,,,2004-07-29,20041122140852,http://koti.mbnet.fi:80/kuukke/data/drag%20meed.JPG,https://web.archive.org/web/20041122140852/http://koti.mbnet.fi:80/kuukke/data/drag%20meed.JPG,,151051,6b06077c3e10dff56cdd93c13e5ec70eca045d6d,,
2004/July-29-2004-saalis123-koti.mbnet.fi.jpg,official game: screenshot (RuneScape 2),RS2 client screenshot from koti.mbnet.fi.,,,2004-07-29,20050128135700,http://koti.mbnet.fi:80/kuukke/data/saalis123.JPG,https://web.archive.org/web/20050128135700/http://koti.mbnet.fi:80/kuukke/data/saalis123.JPG,,141838,11639efb9f9cd7ee899285eb3ff1934e374a6f5a,,
2004/July-30-2004-91hp-koti.mbnet.fi.png,official game: screenshot (RuneScape 2),RS2 client screenshot from koti.mbnet.fi.,,,2004-07-30,20040904092144,http://koti.mbnet.fi:80/~hohtava/91hp.PNG,https://web.archive.org/web/20040904092144/http://koti.mbnet.fi:80/~hohtava/91hp.PNG,,156550,3e9655362f9d2501cc94c1c2217bbd859489e100,,
2004/July-30-2004-hillosilm-t-koti.mbnet.fi.png,official game: screenshot (RuneScape 2),RS2 client screenshot from koti.mbnet.fi.,,,2004-07-30,20041122143853,http://koti.mbnet.fi:80/kuukke/data/HILLOSILM%c4T!%20!%20!.PNG,https://web.archive.org/web/20041122143853/http://koti.mbnet.fi:80/kuukke/data/HILLOSILM%c4T!%20!%20!.PNG,,116967,0346fa5d48f529847e2c093d8c621687392ea34d,,
2004/July-30-2004-nimet-n6-koti.mbnet.fi.jpg,official game: screenshot (RuneScape 2),RS2 client screenshot from koti.mbnet.fi.,,,2004-07-30,20050123084151,http://koti.mbnet.fi:80/kuukke/data/nimet%f6n6.JPG,https://web.archive.org/web/20050123084151/http://koti.mbnet.fi:80/kuukke/data/nimet%f6n6.JPG,,68256,3323d6dfcb689b12703c716d3cf99f8585789ebc,,
2004/July-30-2004-watchman-img62.exs.cx.png,official game: screenshot (RuneScape 2),"RS2 client screenshot. Posted in the forum thread ""Runescape Community -> Guide To Thieving"".",,,2004-07-30,20060414192516,http://img62.exs.cx:80/img62/5020/Watchman.png,https://web.archive.org/web/20060414192516/http://img62.exs.cx:80/img62/5020/Watchman.png,https://web.archive.org/web/20040822192951/http://www.runescapecommunity.com:80/index.php?showtopic=163106,54267,2a0d606af182d89401bcf0bfa647b773c9dbbe99,,
2004/July-31-2004-andy-img31.exs.cx.png,official game: screenshot (RuneScape 2),"RS2 client screenshot. Posted in the forum thread ""Runescape Community -> Sum Drop Party"".",,,2004-07-31,20040823135521,http://img31.exs.cx:80/img31/4586/andy.png,https://web.archive.org/web/20040823135521/http://img31.exs.cx:80/img31/4586/andy.png,https://web.archive.org/web/20040822193410/http://www.runescapecommunity.com:80/index.php?showtopic=163815,126629,b5b3460a5a377f2a0d4f0aebdbb5d7cc65c1ba9f,,
2004/July-31-2004-barbequepath-img41.exs.cx.jpg,official game: screenshot (RuneScape 2),"RS2 client screenshot. Posted in the forum thread ""Runescape Community -> The Underground Pass"".",,,2004-07-31,20041123202538,http://img41.exs.cx:80/img41/11/barbequepath.jpg,https://web.archive.org/web/20041123202538/http://img41.exs.cx:80/img41/11/barbequepath.jpg,https://web.archive.org/web/20041122054446/http://www.runescapecommunity.com:80/index.php?showtopic=164436,26205,bb111c89118502c25a9832ad0b2d3e632fb7e7a0,,
2004/July-31-2004-boulder1-img43.exs.cx.jpg,official game: screenshot (RuneScape 2),"RS2 client screenshot. Posted in the forum thread ""Runescape Community -> The Underground Pass"".",,,2004-07-31,20050428230125,http://img43.exs.cx:80/img43/2537/boulder1.jpg,https://web.archive.org/web/20050428230125/http://img43.exs.cx:80/img43/2537/boulder1.jpg,https://web.archive.org/web/20041122054446/http://www.runescapecommunity.com:80/index.php?showtopic=164436,13889,818f70ad00f01a528d691842c98550b3092198d4,,
2004/July-31-2004-exitingthepass-img45.exs.cx.jpg,official game: screenshot (RuneScape 2),RS2 screenshot posted to a 2004-05 fansite forum thread; found by the 2001-2005 fansite re-screen,,,2004-07-31,20041123190714,http://img45.exs.cx:80/img45/7202/exitingthepass.jpg,https://web.archive.org/web/20041123190714/http://img45.exs.cx:80/img45/7202/exitingthepass.jpg,,53986,88d2a4144920f73f44bc17f7f315dd9ba6fa176f,,
2004/July-31-2004-fireonguide-img48.exs.cx.jpg,official game: screenshot (RuneScape 2),RS2 screenshot posted to a 2004-05 fansite forum thread; found by the 2001-2005 fansite re-screen,,,2004-07-31,20050428225540,http://img48.exs.cx:80/img48/4898/fireonguide.jpg,https://web.archive.org/web/20050428225540/http://img48.exs.cx:80/img48/4898/fireonguide.jpg,,66779,273468e53e80177bc4b0c00a1aa57ea8f1c8045a,,
2004/July-31-2004-flatrock2-img50.exs.cx.jpg,official game: screenshot (RuneScape 2),"RS2 client screenshot. Posted in the forum thread ""Runescape Community -> The Underground Pass"".",,,2004-07-31,20050428205919,http://img50.exs.cx:80/img50/7320/flatrock2.jpg,https://web.archive.org/web/20050428205919/http://img50.exs.cx:80/img50/7320/flatrock2.jpg,https://web.archive.org/web/20041122054446/http://www.runescapecommunity.com:80/index.php?showtopic=164436,12750,e3eabfd31747d52471ccb73964568e28f44037d1,,
2004/July-31-2004-holthion-img49.exs.cx.jpg,official game: screenshot (RuneScape 2),"RS2 client screenshot. Posted in the forum thread ""Runescape Community -> The Underground Pass"".",,,2004-07-31,20060414185710,http://img49.exs.cx:80/img49/3368/holthion.jpg,https://web.archive.org/web/20060414185710/http://img49.exs.cx:80/img49/3368/holthion.jpg,https://web.archive.org/web/20041122054446/http://www.runescapecommunity.com:80/index.php?showtopic=164436,63516,6e0aaf6ebc56d0f7d1bc8991d87259691409f5a0,,
2004/July-31-2004-ibansshadow-img47.exs.cx.jpg,official game: screenshot (RuneScape 2),"RS2 client screenshot. Posted in the forum thread ""Runescape Community -> The Underground Pass"".",,,2004-07-31,20050428231455,http://img47.exs.cx:80/img47/6762/ibansshadow.jpg,https://web.archive.org/web/20050428231455/http://img47.exs.cx:80/img47/6762/ibansshadow.jpg,https://web.archive.org/web/20041122054446/http://www.runescapecommunity.com:80/index.php?showtopic=164436,34787,d4ba93d0295b0e114af19a0f8ac32347aba445e3,,
2004/July-31-2004-ibanstomb-img48.exs.cx.jpg,official game: screenshot (RuneScape 2),RS2 screenshot posted to a 2004-05 fansite forum thread; found by the 2001-2005 fansite re-screen,,,2004-07-31,20041123235521,http://img48.exs.cx:80/img48/7902/ibanstomb.jpg,https://web.archive.org/web/20041123235521/http://img48.exs.cx:80/img48/7902/ibanstomb.jpg,,63365,2f490eb407de50ba4cd78a3be4c7a022ad3c63db,,
2004/July-31-2004-kalrag-img48.exs.cx.jpg,official game: screenshot (RuneScape 2),"RS2 client screenshot. Posted in the forum thread ""Runescape Community -> The Underground Pass"".",,,2004-07-31,20050428205551,http://img48.exs.cx:80/img48/5661/kalrag.jpg,https://web.archive.org/web/20050428205551/http://img48.exs.cx:80/img48/5661/kalrag.jpg,https://web.archive.org/web/20041122054446/http://www.runescapecommunity.com:80/index.php?showtopic=164436,37155,bb0cb0eea2029398122e296937f8e135820c3782,,
2004/July-31-2004-warff-wilduunl-h-s-koti.mbnet.fi.jpg,official game: screenshot (RuneScape 2),RS2 client screenshot from koti.mbnet.fi.,,,2004-07-31,20040825231528,http://koti.mbnet.fi:80/kuukke/data/Warff%20wilduunl%e4h%f6s.JPG,https://web.archive.org/web/20040825231528/http://koti.mbnet.fi:80/kuukke/data/Warff%20wilduunl%e4h%f6s.JPG,,83698,acb48280616de23fc5aa87d59e7d75ca285e0b2f,,
2004/July-4-2004-xgohanx-clan-pk-10-server6.uploadit.org.jpg,official game: screenshot (RuneScape 2),RS2 client screenshot from server6.uploadit.org.,,,2004-07-04,20040822121720,http://server6.uploadit.org:80/files/xgohanx-Clan_Pk_10.JPG,https://web.archive.org/web/20040822121720/http://server6.uploadit.org:80/files/xgohanx-Clan_Pk_10.JPG,,65387,1574d9f69fec7687df20b5f156f6385a1100ac64,,
2004/July-4-2004-xgohanx-clan-pk-9-server6.uploadit.org.jpg,official game: screenshot (RuneScape 2),RS2 client screenshot from server6.uploadit.org.,,,2004-07-04,20040822121705,http://server6.uploadit.org:80/files/xgohanx-Clan_Pk_9.JPG,https://web.archive.org/web/20040822121705/http://server6.uploadit.org:80/files/xgohanx-Clan_Pk_9.JPG,,75122,283055427c4846f037c097973babea1ab8f71996,,
2004/July-4-2004-xgohanx-dku11111-server6.uploadit.org.jpg,official game: screenshot (RuneScape 2),RS2 client screenshot from server6.uploadit.org.,,,2004-07-04,20040822121644,http://server6.uploadit.org:80/files/xgohanx-dku11111.JPG,https://web.archive.org/web/20040822121644/http://server6.uploadit.org:80/files/xgohanx-dku11111.JPG,,63041,018a87339c7404d60398cb0e41fabb52c29edcb6,,
2004/July-4-2004-xgohanx-pk2-server6.uploadit.org.jpg,official game: screenshot (RuneScape 2),RS2 client screenshot from server6.uploadit.org.,,,2004-07-04,20040822121517,http://server6.uploadit.org:80/files/xgohanx-pk2.JPG,https://web.archive.org/web/20040822121517/http://server6.uploadit.org:80/files/xgohanx-pk2.JPG,,115914,4f7f2a557305af3eb90d615f4f960e83ba6fd0e9,,
2004/July-5-2004-f2p1chickens-img5.exs.cx.jpg,official game: screenshot (RuneScape 2),"RS2 client screenshot. Posted in the forum thread ""Runescape Community -> The Ranged Guide V1.4"".",,,2004-07-05,20040915122236,http://img5.exs.cx:80/img5/8284/f2p1chickens.jpg,https://web.archive.org/web/20040915122236/http://img5.exs.cx:80/img5/8284/f2p1chickens.jpg,https://web.archive.org/web/20041027170204/http://www.runescapecommunity.com:80/index.php?showtopic=152591,125034,262d84ee72f2b63c050632fb53e76702fd457310,,
2004/July-5-2004-f2p2cows-img33.exs.cx.jpg,official game: screenshot (RuneScape 2),"RS2 client screenshot. Posted in the forum thread ""Runescape Community -> The Ranged Guide V1.4"".",,,2004-07-05,20060706190423,http://img33.exs.cx:80/img33/8024/f2p2cows.jpg,https://web.archive.org/web/20060706190423/http://img33.exs.cx:80/img33/8024/f2p2cows.jpg,https://web.archive.org/web/20041027170204/http://www.runescapecommunity.com:80/index.php?showtopic=152591,117206,c4c9767419ecbcbd1a8b718d06df08d1fcd66c5d,,
2004/July-5-2004-f2p3barbs-img33.exs.cx.jpg,official game: screenshot (RuneScape 2),"RS2 client screenshot. Posted in the forum thread ""Runescape Community -> The Ranged Guide V1.4"".",,,2004-07-05,20060706190139,http://img33.exs.cx:80/img33/8128/f2p3barbs.jpg,https://web.archive.org/web/20060706190139/http://img33.exs.cx:80/img33/8128/f2p3barbs.jpg,https://web.archive.org/web/20041027170204/http://www.runescapecommunity.com:80/index.php?showtopic=152591,139179,2839639567c06d691647f3a85908d7f35cf2b870,,
2004/July-5-2004-f2p4guards-img33.exs.cx.jpg,official game: screenshot (RuneScape 2),"RS2 client screenshot. Posted in the forum thread ""Runescape Community -> The Ranged Guide V1.4"".",,,2004-07-05,20060907105508,http://img33.exs.cx:80/img33/323/f2p4guards.jpg,https://web.archive.org/web/20060907105508/http://img33.exs.cx:80/img33/323/f2p4guards.jpg,https://web.archive.org/web/20041027170204/http://www.runescapecommunity.com:80/index.php?showtopic=152591,117470,4bfab959c573764406e8645e9c0da3a0527290c2,,
2004/July-5-2004-p2p1whitewolfdwarves-img13.exs.cx.jpg,official game: screenshot (RuneScape 2),"RS2 client screenshot. Posted in the forum thread ""Runescape Community -> The Ranged Guide V1.4"".",,,2004-07-05,20040915124831,http://img13.exs.cx:80/img13/5235/p2p1whitewolfdwarves.jpg,https://web.archive.org/web/20040915124831/http://img13.exs.cx:80/img13/5235/p2p1whitewolfdwarves.jpg,https://web.archive.org/web/20041027170204/http://www.runescapecommunity.com:80/index.php?showtopic=152591,116500,5a9d7ec2c04c31b99b2a4d58856d309c4a9f79a6,,
2004/July-5-2004-p2p2ogres-img13.exs.cx.jpg,official game: screenshot (RuneScape 2),"RS2 client screenshot. Posted in the forum thread ""Runescape Community -> The Ranged Guide V1.4"".",,,2004-07-05,20060831190445,http://img13.exs.cx:80/img13/374/p2p2ogres.jpg,https://web.archive.org/web/20060831190445/http://img13.exs.cx:80/img13/374/p2p2ogres.jpg,https://web.archive.org/web/20041027170204/http://www.runescapecommunity.com:80/index.php?showtopic=152591,101139,2f7500c4389dbeacf84c7f044c57faa9dbe2e428,,
2004/July-5-2004-p2p2ogres2-img13.exs.cx.jpg,official game: screenshot (RuneScape 2),"RS2 client screenshot. Posted in the forum thread ""Runescape Community -> The Ranged Guide V1.4"".",,,2004-07-05,20040915130024,http://img13.exs.cx:80/img13/566/p2p2ogres2.jpg,https://web.archive.org/web/20040915130024/http://img13.exs.cx:80/img13/566/p2p2ogres2.jpg,https://web.archive.org/web/20041027170204/http://www.runescapecommunity.com:80/index.php?showtopic=152591,97008,f8aa8387c6077e2630d8bf0c7f8b14ebdac83925,,
2004/July-5-2004-p2p2ogreskinglathas-img13.exs.cx.jpg,official game: screenshot (RuneScape 2),"RS2 client screenshot. Posted in the forum thread ""Runescape Community -> The Ranged Guide V1.4"".",,,2004-07-05,20060831190555,http://img13.exs.cx:80/img13/4976/p2p2ogreskinglathas.jpg,https://web.archive.org/web/20060831190555/http://img13.exs.cx:80/img13/4976/p2p2ogreskinglathas.jpg,https://web.archive.org/web/20041027170204/http://www.runescapecommunity.com:80/index.php?showtopic=152591,129767,cb0ed4b86ed7d81f5cd2ece85e0553d4e13dc0ac,,
2004/July-5-2004-p2p3blues-img13.exs.cx.jpg,official game: screenshot (RuneScape 2),"RS2 client screenshot. Posted in the forum thread ""Runescape Community -> The Ranged Guide V1.4"".",,,2004-07-05,20060831190224,http://img13.exs.cx:80/img13/374/p2p3blues.jpg,https://web.archive.org/web/20060831190224/http://img13.exs.cx:80/img13/374/p2p3blues.jpg,https://web.archive.org/web/20041027170204/http://www.runescapecommunity.com:80/index.php?showtopic=152591,103997,9c7e1bc1cfaa7ed50dde9ceb0b19491ce8b02429,,
2004/July-6-2004-1100skilltotalcopy-runehq.com.png,official game: screenshot (RuneScape 2),RS2 client screenshot from a 2004-05 fansite page (www.runehq.com); found by the 2001-2005 fansite re-screen,,,2004-07-06,20040821200151,http://www.runehq.com/images/users/Diavo_8400/1100SkillTotalcopy.png,https://web.archive.org/web/20040821200151/http://www.runehq.com/images/users/Diavo_8400/1100SkillTotalcopy.png,,279496,a28dc683097f5e418a28a524ec0675a475434e48,,
2004/July-6-2004-15-runehq.com.jpg,official game: screenshot (RuneScape 2),RS2 client screenshot from a 2004-05 fansite page (www.runehq.com:80); found by the 2001-2005 fansite re-screen,,,2004-07-06,20040828103337,http://www.runehq.com:80/images/users/mrnobody9_563/15.jpg,https://web.archive.org/web/20040828103337/http://www.runehq.com:80/images/users/mrnobody9_563/15.jpg,,89874,3b869dfecbba3e355d0d1d9fb9f07690b2f65aaa,,
2004/July-6-2004-combat-level-109-screenshot-boomspeed.com.png,official game: screenshot (RuneScape 2),Client screenshot at combat level 109 (file name 109combat).,,,2004-07-06,20041109093554,http://www.boomspeed.com:80/wreedviper/109combat.PNG,https://web.archive.org/web/20041109093554/http://www.boomspeed.com:80/wreedviper/109combat.PNG,,125004,25d21bbd439c49293304847452b85ac4f6cb4a84,,
2004/July-6-2004-kuva10-koti.mbnet.fi.png,official game: screenshot (RuneScape 2),RS2 client screenshot from koti.mbnet.fi.,,,2004-07-06,20041122135102,http://koti.mbnet.fi:80/kuukke/data/kuva10.PNG,https://web.archive.org/web/20041122135102/http://koti.mbnet.fi:80/kuukke/data/kuva10.PNG,,127823,4d7e1f4dba745c8abf021a61701a0ef614f387a7,,
2004/July-6-2004-kuva11-koti.mbnet.fi.png,official game: screenshot (RuneScape 2),RS2 client screenshot from koti.mbnet.fi.,,,2004-07-06,20050129212000,http://koti.mbnet.fi:80/kuukke/data/kuva11.PNG,https://web.archive.org/web/20050129212000/http://koti.mbnet.fi:80/kuukke/data/kuva11.PNG,,122129,516e2acf2905a2ed2aaf588f4aa287f15291725c,,
2004/July-6-2004-kuva2-koti.mbnet.fi.png,official game: screenshot (RuneScape 2),RS2 client screenshot from koti.mbnet.fi.,,,2004-07-06,20050122203123,http://koti.mbnet.fi:80/kuukke/data/kuva2.PNG,https://web.archive.org/web/20050122203123/http://koti.mbnet.fi:80/kuukke/data/kuva2.PNG,,175589,f57c30f75bb2235451666972c280e5e5eec721c9,,
2004/July-6-2004-kuva3-koti.mbnet.fi.png,official game: screenshot (RuneScape 2),RS2 client screenshot from koti.mbnet.fi.,,,2004-07-06,20050113045323,http://koti.mbnet.fi:80/kuukke/data/kuva3.PNG,https://web.archive.org/web/20050113045323/http://koti.mbnet.fi:80/kuukke/data/kuva3.PNG,,170107,970047022c73711052908afce37f4b1310fbf5b5,,
2004/July-6-2004-kuva4-koti.mbnet.fi.png,official game: screenshot (RuneScape 2),RS2 client screenshot from koti.mbnet.fi.,,,2004-07-06,20041128131714,http://koti.mbnet.fi:80/kuukke/data/kuva4.PNG,https://web.archive.org/web/20041128131714/http://koti.mbnet.fi:80/kuukke/data/kuva4.PNG,,151295,73499aa5d1674cafa6efa3d12a8ab9b9bdccba22,,
2004/July-6-2004-kuva5-koti.mbnet.fi.png,official game: screenshot (RuneScape 2),RS2 client screenshot from koti.mbnet.fi.,,,2004-07-06,20041122134755,http://koti.mbnet.fi:80/kuukke/data/kuva5.PNG,https://web.archive.org/web/20041122134755/http://koti.mbnet.fi:80/kuukke/data/kuva5.PNG,,184655,61afea03701875dc1382979225d5e4c7c2b00cc9,,
2004/July-6-2004-kuva9-koti.mbnet.fi.png,official game: screenshot (RuneScape 2),RS2 client screenshot from koti.mbnet.fi.,,,2004-07-06,20041128042008,http://koti.mbnet.fi:80/kuukke/data/kuva9.PNG,https://web.archive.org/web/20041128042008/http://koti.mbnet.fi:80/kuukke/data/kuva9.PNG,,126553,2b0d041c917803878f01b144dbe324fca64d496d,,
2004/July-6-2004-rangedd1-koti.mbnet.fi.png,official game: screenshot (RuneScape 2),RS2 client screenshot from koti.mbnet.fi.,,,2004-07-06,20040814222413,http://koti.mbnet.fi:80/kuukke/data/Rangedd1.PNG,https://web.archive.org/web/20040814222413/http://koti.mbnet.fi:80/kuukke/data/Rangedd1.PNG,,150072,5f211d2c9682e04fdc037c3c78bf51a8ad9bc1cc,,
2004/July-6-2004-rangedd11-koti.mbnet.fi.png,official game: screenshot (RuneScape 2),RS2 client screenshot from koti.mbnet.fi.,,,2004-07-06,20040825223511,http://koti.mbnet.fi:80/kuukke/data/Rangedd11.PNG,https://web.archive.org/web/20040825223511/http://koti.mbnet.fi:80/kuukke/data/Rangedd11.PNG,,123154,66971d0ba941a43f6cf696936f42b5a2a3bb75c8,,
2004/July-7-2004-knightcavalier-koti.mbnet.fi.jpg,official game: screenshot (RuneScape 2),RS2 client screenshot from koti.mbnet.fi.,,,2004-07-07,20041128043906,http://koti.mbnet.fi:80/kuukke/data/knightcavalier.JPG,https://web.archive.org/web/20041128043906/http://koti.mbnet.fi:80/kuukke/data/knightcavalier.JPG,,83621,d810745589d8395a887a5f7befdaed0a58c5c8ae,,
2004/July-7-2004-mystery-img49.exs.cx.jpg,official game: screenshot (RuneScape 2),RS2 screenshot posted to a 2004-05 fansite forum thread; found by the 2001-2005 fansite re-screen,,,2004-07-07,20041102155128,http://img49.exs.cx:80/img49/8619/mystery.jpg,https://web.archive.org/web/20041102155128/http://img49.exs.cx:80/img49/8619/mystery.jpg,,81442,5244df4a3938a825927deecf858d761621cd3322,,
2004/July-8-2004-abandonedmineloc-img23.exs.cx.png,official game: screenshot (RuneScape 2),"RS2 client screenshot. Posted in the forum thread ""Runescape Community -> The Abandoned Mine"".",,,2004-07-08,20060905082422,http://img23.exs.cx:80/img23/818/abandonedmineloc.png,https://web.archive.org/web/20060905082422/http://img23.exs.cx:80/img23/818/abandonedmineloc.png,https://web.archive.org/web/20041125013227/http://www.runescapecommunity.com:80/index.php?showtopic=153610,526182,1f51fa4ba3df3951df95948f945fb540fb26d021,,
2004/July-8-2004-fullit2-koti.mbnet.fi.png,official game: screenshot (RuneScape 2),RS2 client screenshot from koti.mbnet.fi.,,,2004-07-08,20050128134628,http://koti.mbnet.fi:80/kuukke/data/Fullit2.PNG,https://web.archive.org/web/20050128134628/http://koti.mbnet.fi:80/kuukke/data/Fullit2.PNG,,132341,cb06dbf449e26dae2fa8ce764d31c5020be265a9,,
2004/July-8-2004-jookywarrior104-owned-koti.mbnet.fi.png,official game: screenshot (RuneScape 2),RS2 client screenshot from koti.mbnet.fi.,,,2004-07-08,20041128044654,http://koti.mbnet.fi:80/kuukke/data/Jookywarrior104_owned.PNG,https://web.archive.org/web/20041128044654/http://koti.mbnet.fi:80/kuukke/data/Jookywarrior104_owned.PNG,,124752,78d3ac50c916df077b01e3d0924d86d622974f5b,,
2004/June-1-2004-runelongtappo-koti.mbnet.fi.jpg,official game: screenshot (RuneScape 2),RS2 client screenshot from koti.mbnet.fi.,,,2004-06-01,20041127201904,http://koti.mbnet.fi:80/kuukke/data/runelongtappo.JPG,https://web.archive.org/web/20041127201904/http://koti.mbnet.fi:80/kuukke/data/runelongtappo.JPG,,81665,e4e4baaed1fc797aec02f9e0164155a15f7bbda5,,
2004/June-1-2004-v4l0p-80hp-koti.mbnet.fi.jpg,official game: screenshot (RuneScape 2),RS2 client screenshot from koti.mbnet.fi.,,,2004-06-01,20040903082537,http://koti.mbnet.fi:80/kuukke/data/V4l0p%2080hp.JPG,https://web.archive.org/web/20040903082537/http://koti.mbnet.fi:80/kuukke/data/V4l0p%2080hp.JPG,,87112,ac6b5a48b96047e8c0c49632d49d498be17db7a6,,
2004/June-10-2004-noobkillaagain-img12.imageshack.us.jpg,official game: screenshot (RuneScape 2),"RS2 client screenshot. Posted in the forum thread ""RuneHQ.com :: View topic - avi(116) dead 2x and 20 more!"".",,,2004-06-10,20040826133240,http://img12.imageshack.us/img12/8205/noobkillaagain.jpg,https://web.archive.org/web/20040826133240/http://img12.imageshack.us/img12/8205/noobkillaagain.jpg,https://web.archive.org/web/20040831171437/http://www.runehq.com:80/TheInn/viewtopic.php?t=44563&amp,45490,6a7db51535128445c93a9554f9f6fc946889a21a,,
2004/June-10-2004-w00tagee6-koti.mbnet.fi.jpg,official game: screenshot (RuneScape 2),RS2 client screenshot from koti.mbnet.fi.,,,2004-06-10,20050113051236,http://koti.mbnet.fi:80/kuukke/data/w00tagee6.JPG,https://web.archive.org/web/20050113051236/http://koti.mbnet.fi:80/kuukke/data/w00tagee6.JPG,,75212,2fb1a39dcf0278ccea1c9b49f0e26aefba334308,,
2004/June-11-2004-110604-2-koti.mbnet.fi.jpg,official game: screenshot (RuneScape 2),RS2 client screenshot from koti.mbnet.fi.,,,2004-06-11,20040618030612,http://koti.mbnet.fi:80/~timpat/kirja2/kuvat/110604_2.jpg,https://web.archive.org/web/20040618030612/http://koti.mbnet.fi:80/~timpat/kirja2/kuvat/110604_2.jpg,,65553,c34ca1f9a360f78ba6a3eba946d2d7ea03cac188,,
2004/June-11-2004-110604-3-koti.mbnet.fi.jpg,official game: screenshot (RuneScape 2),RS2 client screenshot from koti.mbnet.fi.,,,2004-06-11,20040618042340,http://koti.mbnet.fi:80/~timpat/kirja2/kuvat/110604_3.jpg,https://web.archive.org/web/20040618042340/http://koti.mbnet.fi:80/~timpat/kirja2/kuvat/110604_3.jpg,,64559,ea6ed6d485b84d74823bedf3889c91eaadbf5323,,
2004/June-11-2004-110604-4-koti.mbnet.fi.jpg,official game: screenshot (RuneScape 2),RS2 client screenshot from koti.mbnet.fi.,,,2004-06-11,20040618045245,http://koti.mbnet.fi:80/~timpat/kirja2/kuvat/110604_4.jpg,https://web.archive.org/web/20040618045245/http://koti.mbnet.fi:80/~timpat/kirja2/kuvat/110604_4.jpg,,77034,0f02287e34248cf51b9b49c8a8cb3d18062cbfb0,,
2004/June-11-2004-110604-koti.mbnet.fi.jpg,official game: screenshot (RuneScape 2),RS2 client screenshot from koti.mbnet.fi.,,,2004-06-11,20040618021653,http://koti.mbnet.fi:80/~timpat/kirja2/kuvat/110604.jpg,https://web.archive.org/web/20040618021653/http://koti.mbnet.fi:80/~timpat/kirja2/kuvat/110604.jpg,,60894,21e8a18156070c3d562638bf120bfd64d2b12949,,
2004/June-11-2004-coira-koti.mbnet.fi.jpg,official game: screenshot (RuneScape 2),RS2 client screenshot from koti.mbnet.fi.,,,2004-06-11,20041130031307,http://koti.mbnet.fi:80/kuukke/data/coira.JPG,https://web.archive.org/web/20041130031307/http://koti.mbnet.fi:80/kuukke/data/coira.JPG,,100210,757f8a1b4a2657091ec55acd47fb98b2b73b4e66,,
2004/June-11-2004-pankki1-koti.mbnet.fi.jpg,official game: screenshot (RuneScape 2),RS2 client screenshot from koti.mbnet.fi.,,,2004-06-11,20041129002028,http://koti.mbnet.fi:80/kuukke/data/pankki1.JPG,https://web.archive.org/web/20041129002028/http://koti.mbnet.fi:80/kuukke/data/pankki1.JPG,,88019,4297db2c89748cd7064f2223c36ba7d6142bcbf2,,
2004/June-11-2004-proof4-img27.imageshack.us.png,official game: screenshot (RuneScape 2),"RS2 client screenshot. Posted in the forum thread ""Runescape Community -> Corruption Clan ~new Reqs~"".",,,2004-06-11,20040717225835,http://img27.imageshack.us/img27/6295/proof4.png,https://web.archive.org/web/20040717225835/http://img27.imageshack.us/img27/6295/proof4.png,https://web.archive.org/web/20040716144053/http://www.runescapecommunity.com:80/index.php?showtopic=130408&amp,69867,c8e973a8c9f4f029600507e846f6a4411b06cb82,,
2004/June-12-2004-aa-katosvaan-koti.mbnet.fi.jpg,official game: screenshot (RuneScape 2),RS2 client screenshot from koti.mbnet.fi.,,,2004-06-12,20041122142243,http://koti.mbnet.fi:80/kuukke/data/AA%20katosvaan!.JPG,https://web.archive.org/web/20041122142243/http://koti.mbnet.fi:80/kuukke/data/AA%20katosvaan!.JPG,,56305,bfaa967f9e368d52756c29124e8bcd10b3490c83,,
2004/June-13-2004-ironwarline-img20.photobucket.com.png,official game: screenshot (RuneScape 2),RS2 screenshot posted to a 2004-05 fansite forum thread; found by the 2001-2005 fansite re-screen,,,2004-06-13,20040717221535,http://img20.photobucket.com/albums/v60/pure_knights/ironwarline.png,https://web.archive.org/web/20040717221535/http://img20.photobucket.com/albums/v60/pure_knights/ironwarline.png,,125708,eb5c3cdcc89bc810b1222050e428136e68e96b33,,
2004/June-13-2004-pk7-10-img77.photobucket.com.png,official game: screenshot (RuneScape 2),RS2 screenshot posted to a 2004-05 fansite forum thread; found by the 2001-2005 fansite re-screen,,,2004-06-13,20040715175249,http://img77.photobucket.com/albums/v235/mikdan3/Fear%20Clan/pk7_10.png,https://web.archive.org/web/20040715175249/http://img77.photobucket.com/albums/v235/mikdan3/Fear%20Clan/pk7_10.png,,145332,6eb1a4e81e35d15106498607536640467d8cc2a6,,
2004/June-13-2004-pk7-11-img77.photobucket.com.png,official game: screenshot (RuneScape 2),"RS2 client screenshot. Posted in the forum thread ""RuneHQ.com :: View topic - FEAR Clan - 200+ members, Pks, Events, and much more"".",,,2004-06-13,20040715175252,http://img77.photobucket.com/albums/v235/mikdan3/Fear%20Clan/pk7_11.png,https://web.archive.org/web/20040715175252/http://img77.photobucket.com/albums/v235/mikdan3/Fear%20Clan/pk7_11.png,https://web.archive.org/web/20040831171937/http://www.runehq.com:80/TheInn/viewtopic.php?t=49909&amp,37186,de58c114b263b786bdb8ae1d3a4ed2e9369896b4,,
2004/June-13-2004-pk7-img77.photobucket.com.png,official game: screenshot (RuneScape 2),RS2 screenshot posted to a 2004-05 fansite forum thread; found by the 2001-2005 fansite re-screen,,,2004-06-13,20040715171855,http://img77.photobucket.com/albums/v235/mikdan3/Fear%20Clan/pk7.png,https://web.archive.org/web/20040715171855/http://img77.photobucket.com/albums/v235/mikdan3/Fear%20Clan/pk7.png,,148157,87380b6543008467be58f01ef263564f2b8c5e70,,
2004/June-13-2004-w00tagee7-koti.mbnet.fi.jpg,official game: screenshot (RuneScape 2),RS2 client screenshot from koti.mbnet.fi.,,,2004-06-13,20050121014250,http://koti.mbnet.fi:80/kuukke/data/w00tagee7.JPG,https://web.archive.org/web/20050121014250/http://koti.mbnet.fi:80/kuukke/data/w00tagee7.JPG,,85132,bf850aeb21d86236415379ac064d4c49bccae9f2,,
2004/June-14-2004-anagra-screenshot-img17.imageshack.us.jpg,official game: screenshot (RuneScape 2),RuneScape client screenshot (uploaded as anagram1b.jpg).,,,2004-06-14,20040629164733,http://img17.imageshack.us:80/img17/8539/anagram1b.jpg,https://web.archive.org/web/20040629164733/http://img17.imageshack.us:80/img17/8539/anagram1b.jpg,,75446,7f78f3324cb7143604e0ba756cac58bfac04335d,,
2004/June-14-2004-demonslayer9-img16.imageshack.us.png,official game: screenshot (RuneScape 2),"RS2 client screenshot. Posted in the forum thread ""Runescape Community -> Demon Slayer"".",,,2004-06-14,20041129052434,http://img16.imageshack.us/img16/447/demonslayer9.png,https://web.archive.org/web/20041129052434/http://img16.imageshack.us/img16/447/demonslayer9.png,https://web.archive.org/web/20041127054155/http://www.runescapecommunity.com:80/index.php?showtopic=144689,534534,fbb80480fbfad674d29af30890e6e35bb3d4e6aa,,
2004/June-14-2004-greaterilta-clue-koti.mbnet.fi.jpg,official game: screenshot (RuneScape 2),RS2 client screenshot from koti.mbnet.fi.,,,2004-06-14,20041122142611,http://koti.mbnet.fi:80/kuukke/data/greaterilta_clue.JPG,https://web.archive.org/web/20041122142611/http://koti.mbnet.fi:80/kuukke/data/greaterilta_clue.JPG,,138578,3ee47b7dcb57903d34fee98464b0a7b27a73d6af,,
2004/June-14-2004-long-sp-att-koti.mbnet.fi.jpg,official game: screenshot (RuneScape 2),RS2 client screenshot from koti.mbnet.fi.,,,2004-06-14,20041122142623,http://koti.mbnet.fi:80/kuukke/data/long%20sp.%20att.JPG,https://web.archive.org/web/20041122142623/http://koti.mbnet.fi:80/kuukke/data/long%20sp.%20att.JPG,,75084,0a321d7a578dcb7a48c5b838590177154f391b9b,,
2004/June-14-2004-potion1-img24.imageshack.us.jpg,official game: screenshot (RuneScape 2),"RS2 client screenshot. Posted in the forum thread ""Runescape Community -> Witch's Potion"".",,,2004-06-14,20041129051947,http://img24.imageshack.us/img24/2408/potion1.jpg,https://web.archive.org/web/20041129051947/http://img24.imageshack.us/img24/2408/potion1.jpg,https://web.archive.org/web/20041127052020/http://www.runescapecommunity.com:80/index.php?showtopic=143563,242317,478cc650efcb3348e762d5e20c265e344a229030,,
2004/June-14-2004-shearable-img24.imageshack.us.png,official game: screenshot (RuneScape 2),"RS2 client screenshot. Posted in the forum thread ""Runescape Community -> Sheep Shearer"".",,,2004-06-14,20051207151748,http://img24.imageshack.us/img24/2411/Shearable.png,https://web.archive.org/web/20051207151748/http://img24.imageshack.us/img24/2411/Shearable.png,https://web.archive.org/web/20041122054354/http://www.runescapecommunity.com:80/index.php?showtopic=143817,8719,ce4c5fa919e82c20acda403336bc161c4d612424,,
2004/June-14-2004-spinwool-img16.imageshack.us.png,official game: screenshot (RuneScape 2),"RS2 client screenshot. Posted in the forum thread ""Runescape Community -> Sheep Shearer"".",,,2004-06-14,20051207152444,http://img16.imageshack.us/img16/7784/SpinWool.png,https://web.archive.org/web/20051207152444/http://img16.imageshack.us/img16/7784/SpinWool.png,https://web.archive.org/web/20041122054354/http://www.runescapecommunity.com:80/index.php?showtopic=143817,20484,e9f90dc7b52614259a4051d08e5e42e50dccae1e,,
2004/June-14-2004-treasure-trail-coordinate-clue-casket-img11.imageshack.us.jpg,official game: screenshot (RuneScape 2),Treasure Trail coordinate clue dug up: You've found a casket! (file name coordinats2b).,,,2004-06-14,20040629162358,http://img11.imageshack.us:80/img11/5990/coordinats2b.jpg,https://web.archive.org/web/20040629162358/http://img11.imageshack.us:80/img11/5990/coordinats2b.jpg,,62808,70be1d3899e30af1f74cc4e059d83601b80b30f3,,
2004/June-14-2004-unshearable-img24.imageshack.us.png,official game: screenshot (RuneScape 2),"RS2 client screenshot. Posted in the forum thread ""Runescape Community -> Sheep Shearer"".",,,2004-06-14,20051207151721,http://img24.imageshack.us/img24/9718/Unshearable.png,https://web.archive.org/web/20051207151721/http://img24.imageshack.us/img24/9718/Unshearable.png,https://web.archive.org/web/20041122054354/http://www.runescapecommunity.com:80/index.php?showtopic=143817,9914,79bb20d1b5e492f608edeee4fbc67bab6eb56248,,
2004/June-15-2004-bluekey-img22.imageshack.us.png,official game: screenshot (RuneScape 2),"RS2 client screenshot. Posted in the forum thread ""Runescape Community -> Dragon Slayer"".",,,2004-06-15,20060902041546,http://img22.imageshack.us/img22/1264/BlueKey.png,https://web.archive.org/web/20060902041546/http://img22.imageshack.us/img22/1264/BlueKey.png,https://web.archive.org/web/20041127054711/http://www.runescapecommunity.com:80/index.php?showtopic=143933,23129,6028fde150c1482ae1695556db512b950969ac05,,
2004/June-15-2004-chest-img9.imageshack.us.png,official game: screenshot (RuneScape 2),"RS2 client screenshot. Posted in the forum thread ""Runescape Community -> Dragon Slayer"".",,,2004-06-15,20060914170337,http://img9.imageshack.us/img9/7047/Chest.png,https://web.archive.org/web/20060914170337/http://img9.imageshack.us/img9/7047/Chest.png,https://web.archive.org/web/20041127054711/http://www.runescapecommunity.com:80/index.php?showtopic=143933,18721,b8539a5c5d73368137b015f47c9566dea82f5af1,,
2004/June-15-2004-dmace1-img14.imageshack.us.png,official game: screenshot (RuneScape 2),"RS2 client screenshot. Posted in the forum thread ""Runescape Community -> [ Mini Guides Compilation - 4]"".",,,2004-06-15,20051202053620,http://img14.imageshack.us/img14/4167/Dmace1.png,https://web.archive.org/web/20051202053620/http://img14.imageshack.us/img14/4167/Dmace1.png,https://web.archive.org/web/20040820041443/http://www.runescapecommunity.com:80/index.php?showtopic=133419,6663,84e7fc0e4c01a12dad2c7aa838c44274f53f13ad,,
2004/June-15-2004-dmace2-img14.imageshack.us.png,official game: screenshot (RuneScape 2),"RS2 client screenshot. Posted in the forum thread ""Runescape Community -> [ Mini Guides Compilation - 4]"".",,,2004-06-15,20051202055108,http://img14.imageshack.us/img14/4447/Dmace2.png,https://web.archive.org/web/20051202055108/http://img14.imageshack.us/img14/4447/Dmace2.png,https://web.archive.org/web/20040820041443/http://www.runescapecommunity.com:80/index.php?showtopic=133419,10650,922bcf1469dba52ae0e96faf906162e97a2471e1,,
2004/June-15-2004-fightingelvarg-img10.imageshack.us.png,official game: screenshot (RuneScape 2),"RS2 client screenshot. Posted in the forum thread ""Runescape Community -> Dragon Slayer"".",,,2004-06-15,20060703000725,http://img10.imageshack.us/img10/1839/FightingElvarg.png,https://web.archive.org/web/20060703000725/http://img10.imageshack.us/img10/1839/FightingElvarg.png,https://web.archive.org/web/20041127054711/http://www.runescapecommunity.com:80/index.php?showtopic=143933,57325,c40a2eba99a882e480678e8cf9e23fdcce4df022,,
2004/June-15-2004-greenkey-img22.imageshack.us.png,official game: screenshot (RuneScape 2),"RS2 client screenshot. Posted in the forum thread ""Runescape Community -> Dragon Slayer"".",,,2004-06-15,20060902041612,http://img22.imageshack.us/img22/4622/GreenKey.png,https://web.archive.org/web/20060902041612/http://img22.imageshack.us/img22/4622/GreenKey.png,https://web.archive.org/web/20041127054711/http://www.runescapecommunity.com:80/index.php?showtopic=143933,22167,0a34f30e0098a7c74783ecd0a9a16159c4704dc7,,
2004/June-15-2004-magentakey-img22.imageshack.us.png,official game: screenshot (RuneScape 2),"RS2 client screenshot. Posted in the forum thread ""Runescape Community -> Dragon Slayer"".",,,2004-06-15,20060902041759,http://img22.imageshack.us/img22/930/MagentaKey.png,https://web.archive.org/web/20060902041759/http://img22.imageshack.us/img22/930/MagentaKey.png,https://web.archive.org/web/20041127054711/http://www.runescapecommunity.com:80/index.php?showtopic=143933,21699,ab8d22be34498406ae3f98419f5ea31f5a96bd0d,,
2004/June-15-2004-mehitting-screenshot-img15.imageshack.us.png,official game: screenshot (RuneScape 2),RuneScape client screenshot (uploaded as mehitting111.png).,,,2004-06-15,20040823113624,http://img15.imageshack.us:80/img15/8591/mehitting111.png,https://web.archive.org/web/20040823113624/http://img15.imageshack.us:80/img15/8591/mehitting111.png,,243936,ff0c9b438a8361a329ff349ca969242b2dfbecfb,,
2004/June-15-2004-orangekey-img22.imageshack.us.png,official game: screenshot (RuneScape 2),"RS2 client screenshot. Posted in the forum thread ""Runescape Community -> Dragon Slayer"".",,,2004-06-15,20060902041734,http://img22.imageshack.us/img22/8356/OrangeKey.png,https://web.archive.org/web/20060902041734/http://img22.imageshack.us/img22/8356/OrangeKey.png,https://web.archive.org/web/20041127054711/http://www.runescapecommunity.com:80/index.php?showtopic=143933,48681,dc166f71d0c4a54652f3136f3800a9b66ef7461c,,
2004/June-15-2004-redkeydoor-img22.imageshack.us.png,official game: screenshot (RuneScape 2),"RS2 client screenshot. Posted in the forum thread ""Runescape Community -> Dragon Slayer"".",,,2004-06-15,20060902041836,http://img22.imageshack.us/img22/6826/RedKeyDoor.png,https://web.archive.org/web/20060902041836/http://img22.imageshack.us/img22/6826/RedKeyDoor.png,https://web.archive.org/web/20041127054711/http://www.runescapecommunity.com:80/index.php?showtopic=143933,76859,087c6d517661895c27563cbea22945d3a7d1c728,,
2004/June-15-2004-spshortbow-img25.imageshack.us.gif,official game: screenshot (RuneScape 2),"RS2 client screenshot. Posted in the forum thread ""Runescape Community -> [ Mini Guides Compilation - 4]"".",,,2004-06-15,20051016122306,http://img25.imageshack.us/img25/8251/spshortbow.gif,https://web.archive.org/web/20051016122306/http://img25.imageshack.us/img25/8251/spshortbow.gif,https://web.archive.org/web/20040820041443/http://www.runescapecommunity.com:80/index.php?showtopic=133419,4218,9df8071e03a7f504a9f0e7d5ad60489a52232a05,,
2004/June-15-2004-yellowkey-img2.imageshack.us.png,official game: screenshot (RuneScape 2),"RS2 client screenshot. Posted in the forum thread ""Runescape Community -> Dragon Slayer"".",,,2004-06-15,20060722125126,http://img2.imageshack.us/img2/74/YellowKey.png,https://web.archive.org/web/20060722125126/http://img2.imageshack.us/img2/74/YellowKey.png,https://web.archive.org/web/20041127054711/http://www.runescapecommunity.com:80/index.php?showtopic=143933,34915,8c3ab46c8a9c02fb3ec197975b0ef5fd2bf94c60,,
2004/June-16-2004-blackdemonrampage-img29.imageshack.us.png,official game: screenshot (RuneScape 2),"RS2 client screenshot. Posted in the forum thread ""Runescape Community -> [ Mini Guides Compilation - 4]"".",,,2004-06-16,20090829084555,http://img29.imageshack.us/img29/3680/BlackDemonRampage.png,https://web.archive.org/web/20090829084555/http://img29.imageshack.us/img29/3680/BlackDemonRampage.png,https://web.archive.org/web/20040820041443/http://www.runescapecommunity.com:80/index.php?showtopic=133419,22346,f8c492b509931800197b88e3d78587e190aa3863,,
2004/June-16-2004-duel1-img9.imageshack.us.jpg,official game: screenshot (RuneScape 2),RS2 screenshot posted to a 2004-05 fansite forum thread; found by the 2001-2005 fansite re-screen,,,2004-06-16,20040826134523,http://img9.imageshack.us/img9/4766/Duel1.jpg,https://web.archive.org/web/20040826134523/http://img9.imageshack.us/img9/4766/Duel1.jpg,,74297,480c1f642e300ecf669b5cc8b08b3e7c0e07c96f,,
2004/June-16-2004-right-click-menu-screenshot-img3.imageshack.us.png,official game: screenshot (RuneScape 2),"Client screenshot with a right-click menu open (trade / follow / attack), uploaded as untitled13.",,,2004-06-16,20040727232020,http://img3.imageshack.us:80/img3/4384/untitled13.png,https://web.archive.org/web/20040727232020/http://img3.imageshack.us:80/img3/4384/untitled13.png,,186080,0bf7f8a17a36f025ebc9447c936df32fd7b32094,,
2004/June-16-2004-treasure-trail-talk-clue-screenshot-img27.imageshack.us.jpg,official game: screenshot (RuneScape 2),Treasure Trail: talking to an NPC for a clue (file name talktoclue2b).,,,2004-06-16,20040629155521,http://img27.imageshack.us:80/img27/7315/talktoclue2b.jpg,https://web.archive.org/web/20040629155521/http://img27.imageshack.us:80/img27/7315/talktoclue2b.jpg,,66573,6128bc0f10df677ad8c4375f6c15fcb7d7c7122f,,
2004/June-17-2004-cauldronofthunder-img7.imageshack.us.png,official game: screenshot (RuneScape 2),"RS2 client screenshot. Posted in the forum thread ""Runescape Community -> Druidic Ritual"".",,,2004-06-17,20060904161347,http://img7.imageshack.us/img7/6595/CauldronofThunder.png,https://web.archive.org/web/20060904161347/http://img7.imageshack.us/img7/6595/CauldronofThunder.png,https://web.archive.org/web/20041122054358/http://www.runescapecommunity.com:80/index.php?showtopic=145087,7227,cd001b1cdb95c4f2c00d13cab35ea2a531af47fa,,
2004/June-17-2004-halted-img7.imageshack.us.png,official game: screenshot (RuneScape 2),"RS2 client screenshot. Posted in the forum thread ""Runescape Community -> Fishing Contest"".",,,2004-06-17,20060904161238,http://img7.imageshack.us/img7/1289/halted.png,https://web.archive.org/web/20060904161238/http://img7.imageshack.us/img7/1289/halted.png,https://web.archive.org/web/20041122054414/http://www.runescapecommunity.com:80/index.php?showtopic=146380,48406,a4b3045c236734ac689da63a4f89b0a0975e8fc3,,
2004/June-18-2004-90-cooking-pic-1-koti.mbnet.fi.jpg,official game: screenshot (RuneScape 2),RS2 client screenshot from koti.mbnet.fi.,,,2004-06-18,20041128175212,http://koti.mbnet.fi:80/kuukke/data/!!!____90%20cooking%20pic%201.JPG,https://web.archive.org/web/20041128175212/http://koti.mbnet.fi:80/kuukke/data/!!!____90%20cooking%20pic%201.JPG,,85835,740a99c2f3f67fd7d1b7439ca4f37446e93a5b7b,,
2004/June-18-2004-brothercedric-img13.imageshack.us.jpg,official game: screenshot (RuneScape 2),"RS2 client screenshot. Posted in the forum thread ""Runescape Community -> Monk's Friend"".",,,2004-06-18,20041201010013,http://img13.imageshack.us/img13/7664/brothercedric.jpg,https://web.archive.org/web/20041201010013/http://img13.imageshack.us/img13/7664/brothercedric.jpg,https://web.archive.org/web/20041122054402/http://www.runescapecommunity.com:80/index.php?showtopic=145496,42064,d519b7be9d8024d624bab3c475678dcf9db0c644,,
2004/June-18-2004-childsblanket-img13.imageshack.us.jpg,official game: screenshot (RuneScape 2),"RS2 client screenshot. Posted in the forum thread ""Runescape Community -> Monk's Friend"".",,,2004-06-18,20060909170446,http://img13.imageshack.us/img13/694/childsblanket.jpg,https://web.archive.org/web/20060909170446/http://img13.imageshack.us/img13/694/childsblanket.jpg,https://web.archive.org/web/20041122054402/http://www.runescapecommunity.com:80/index.php?showtopic=145496,39689,5aadcb6594d48ee1efb7c0945d94c554c9793439,,
2004/June-18-2004-ddagerspatk-img23.imageshack.us.png,official game: screenshot (RuneScape 2),"RS2 client screenshot. Posted in the forum thread ""Runescape Community -> [ Mini Guides Compilation - 4]"".",,,2004-06-18,20051202054507,http://img23.imageshack.us/img23/6/DDagerspatk.png,https://web.archive.org/web/20051202054507/http://img23.imageshack.us/img23/6/DDagerspatk.png,https://web.archive.org/web/20040820041443/http://www.runescapecommunity.com:80/index.php?showtopic=133419,15705,53ba8dafa3047b8593fd6d8fba1ae630e3378a38,,
2004/June-18-2004-dlongswordspatk-img23.imageshack.us.png,official game: screenshot (RuneScape 2),"RS2 client screenshot. Posted in the forum thread ""Runescape Community -> [ Mini Guides Compilation - 4]"".",,,2004-06-18,20051202053910,http://img23.imageshack.us/img23/1800/DLongSwordspatk.png,https://web.archive.org/web/20051202053910/http://img23.imageshack.us/img23/1800/DLongSwordspatk.png,https://web.archive.org/web/20040820041443/http://www.runescapecommunity.com:80/index.php?showtopic=133419,7901,27925016ee14fd0901b521906643fcaad34fdf87,,
2004/June-18-2004-dspearspatk1-img23.imageshack.us.png,official game: screenshot (RuneScape 2),"RS2 client screenshot. Posted in the forum thread ""Runescape Community -> [ Mini Guides Compilation - 4]"".",,,2004-06-18,20051202051414,http://img23.imageshack.us/img23/8306/DSpearspatk1.png,https://web.archive.org/web/20051202051414/http://img23.imageshack.us/img23/8306/DSpearspatk1.png,https://web.archive.org/web/20040820041443/http://www.runescapecommunity.com:80/index.php?showtopic=133419,25436,bb1ea1c50ccef28898523a015c67da22a832e705,,
2004/June-18-2004-lildan666-85smith-server6.uploadit.org.jpg,official game: screenshot (RuneScape 2),RS2 client screenshot from server6.uploadit.org. Embedded in: Clan Adverts - RuneWeb Forums (https://web.archive.org/web/20060928002504/http://forums.runeweb.net:80/index.php?showtopic=3221).,,,2004-06-18,20070322004630,http://server6.uploadit.org/files/lildan666-85smith.JPG,https://web.archive.org/web/20070322004630/http://server6.uploadit.org/files/lildan666-85smith.JPG,,93790,c0327c4d331a883b3241ecdb23dc8e1131bd930c,,
2004/June-18-2004-mlongbowspatk-img23.imageshack.us.png,official game: screenshot (RuneScape 2),"RS2 client screenshot. Posted in the forum thread ""Runescape Community -> [ Mini Guides Compilation - 4]"".",,,2004-06-18,20051202055007,http://img23.imageshack.us/img23/8189/MLongBowspatk.png,https://web.archive.org/web/20051202055007/http://img23.imageshack.us/img23/8189/MLongBowspatk.png,https://web.archive.org/web/20040820041443/http://www.runescapecommunity.com:80/index.php?showtopic=133419,8535,cac15dd754a5fdf662f268d0da2fd2210f93101d,,
2004/June-18-2004-nishkid64-morgan-server6.uploadit.org.jpg,official game: screenshot (RuneScape 2),RS2 client screenshot from server6.uploadit.org. Embedded in: Runescape Community -> Vampire Slayer (https://web.archive.org/web/20041127044839/http://www.runescapecommunity.com:80/index.php?showtopic=148325).,,,2004-06-18,20050313105138,http://server6.uploadit.org/files/Nishkid64-morgan.JPG,https://web.archive.org/web/20050313105138/http://server6.uploadit.org/files/Nishkid64-morgan.JPG,,103400,3f29fd6f56c349b50280feb987ac5cc18c33a48c,,
2004/June-18-2004-rthrowaxespatk-img23.imageshack.us.png,official game: screenshot (RuneScape 2),"RS2 client screenshot. Posted in the forum thread ""Runescape Community -> [ Mini Guides Compilation - 4]"".",,,2004-06-18,20051202052127,http://img23.imageshack.us/img23/8504/RThrowAxespatk.png,https://web.archive.org/web/20051202052127/http://img23.imageshack.us/img23/8504/RThrowAxespatk.png,https://web.archive.org/web/20040820041443/http://www.runescapecommunity.com:80/index.php?showtopic=133419,5298,36c01a3a65277580d0ef54642f3ab399911f2f2d,,
2004/June-18-2004-stonering-img13.imageshack.us.jpg,official game: screenshot (RuneScape 2),"RS2 client screenshot. Posted in the forum thread ""Runescape Community -> Monk's Friend"".",,,2004-06-18,20060910213939,http://img13.imageshack.us/img13/381/stonering.jpg,https://web.archive.org/web/20060910213939/http://img13.imageshack.us/img13/381/stonering.jpg,https://web.archive.org/web/20041122054402/http://www.runescapecommunity.com:80/index.php?showtopic=145496,37074,2ae1ff20dcd557bcfb73a46ff42f9d889f228d8b,,
2004/June-18-2004-vines-img23.imageshack.us.png,official game: screenshot (RuneScape 2),"RS2 client screenshot. Posted in the forum thread ""Runescape Community -> Fishing Contest"".",,,2004-06-18,20060904075916,http://img23.imageshack.us/img23/2515/vines.png,https://web.archive.org/web/20060904075916/http://img23.imageshack.us/img23/2515/vines.png,https://web.archive.org/web/20041122054414/http://www.runescapecommunity.com:80/index.php?showtopic=146380,68631,92ccae072da64224539aace9c8605aa8ad70ebac,,
2004/June-19-2004-10-img36.imageshack.us.png,official game: screenshot (RuneScape 2),"RS2 client screenshot. Posted in the forum thread ""Runescape Community -> Temple Of Ikov"".",,,2004-06-19,20060213081300,http://img36.imageshack.us/img36/8783/10.png,https://web.archive.org/web/20060213081300/http://img36.imageshack.us/img36/8783/10.png,https://web.archive.org/web/20041122054407/http://www.runescapecommunity.com:80/index.php?showtopic=146263,52465,5552d3e7239e2cb6f2ce831a5a48a562bdf1b6a3,,
2004/June-19-2004-2-img36.imageshack.us.png,official game: screenshot (RuneScape 2),"RS2 client screenshot. Posted in the forum thread ""Runescape Community -> Temple Of Ikov"".",,,2004-06-19,20060213081320,http://img36.imageshack.us/img36/8824/2.png,https://web.archive.org/web/20060213081320/http://img36.imageshack.us/img36/8824/2.png,https://web.archive.org/web/20041122054407/http://www.runescapecommunity.com:80/index.php?showtopic=146263,57854,594827c4676480aec97684a74b6bce375f628151,,
2004/June-19-2004-3-img36.imageshack.us.png,official game: screenshot (RuneScape 2),"RS2 client screenshot. Posted in the forum thread ""Runescape Community -> Temple Of Ikov"".",,,2004-06-19,20060213081313,http://img36.imageshack.us/img36/7027/3.png,https://web.archive.org/web/20060213081313/http://img36.imageshack.us/img36/7027/3.png,https://web.archive.org/web/20041122054407/http://www.runescapecommunity.com:80/index.php?showtopic=146263,52105,44a5cdfaee3bfd6f8539b06c14fdc1e47b391569,,
2004/June-19-2004-4-img36.imageshack.us.png,official game: screenshot (RuneScape 2),"RS2 client screenshot. Posted in the forum thread ""Runescape Community -> Temple Of Ikov"".",,,2004-06-19,20060213081238,http://img36.imageshack.us/img36/5412/4.png,https://web.archive.org/web/20060213081238/http://img36.imageshack.us/img36/5412/4.png,https://web.archive.org/web/20041122054407/http://www.runescapecommunity.com:80/index.php?showtopic=146263,61637,332e427a87606b8d24618fa71b17198d437bd4ff,,
2004/June-19-2004-5-img36.imageshack.us.png,official game: screenshot (RuneScape 2),"RS2 client screenshot. Posted in the forum thread ""Runescape Community -> Temple Of Ikov"".",,,2004-06-19,20060213081248,http://img36.imageshack.us/img36/2606/5.png,https://web.archive.org/web/20060213081248/http://img36.imageshack.us/img36/2606/5.png,https://web.archive.org/web/20041122054407/http://www.runescapecommunity.com:80/index.php?showtopic=146263,60407,08a8ff0c8136bfad1dd02b48523b6d266547b3b9,,
2004/June-19-2004-6-img36.imageshack.us.png,official game: screenshot (RuneScape 2),"RS2 client screenshot. Posted in the forum thread ""Runescape Community -> Temple Of Ikov"".",,,2004-06-19,20060213081254,http://img36.imageshack.us/img36/2741/6.png,https://web.archive.org/web/20060213081254/http://img36.imageshack.us/img36/2741/6.png,https://web.archive.org/web/20041122054407/http://www.runescapecommunity.com:80/index.php?showtopic=146263,40210,c4429151239e98734e1db7d7a65df80fb1753f61,,
2004/June-19-2004-7-img36.imageshack.us.png,official game: screenshot (RuneScape 2),"RS2 client screenshot. Posted in the forum thread ""Runescape Community -> Temple Of Ikov"".",,,2004-06-19,20060213081307,http://img36.imageshack.us/img36/3548/7.png,https://web.archive.org/web/20060213081307/http://img36.imageshack.us/img36/3548/7.png,https://web.archive.org/web/20041122054407/http://www.runescapecommunity.com:80/index.php?showtopic=146263,48891,0687bdd9a87e0492be887629c2f174b15b17fe28,,
2004/June-19-2004-costume-room-screenshot-img36.imageshack.us.jpg,official game: screenshot (RuneScape 2),Client screenshot in a room of costumes and armour stands (file name Costume3).,,,2004-06-19,20040622043104,http://img36.imageshack.us:80/img36/8741/Costume3.jpg,https://web.archive.org/web/20040622043104/http://img36.imageshack.us:80/img36/8741/Costume3.jpg,,63514,1c9b1b3b09171ba6063110c01c7d603b62b88b57,,
2004/June-19-2004-feather-img31.imageshack.us.jpg,official game: screenshot (RuneScape 2),"RS2 client screenshot. Posted in the forum thread ""Runescape Community -> The Holy Grail."".",,,2004-06-19,20060414174659,http://img31.imageshack.us/img31/5648/feather.jpg,https://web.archive.org/web/20060414174659/http://img31.imageshack.us/img31/5648/feather.jpg,https://web.archive.org/web/20041122054410/http://www.runescapecommunity.com:80/index.php?showtopic=146299,70287,fc339f5cfbf84a651ce450fe78921c922fb69927,,
2004/June-19-2004-islandlocation-img37.imageshack.us.jpg,official game: screenshot (RuneScape 2),"RS2 client screenshot. Posted in the forum thread ""Runescape Community -> The Holy Grail."".",,,2004-06-19,20041119082520,http://img37.imageshack.us/img37/8545/islandlocation.jpg,https://web.archive.org/web/20041119082520/http://img37.imageshack.us/img37/8545/islandlocation.jpg,https://web.archive.org/web/20041122054410/http://www.runescapecommunity.com:80/index.php?showtopic=146299,55844,3adba8dd5986a7fd0603fca0173ea324c06130db,,
2004/June-19-2004-opski-skill-total-700-koti.mbnet.fi.jpg,official game: screenshot (RuneScape 2),RS2 client screenshot from koti.mbnet.fi.,,,2004-06-19,20050123090549,http://koti.mbnet.fi:80/kuukke/data/Opski%20skill%20total%20700.JPG,https://web.archive.org/web/20050123090549/http://koti.mbnet.fi:80/kuukke/data/Opski%20skill%20total%20700.JPG,,90035,1cba8c102ca4e4766ca6e69f0e736f720e8cd76f,,
2004/June-19-2004-rslpkt-koti.mbnet.fi.png,official game: screenshot (RuneScape 2),RS2 client screenshot from koti.mbnet.fi.,,,2004-06-19,20040918100626,http://koti.mbnet.fi:80/kuukke/data/Rslpkt.PNG,https://web.archive.org/web/20040918100626/http://koti.mbnet.fi:80/kuukke/data/Rslpkt.PNG,,127569,eddc4478983ca643695af0bd0d8f618ac7a12eff,,
2004/June-2-2004-fletching-45-perkele-koti.mbnet.fi.jpg,official game: screenshot (RuneScape 2),RS2 client screenshot from koti.mbnet.fi.,,,2004-06-02,20050113055147,http://koti.mbnet.fi:80/kuukke/data/!!!!!FLETCHING_45_PERKELE.JPG,https://web.archive.org/web/20050113055147/http://koti.mbnet.fi:80/kuukke/data/!!!!!FLETCHING_45_PERKELE.JPG,,80259,cd82bf53b07fe40a8b9c48c34ccdf20349801b4c,,
2004/June-2-2004-oijoijoiojoi-koti.mbnet.fi.jpg,official game: screenshot (RuneScape 2),RS2 client screenshot from koti.mbnet.fi.,,,2004-06-02,20040814224155,http://koti.mbnet.fi:80/kuukke/data/OIjoijoiojoi.JPG,https://web.archive.org/web/20040814224155/http://koti.mbnet.fi:80/kuukke/data/OIjoijoiojoi.JPG,,87226,8e435cd31a8969ea86bddc4c36424129df671fcd,,
2004/June-20-2004-nishkid64-cupboard-server6.uploadit.org.jpg,official game: screenshot (RuneScape 2),RS2 client screenshot from server6.uploadit.org. Embedded in: Runescape Community -> Vampire Slayer (https://web.archive.org/web/20041127044839/http://www.runescapecommunity.com:80/index.php?showtopic=148325).,,,2004-06-20,20050313104458,http://server6.uploadit.org/files/Nishkid64-cupboard.JPG,https://web.archive.org/web/20050313104458/http://server6.uploadit.org/files/Nishkid64-cupboard.JPG,,94901,61682250136d1c6bb49e9c2debcd1ed7ce5749ac,,
2004/June-20-2004-nishkid64-harlow-server6.uploadit.org.jpg,official game: screenshot (RuneScape 2),RS2 client screenshot from server6.uploadit.org. Embedded in: Runescape Community -> Vampire Slayer (https://web.archive.org/web/20041127044839/http://www.runescapecommunity.com:80/index.php?showtopic=148325).,,,2004-06-20,20050313104813,http://server6.uploadit.org/files/Nishkid64-harlow.JPG,https://web.archive.org/web/20050313104813/http://server6.uploadit.org/files/Nishkid64-harlow.JPG,,97494,e15d016ed7cffc76d64beacade6dd1e28548eed2,,
2004/June-20-2004-nishkid64-morgana-server6.uploadit.org.jpg,official game: screenshot (RuneScape 2),RS2 client screenshot from server6.uploadit.org. Embedded in: Runescape Community -> Vampire Slayer (https://web.archive.org/web/20041127044839/http://www.runescapecommunity.com:80/index.php?showtopic=148325).,,,2004-06-20,20050313105327,http://server6.uploadit.org/files/Nishkid64-morgana.JPG,https://web.archive.org/web/20050313105327/http://server6.uploadit.org/files/Nishkid64-morgana.JPG,,99455,092c5d98f0ea89f00d83961adb025e9cfb89e8c5,,
2004/June-21-2004-bananas-img36.imageshack.us.jpg,official game: screenshot (RuneScape 2),"RS2 client screenshot. Posted in the forum thread ""RuneScape Community -> Pirate's Treasure"".",,,2004-06-21,20060902044921,http://img36.imageshack.us/img36/5152/Bananas.jpg,https://web.archive.org/web/20060902044921/http://img36.imageshack.us/img36/5152/Bananas.jpg,https://web.archive.org/web/20050313084730/http://www.runescapecommunity.com:80/index.php?showtopic=147683,27678,98f8f441f5e0517dce51a53bd85b6ecf17bbeb74,,
2004/June-21-2004-barrier-img40.imageshack.us.png,official game: screenshot (RuneScape 2),"RS2 client screenshot. Posted in the forum thread ""Runescape Community -> Legends Quest"".",,,2004-06-21,20050118061225,http://img40.imageshack.us/img40/3015/barrier.png,https://web.archive.org/web/20050118061225/http://img40.imageshack.us/img40/3015/barrier.png,https://web.archive.org/web/20041122054006/http://www.runescapecommunity.com:80/index.php?showtopic=143222,87861,4c18926d5130230de1a38b323e2483cfe81ff693,,
2004/June-21-2004-forester-img39.imageshack.us.png,official game: screenshot (RuneScape 2),"RS2 client screenshot. Posted in the forum thread ""Runescape Community -> Legends Quest"".",,,2004-06-21,20050105012808,http://img39.imageshack.us/img39/2227/forester.png,https://web.archive.org/web/20050105012808/http://img39.imageshack.us/img39/2227/forester.png,https://web.archive.org/web/20041122054006/http://www.runescapecommunity.com:80/index.php?showtopic=143222,112675,3852e72b3ee0c4fbb1891ae8e966b3115a376600,,
2004/June-21-2004-ranged-lvl-70-koti.mbnet.fi.jpg,official game: screenshot (RuneScape 2),RS2 client screenshot from koti.mbnet.fi.,,,2004-06-21,20040918095711,http://koti.mbnet.fi:80/kuukke/data/Ranged_lvl_70.JPG,https://web.archive.org/web/20040918095711/http://koti.mbnet.fi:80/kuukke/data/Ranged_lvl_70.JPG,,75614,394dd648c343e7ccc0e994679b09c5918f842306,,
2004/June-21-2004-spottodig-img34.imageshack.us.jpg,official game: screenshot (RuneScape 2),"RS2 client screenshot. Posted in the forum thread ""RuneScape Community -> Pirate's Treasure"".",,,2004-06-21,20060914041715,http://img34.imageshack.us/img34/8884/Spottodig.jpg,https://web.archive.org/web/20060914041715/http://img34.imageshack.us/img34/8884/Spottodig.jpg,https://web.archive.org/web/20050313084730/http://www.runescapecommunity.com:80/index.php?showtopic=147683,22083,e14934ccd7b464082b0a965bbfc52e3f0091e85a,,
2004/June-21-2004-village-img40.imageshack.us.png,official game: screenshot (RuneScape 2),"RS2 client screenshot. Posted in the forum thread ""Runescape Community -> Goblin Diplomacy"".",,,2004-06-21,20050105005827,http://img40.imageshack.us/img40/8120/Village.png,https://web.archive.org/web/20050105005827/http://img40.imageshack.us/img40/8120/Village.png,https://web.archive.org/web/20041122054422/http://www.runescapecommunity.com:80/index.php?showtopic=147846,94132,df808aa131c3393425dc31bc5946bac570f34266,,
2004/June-22-2004-client-screenshot-stats-img31.imageshack.us.jpg,official game: screenshot (RuneScape 2),Client screenshot by a fountain (file name stats-72204).,,,2004-06-22,20040925150341,http://img31.imageshack.us:80/img31/831/stats-72204.jpg,https://web.archive.org/web/20040925150341/http://img31.imageshack.us:80/img31/831/stats-72204.jpg,,85305,3fc0c336babea458f6997ed6556f07111b680ae1,,
2004/June-22-2004-ingremap-img40.imageshack.us.jpg,official game: screenshot (RuneScape 2),"RS2 client screenshot. Posted in the forum thread ""Runescape Community -> Goblin Diplomacy"".",,,2004-06-22,20050118002333,http://img40.imageshack.us/img40/9392/IngreMap.jpg,https://web.archive.org/web/20050118002333/http://img40.imageshack.us/img40/9392/IngreMap.jpg,https://web.archive.org/web/20041122054422/http://www.runescapecommunity.com:80/index.php?showtopic=147846,119856,3bfa45885a36d53c16c425efd2190fc08a45cf9a,,
2004/June-22-2004-nishkid64-draynormanor-server6.uploadit.org.jpg,official game: screenshot (RuneScape 2),RS2 client screenshot from server6.uploadit.org. Embedded in: Runescape Community -> Vampire Slayer (https://web.archive.org/web/20041127044839/http://www.runescapecommunity.com:80/index.php?showtopic=148325).,,,2004-06-22,20050313104751,http://server6.uploadit.org/files/Nishkid64-draynormanor.JPG,https://web.archive.org/web/20050313104751/http://server6.uploadit.org/files/Nishkid64-draynormanor.JPG,,110994,9e909b98cbe6f076d8b908a2fe03347ef24c0f96,,
2004/June-22-2004-nishkid64-vampire-server6.uploadit.org.jpg,official game: screenshot (RuneScape 2),RS2 client screenshot from server6.uploadit.org. Embedded in: Runescape Community -> Vampire Slayer (https://web.archive.org/web/20041127044839/http://www.runescapecommunity.com:80/index.php?showtopic=148325).,,,2004-06-22,20050313105400,http://server6.uploadit.org/files/Nishkid64-vampire.JPG,https://web.archive.org/web/20050313105400/http://server6.uploadit.org/files/Nishkid64-vampire.JPG,,102078,a283d4443497e2c83b3135703fc871a5a2a159f9,,
2004/June-23-2004-1111dimmu-koti.mbnet.fi.png,official game: screenshot (RuneScape 2),RS2 client screenshot from koti.mbnet.fi.,,,2004-06-23,20040918100135,http://koti.mbnet.fi:80/kuukke/data/1111Dimmu.PNG,https://web.archive.org/web/20040918100135/http://koti.mbnet.fi:80/kuukke/data/1111Dimmu.PNG,,174535,7fb09d64d1b574f333082b70d9294133d22e92e4,,
2004/June-23-2004-a-a-cb-80-koti.mbnet.fi.jpg,official game: screenshot (RuneScape 2),RS2 client screenshot from koti.mbnet.fi.,,,2004-06-23,20041129135624,http://koti.mbnet.fi:80/kuukke/data/A%20A%20cb%2080!.JPG,https://web.archive.org/web/20041129135624/http://koti.mbnet.fi:80/kuukke/data/A%20A%20cb%2080!.JPG,,70589,c53c244478caea6576405ee275ff6d8bfd7c8370,,
2004/June-24-2004-emty-koti.mbnet.fi.jpg,official game: screenshot (RuneScape 2),RS2 client screenshot from koti.mbnet.fi.,,,2004-06-24,20041128042845,http://koti.mbnet.fi:80/kuukke/data/emty.JPG,https://web.archive.org/web/20041128042845/http://koti.mbnet.fi:80/kuukke/data/emty.JPG,,47425,04108d8b775e5ad97dbe0cf0f76da737d86641d4,,
2004/June-24-2004-herbpalm-img9.imageshack.us.png,official game: screenshot (RuneScape 2),"RS2 client screenshot. Posted in the forum thread ""Runescape Community -> Legends Quest"".",,,2004-06-24,20050118050807,http://img9.imageshack.us/img9/4463/herbpalm.png,https://web.archive.org/web/20050118050807/http://img9.imageshack.us/img9/4463/herbpalm.png,https://web.archive.org/web/20041122054006/http://www.runescapecommunity.com:80/index.php?showtopic=143222,90014,8fcdcfe8fe36d828aaef6a51141211ed18e15ae9,,
2004/June-24-2004-herbvine-img9.imageshack.us.png,official game: screenshot (RuneScape 2),"RS2 client screenshot. Posted in the forum thread ""Runescape Community -> Legends Quest"".",,,2004-06-24,20050118030822,http://img9.imageshack.us/img9/4200/herbvine.png,https://web.archive.org/web/20050118030822/http://img9.imageshack.us/img9/4200/herbvine.png,https://web.archive.org/web/20041122054006/http://www.runescapecommunity.com:80/index.php?showtopic=143222,69249,985c39d6362aea1483eb0d428924ab77e687fe97,,
2004/June-24-2004-howatt3431-11-server6.uploadit.org.jpg,official game: screenshot (RuneScape 2),RS2 client screenshot from server6.uploadit.org.,,,2004-06-24,20040831195829,http://server6.uploadit.org:80/files/Howatt3431-11.JPG,https://web.archive.org/web/20040831195829/http://server6.uploadit.org:80/files/Howatt3431-11.JPG,,57303,7e6a6d00959b6c4f7d15e6137b585a79f352ed0e,,
2004/June-24-2004-stats-koti.mbnet.fi.jpg,official game: screenshot (RuneScape 2),RS2 client screenshot from koti.mbnet.fi.,,,2004-06-24,20040918101445,http://koti.mbnet.fi:80/kuukke/data/!!!!%20%20%20STATS%20%20%20!!!!.JPG,https://web.archive.org/web/20040918101445/http://koti.mbnet.fi:80/kuukke/data/!!!!%20%20%20STATS%20%20%20!!!!.JPG,,79485,12c73fa404026001262ca70b78b88ca89372b128,,
2004/June-25-2004-crewdragon4-120sezzy-server6.uploadit.org.jpg,official game: screenshot (RuneScape 2),RS2 client screenshot from server6.uploadit.org.,,,2004-06-25,20040628172826,http://server6.uploadit.org:80/files/crewdragon4-120sezzy.jpg,https://web.archive.org/web/20040628172826/http://server6.uploadit.org:80/files/crewdragon4-120sezzy.jpg,,122961,770108f9dd336d55ccb60392a64596365ca2a658,,
2004/June-25-2004-kokkojooors-koti.mbnet.fi.jpg,official game: screenshot (RuneScape 2),RS2 client screenshot from koti.mbnet.fi.,,,2004-06-25,20041127201937,http://koti.mbnet.fi:80/kuukke/data/kokkojooors.....JPG,https://web.archive.org/web/20041127201937/http://koti.mbnet.fi:80/kuukke/data/kokkojooors.....JPG,,132979,e0e9b4c1fb8b3bd106e0d075c301b4b3748bf1ef,,
2004/June-25-2004-omg-koti.mbnet.fi.jpg,official game: screenshot (RuneScape 2),RS2 client screenshot from koti.mbnet.fi.,,,2004-06-25,20040814224058,http://koti.mbnet.fi:80/kuukke/data/%23%23omg%23.JPG,https://web.archive.org/web/20040814224058/http://koti.mbnet.fi:80/kuukke/data/%23%23omg%23.JPG,,78998,cc4ebbbed24df9f4081a1f58445eb877dbff0935,,
2004/June-26-2004-pk8-7-img9.imageshack.us.png,official game: screenshot (RuneScape 2),"RS2 client screenshot. Posted in the forum thread ""RuneHQ.com :: View topic - FEAR Clan - 200+ members, Pks, Events, and much more"".",,,2004-06-26,20040901114623,http://img9.imageshack.us/img9/6816/pk8_7.png,https://web.archive.org/web/20040901114623/http://img9.imageshack.us/img9/6816/pk8_7.png,https://web.archive.org/web/20040831171937/http://www.runehq.com:80/TheInn/viewtopic.php?t=49909&amp,63418,e13573e9e9536df9524ca130a9532384945cbc52,,
2004/June-26-2004-skill-total-800-koti.mbnet.fi.png,official game: screenshot (RuneScape 2),RS2 client screenshot from koti.mbnet.fi.,,,2004-06-26,20040825230748,http://koti.mbnet.fi:80/kuukke/data/Skill%20total%20800.PNG,https://web.archive.org/web/20040825230748/http://koti.mbnet.fi:80/kuukke/data/Skill%20total%20800.PNG,,140493,c147452fe1fcbbe845981e235fadd26c5f51a9ec,,
2004/June-27-2004-50rc-27-6-2004-koti.mbnet.fi.jpg,official game: screenshot (RuneScape 2),RS2 client screenshot from koti.mbnet.fi.,,,2004-06-27,20040814224830,http://koti.mbnet.fi:80/kuukke/data/50rc_27.6.2004.JPG,https://web.archive.org/web/20040814224830/http://koti.mbnet.fi:80/kuukke/data/50rc_27.6.2004.JPG,,86850,6a1feb55b62dc5ad01da89b4414e9fea7ca53877,,
2004/June-27-2004-branch-img30.imageshack.us.jpg,official game: screenshot (RuneScape 2),"RS2 client screenshot. Posted in the forum thread ""Runescape Community -> Watch Tower"".",,,2004-06-27,20050118072834,http://img30.imageshack.us/img30/7117/branch.jpg,https://web.archive.org/web/20050118072834/http://img30.imageshack.us/img30/7117/branch.jpg,https://web.archive.org/web/20041122053953/http://www.runescapecommunity.com:80/index.php?showtopic=150052,36056,025be0952b84eadb089d71e4f67afbb70463a6cd,,
2004/June-27-2004-climbingrope-img34.imageshack.us.jpg,official game: screenshot (RuneScape 2),"RS2 client screenshot. Posted in the forum thread ""Runescape Community -> Watch Tower"".",,,2004-06-27,20060929095606,http://img34.imageshack.us/img34/8293/climbingrope.jpg,https://web.archive.org/web/20060929095606/http://img34.imageshack.us/img34/8293/climbingrope.jpg,https://web.archive.org/web/20041122053953/http://www.runescapecommunity.com:80/index.php?showtopic=150052,47487,2257a45fa048eb542c5d6c2b19d58ec6a8ae583c,,
2004/June-27-2004-crystalfour-img15.imageshack.us.jpg,official game: screenshot (RuneScape 2),"RS2 client screenshot. Posted in the forum thread ""Runescape Community -> Watch Tower"".",,,2004-06-27,20060416115836,http://img15.imageshack.us/img15/1109/crystalfour.jpg,https://web.archive.org/web/20060416115836/http://img15.imageshack.us/img15/1109/crystalfour.jpg,https://web.archive.org/web/20041122053953/http://www.runescapecommunity.com:80/index.php?showtopic=150052,63334,db391101d1db1ba587c10bce1467fd148b5aba06,,
2004/June-27-2004-crystalpeicemad-img14.imageshack.us.jpg,official game: screenshot (RuneScape 2),"RS2 client screenshot. Posted in the forum thread ""Runescape Community -> Watch Tower"".",,,2004-06-27,20060414174855,http://img14.imageshack.us/img14/1421/crystalpeicemad.jpg,https://web.archive.org/web/20060414174855/http://img14.imageshack.us/img14/1421/crystalpeicemad.jpg,https://web.archive.org/web/20041122053953/http://www.runescapecommunity.com:80/index.php?showtopic=150052,58084,0a5b8d8de94f2fd4579fc57ecaa4da4b758bc36b,,
2004/June-27-2004-enclaveguard-img26.imageshack.us.jpg,official game: screenshot (RuneScape 2),RS2 screenshot posted to a 2004-05 fansite forum thread; found by the 2001-2005 fansite re-screen,,,2004-06-27,20050118021353,http://img26.imageshack.us/img26/1742/enclaveguard.jpg,https://web.archive.org/web/20050118021353/http://img26.imageshack.us/img26/1742/enclaveguard.jpg,,61723,735371d96a213329582b81b41dc4b9534136a466,,
2004/June-27-2004-gorad-img25.imageshack.us.jpg,official game: screenshot (RuneScape 2),"RS2 client screenshot. Posted in the forum thread ""Runescape Community -> Watch Tower"".",,,2004-06-27,20050105001853,http://img25.imageshack.us/img25/9391/gorad.jpg,https://web.archive.org/web/20050105001853/http://img25.imageshack.us/img25/9391/gorad.jpg,https://web.archive.org/web/20041122053953/http://www.runescapecommunity.com:80/index.php?showtopic=150052,19724,9996955587cb7c8f84a1b5bbd210ff940c8b3497,,
2004/June-27-2004-gpogre-img26.imageshack.us.jpg,official game: screenshot (RuneScape 2),"RS2 client screenshot. Posted in the forum thread ""Runescape Community -> Watch Tower"".",,,2004-06-27,20060414150150,http://img26.imageshack.us/img26/848/gpogre.jpg,https://web.archive.org/web/20060414150150/http://img26.imageshack.us/img26/848/gpogre.jpg,https://web.archive.org/web/20041122053953/http://www.runescapecommunity.com:80/index.php?showtopic=150052,69248,8528aa95bf99adec41a9cf8ca80938ba6b03aff8,,
2004/June-27-2004-learnlanguage-img25.imageshack.us.jpg,official game: screenshot (RuneScape 2),RS2 screenshot posted to a 2004-05 fansite forum thread; found by the 2001-2005 fansite re-screen,,,2004-06-27,20050105013418,http://img25.imageshack.us/img25/9797/learnlanguage.jpg,https://web.archive.org/web/20050105013418/http://img25.imageshack.us/img25/9797/learnlanguage.jpg,,66166,db4794c7bec657d6b465fa7a986e1a4dc6adae7d,,
2004/June-27-2004-machineworking-img2.imageshack.us.jpg,official game: screenshot (RuneScape 2),RS2 screenshot posted to a 2004-05 fansite forum thread; found by the 2001-2005 fansite re-screen,,,2004-06-27,20050118022909,http://img2.imageshack.us/img2/8558/machineworking.jpg,https://web.archive.org/web/20050118022909/http://img2.imageshack.us/img2/8558/machineworking.jpg,,43947,9761da013dc25f571f5213cf80fbec407df2effe,,
2004/June-27-2004-og-img4.imageshack.us.jpg,official game: screenshot (RuneScape 2),RS2 screenshot posted to a 2004-05 fansite forum thread; found by the 2001-2005 fansite re-screen,,,2004-06-27,20050118022025,http://img4.imageshack.us/img4/1996/og.jpg,https://web.archive.org/web/20050118022025/http://img4.imageshack.us/img4/1996/og.jpg,,61062,895871421caca4736a8e1dc092172a5637d683d7,,
2004/June-27-2004-ogrepath-img25.imageshack.us.jpg,official game: screenshot (RuneScape 2),"RS2 client screenshot. Posted in the forum thread ""Runescape Community -> Watch Tower"".",,,2004-06-27,20050118031905,http://img25.imageshack.us/img25/7093/ogrepath.jpg,https://web.archive.org/web/20050118031905/http://img25.imageshack.us/img25/7093/ogrepath.jpg,https://web.archive.org/web/20041122053953/http://www.runescapecommunity.com:80/index.php?showtopic=150052,29035,5307a88023422c6fc6b3241a836d1763aaa35e26,,
2004/June-27-2004-ogrerelic-img2.imageshack.us.jpg,official game: screenshot (RuneScape 2),RS2 screenshot posted to a 2004-05 fansite forum thread; found by the 2001-2005 fansite re-screen,,,2004-06-27,20050118001658,http://img2.imageshack.us/img2/8265/ogrerelic.jpg,https://web.archive.org/web/20050118001658/http://img2.imageshack.us/img2/8265/ogrerelic.jpg,,66332,ff65a56b3ab7bb04d9f59d71e71c881416eec129,,
2004/June-27-2004-rc45-koti.mbnet.fi.png,official game: screenshot (RuneScape 2),RS2 client screenshot from koti.mbnet.fi.,,,2004-06-27,20040903080750,http://koti.mbnet.fi:80/kuukke/data/RC45.PNG,https://web.archive.org/web/20040903080750/http://koti.mbnet.fi:80/kuukke/data/RC45.PNG,,175245,163ea4ecc56a7f4555526ed347a877f6ff6df04d,,
2004/June-27-2004-vines-img3.imageshack.us.png,official game: screenshot (RuneScape 2),"RS2 client screenshot. Posted in the forum thread ""Runescape Community -> Ernest The Chicken"".",,,2004-06-27,20041129054144,http://img3.imageshack.us/img3/5995/Vines.png,https://web.archive.org/web/20041129054144/http://img3.imageshack.us/img3/5995/Vines.png,https://web.archive.org/web/20041127053424/http://www.runescapecommunity.com:80/index.php?showtopic=150827,56707,19c60712a635041f738f174cd3a6ed2374cdfb18,,
2004/June-27-2004-wilderness-pk-loot-client-server6.uploadit.org.jpg,official game: screenshot (RuneScape 2),"RS2 client screenshot, Wilderness kill with loot menu open, embedded in a 2004 fansite forum post (uploadit.org)",,,2004-06-27,20040826033720,http://server6.uploadit.org/files/matten-supa.JPG,https://web.archive.org/web/20040826033720/http://server6.uploadit.org/files/matten-supa.JPG,,70127,5611d10f30c7680550182b35f0800f246b6932d1,,
2004/June-28-2004-1200-skill-ja-66-lvl-magic-28-6-2004-koti.mbnet.fi.jpg,official game: screenshot (RuneScape 2),RS2 client screenshot from koti.mbnet.fi.,,,2004-06-28,20040716101732,http://koti.mbnet.fi:80/kuukke/data/1200%20skill%20ja%2066%20lvl%20magic%2028.6.2004.jpg,https://web.archive.org/web/20040716101732/http://koti.mbnet.fi:80/kuukke/data/1200%20skill%20ja%2066%20lvl%20magic%2028.6.2004.jpg,,30529,518a8baf0d44b753b48b7c8f2129df8a1efa2567,,
2004/June-28-2004-fred-img29.imageshack.us.png,official game: screenshot (RuneScape 2),"RS2 client screenshot. Posted in the forum thread ""Runescape Community -> Sheep Shearer"".",,,2004-06-28,20051207151748,http://img29.imageshack.us/img29/1116/Fred.png,https://web.archive.org/web/20051207151748/http://img29.imageshack.us/img29/1116/Fred.png,https://web.archive.org/web/20041122054354/http://www.runescapecommunity.com:80/index.php?showtopic=143817,112617,14964d552b8fcff6a9b95efe21c6209ba7db4395,,
2004/June-28-2004-knightpray55-koti.mbnet.fi.jpg,official game: screenshot (RuneScape 2),RS2 client screenshot from koti.mbnet.fi.,,,2004-06-28,20050125042831,http://koti.mbnet.fi:80/kuukke/data/knightpray55.JPG,https://web.archive.org/web/20050125042831/http://koti.mbnet.fi:80/kuukke/data/knightpray55.JPG,,67743,01238350961c94f64b53f07e26ba804a6aaa0af9,,
2004/June-28-2004-noobiksihaukkuu-koti.mbnet.fi.jpg,official game: screenshot (RuneScape 2),RS2 client screenshot from koti.mbnet.fi.,,,2004-06-28,20050121020016,http://koti.mbnet.fi:80/kuukke/data/noobiksihaukkuu.JPG,https://web.archive.org/web/20050121020016/http://koti.mbnet.fi:80/kuukke/data/noobiksihaukkuu.JPG,,71300,975e986dfffbc6a0f5c1262af8af5baf5bf0c961,,
2004/June-28-2004-palkkio1-koti.mbnet.fi.jpg,official game: screenshot (RuneScape 2),RS2 client screenshot from koti.mbnet.fi.,,,2004-06-28,20041122135856,http://koti.mbnet.fi:80/kuukke/data/palkkio1.JPG,https://web.archive.org/web/20041122135856/http://koti.mbnet.fi:80/kuukke/data/palkkio1.JPG,,63229,c2e14fdd1c5c79c51db7f544a86883eb4755b7b4,,
2004/June-28-2004-relicpartthree-img14.imageshack.us.jpg,official game: screenshot (RuneScape 2),RS2 screenshot posted to a 2004-05 fansite forum thread; found by the 2001-2005 fansite re-screen,,,2004-06-28,20050118082137,http://img14.imageshack.us/img14/6265/relicpartthree.jpg,https://web.archive.org/web/20050118082137/http://img14.imageshack.us/img14/6265/relicpartthree.jpg,,64102,96999ee84dbd1821c8e25dd862faef628ccb5dc1,,
2004/June-28-2004-relicparttwo-img16.imageshack.us.jpg,official game: screenshot (RuneScape 2),"RS2 client screenshot. Posted in the forum thread ""Runescape Community -> Watch Tower"".",,,2004-06-28,20060905123220,http://img16.imageshack.us/img16/8605/relicparttwo.jpg,https://web.archive.org/web/20060905123220/http://img16.imageshack.us/img16/8605/relicparttwo.jpg,https://web.archive.org/web/20041122053953/http://www.runescapecommunity.com:80/index.php?showtopic=150052,63256,bf8c3535892e1e4f9b37dd6776fe1c5d9640009b,,
2004/June-28-2004-rockcakeo-screenshot-img18.imageshack.us.jpg,official game: screenshot (RuneScape 2),RuneScape client screenshot (uploaded as rockcakeogre.jpg).,,,2004-06-28,20041128042744,http://img18.imageshack.us:80/img18/3764/rockcakeogre.jpg,https://web.archive.org/web/20041128042744/http://img18.imageshack.us:80/img18/3764/rockcakeogre.jpg,,68481,e4bda33f26cb5d21b05d43c375259aab70a3238a,,
2004/June-28-2004-rockcakestall-img39.imageshack.us.jpg,official game: screenshot (RuneScape 2),"RS2 client screenshot. Posted in the forum thread ""Runescape Community -> Watch Tower"".",,,2004-06-28,20060902050531,http://img39.imageshack.us/img39/1593/rockcakestall.jpg,https://web.archive.org/web/20060902050531/http://img39.imageshack.us/img39/1593/rockcakestall.jpg,https://web.archive.org/web/20041122053953/http://www.runescapecommunity.com:80/index.php?showtopic=150052,39138,c33de42333b3eb49b1052c4748beac1d366beb7a,,
2004/June-28-2004-rocks-img12.imageshack.us.jpg,official game: screenshot (RuneScape 2),"RS2 client screenshot. Posted in the forum thread ""Runescape Community -> Watch Tower"".",,,2004-06-28,20050118055949,http://img12.imageshack.us/img12/9461/rocks.jpg,https://web.archive.org/web/20050118055949/http://img12.imageshack.us/img12/9461/rocks.jpg,https://web.archive.org/web/20041122053953/http://www.runescapecommunity.com:80/index.php?showtopic=150052,25812,cb801491823ea92950e340bb1f15d37e47f9428a,,
2004/June-28-2004-wizardone-img30.imageshack.us.jpg,official game: screenshot (RuneScape 2),RS2 screenshot posted to a 2004-05 fansite forum thread; found by the 2001-2005 fansite re-screen,,,2004-06-28,20050118050403,http://img30.imageshack.us/img30/6823/wizardone.jpg,https://web.archive.org/web/20050118050403/http://img30.imageshack.us/img30/6823/wizardone.jpg,,38947,b8d74e27b5d06cb39611cb19ba30bb04172839f2,,
2004/June-28-2004-wizardthree-img16.imageshack.us.jpg,official game: screenshot (RuneScape 2),"RS2 client screenshot. Posted in the forum thread ""Runescape Community -> Watch Tower"".",,,2004-06-28,20060924063019,http://img16.imageshack.us/img16/5301/wizardthree.jpg,https://web.archive.org/web/20060924063019/http://img16.imageshack.us/img16/5301/wizardthree.jpg,https://web.archive.org/web/20041122053953/http://www.runescapecommunity.com:80/index.php?showtopic=150052,60514,86d69c50a0cb95083b635484b6980339ea433254,,
2004/June-29-2004-church-img14.imageshack.us.png,official game: screenshot (RuneScape 2),"RS2 client screenshot. Posted in the forum thread ""Runescape Community -> Priest In Peril"".",,,2004-06-29,20050118050858,http://img14.imageshack.us/img14/512/Church.png,https://web.archive.org/web/20050118050858/http://img14.imageshack.us/img14/512/Church.png,https://web.archive.org/web/20041122054426/http://www.runescapecommunity.com:80/index.php?showtopic=150741,83604,66f8438e140ef9d101f68dde9dc26df1c024fcd7,,
2004/June-29-2004-drezzel-img35.imageshack.us.png,official game: screenshot (RuneScape 2),"RS2 client screenshot. Posted in the forum thread ""Runescape Community -> Priest In Peril"".",,,2004-06-29,20050118012136,http://img35.imageshack.us/img35/2179/Drezzel.png,https://web.archive.org/web/20050118012136/http://img35.imageshack.us/img35/2179/Drezzel.png,https://web.archive.org/web/20041122054426/http://www.runescapecommunity.com:80/index.php?showtopic=150741,4145,a40b8d457d81b0f385072d0a3124f216da8904cc,,
2004/June-29-2004-fire-on-ground-th-img14.imageshack.us.png,official game: screenshot (RuneScape 2),"RS2 client screenshot. Posted in the forum thread ""Runescape Community -> Fire Making Guide"".",,,2004-06-29,20041126091138,http://img14.imageshack.us/img14/7779/fire-on-ground.th.png,https://web.archive.org/web/20041126091138/http://img14.imageshack.us/img14/7779/fire-on-ground.th.png,https://web.archive.org/web/20041125013223/http://www.runescapecommunity.com:80/index.php?showtopic=150370,40421,69cafd65537b83bf8c6c7bd9b2e3dca1b5f7ea46,,
2004/June-29-2004-gate-img13.imageshack.us.png,official game: screenshot (RuneScape 2),"RS2 client screenshot. Posted in the forum thread ""Runescape Community -> Priest In Peril"".",,,2004-06-29,20050105005905,http://img13.imageshack.us/img13/9545/Gate.png,https://web.archive.org/web/20050105005905/http://img13.imageshack.us/img13/9545/Gate.png,https://web.archive.org/web/20041122054426/http://www.runescapecommunity.com:80/index.php?showtopic=150741,55885,f2bf9b9915cd082939789ce6520b016ed171fa81,,
2004/June-29-2004-mcblast-img13.imageshack.us.gif,official game: screenshot (RuneScape 2),"RS2 client screenshot. Posted in the forum thread ""Runescape Community -> Bodyguards"".",,,2004-06-29,20040727114150,http://img13.imageshack.us/img13/9104/mcblast.gif,https://web.archive.org/web/20040727114150/http://img13.imageshack.us/img13/9104/mcblast.gif,https://web.archive.org/web/20040724113932/http://www.runescapecommunity.com:80/index.php?showtopic=150556&amp,383216,7b70b05c904fcd84273a7a87d1721d1e11fb84f7,,
2004/June-29-2004-mcmonk-img20.imageshack.us.gif,official game: screenshot (RuneScape 2),"RS2 client screenshot. Posted in the forum thread ""Runescape Community -> Bodyguards"".",,,2004-06-29,20040727052241,http://img20.imageshack.us/img20/2562/mcmonk.gif,https://web.archive.org/web/20040727052241/http://img20.imageshack.us/img20/2562/mcmonk.gif,https://web.archive.org/web/20040724113932/http://www.runescapecommunity.com:80/index.php?showtopic=150556&amp,280170,525b0810df56b529c8c0bb00f285278fa180f2b0,,
2004/June-29-2004-mcreappear-img40.imageshack.us.gif,official game: screenshot (RuneScape 2),"RS2 client screenshot. Posted in the forum thread ""Runescape Community -> Bodyguards"".",,,2004-06-29,20040727053557,http://img40.imageshack.us/img40/9283/mcreappear.gif,https://web.archive.org/web/20040727053557/http://img40.imageshack.us/img40/9283/mcreappear.gif,https://web.archive.org/web/20040724113932/http://www.runescapecommunity.com:80/index.php?showtopic=150556&amp,356874,2f49ae689ef3ba7e649a9ad6e99490d03b5759c5,,
2004/June-29-2004-monument-img13.imageshack.us.png,official game: screenshot (RuneScape 2),"RS2 client screenshot. Posted in the forum thread ""Runescape Community -> Priest In Peril"".",,,2004-06-29,20050118024110,http://img13.imageshack.us/img13/2830/Monument.png,https://web.archive.org/web/20050118024110/http://img13.imageshack.us/img13/2830/Monument.png,https://web.archive.org/web/20041122054426/http://www.runescapecommunity.com:80/index.php?showtopic=150741,14016,825c4bb00a9ea36e5edbcb52edd2153825271167,,
2004/June-29-2004-mouseluem-img14.imageshack.us.png,official game: screenshot (RuneScape 2),"RS2 client screenshot. Posted in the forum thread ""Runescape Community -> Priest In Peril"".",,,2004-06-29,20050105000451,http://img14.imageshack.us/img14/857/Mouseluem.png,https://web.archive.org/web/20050105000451/http://img14.imageshack.us/img14/857/Mouseluem.png,https://web.archive.org/web/20041122054426/http://www.runescapecommunity.com:80/index.php?showtopic=150741,18004,5c3092a4228f79ecee307b7b274a4f2c33f0a1bd,,
2004/June-29-2004-ownage3-img.photobucket.com.png,official game: screenshot (RuneScape 2),"RS2 client screenshot. Posted in the forum thread ""RuneHQ.com :: View topic - Why 56k Modems own you... (A Seiferoth Production)"".",,,2004-06-29,20040823133656,http://img.photobucket.com/albums/v160/The_Roth/Ownage3.png,https://web.archive.org/web/20040823133656/http://img.photobucket.com/albums/v160/The_Roth/Ownage3.png,https://web.archive.org/web/20040824083445/http://www.runehq.com:80/TheInn/viewtopic.php?t=52184&amp,89542,59f49018297881c154e60247d9cfc68cd2e795ea,,
2004/June-29-2004-po2nstar-img19.imageshack.us.jpg,official game: screenshot (RuneScape 2),"RS2 client screenshot. Posted in the forum thread ""RuneHQ.com :: View topic - curtis jesep(90),jbv(111),jim bean69(99)2x,and sir joey(103)"".",,,2004-06-29,20040827091045,http://img19.imageshack.us/img19/5990/po2nstar.jpg,https://web.archive.org/web/20040827091045/http://img19.imageshack.us/img19/5990/po2nstar.jpg,https://web.archive.org/web/20040831171425/http://www.runehq.com:80/TheInn/viewtopic.php?t=43281&amp,40143,a1af3b31a39f489cf523a2abec481b84888e42c5,,
2004/June-29-2004-shearsheep-img29.imageshack.us.png,official game: screenshot (RuneScape 2),"RS2 client screenshot. Posted in the forum thread ""Runescape Community -> Sheep Shearer"".",,,2004-06-29,20051207151720,http://img29.imageshack.us/img29/8633/ShearSheep.png,https://web.archive.org/web/20051207151720/http://img29.imageshack.us/img29/8633/ShearSheep.png,https://web.archive.org/web/20041122054354/http://www.runescapecommunity.com:80/index.php?showtopic=143817,32234,bdfa5cae67f0c1fa1d0fc3fdd8e09f46ee9ed3ef,,
2004/June-29-2004-sheepshearing-img29.imageshack.us.png,official game: screenshot (RuneScape 2),"RS2 client screenshot. Posted in the forum thread ""Runescape Community -> Sheep Shearer"".",,,2004-06-29,20051207151926,http://img29.imageshack.us/img29/5725/SheepShearing.png,https://web.archive.org/web/20051207151926/http://img29.imageshack.us/img29/5725/SheepShearing.png,https://web.archive.org/web/20041122054354/http://www.runescapecommunity.com:80/index.php?showtopic=143817,5917,f1207b6d1c03c4cf8a8bd38e108553c86a91269f,,
2004/June-29-2004-skill-total-800-koti.mbnet.fi.jpg,official game: screenshot (RuneScape 2),RS2 client screenshot from koti.mbnet.fi.,,,2004-06-29,20050125043822,http://koti.mbnet.fi:80/kuukke/data/skill%20total%20800.JPG,https://web.archive.org/web/20050125043822/http://koti.mbnet.fi:80/kuukke/data/skill%20total%20800.JPG,,58182,24979b8b4c1b40ad3bad329835e03a8908f7fe69,,
2004/June-29-2004-werewolf-img31.imageshack.us.png,official game: screenshot (RuneScape 2),"RS2 client screenshot. Posted in the forum thread ""Runescape Community -> Priest In Peril"".",,,2004-06-29,20050118065219,http://img31.imageshack.us/img31/2636/Werewolf.png,https://web.archive.org/web/20050118065219/http://img31.imageshack.us/img31/2636/Werewolf.png,https://web.archive.org/web/20041122054426/http://www.runescapecommunity.com:80/index.php?showtopic=150741,5087,3d945e7e56cc3816e7fb03e42bcbd59980842487,,
2004/June-29-2004-xgohanx-clan-pk-1-server6.uploadit.org.jpg,official game: screenshot (RuneScape 2),RS2 client screenshot from server6.uploadit.org.,,,2004-06-29,20040822121700,http://server6.uploadit.org:80/files/xgohanx-Clan_Pk_1.JPG,https://web.archive.org/web/20040822121700/http://server6.uploadit.org:80/files/xgohanx-Clan_Pk_1.JPG,,68235,d7bb4492cedb3ec505dc973f47661a0f29920b55,,
2004/June-30-2004-chronozon-img30.imageshack.us.jpg,official game: screenshot (RuneScape 2),"RS2 client screenshot. Posted in the forum thread ""Runescape Community -> Family Crest"".",,,2004-06-30,20070115163832,http://img30.imageshack.us/img30/9833/Chronozon.jpg,https://web.archive.org/web/20070115163832/http://img30.imageshack.us/img30/9833/Chronozon.jpg,https://web.archive.org/web/20041122054434/http://www.runescapecommunity.com:80/index.php?showtopic=150954,4285,c4d7fc0c55f58604ee074d8926f22f56e1e83a75,,
2004/June-30-2004-firemaking-img39.imageshack.us.jpg,official game: screenshot (RuneScape 2),RS2 screenshot posted to a 2004-05 fansite forum thread; found by the 2001-2005 fansite re-screen,,,2004-06-30,20041126073829,http://img39.imageshack.us/img39/3412/firemaking.jpg,https://web.archive.org/web/20041126073829/http://img39.imageshack.us/img39/3412/firemaking.jpg,,225150,5a0f4631a4c2314bca497d575ebca8a0ae3212b0,,
2004/June-4-2004-pezypezypezypezypezysaavuttaa500-koti.mbnet.fi.jpg,official game: screenshot (RuneScape 2),RS2 client screenshot from koti.mbnet.fi.,,,2004-06-04,20041201162000,http://koti.mbnet.fi:80/kuukke/data/pezypezypezypezypezysaavuttaa500.JPG,https://web.archive.org/web/20041201162000/http://koti.mbnet.fi:80/kuukke/data/pezypezypezypezypezysaavuttaa500.JPG,,74656,433f309b9481d0c25b84219fbae8b871f893e07b,,
2004/June-4-2004-pezysaavuttaa500-koti.mbnet.fi.jpg,official game: screenshot (RuneScape 2),RS2 client screenshot from koti.mbnet.fi.,,,2004-06-04,20050123085335,http://koti.mbnet.fi:80/kuukke/data/pezysaavuttaa500.JPG,https://web.archive.org/web/20050123085335/http://koti.mbnet.fi:80/kuukke/data/pezysaavuttaa500.JPG,,75274,f6bc0812cb64ca1443305cfa43347e01e4d3cc65,,
2004/June-4-2004-seitsem-s-aarre-koti.mbnet.fi.jpg,official game: screenshot (RuneScape 2),RS2 client screenshot from koti.mbnet.fi.,,,2004-06-04,20050123085432,http://koti.mbnet.fi:80/kuukke/data/seitsem%e4s_aarre.JPG,https://web.archive.org/web/20050123085432/http://koti.mbnet.fi:80/kuukke/data/seitsem%e4s_aarre.JPG,,87003,2602b33bf0f55f3089315f29a0d8926d068614f7,,
2004/June-5-2004-3-nocache.rs2.gamerzparadise.biz.jpg,official game: screenshot (RuneScape 2),RS2 client screenshot from a 2004-05 fansite page (nocache.rs2.gamerzparadise.biz:80); found by the 2001-2005 fansite re-screen,,,2004-06-05,20040703224114,http://nocache.rs2.gamerzparadise.biz:80/Funny_Pictures/3.jpg,https://web.archive.org/web/20040703224114/http://nocache.rs2.gamerzparadise.biz:80/Funny_Pictures/3.jpg,,333715,05267abcbc652fe59f4108404a820a24d7e1effb,,
2004/June-5-2004-alkujono-koti.mbnet.fi.png,official game: screenshot (RuneScape 2),RS2 client screenshot from koti.mbnet.fi.,,,2004-06-05,20040814223637,http://koti.mbnet.fi:80/kuukke/data/!alkujono!.PNG,https://web.archive.org/web/20040814223637/http://koti.mbnet.fi:80/kuukke/data/!alkujono!.PNG,,165740,d03d15304967f4567bb0ca5fa230e787be6f1ab6,,
2004/June-7-2004-menu-img28.imageshack.us.png,official game: screenshot (RuneScape 2),"RS2 client screenshot. Posted in the forum thread ""Runescape Community -> Password Suggestion"".",,,2004-06-07,20040715180659,http://img28.imageshack.us/img28/653/menu.png,https://web.archive.org/web/20040715180659/http://img28.imageshack.us/img28/653/menu.png,https://web.archive.org/web/20040715050257/http://www.runescapecommunity.com:80/index.php?showtopic=139262,80317,9fd7c8391c30e8acb92c32e5a9eb8035ea189b96,,
2004/June-8-2004-aa-magic-level-24-koti.mbnet.fi.jpg,official game: screenshot (RuneScape 2),RS2 client screenshot from koti.mbnet.fi.,,,2004-06-08,20040917055843,http://koti.mbnet.fi:80/kuukke/data/AA%20magic%20level%2024.JPG,https://web.archive.org/web/20040917055843/http://koti.mbnet.fi:80/kuukke/data/AA%20magic%20level%2024.JPG,,63253,bc77e9f56dc75012f273451a5c6fa0a24fe4ad5c,,
2004/June-8-2004-client-screenshot-img10.imageshack.us.png,official game: screenshot (RuneScape 2),"Client screenshot on a path, combat level 102 (file name 71).",,,2004-06-08,20040714093049,http://img10.imageshack.us:80/img10/4439/71.png,https://web.archive.org/web/20040714093049/http://img10.imageshack.us:80/img10/4439/71.png,,228217,19bfd5547179b5d8020a0b5263e7a3f722a1a46e,,
2004/June-8-2004-combat100-koti.mbnet.fi.jpg,official game: screenshot (RuneScape 2),RS2 client screenshot from koti.mbnet.fi.,,,2004-06-08,20050122205030,http://koti.mbnet.fi:80/kuukke/data/combat100.JPG,https://web.archive.org/web/20050122205030/http://koti.mbnet.fi:80/kuukke/data/combat100.JPG,,105556,2e97ba536c7d38c4c335cf5799abc72c9c2a5613,,
2004/June-8-2004-knightrange70-koti.mbnet.fi.jpg,official game: screenshot (RuneScape 2),RS2 client screenshot from koti.mbnet.fi.,,,2004-06-08,20050123084827,http://koti.mbnet.fi:80/kuukke/data/knightrange70.JPG,https://web.archive.org/web/20050123084827/http://koti.mbnet.fi:80/kuukke/data/knightrange70.JPG,,85980,a9bbe9dbb67fa498b800f5ce3af7ac79e0448c71,,
2004/June-8-2004-w00tagee2-koti.mbnet.fi.jpg,official game: screenshot (RuneScape 2),RS2 client screenshot from koti.mbnet.fi.,,,2004-06-08,20050122205306,http://koti.mbnet.fi:80/kuukke/data/w00tagee2.JPG,https://web.archive.org/web/20050122205306/http://koti.mbnet.fi:80/kuukke/data/w00tagee2.JPG,,79884,ba9fe031a989411cbe1f9a2830eaa56cf5c06059,,
2004/June-9-2004-17-aarre-koti.mbnet.fi.jpg,official game: screenshot (RuneScape 2),RS2 client screenshot from koti.mbnet.fi.,,,2004-06-09,20040918100047,http://koti.mbnet.fi:80/kuukke/data/17_aarre.JPG,https://web.archive.org/web/20040918100047/http://koti.mbnet.fi:80/kuukke/data/17_aarre.JPG,,85881,290821038cf29143e1591407dc659dc409ec393c,,
2004/June-9-2004-aa-attack-60-koti.mbnet.fi.jpg,official game: screenshot (RuneScape 2),RS2 client screenshot from koti.mbnet.fi.,,,2004-06-09,20041128181535,http://koti.mbnet.fi:80/kuukke/data/AA%20attack%2060!!.JPG,https://web.archive.org/web/20041128181535/http://koti.mbnet.fi:80/kuukke/data/AA%20attack%2060!!.JPG,,55422,92763ed92633bda8c5b4cffcf4731b0175ffc174,,
2004/June-9-2004-abcd-str-76-jee-koti.mbnet.fi.jpg,official game: screenshot (RuneScape 2),RS2 client screenshot from koti.mbnet.fi.,,,2004-06-09,20040918101239,http://koti.mbnet.fi:80/kuukke/data/abcd%20str%2076%20jee.JPG,https://web.archive.org/web/20040918101239/http://koti.mbnet.fi:80/kuukke/data/abcd%20str%2076%20jee.JPG,,73652,ca907abf22159979059558fabdb5c7888eb093bc,,
2004/June-9-2004-clue-blue-dragulta-koti.mbnet.fi.jpg,official game: screenshot (RuneScape 2),RS2 client screenshot from koti.mbnet.fi.,,,2004-06-09,20041128112804,http://koti.mbnet.fi:80/kuukke/data/clue_blue_dragulta.JPG,https://web.archive.org/web/20041128112804/http://koti.mbnet.fi:80/kuukke/data/clue_blue_dragulta.JPG,,76203,9647200039de7ba2e051368b6599d679af5cf9ee,,
2004/June-9-2004-ranged-60-koti.mbnet.fi.jpg,official game: screenshot (RuneScape 2),RS2 client screenshot from koti.mbnet.fi.,,,2004-06-09,20041127082205,http://koti.mbnet.fi:80/kuukke/data/ranged_60.JPG,https://web.archive.org/web/20041127082205/http://koti.mbnet.fi:80/kuukke/data/ranged_60.JPG,,84061,200eec083bb5c5f6840dabbd448db1f102160983,,
2004/June-9-2004-w00tagee5-koti.mbnet.fi.jpg,official game: screenshot (RuneScape 2),RS2 client screenshot from koti.mbnet.fi.,,,2004-06-09,20050129231229,http://koti.mbnet.fi:80/kuukke/data/w00tagee5.JPG,https://web.archive.org/web/20050129231229/http://koti.mbnet.fi:80/kuukke/data/w00tagee5.JPG,,80446,af3c83e18cb75c2c7263da3c3377a106680f5846,,
2004/March-1-2004-treslunas-rs2kbd-server6.uploadit.org.jpg,official game: screenshot (RuneScape 2),RS2 client screenshot from server6.uploadit.org.,,,2004-03-01,20040621184430,http://server6.uploadit.org:80/files/treslunas-rs2kbd.JPG,https://web.archive.org/web/20040621184430/http://server6.uploadit.org:80/files/treslunas-rs2kbd.JPG,,61111,a2da55aec5e576a6977b9884d55649c71c6d55f5,,
2004/March-17-2004-pexxi-dead-in-rs2-koti.mbnet.fi.jpg,official game: screenshot (RuneScape 2),RS2 client screenshot from koti.mbnet.fi.,,,2004-03-17,20040810092217,http://koti.mbnet.fi:80/viisas/Pexxi_dead_in_rs2.JPG,https://web.archive.org/web/20040810092217/http://koti.mbnet.fi:80/viisas/Pexxi_dead_in_rs2.JPG,,73405,df966cf27435f16175d3a00f86bbc15569ca00b9,,
2004/March-18-2004-aijai-koti.mbnet.fi.jpg,official game: screenshot (RuneScape 2),RS2 client screenshot from koti.mbnet.fi.,,,2004-03-18,20040810092502,http://koti.mbnet.fi:80/viisas/Aijai.JPG,https://web.archive.org/web/20040810092502/http://koti.mbnet.fi:80/viisas/Aijai.JPG,,82689,c6d500e7fc67477c435d227040403edb3cdf1d66,,
2004/March-20-2004-river-troll-koti.mbnet.fi.jpg,official game: screenshot (RuneScape 2),RS2 client screenshot from koti.mbnet.fi.,,,2004-03-20,20040814224412,http://koti.mbnet.fi:80/kuukke/data/River%20Troll.JPG,https://web.archive.org/web/20040814224412/http://koti.mbnet.fi:80/kuukke/data/River%20Troll.JPG,,144556,482996d6af3fddbabf7c769291a974b9c9e05460,,
2004/March-21-2004-treslunas-rs2kbd2-server6.uploadit.org.jpg,official game: screenshot (RuneScape 2),RS2 client screenshot from server6.uploadit.org.,,,2004-03-21,20040822190945,http://server6.uploadit.org:80/files/treslunas-rs2kbd2.JPG,https://web.archive.org/web/20040822190945/http://server6.uploadit.org:80/files/treslunas-rs2kbd2.JPG,,44214,1db1c27b26bb27d847fe273b513832f94aba61f6,,
2004/March-24-2004-genie-thomas.casahedron.com.jpg,official game: screenshot (RuneScape 2),RS2 client screenshot from a 2004-05 fansite page (thomas.casahedron.com:80); found by the 2001-2005 fansite re-screen,,,2004-03-24,20041125211817,http://thomas.casahedron.com:80/albums/Runescape/GENIE.jpg,https://web.archive.org/web/20041125211817/http://thomas.casahedron.com:80/albums/Runescape/GENIE.jpg,,82209,4480a9c9a9e50fe41f52d53d46e329e7edd13951,,
2004/March-24-2004-green-dragon-w00t-thomas.casahedron.com.jpg,official game: screenshot (RuneScape 2),RS2 client screenshot from a 2004-05 fansite page (thomas.casahedron.com:80); found by the 2001-2005 fansite re-screen,,,2004-03-24,20051030120956,http://thomas.casahedron.com:80/albums/Runescape/Green_dragon_w00t.jpg,https://web.archive.org/web/20051030120956/http://thomas.casahedron.com:80/albums/Runescape/Green_dragon_w00t.jpg,,62319,cd774e9e05e2e7476e6d83d416ad689b6f12cc91,,
2004/March-24-2004-kbd-thomas.casahedron.com.jpg,official game: screenshot (RuneScape 2),RS2 client screenshot from a 2004-05 fansite page (thomas.casahedron.com:80); found by the 2001-2005 fansite re-screen,,,2004-03-24,20051030120103,http://thomas.casahedron.com:80/albums/Runescape/KBD.jpg,https://web.archive.org/web/20051030120103/http://thomas.casahedron.com:80/albums/Runescape/KBD.jpg,,64903,271e9fa018d6bfd1e8086bbc797fe3249b7a5c2f,,
2004/March-24-2004-river-troll-wheee-poor-chozen1-hes-a-mag-thomas.casahedron.com-2.jpg,official game: screenshot (RuneScape 2),RS2 client screenshot from a 2004-05 fansite page (thomas.casahedron.com:80); found by the 2001-2005 fansite re-screen,,,2004-03-24,20051224085154,http://thomas.casahedron.com:80/albums/Runescape/RIVER_TROLL_WHEEE_poor_chozen1_hes_a_magnet.sized.jpg,https://web.archive.org/web/20051224085154/http://thomas.casahedron.com:80/albums/Runescape/RIVER_TROLL_WHEEE_poor_chozen1_hes_a_magnet.sized.jpg,,89041,b17913aeedda99bce2b343730cf01bd96223ebcf,,
2004/March-24-2004-river-troll-wheee-poor-chozen1-hes-a-mag-thomas.casahedron.com.jpg,official game: screenshot (RuneScape 2),RS2 client screenshot from a 2004-05 fansite page (thomas.casahedron.com:80); found by the 2001-2005 fansite re-screen,,,2004-03-24,20051224085110,http://thomas.casahedron.com:80/albums/Runescape/RIVER_TROLL_WHEEE_poor_chozen1_hes_a_magnet.jpg,https://web.archive.org/web/20051224085110/http://thomas.casahedron.com:80/albums/Runescape/RIVER_TROLL_WHEEE_poor_chozen1_hes_a_magnet.jpg,,84781,58a44e3e940e3ec128a7dc653771d2d2a1596bb2,,
2004/March-24-2004-rs2-big-fishy-thomas.casahedron.com.jpg,official game: screenshot (RuneScape 2),RS2 client screenshot from a 2004-05 fansite page (thomas.casahedron.com:80); found by the 2001-2005 fansite re-screen,,,2004-03-24,20051030123950,http://thomas.casahedron.com:80/albums/Runescape/rs2_BIG_FISHY.jpg,https://web.archive.org/web/20051030123950/http://thomas.casahedron.com:80/albums/Runescape/rs2_BIG_FISHY.jpg,,79968,6e5ef3a9c66ffe554404e1f0b664ceb005c2ffb5,,
2004/March-24-2004-rs2-catherby-fishing-sized-thomas.casahedron.com.jpg,official game: screenshot (RuneScape 2),RS2 client screenshot from a 2004-05 fansite page (thomas.casahedron.com:80); found by the 2001-2005 fansite re-screen,,,2004-03-24,20051224071600,http://thomas.casahedron.com:80/albums/Runescape/RS2_catherby_fishing.sized.jpg,https://web.archive.org/web/20051224071600/http://thomas.casahedron.com:80/albums/Runescape/RS2_catherby_fishing.sized.jpg,,77404,25393d958fafab424a4bc1fa9867849937e6b604,,
2004/March-27-2004-mod-jon-runescaperealm.com.jpg,official game: screenshot (RuneScape 2),RS2 client screenshot from a 2004-05 fansite page (www.runescaperealm.com:80); found by the 2001-2005 fansite re-screen,,,2004-03-27,20040430040601,http://www.runescaperealm.com:80/modules/gallery/images//Runescape/Beta/Famous//mod_jon.jpg,https://web.archive.org/web/20040430040601/http://www.runescaperealm.com:80/modules/gallery/images//Runescape/Beta/Famous//mod_jon.jpg,,64330,a4baa7fa34e4b5824413e718b4e4dfa58d9b2c3b,,
2004/March-29-2004-omfglolomfglol-koti.mbnet.fi.jpg,official game: screenshot (RuneScape 2),RS2 client screenshot from koti.mbnet.fi.,,,2004-03-29,20041127082729,http://koti.mbnet.fi:80/kuukke/data/omfglolomfglol.JPG,https://web.archive.org/web/20041127082729/http://koti.mbnet.fi:80/kuukke/data/omfglolomfglol.JPG,,70774,7ffa06fdd0166f8f51cbcc8402c7b4422f4300a4,,
2004/March-29-2004-rs2tappoooo-koti.mbnet.fi.jpg,official game: screenshot (RuneScape 2),RS2 client screenshot from koti.mbnet.fi.,,,2004-03-29,20041128181455,http://koti.mbnet.fi:80/kuukke/data/rs2tappoooo!!.JPG,https://web.archive.org/web/20041128181455/http://koti.mbnet.fi:80/kuukke/data/rs2tappoooo!!.JPG,,70898,a73238f03e760222a0f776c1e70ae7ceaf981318,,
2004/March-3-2004-cooking-95-in-rs2-koti.mbnet.fi.jpg,official game: screenshot (RuneScape 2),RS2 client screenshot from koti.mbnet.fi.,,,2004-03-03,20041121014705,http://koti.mbnet.fi:80/tarpuqqa/Rs%20classic/stats/cooking%2095%20in%20rs2.JPG,https://web.archive.org/web/20041121014705/http://koti.mbnet.fi:80/tarpuqqa/Rs%20classic/stats/cooking%2095%20in%20rs2.JPG,,80144,1ff30baceec2f306a6ca9b17739144f3485f4105,,
2004/March-3-2004-drag-med-rs2-koti.mbnet.fi.jpg,official game: screenshot (RuneScape 2),RS2 client screenshot from koti.mbnet.fi.,,,2004-03-03,20040716092718,http://koti.mbnet.fi:80/kuukke/data/drag%20med%20rs2.jpg,https://web.archive.org/web/20040716092718/http://koti.mbnet.fi:80/kuukke/data/drag%20med%20rs2.jpg,,80681,1a809214341cecd2c6d44cd9d3ea332a68b14225,,
2004/March-30-2004-pient-tuuria-koti.mbnet.fi.jpg,official game: screenshot (RuneScape 2),RS2 client screenshot from koti.mbnet.fi.,,,2004-03-30,20041122143455,http://koti.mbnet.fi:80/kuukke/data/!!!pient%e4%20tuuria.JPG,https://web.archive.org/web/20041122143455/http://koti.mbnet.fi:80/kuukke/data/!!!pient%e4%20tuuria.JPG,,74367,dc05e859cfc5b0e9e68ef4b4855d46e15a25c77c,,
2004/March-30-2004-untitled-koti.mbnet.fi.bmp,official game: screenshot (RuneScape 2),RS2 client screenshot from koti.mbnet.fi.,,,2004-03-30,20040716101819,http://koti.mbnet.fi:80/kuukke/data/!!!!!!!!!!!!!!!!!!!!!!!!!!!!!!!!!!!!!!!!!!!!!!!!!!!!!!!!!!!!!!!!!!!!!!!!!!!!!!!!!!!!!!!!!!!!!!!!!!!.bmp,https://web.archive.org/web/20040716101819/http://koti.mbnet.fi:80/kuukke/data/!!!!!!!!!!!!!!!!!!!!!!!!!!!!!!!!!!!!!!!!!!!!!!!!!!!!!!!!!!!!!!!!!!!!!!!!!!!!!!!!!!!!!!!!!!!!!!!!!!!.bmp,,524630,ce4eeb50c076dcb625aa5926e2447336a6d27adb,,
2004/March-31-2004-jeejeeejeee-koti.mbnet.fi.jpg,official game: screenshot (RuneScape 2),RS2 client screenshot from koti.mbnet.fi.,,,2004-03-31,20050123084305,http://koti.mbnet.fi:80/kuukke/data/JEEJEEEJEEE.JPG,https://web.archive.org/web/20050123084305/http://koti.mbnet.fi:80/kuukke/data/JEEJEEEJEEE.JPG,,86195,81b59b56b524993cb8fbfbee52b5a064cd21fe1d,,
2004/March-31-2004-shade-lvl-159-koti.mbnet.fi.jpg,official game: screenshot (RuneScape 2),RS2 client screenshot from koti.mbnet.fi.,,,2004-03-31,20041122143017,http://koti.mbnet.fi:80/kuukke/data/shade%20lvl%20159.JPG,https://web.archive.org/web/20041122143017/http://koti.mbnet.fi:80/kuukke/data/shade%20lvl%20159.JPG,,85242,3c4d04f211f4ff8f36b8859d7a8f7a641ab2a365,,
2004/March-31-2004-zombielvl159-koti.mbnet.fi.jpg,official game: screenshot (RuneScape 2),RS2 client screenshot from koti.mbnet.fi.,,,2004-03-31,20040825224042,http://koti.mbnet.fi:80/kuukke/data/Zombielvl159.JPG,https://web.archive.org/web/20040825224042/http://koti.mbnet.fi:80/kuukke/data/Zombielvl159.JPG,,70055,d3c294d6c2ce6aa3f2740dea6c7a6deaf79f7744,,
2004/March-4-2004-dragon-dagger-koti.mbnet.fi.jpg,official game: screenshot (RuneScape 2),RS2 client screenshot from koti.mbnet.fi.,,,2004-03-04,20040716100522,http://koti.mbnet.fi:80/kuukke/data/dragon%20dagger.jpg,https://web.archive.org/web/20040716100522/http://koti.mbnet.fi:80/kuukke/data/dragon%20dagger.jpg,,74994,a59c917afbb7c32dd7a7eabd25e7b5f3758e837b,,
2004/March-4-2004-dragon-mace-is-true-koti.mbnet.fi.jpg,official game: screenshot (RuneScape 2),RS2 client screenshot from koti.mbnet.fi.,,,2004-03-04,20041122143849,http://koti.mbnet.fi:80/kuukke/data/Dragon_Mace_IS_True!!!.JPG,https://web.archive.org/web/20041122143849/http://koti.mbnet.fi:80/kuukke/data/Dragon_Mace_IS_True!!!.JPG,,67825,ea20ae90a45840d3cc47404e6eb3be97d431ff19,,
2004/May-1-2004-1stmay-tds-01-img6.imageshack.us.png,official game: screenshot (RuneScape 2),"RS2 client screenshot. Posted in the forum thread ""RuneHQ.com :: View topic - TRWF Recruiting (Updated with pics, requirements, more info)"".",,,2004-05-01,20041101221008,http://img6.imageshack.us/img6/3251/1stmay-tds-01.PNG,https://web.archive.org/web/20041101221008/http://img6.imageshack.us/img6/3251/1stmay-tds-01.PNG,https://web.archive.org/web/20040827051031/http://www.runehq.com:80/TheInn/viewtopic.php?t=18958&amp,81471,81d10f3ee126232542ec426b276b4c4cf8bee541,,
2004/May-1-2004-1stmay-tds-04-img6.imageshack.us.png,official game: screenshot (RuneScape 2),"RS2 client screenshot. Posted in the forum thread ""RuneHQ.com :: View topic - TRWF Recruiting (Updated with pics, requirements, more info)"".",,,2004-05-01,20041101211939,http://img6.imageshack.us/img6/4787/1stmay-tds-04.PNG,https://web.archive.org/web/20041101211939/http://img6.imageshack.us/img6/4787/1stmay-tds-04.PNG,https://web.archive.org/web/20040827051031/http://www.runehq.com:80/TheInn/viewtopic.php?t=18958&amp,253730,f59121978d82d6f5d089b196e04d8d1bb51d407c,,
2004/May-1-2004-1stmay-tds-06-img6.imageshack.us.png,official game: screenshot (RuneScape 2),"RS2 client screenshot. Posted in the forum thread ""RuneHQ.com :: View topic - TRWF Recruiting (Updated with pics, requirements, more info)"".",,,2004-05-01,20041101220547,http://img6.imageshack.us/img6/7947/1stmay-tds-06.PNG,https://web.archive.org/web/20041101220547/http://img6.imageshack.us/img6/7947/1stmay-tds-06.PNG,https://web.archive.org/web/20040827051031/http://www.runehq.com:80/TheInn/viewtopic.php?t=18958&amp,74561,5785dc2ab1f86f005d08cfd6b226cba2db6879e9,,
2004/May-1-2004-1stmay-tds-07-img6.imageshack.us.png,official game: screenshot (RuneScape 2),RS2 screenshot posted to a 2004-05 fansite forum thread; found by the 2001-2005 fansite re-screen,,,2004-05-01,20041101215355,http://img6.imageshack.us/img6/1301/1stmay-tds-07.PNG,https://web.archive.org/web/20041101215355/http://img6.imageshack.us/img6/1301/1stmay-tds-07.PNG,,80688,cdb2b47074a8f95a04373e10670a334b588b9dc5,,
2004/May-1-2004-1stmay-tds-09-img6.imageshack.us.png,official game: screenshot (RuneScape 2),RS2 screenshot posted to a 2004-05 fansite forum thread; found by the 2001-2005 fansite re-screen,,,2004-05-01,20041101220243,http://img6.imageshack.us/img6/2771/1stmay-tds-09.PNG,https://web.archive.org/web/20041101220243/http://img6.imageshack.us/img6/2771/1stmay-tds-09.PNG,,64900,2ae2563df99ceee0a27e07abb8b394c4fa83e309,,
2004/May-1-2004-1stmay-tds-11-img6.imageshack.us.png,official game: screenshot (RuneScape 2),"RS2 client screenshot. Posted in the forum thread ""RuneHQ.com :: View topic - TRWF Recruiting (Updated with pics, requirements, more info)"".",,,2004-05-01,20041101210520,http://img6.imageshack.us/img6/9461/1stmay-tds-11.PNG,https://web.archive.org/web/20041101210520/http://img6.imageshack.us/img6/9461/1stmay-tds-11.PNG,https://web.archive.org/web/20040827051031/http://www.runehq.com:80/TheInn/viewtopic.php?t=18958&amp,69450,5d3f46933709c6744415c654c3dd6ce77b951856,,
2004/May-1-2004-1stmay-tds-14-img6.imageshack.us.png,official game: screenshot (RuneScape 2),"RS2 client screenshot. Posted in the forum thread ""RuneHQ.com :: View topic - TRWF Recruiting (Updated with pics, requirements, more info)"".",,,2004-05-01,20040827152521,http://img6.imageshack.us/img6/4844/1stmay-tds-14.PNG,https://web.archive.org/web/20040827152521/http://img6.imageshack.us/img6/4844/1stmay-tds-14.PNG,https://web.archive.org/web/20040827051031/http://www.runehq.com:80/TheInn/viewtopic.php?t=18958&amp,50700,1fee79284796bf5ede47a6291bd9e9cf69bb5432,,
2004/May-1-2004-1stmay-tds-20-img6.imageshack.us.png,official game: screenshot (RuneScape 2),"RS2 client screenshot. Posted in the forum thread ""RuneHQ.com :: View topic - TRWF Recruiting (Updated with pics, requirements, more info)"".",,,2004-05-01,20041101215903,http://img6.imageshack.us/img6/7853/1stmay-tds-20.PNG,https://web.archive.org/web/20041101215903/http://img6.imageshack.us/img6/7853/1stmay-tds-20.PNG,https://web.archive.org/web/20040827051031/http://www.runehq.com:80/TheInn/viewtopic.php?t=18958&amp,134256,c0f09e69bd769e8710af62484a78f68705720faf,,
2004/May-1-2004-30-koti.mbnet.fi.jpg,official game: screenshot (RuneScape 2),RS2 client screenshot from koti.mbnet.fi.,,,2004-05-01,20040814221050,http://koti.mbnet.fi:80/kuukke/data/30!!!.JPG,https://web.archive.org/web/20040814221050/http://koti.mbnet.fi:80/kuukke/data/30!!!.JPG,,70435,3e0bae569a8d8d4ca9478effd566d1f2ef73c09d,,
2004/May-1-2004-bankruneskpoolm-img7.imageshack.us.png,official game: screenshot (RuneScape 2),"RS2 client screenshot. Posted in the forum thread ""Runescape Community -> The Mage Arena"".",,,2004-05-01,20050327212000,http://img7.imageshack.us/img7/5/bankruneskpoolm.PNG,https://web.archive.org/web/20050327212000/http://img7.imageshack.us/img7/5/bankruneskpoolm.PNG,https://web.archive.org/web/20041026135227/http://www.runescapecommunity.com:80/index.php?showtopic=120510,47675,e9076df4185396c76888e06e51052f9bafc30d7e,,
2004/May-1-2004-darktrader-craft70-koti.mbnet.fi.png,official game: screenshot (RuneScape 2),RS2 client screenshot from koti.mbnet.fi.,,,2004-05-01,20041122143205,http://koti.mbnet.fi:80/kuukke/data/darktrader-craft70.PNG,https://web.archive.org/web/20041122143205/http://koti.mbnet.fi:80/kuukke/data/darktrader-craft70.PNG,,172640,4b10318bdc754d98b2b4040f4a859a29307c5652,,
2004/May-1-2004-guthixm-img7.imageshack.us.png,official game: screenshot (RuneScape 2),"RS2 client screenshot. Posted in the forum thread ""Runescape Community -> The Mage Arena"".",,,2004-05-01,20050327212126,http://img7.imageshack.us/img7/9584/guthixm.PNG,https://web.archive.org/web/20050327212126/http://img7.imageshack.us/img7/9584/guthixm.PNG,https://web.archive.org/web/20041026135227/http://www.runescapecommunity.com:80/index.php?showtopic=120510,38018,fd532939943dcf9f929327d4f69e1a755dedd626,,
2004/May-1-2004-poolm-img7.imageshack.us.png,official game: screenshot (RuneScape 2),"RS2 client screenshot. Posted in the forum thread ""Runescape Community -> The Mage Arena"".",,,2004-05-01,20050327212033,http://img7.imageshack.us/img7/7483/poolm.PNG,https://web.archive.org/web/20050327212033/http://img7.imageshack.us/img7/7483/poolm.PNG,https://web.archive.org/web/20041026135227/http://www.runescapecommunity.com:80/index.php?showtopic=120510,25830,4d768202ac14328405e340b7bc4aba430254d1b6,,
2004/May-1-2004-saradominm-img7.imageshack.us.png,official game: screenshot (RuneScape 2),"RS2 client screenshot. Posted in the forum thread ""Runescape Community -> The Mage Arena"".",,,2004-05-01,20050327211920,http://img7.imageshack.us/img7/2382/saradominm.PNG,https://web.archive.org/web/20050327211920/http://img7.imageshack.us/img7/2382/saradominm.PNG,https://web.archive.org/web/20041026135227/http://www.runescapecommunity.com:80/index.php?showtopic=120510,41282,675a7addef221bb3e1c1f354241a934bfe8b6169,,
2004/May-1-2004-tradem-img7.imageshack.us.png,official game: screenshot (RuneScape 2),"RS2 client screenshot. Posted in the forum thread ""Runescape Community -> The Mage Arena"".",,,2004-05-01,20050327212208,http://img7.imageshack.us/img7/9687/tradem.PNG,https://web.archive.org/web/20050327212208/http://img7.imageshack.us/img7/9687/tradem.PNG,https://web.archive.org/web/20041026135227/http://www.runescapecommunity.com:80/index.php?showtopic=120510,32627,39086c827cae68f4e86a080799dfeddb5c479326,,
2004/May-1-2004-zamorakm-img7.imageshack.us.png,official game: screenshot (RuneScape 2),"RS2 client screenshot. Posted in the forum thread ""Runescape Community -> The Mage Arena"".",,,2004-05-01,20050327211840,http://img7.imageshack.us/img7/1816/zamorakm.PNG,https://web.archive.org/web/20050327211840/http://img7.imageshack.us/img7/1816/zamorakm.PNG,https://web.archive.org/web/20041026135227/http://www.runescapecommunity.com:80/index.php?showtopic=120510,23111,a6a20b8dd89d3f3e43c2ea3c65dc082fb64e969b,,
2004/May-10-2004-houhouhou-koti.mbnet.fi.jpg,official game: screenshot (RuneScape 2),RS2 client screenshot from koti.mbnet.fi.,,,2004-05-10,20041122140131,http://koti.mbnet.fi:80/kuukke/data/houhouhou.JPG,https://web.archive.org/web/20041122140131/http://koti.mbnet.fi:80/kuukke/data/houhouhou.JPG,,69750,803c7af6553a0b02a1ba2412f039847c0f329b24,,
2004/May-10-2004-lopetus-koti.mbnet.fi.jpg,official game: screenshot (RuneScape 2),RS2 client screenshot from koti.mbnet.fi.,,,2004-05-10,20041128172203,http://koti.mbnet.fi:80/kuukke/data/lopetus.JPG,https://web.archive.org/web/20041128172203/http://koti.mbnet.fi:80/kuukke/data/lopetus.JPG,,72937,3f1f1d07f4e6182bf6a84a1e196b163c2d572a9c,,
2004/May-10-2004-runelegstappo-koti.mbnet.fi.jpg,official game: screenshot (RuneScape 2),RS2 client screenshot from koti.mbnet.fi.,,,2004-05-10,20041127081051,http://koti.mbnet.fi:80/kuukke/data/runelegstappo.JPG,https://web.archive.org/web/20041127081051/http://koti.mbnet.fi:80/kuukke/data/runelegstappo.JPG,,79920,39a888392e1dce99a99ef2ddc693b374394731b9,,
2004/May-10-2004-untitle-screenshot-img5.imageshack.us.png,official game: screenshot (RuneScape 2),RuneScape client screenshot (uploaded as untitled24.PNG).,,,2004-05-10,20050412130402,http://img5.imageshack.us:80/img5/6053/untitled24.PNG,https://web.archive.org/web/20050412130402/http://img5.imageshack.us:80/img5/6053/untitled24.PNG,,64448,d3505b8dfc1875b23f67dfcd96309859aba7d151,,
2004/May-11-2004-craaaaftiiing40-koti.mbnet.fi.jpg,official game: screenshot (RuneScape 2),RS2 client screenshot from koti.mbnet.fi.,,,2004-05-11,20040814225023,http://koti.mbnet.fi:80/kuukke/data/CRaaaaftiiing40.JPG,https://web.archive.org/web/20040814225023/http://koti.mbnet.fi:80/kuukke/data/CRaaaaftiiing40.JPG,,78913,52e737c636c78821d988e56fe18df58d9d0bd4a8,,
2004/May-11-2004-eesti-dude-ded-koti.mbnet.fi.jpg,official game: screenshot (RuneScape 2),RS2 client screenshot from koti.mbnet.fi.,,,2004-05-11,20040927174719,http://koti.mbnet.fi:80/kuukke/data/Eesti%20Dude%20ded.JPG,https://web.archive.org/web/20040927174719/http://koti.mbnet.fi:80/kuukke/data/Eesti%20Dude%20ded.JPG,,75379,8e3b716e07f29b52faabf10a833248deb4a6fe56,,
2004/May-14-2004-naamloos-koti.mbnet.fi.jpg,official game: screenshot (RuneScape 2),RS2 client screenshot from koti.mbnet.fi.,,,2004-05-14,20041128112149,http://koti.mbnet.fi:80/kuukke/data/naamloos.JPG,https://web.archive.org/web/20041128112149/http://koti.mbnet.fi:80/kuukke/data/naamloos.JPG,,84689,d481cae01cf7cf9028c54b97a01a9567858b549c,,
2004/May-14-2004-pray50snakus1-koti.mbnet.fi.png,official game: screenshot (RuneScape 2),RS2 client screenshot from koti.mbnet.fi.,,,2004-05-14,20041122141639,http://koti.mbnet.fi:80/kuukke/data/pray50snakus1.PNG,https://web.archive.org/web/20041122141639/http://koti.mbnet.fi:80/kuukke/data/pray50snakus1.PNG,,143475,49ec463847e1f2af51e6dadc769b1ae61f1c4241,,
2004/May-15-2004-1000-skill-total-koti.mbnet.fi.jpg,official game: screenshot (RuneScape 2),RS2 client screenshot from koti.mbnet.fi.,,,2004-05-15,20050113054142,http://koti.mbnet.fi:80/kuukke/data/1000%20skill%20total.JPG,https://web.archive.org/web/20050113054142/http://koti.mbnet.fi:80/kuukke/data/1000%20skill%20total.JPG,,83431,6097a252eaacebfacd05e16ce112c3c4ba7c89ec,,
2004/May-16-2004-jeahjeahjeah-koti.mbnet.fi.jpg,official game: screenshot (RuneScape 2),RS2 client screenshot from koti.mbnet.fi.,,,2004-05-16,20050122210127,http://koti.mbnet.fi:80/kuukke/data/jeahjeahjeah.JPG,https://web.archive.org/web/20050122210127/http://koti.mbnet.fi:80/kuukke/data/jeahjeahjeah.JPG,,87201,33c4bd13b32edfbcd09efaf1895c0f867478ba35,,
2004/May-16-2004-killparty4-img8.imageshack.us.jpg,official game: screenshot (RuneScape 2),RS2 screenshot posted to a 2004-05 fansite forum thread; found by the 2001-2005 fansite re-screen,,,2004-05-16,20041101114603,http://img8.imageshack.us/img8/1807/Killparty4.JPG,https://web.archive.org/web/20041101114603/http://img8.imageshack.us/img8/1807/Killparty4.JPG,,65213,282c5f713296fc600ba277c07792a65eda477f08,,
2004/May-16-2004-ohomikatappo-koti.mbnet.fi.jpg,official game: screenshot (RuneScape 2),RS2 client screenshot from koti.mbnet.fi.,,,2004-05-16,20041127082525,http://koti.mbnet.fi:80/kuukke/data/ohomikatappo.JPG,https://web.archive.org/web/20041127082525/http://koti.mbnet.fi:80/kuukke/data/ohomikatappo.JPG,,80094,8eae67125010c0549e70dca3fdd2985365884078,,
2004/May-16-2004-rofl-runehq.com.jpg,official game: screenshot (RuneScape 2),RS2 client screenshot from a 2004-05 fansite page (www.runehq.com:80); found by the 2001-2005 fansite re-screen,,,2004-05-16,20040710122158,http://www.runehq.com:80/images/users/Alex_140/rofl.jpg,https://web.archive.org/web/20040710122158/http://www.runehq.com:80/images/users/Alex_140/rofl.jpg,,150051,45cd3744855133419cdc7a09144ff3b8966e8ed3,,
2004/May-18-2004-cooking-98-koti.mbnet.fi.jpg,official game: screenshot (RuneScape 2),RS2 client screenshot from koti.mbnet.fi.,,,2004-05-18,20041029224336,http://koti.mbnet.fi:80/tarpuqqa/Stats/cooking%2098.JPG,https://web.archive.org/web/20041029224336/http://koti.mbnet.fi:80/tarpuqqa/Stats/cooking%2098.JPG,,77204,85f49b52336560f21d4d8f8a91042ee99a3b4263,,
2004/May-18-2004-ogreyeoman-koti.mbnet.fi.jpg,official game: screenshot (RuneScape 2),RS2 client screenshot from koti.mbnet.fi.,,,2004-05-18,20040814224253,http://koti.mbnet.fi:80/kuukke/data/%23ogreyeoman.JPG,https://web.archive.org/web/20040814224253/http://koti.mbnet.fi:80/kuukke/data/%23ogreyeoman.JPG,,62442,7f83c70568d8947ebb26047de314bd1ffb136055,,
2004/May-18-2004-range10-screenshot-img12.imageshack.us.png,official game: screenshot (RuneScape 2),RuneScape client screenshot (uploaded as range10003.PNG).,,,2004-05-18,20040623161350,http://img12.imageshack.us:80/img12/2994/range10003.PNG,https://web.archive.org/web/20040623161350/http://img12.imageshack.us:80/img12/2994/range10003.PNG,,87549,ac8760fd48b332a9a4ea7a61763870b35399efa7,,
2004/May-19-2004-2demankill1-home.comcast.net.png,official game: screenshot (RuneScape 2),RS2 client screenshot from home.comcast.net. Embedded in: Runescapers Portal - www.runescapers.com: Forums / RuneScape Wilderness Forum / A Kill... (https://web.archive.org/web/20041108160909/http://rsportal.dtiltas.lt:80/forum_viewtopic.php?6.2274).,,,2004-05-19,20041109074800,http://home.comcast.net/~kryp/2demankill1.PNG,https://web.archive.org/web/20041109074800/http://home.comcast.net/~kryp/2demankill1.PNG,,88884,e767910c73230a67665e4693d5e9aedb237872ce,,
2004/May-19-2004-statsit-bubbalolle-koti.mbnet.fi.png,official game: screenshot (RuneScape 2),RS2 client screenshot from koti.mbnet.fi.,,,2004-05-19,20040716100309,http://koti.mbnet.fi:80/kuukke/data/statsit_bubbalolle.png,https://web.archive.org/web/20040716100309/http://koti.mbnet.fi:80/kuukke/data/statsit_bubbalolle.png,,83763,95e47a1541d05ff6688121004969f19f6c1dfdfc,,
2004/May-19-2004-str-80-koti.mbnet.fi.jpg,official game: screenshot (RuneScape 2),RS2 client screenshot from koti.mbnet.fi.,,,2004-05-19,20041122135918,http://koti.mbnet.fi:80/kuukke/data/str%2080.JPG,https://web.archive.org/web/20041122135918/http://koti.mbnet.fi:80/kuukke/data/str%2080.JPG,,96360,3e1bf9a35c081d397ad6337d2b265adbad607ec3,,
2004/May-2-2004-combat70-koti.mbnet.fi.jpg,official game: screenshot (RuneScape 2),RS2 client screenshot from koti.mbnet.fi.,,,2004-05-02,20041122135809,http://koti.mbnet.fi:80/kuukke/data/combat70.JPG,https://web.archive.org/web/20041122135809/http://koti.mbnet.fi:80/kuukke/data/combat70.JPG,,78775,e91966bef5b1327ade2458d32267e875714ddfd9,,
2004/May-2-2004-meagas-beer-server6.uploadit.org.jpg,official game: screenshot (RuneScape 2),RS2 client screenshot from server6.uploadit.org.,,,2004-05-02,20040613172852,http://server6.uploadit.org:80/files/meagas-beer.JPG,https://web.archive.org/web/20040613172852/http://server6.uploadit.org:80/files/meagas-beer.JPG,,43975,6c195d5a47adcd4714ac8f80223e57493eb6d7cf,,
2004/May-20-2004-20-5-2004-1100st-koti.mbnet.fi.jpg,official game: screenshot (RuneScape 2),RS2 client screenshot from koti.mbnet.fi.,,,2004-05-20,20050128131945,http://koti.mbnet.fi:80/kuukke/data/20.5.2004_1100st.JPG,https://web.archive.org/web/20050128131945/http://koti.mbnet.fi:80/kuukke/data/20.5.2004_1100st.JPG,,91855,92da013f6db10f5d42b7b206048409d6ef716077,,
2004/May-20-2004-juha-itse-stat-s-koti.mbnet.fi.jpg,official game: screenshot (RuneScape 2),RS2 client screenshot from koti.mbnet.fi.,,,2004-05-20,20040917055903,http://koti.mbnet.fi:80/kuukke/data/!!!%23juha_itse_stat%5c's.JPG,https://web.archive.org/web/20040917055903/http://koti.mbnet.fi:80/kuukke/data/!!!%23juha_itse_stat%5c's.JPG,,80210,97f6082568a8fa292b1551f95ed16ba75139c113,,
2004/May-21-2004-amadeus900total-koti.mbnet.fi.jpg,official game: screenshot (RuneScape 2),RS2 client screenshot from koti.mbnet.fi.,,,2004-05-21,20041128043938,http://koti.mbnet.fi:80/kuukke/data/amadeus900total.JPG,https://web.archive.org/web/20041128043938/http://koti.mbnet.fi:80/kuukke/data/amadeus900total.JPG,,79497,06abc2bdf2f3cdd38ed30336d8d4f9218fe685bf,,
2004/May-21-2004-clu-screenshot-img13.imageshack.us.jpg,official game: screenshot (RuneScape 2),RuneScape client screenshot (uploaded as clue9b.JPG).,,,2004-05-21,20040818193145,http://img13.imageshack.us:80/img13/4291/clue9b.JPG,https://web.archive.org/web/20040818193145/http://img13.imageshack.us:80/img13/4291/clue9b.JPG,,70158,bb46d910784fffcdd18c45d402bd393cea80f5be,,
2004/May-21-2004-clue-screenshot-img13.imageshack.us.jpg,official game: screenshot (RuneScape 2),RuneScape client screenshot (uploaded as clue10a.JPG).,,,2004-05-21,20040818193418,http://img13.imageshack.us:80/img13/6605/clue10a.JPG,https://web.archive.org/web/20040818193418/http://img13.imageshack.us:80/img13/6605/clue10a.JPG,,69637,1fe1272f896510e19f24d23e372a1ed43840bcfd,,
2004/May-21-2004-treasure-trail-step-1-img13.imageshack.us.jpg,official game: screenshot (RuneScape 2),"One player's complete Treasure Trail, step 1 (clue1b), file dated 21 May 2004.",,,2004-05-21,20040818190811,http://img13.imageshack.us:80/img13/5576/clue1b.JPG,https://web.archive.org/web/20040818190811/http://img13.imageshack.us:80/img13/5576/clue1b.JPG,,79144,40081bc74f8e90b30cd4fac9582b898fdc4cbeb1,,
2004/May-21-2004-treasure-trail-step-10-img13.imageshack.us.jpg,official game: screenshot (RuneScape 2),"Same Treasure Trail, step 10 (clue10b).",,,2004-05-21,20040818192203,http://img13.imageshack.us:80/img13/5321/clue10b.JPG,https://web.archive.org/web/20040818192203/http://img13.imageshack.us:80/img13/5321/clue10b.JPG,,68652,c6451b71a7311669e123cbda9842a02aa3d4ca6c,,
2004/May-21-2004-treasure-trail-step-12-img13.imageshack.us.jpg,official game: screenshot (RuneScape 2),"Same Treasure Trail, step 12 (clue12b).",,,2004-05-21,20040818192821,http://img13.imageshack.us:80/img13/2360/clue12b.JPG,https://web.archive.org/web/20040818192821/http://img13.imageshack.us:80/img13/2360/clue12b.JPG,,85631,7342d7c5f7f76d18b162f9a79277fc548a79b466,,
2004/May-21-2004-treasure-trail-step-13-img13.imageshack.us.jpg,official game: screenshot (RuneScape 2),"Same Treasure Trail, step 13 (clue13b).",,,2004-05-21,20040818192900,http://img13.imageshack.us:80/img13/7158/clue13b.JPG,https://web.archive.org/web/20040818192900/http://img13.imageshack.us:80/img13/7158/clue13b.JPG,,70493,87374923e79cdb702a88bc518cbed75ff10f6561,,
2004/May-21-2004-treasure-trail-step-16-img13.imageshack.us.jpg,official game: screenshot (RuneScape 2),"Same Treasure Trail, step 16 (clue16b).",,,2004-05-21,20040818192824,http://img13.imageshack.us:80/img13/3822/clue16b.JPG,https://web.archive.org/web/20040818192824/http://img13.imageshack.us:80/img13/3822/clue16b.JPG,,85642,44eb25f3a7168602a7047297acdc26841bbbd239,,
2004/May-21-2004-treasure-trail-step-18-img13.imageshack.us.jpg,official game: screenshot (RuneScape 2),"Same Treasure Trail, step 18 (clue18b).",,,2004-05-21,20040818192206,http://img13.imageshack.us:80/img13/9056/clue18b.JPG,https://web.archive.org/web/20040818192206/http://img13.imageshack.us:80/img13/9056/clue18b.JPG,,75293,47bc62c0486150f6bea6beca4de3321a3121e82f,,
2004/May-21-2004-treasure-trail-step-3-img13.imageshack.us.jpg,official game: screenshot (RuneScape 2),"Same Treasure Trail, step 3 (clue3b).",,,2004-05-21,20040818192532,http://img13.imageshack.us:80/img13/9202/clue3b.JPG,https://web.archive.org/web/20040818192532/http://img13.imageshack.us:80/img13/9202/clue3b.JPG,,61248,ecc6576821df0900d218b3b7e3cd0e721e4e8aa5,,
2004/May-21-2004-treasure-trail-step-5-img13.imageshack.us.jpg,official game: screenshot (RuneScape 2),"Same Treasure Trail, step 5 (clue5b).",,,2004-05-21,20040818191142,http://img13.imageshack.us:80/img13/6703/clue5b.JPG,https://web.archive.org/web/20040818191142/http://img13.imageshack.us:80/img13/6703/clue5b.JPG,,74888,b04bacadeab11b32a43db8c342c5af0a7f9ff0d4,,
2004/May-21-2004-treasure-trail-step-6-img13.imageshack.us.jpg,official game: screenshot (RuneScape 2),"Same Treasure Trail, step 6 (clue6b).",,,2004-05-21,20040818193100,http://img13.imageshack.us:80/img13/3263/clue6b.JPG,https://web.archive.org/web/20040818193100/http://img13.imageshack.us:80/img13/3263/clue6b.JPG,,69307,d0fc4c5b040281dc65eef9fd53e94be5bdaa100d,,
2004/May-21-2004-treasure-trail-step-7-img13.imageshack.us.jpg,official game: screenshot (RuneScape 2),"Same Treasure Trail, step 7 (clue7b).",,,2004-05-21,20040818192400,http://img13.imageshack.us:80/img13/622/clue7b.JPG,https://web.archive.org/web/20040818192400/http://img13.imageshack.us:80/img13/622/clue7b.JPG,,70272,aac8ce3df9b76a762524b91256d6308e22b48d87,,
2004/May-22-2004-dsaasdsad-koti.mbnet.fi.jpg,official game: screenshot (RuneScape 2),RS2 client screenshot from koti.mbnet.fi.,,,2004-05-22,20041129182312,http://koti.mbnet.fi:80/kuukke/data/dsaasdsad.JPG,https://web.archive.org/web/20041129182312/http://koti.mbnet.fi:80/kuukke/data/dsaasdsad.JPG,,63345,ea03fc457dec790ce59374573d849602c2631e2b,,
2004/May-22-2004-treasure-trail-clue-scroll-screenshot-img12.imageshack.us.jpg,official game: screenshot (RuneScape 2),Treasure Trail clue scroll open in the client (file name clue1a).,,,2004-05-22,20040818193120,http://img12.imageshack.us:80/img12/1368/clue1a.JPG,https://web.archive.org/web/20040818193120/http://img12.imageshack.us:80/img12/1368/clue1a.JPG,,65801,68419caaa43cbad24eab71f3f7f78aeb45807910,,
2004/May-22-2004-treasure-trail-step-1-alternate-img12.imageshack.us.jpg,official game: screenshot (RuneScape 2),"Same Treasure Trail, step 1, a second screenshot uploaded to another ImageShack server (img12).",,,2004-05-22,20040818191200,http://img12.imageshack.us:80/img12/5576/clue1b.JPG,https://web.archive.org/web/20040818191200/http://img12.imageshack.us:80/img12/5576/clue1b.JPG,,70007,6ec8d2c5dc6ff3a79a79e5f74c1097bf3e58addf,,
2004/May-22-2004-w00t-w00t-str-76-perkele-koti.mbnet.fi.jpg,official game: screenshot (RuneScape 2),RS2 client screenshot from koti.mbnet.fi.,,,2004-05-22,20040917060042,http://koti.mbnet.fi:80/kuukke/data/!%20!%20!%20w00t_w00t_str_76_PERKELE!%20!%20!.JPG,https://web.archive.org/web/20040917060042/http://koti.mbnet.fi:80/kuukke/data/!%20!%20!%20w00t_w00t_str_76_PERKELE!%20!%20!.JPG,,70262,f6351222c663dd1b2bbd0992b8a74d547edc129e,,
2004/May-23-2004-mining82snakus1-koti.mbnet.fi.png,official game: screenshot (RuneScape 2),RS2 client screenshot from koti.mbnet.fi.,,,2004-05-23,20041129172231,http://koti.mbnet.fi:80/kuukke/data/mining82snakus1.PNG,https://web.archive.org/web/20041129172231/http://koti.mbnet.fi:80/kuukke/data/mining82snakus1.PNG,,138100,34125d55f23c3404f01db5e9aa842b3368226435,,
2004/May-23-2004-whitephat1-koti.mbnet.fi.jpg,official game: screenshot (RuneScape 2),RS2 client screenshot from koti.mbnet.fi.,,,2004-05-23,20041122140641,http://koti.mbnet.fi:80/kuukke/data/whitephat1.JPG,https://web.archive.org/web/20041122140641/http://koti.mbnet.fi:80/kuukke/data/whitephat1.JPG,,107500,f732ad81a2c3e12ddde79007d193f319dfc61834,,
2004/May-23-2004-wilderness-kill-loot-menu-screenshot-img20.imageshack.us.png,official game: screenshot (RuneScape 2),"Wilderness player kill with the loot menu open: dragon longsword, potions, sharks, dragonhide.",,,2004-05-23,20040712231709,http://img20.imageshack.us:80/img20/8918/1fingadead.PNG,https://web.archive.org/web/20040712231709/http://img20.imageshack.us:80/img20/8918/1fingadead.PNG,,55020,440db7c31eaaf5ce1393975871093ae22072dc94,,
2004/May-23-2004-xbigaboysx-koti.mbnet.fi.jpg,official game: screenshot (RuneScape 2),RS2 client screenshot from koti.mbnet.fi.,,,2004-05-23,20041127080746,http://koti.mbnet.fi:80/kuukke/data/xbigaboysx.JPG,https://web.archive.org/web/20041127080746/http://koti.mbnet.fi:80/kuukke/data/xbigaboysx.JPG,,108968,20d9f136116e635145c1e5c4fad3b0aec0a480e0,,
2004/May-25-2004-flyingdragonsdead-koti.mbnet.fi.jpg,official game: screenshot (RuneScape 2),RS2 client screenshot from koti.mbnet.fi.,,,2004-05-25,20041128044329,http://koti.mbnet.fi:80/kuukke/data/flyingdragonsdead.JPG,https://web.archive.org/web/20041128044329/http://koti.mbnet.fi:80/kuukke/data/flyingdragonsdead.JPG,,80646,7be8f4e8971b8f9ad12af0ddb365f0ac6dbe5982,,
2004/May-25-2004-omgmikatappo-koti.mbnet.fi.jpg,official game: screenshot (RuneScape 2),RS2 client screenshot from koti.mbnet.fi.,,,2004-05-25,20041128172818,http://koti.mbnet.fi:80/kuukke/data/omgmikatappo.JPG,https://web.archive.org/web/20041128172818/http://koti.mbnet.fi:80/kuukke/data/omgmikatappo.JPG,,86626,1bed252353b597329e84f27e4db184d332ae7b43,,
2004/May-25-2004-wilderness-kill-loot-menu-screenshot-img12.imageshack.us.png,official game: screenshot (RuneScape 2),"Wilderness player kill (You have defeated Cuzzin) with the loot menu open: swordfish, runes, dragon battleaxe.",,,2004-05-25,20040707213939,http://img12.imageshack.us:80/img12/748/111CuzzinDead.png,https://web.archive.org/web/20040707213939/http://img12.imageshack.us:80/img12/748/111CuzzinDead.png,,56332,b0b0b24b7adbdb4690c19084a943012f011da1f3,,
2004/May-25-2004-xiitti-koti.mbnet.fi.jpg,official game: screenshot (RuneScape 2),RS2 client screenshot from koti.mbnet.fi.,,,2004-05-25,20050121012721,http://koti.mbnet.fi:80/kuukke/data/xiitti.JPG,https://web.archive.org/web/20050121012721/http://koti.mbnet.fi:80/kuukke/data/xiitti.JPG,,128461,92da6c34b0e848d9f0fd741db60785a979963d82,,
2004/May-26-2004-bigstakewin-img17.imageshack.us.png,official game: screenshot (RuneScape 2),RS2 screenshot posted to a 2004-05 fansite forum thread; found by the 2001-2005 fansite re-screen,,,2004-05-26,20040713185353,http://img17.imageshack.us/img17/8025/bigstakewin.PNG,https://web.archive.org/web/20040713185353/http://img17.imageshack.us/img17/8025/bigstakewin.PNG,,131451,729b08f1f113a81c7cfd44d5133d88a78fa0b523,,
2004/May-26-2004-guthix-trade-window-browser-client-kakshihosting.250free.com.png,official game: screenshot (RuneScape 2),"Internet Explorer window with the RS2 client in a trade window, from a RuneScape player's page on 250free.com (2004)",,,2004-05-26,20040720170337,http://kakshihosting.250free.com:80/Guthix.PNG,https://web.archive.org/web/20040720170337/http://kakshihosting.250free.com:80/Guthix.PNG,,141577,970e21e7e0a22e944a4dba29ad5fad64e8ccc6a1,,
2004/May-28-2004-scam1-img18.imageshack.us.jpg,official game: screenshot (RuneScape 2),RS2 screenshot posted to a 2004-05 fansite forum thread; found by the 2001-2005 fansite re-screen,,,2004-05-28,20040714073431,http://img18.imageshack.us/img18/5886/scam1.JPG,https://web.archive.org/web/20040714073431/http://img18.imageshack.us/img18/5886/scam1.JPG,,69740,5b33598f218f8dd5878e416d6b289addc26bc536,,
2004/May-28-2004-scam2-img20.imageshack.us.jpg,official game: screenshot (RuneScape 2),RS2 screenshot posted to a 2004-05 fansite forum thread; found by the 2001-2005 fansite re-screen,,,2004-05-28,20040715050903,http://img20.imageshack.us/img20/9240/scam2.JPG,https://web.archive.org/web/20040715050903/http://img20.imageshack.us/img20/9240/scam2.JPG,,61632,69c0f911d852f81b5e25c89ca5c321c3b8f7d271,,
2004/May-28-2004-skilltotal1200snakus1-koti.mbnet.fi.png,official game: screenshot (RuneScape 2),RS2 client screenshot from koti.mbnet.fi.,,,2004-05-28,20040925192701,http://koti.mbnet.fi:80/kuukke/data/skilltotal1200snakus1.PNG,https://web.archive.org/web/20040925192701/http://koti.mbnet.fi:80/kuukke/data/skilltotal1200snakus1.PNG,,175896,7e954ca9664c4beeb2a95161dcfe29078ce47b07,,
2004/May-28-2004-willow1-koti.mbnet.fi.jpg,official game: screenshot (RuneScape 2),RS2 client screenshot from koti.mbnet.fi.,,,2004-05-28,20040918100658,http://koti.mbnet.fi:80/kuukke/data/Willow1.JPG,https://web.archive.org/web/20040918100658/http://koti.mbnet.fi:80/kuukke/data/Willow1.JPG,,101549,9f9d9cc406303ab0f87aeb4cd453134e30095686,,
2004/May-29-2004-ent-img14.imageshack.us.png,official game: screenshot (RuneScape 2),"RS2 client screenshot. Posted in the forum thread ""Runescape Community -> Explanation Of Random Events"".",,,2004-05-29,20050418210021,http://img14.imageshack.us/img14/1732/ent.PNG,https://web.archive.org/web/20050418210021/http://img14.imageshack.us/img14/1732/ent.PNG,https://web.archive.org/web/20040817204238/http://www.runescapecommunity.com:80/index.php?showtopic=104849,51251,24a41fb6f0de300b484279a35e74e245a594fe66,,
2004/May-30-2004-ihq-tiimi-tappo-koti.mbnet.fi.jpg,official game: screenshot (RuneScape 2),RS2 client screenshot from koti.mbnet.fi.,,,2004-05-30,20050113052840,http://koti.mbnet.fi:80/kuukke/data/IHQ_tiimi_tappo.JPG,https://web.archive.org/web/20050113052840/http://koti.mbnet.fi:80/kuukke/data/IHQ_tiimi_tappo.JPG,,76664,a3891a69717103b4de5d520503f782d195a1282b,,
2004/May-30-2004-ihq-tiimi-tappo2-koti.mbnet.fi.jpg,official game: screenshot (RuneScape 2),RS2 client screenshot from koti.mbnet.fi.,,,2004-05-30,20040814225252,http://koti.mbnet.fi:80/kuukke/data/IHQ_tiimi_tappo2.JPG,https://web.archive.org/web/20040814225252/http://koti.mbnet.fi:80/kuukke/data/IHQ_tiimi_tappo2.JPG,,76341,d1142d550f78fc7415b3d4db7b353c3e5ded318a,,
2004/May-30-2004-wilderness-kill-loot-menu-in-browser-img20.imageshack.us.png,official game: screenshot (RuneScape 2),Wilderness player kill with the loot menu open; client running in a browser window.,,,2004-05-30,20040619230118,http://img20.imageshack.us:80/img20/9355/biga.PNG,https://web.archive.org/web/20040619230118/http://img20.imageshack.us:80/img20/9355/biga.PNG,,124664,777962e3a89a93fd1870fb775ec9bc265b7fd242,,
2004/May-31-2004-full-rune-chainilla-koti.mbnet.fi.jpg,official game: screenshot (RuneScape 2),RS2 client screenshot from koti.mbnet.fi.,,,2004-05-31,20040918101156,http://koti.mbnet.fi:80/kuukke/data/Full_rune_chainilla.JPG,https://web.archive.org/web/20040918101156/http://koti.mbnet.fi:80/kuukke/data/Full_rune_chainilla.JPG,,84418,d68c2017f45d1c8e6ac7738f438c42a42e7bba27,,
2004/May-31-2004-full-rune-koti.mbnet.fi.jpg,official game: screenshot (RuneScape 2),RS2 client screenshot from koti.mbnet.fi.,,,2004-05-31,20040814223938,http://koti.mbnet.fi:80/kuukke/data/Full%20rune.JPG,https://web.archive.org/web/20040814223938/http://koti.mbnet.fi:80/kuukke/data/Full%20rune.JPG,,85273,2681bfad68520515685b6729d18b2715dd15b0d4,,
2004/May-31-2004-viides-aarre-koti.mbnet.fi.jpg,official game: screenshot (RuneScape 2),RS2 client screenshot from koti.mbnet.fi.,,,2004-05-31,20050125042847,http://koti.mbnet.fi:80/kuukke/data/viides_aarre.JPG,https://web.archive.org/web/20050125042847/http://koti.mbnet.fi:80/kuukke/data/viides_aarre.JPG,,78402,f523d107a6fd515c4c1d5854fef13c751022d940,,
2004/May-31-2004-woot-koti.mbnet.fi.jpg,official game: screenshot (RuneScape 2),RS2 client screenshot from koti.mbnet.fi.,,,2004-05-31,20040828064522,http://koti.mbnet.fi:80/tarpuqqa/Stats/woot!.JPG,https://web.archive.org/web/20040828064522/http://koti.mbnet.fi:80/tarpuqqa/Stats/woot!.JPG,,89855,ea29ac4aa4c6854abe8dbc13f4d2388c170937af,,
2004/May-4-2004-71smithing-koti.mbnet.fi.jpg,official game: screenshot (RuneScape 2),RS2 client screenshot from koti.mbnet.fi.,,,2004-05-04,20040814220334,http://koti.mbnet.fi:80/kuukke/data/71smithing!.JPG,https://web.archive.org/web/20040814220334/http://koti.mbnet.fi:80/kuukke/data/71smithing!.JPG,,92222,28c77466a86f16ba16a88dd0905856167700b9fc,,
2004/May-4-2004-hassunhauskojamaceja-koti.mbnet.fi.jpg,official game: screenshot (RuneScape 2),RS2 client screenshot from koti.mbnet.fi.,,,2004-05-04,20050123085935,http://koti.mbnet.fi:80/kuukke/data/hassunhauskojamaceja.JPG,https://web.archive.org/web/20050123085935/http://koti.mbnet.fi:80/kuukke/data/hassunhauskojamaceja.JPG,,84040,336782c4e0957df1bb5d049ff3e3f02ebf0e598f,,
2004/May-4-2004-saaresi-koti.mbnet.fi.jpg,official game: screenshot (RuneScape 2),RS2 client screenshot from koti.mbnet.fi.,,,2004-05-04,20040814221733,http://koti.mbnet.fi:80/kuukke/data/Saaresi.JPG,https://web.archive.org/web/20040814221733/http://koti.mbnet.fi:80/kuukke/data/Saaresi.JPG,,105607,c6280308b7e50d89f1101b4f8c1b29342e2c750a,,
2004/May-5-2004-berret-koti.mbnet.fi.jpg,official game: screenshot (RuneScape 2),RS2 client screenshot from koti.mbnet.fi.,,,2004-05-05,20040814223337,http://koti.mbnet.fi:80/kuukke/data/%23berret.JPG,https://web.archive.org/web/20040814223337/http://koti.mbnet.fi:80/kuukke/data/%23berret.JPG,,80735,63b1e9fed42f9619b4b6faeed5bb3ccbbcd92c1b,,
2004/May-5-2004-mininglevel77-koti.mbnet.fi.jpg,official game: screenshot (RuneScape 2),RS2 client screenshot from koti.mbnet.fi.,,,2004-05-05,20040824142653,http://koti.mbnet.fi:80/kuukke/data/mininglevel77.JPG,https://web.archive.org/web/20040824142653/http://koti.mbnet.fi:80/kuukke/data/mininglevel77.JPG,,76542,456635f90cb137d373aed271ea4d19119291d24b,,
2004/May-5-2004-sheep2-runehq.com.gif,official game: screenshot (RuneScape 2),RS2 client screenshot from a 2004-05 fansite page (www.runehq.com:80); found by the 2001-2005 fansite re-screen,,,2004-05-05,20040710103626,http://www.runehq.com:80/images/users/Thunderdog7_147/sheep2.gif,https://web.archive.org/web/20040710103626/http://www.runehq.com:80/images/users/Thunderdog7_147/sheep2.gif,,210579,217b7fb83f176d4fc3487978904ddab7a704d755,,
2004/May-5-2004-surmuri-kuoli-koti.mbnet.fi.jpg,official game: screenshot (RuneScape 2),RS2 client screenshot from koti.mbnet.fi.,,,2004-05-05,20040825224822,http://koti.mbnet.fi:80/kuukke/data/SURMURI%20KUOLI.JPG,https://web.archive.org/web/20040825224822/http://koti.mbnet.fi:80/kuukke/data/SURMURI%20KUOLI.JPG,,50626,3498eb6dd4820e57b64654467484f17c37ed3b83,,
2004/May-6-2004-sasasasas-koti.mbnet.fi.jpg,official game: screenshot (RuneScape 2),RS2 client screenshot from koti.mbnet.fi.,,,2004-05-06,20050123083902,http://koti.mbnet.fi:80/kuukke/data/sasasasas.JPG,https://web.archive.org/web/20050123083902/http://koti.mbnet.fi:80/kuukke/data/sasasasas.JPG,,172607,120cf414933875aa036e68c8b973615c789a726e,,
2004/May-6-2004-statsukkani-koti.mbnet.fi.jpg,official game: screenshot (RuneScape 2),RS2 client screenshot from koti.mbnet.fi.,,,2004-05-06,20040825223840,http://koti.mbnet.fi:80/kuukke/data/Statsukkani.JPG,https://web.archive.org/web/20040825223840/http://koti.mbnet.fi:80/kuukke/data/Statsukkani.JPG,,98995,133105cf1352d1e446d9f5fc8f6c23e1656d1a43,,
2004/May-6-2004-ytti-dead-koti.mbnet.fi.jpg,official game: screenshot (RuneScape 2),RS2 client screenshot from koti.mbnet.fi.,,,2004-05-06,20040918100910,"http://koti.mbnet.fi:80/kuukke/data/Ytti,%20dead.JPG","https://web.archive.org/web/20040918100910/http://koti.mbnet.fi:80/kuukke/data/Ytti,%20dead.JPG",,78025,97cb018b851dbd3a76bad4e89f9564b5add10d55,,
2004/May-8-2004-def-lvl-56-tana-koti.mbnet.fi.jpg,official game: screenshot (RuneScape 2),RS2 client screenshot from koti.mbnet.fi.,,,2004-05-08,20041122144934,http://koti.mbnet.fi:80/kuukke/data/!%20!%20!%20!DEF_LVL_56_TANA!%20!%20!%20!.JPG,https://web.archive.org/web/20041122144934/http://koti.mbnet.fi:80/kuukke/data/!%20!%20!%20!DEF_LVL_56_TANA!%20!%20!%20!.JPG,,54982,9221f955b76b4c2b303c4f11854135ac1192e10f,,
2004/May-8-2004-hippie-img49.photobucket.com.png,official game: screenshot (RuneScape 2),"RS2 client screenshot. Posted in the forum thread ""Runescape Community -> Pictures/animations By Jamesco"".",,,2004-05-08,20040629123113,http://img49.photobucket.com/albums/v150/jamesco/hippie.png,https://web.archive.org/web/20040629123113/http://img49.photobucket.com/albums/v150/jamesco/hippie.png,https://web.archive.org/web/20040629123015/http://www.runescapecommunity.com/index.php?showtopic=116934,30919,702563714f906f261d329471dd40b8ca8d1e3e99,,
2004/May-8-2004-kmg-img49.photobucket.com.png,official game: screenshot (RuneScape 2),"RS2 client screenshot. Posted in the forum thread ""Runescape Community -> Pictures/animations By Jamesco"".",,,2004-05-08,20040629123127,http://img49.photobucket.com/albums/v150/jamesco/kmg.png,https://web.archive.org/web/20040629123127/http://img49.photobucket.com/albums/v150/jamesco/kmg.png,https://web.archive.org/web/20040629123015/http://www.runescapecommunity.com/index.php?showtopic=116934,36468,813d9f2d1de6dbbf95a77424c8f4d39860760d4f,,
2004/May-8-2004-skilltotal1100atk70-koti.mbnet.fi.jpg,official game: screenshot (RuneScape 2),RS2 client screenshot from koti.mbnet.fi.,,,2004-05-08,20041128044503,http://koti.mbnet.fi:80/kuukke/data/skilltotal1100atk70.JPG,https://web.archive.org/web/20041128044503/http://koti.mbnet.fi:80/kuukke/data/skilltotal1100atk70.JPG,,75942,593746584cc065a1b18a5eed6db46c6c511b58d1,,
2004/May-8-2004-smithing-level-98-chat-log-boomspeed.com.png,official game: screenshot (RuneScape 2),"Long chat log of smithing, same player as the Smithing 98 level-up.",,,2004-05-08,20041109094352,http://www.boomspeed.com:80/wreedviper/98smithing2.PNG,https://web.archive.org/web/20041109094352/http://www.boomspeed.com:80/wreedviper/98smithing2.PNG,,248844,96540c90389541ce985cd80dce558a595bd1fa01,,
2004/May-8-2004-smithing-level-98-screenshot-boomspeed.com.png,official game: screenshot (RuneScape 2),"Smithing level-up to 98 at an anvil, in a full client screenshot.",,,2004-05-08,20041109094032,http://www.boomspeed.com:80/wreedviper/98smithing.PNG,https://web.archive.org/web/20041109094032/http://www.boomspeed.com:80/wreedviper/98smithing.PNG,,179040,4072e34404fca54c5740aa751b963d1a439a5be5,,
2004/May-9-2004-1050stjamagic67-koti.mbnet.fi.jpg,official game: screenshot (RuneScape 2),RS2 client screenshot from koti.mbnet.fi.,,,2004-05-09,20040814225006,http://koti.mbnet.fi:80/kuukke/data/1050stjamagic67.JPG,https://web.archive.org/web/20040814225006/http://koti.mbnet.fi:80/kuukke/data/1050stjamagic67.JPG,,94165,3fc9b6ce43db7c7883f50b5476bcf86fc02b5427,,
2004/May-9-2004-party3-img2.imageshack.us.jpg,official game: screenshot (RuneScape 2),RS2 screenshot posted to a 2004-05 fansite forum thread; found by the 2001-2005 fansite re-screen,,,2004-05-09,20041101114727,http://img2.imageshack.us/img2/4407/Party3.JPG,https://web.archive.org/web/20041101114727/http://img2.imageshack.us/img2/4407/Party3.JPG,,88398,95307bc26364bfb6b6755e65b2b38bae79ccee5e,,
2004/May-9-2004-pic15-img4.imageshack.us.jpg,official game: screenshot (RuneScape 2),RS2 screenshot posted to a 2004-05 fansite forum thread; found by the 2001-2005 fansite re-screen,,,2004-05-09,20041101120733,http://img4.imageshack.us/img4/7240/pic15.JPG,https://web.archive.org/web/20041101120733/http://img4.imageshack.us/img4/7240/pic15.JPG,,71261,cfb288114308916377e6e8f2b65a109257e03836,,
2004/May-9-2004-pic16-img4.imageshack.us.jpg,official game: screenshot (RuneScape 2),RS2 screenshot posted to a 2004-05 fansite forum thread; found by the 2001-2005 fansite re-screen,,,2004-05-09,20041101122333,http://img4.imageshack.us/img4/1885/pic16.JPG,https://web.archive.org/web/20041101122333/http://img4.imageshack.us/img4/1885/pic16.JPG,,82583,d545b757c3ba3c9bfcae7e723703adb170fbec0e,,
2004/May-9-2004-smithing72-koti.mbnet.fi.jpg,official game: screenshot (RuneScape 2),RS2 client screenshot from koti.mbnet.fi.,,,2004-05-09,20050129211155,http://koti.mbnet.fi:80/kuukke/data/smithing72.JPG,https://web.archive.org/web/20050129211155/http://koti.mbnet.fi:80/kuukke/data/smithing72.JPG,,80463,481942336284025865c8754af6e9359a31dd376f,,
2004/November-1-2004-fullitappoboonilla-koti.mbnet.fi.jpg,official game: screenshot (RuneScape 2),RS2 client screenshot from koti.mbnet.fi.,,,2004-11-01,20041103120048,http://koti.mbnet.fi:80/kuukke/data/fullitappoboonilla.JPG,https://web.archive.org/web/20041103120048/http://koti.mbnet.fi:80/kuukke/data/fullitappoboonilla.JPG,,82309,44289ad78d932f1220b02429c3d1e84d6c8d7cd0,,
2004/November-1-2004-rs15-koti.mbnet.fi.jpg,official game: screenshot (RuneScape 2),RS2 client screenshot from koti.mbnet.fi.,,,2004-11-01,20050122202821,http://koti.mbnet.fi:80/kuukke/data/rs15.JPG,https://web.archive.org/web/20050122202821/http://koti.mbnet.fi:80/kuukke/data/rs15.JPG,,70471,9ecddfbf5e61a3cfde918690eadb7762e734df53,,
2004/November-1-2004-tuo-on-genie-koti.mbnet.fi.jpg,official game: screenshot (RuneScape 2),RS2 client screenshot from koti.mbnet.fi.,,,2004-11-01,20050123085343,http://koti.mbnet.fi:80/kuukke/data/tuo%20on%20genie.JPG,https://web.archive.org/web/20050123085343/http://koti.mbnet.fi:80/kuukke/data/tuo%20on%20genie.JPG,,101248,24f85bad3159610fcf913db41178a357e5811b21,,
2004/November-10-2004-2hpker-defense-server3.uploadit.org.jpg,official game: screenshot (RuneScape 2),RS2 client screenshot from server3.uploadit.org.,,,2004-11-10,20041230190902,http://server3.uploadit.org:80/files/2hpker-defense.JPG,https://web.archive.org/web/20041230190902/http://server3.uploadit.org:80/files/2hpker-defense.JPG,,73196,05f54dba107051a4de20d7c43390f07a70f3f4d3,,
2004/November-10-2004-bardudes-img121.exs.cx.gif,official game: screenshot (RuneScape 2),"RS2 client screenshot. Posted in the forum thread ""RuneHQ -> Whats really going on in Runescape pubs..."".",,,2004-11-10,20041114192320,http://img121.exs.cx:80/img121/8003/bardudes.gif,https://web.archive.org/web/20041114192320/http://img121.exs.cx:80/img121/8003/bardudes.gif,https://web.archive.org/web/20041113050033/http://www.runehq.com:80/RHQInn/index.php?showtopic=34352,205366,a7d675abc526814d2a7173e4a83877fbfb4f320a,,
2004/November-10-2004-gallery-1752-91-1100095790-runehq.com.png,official game: screenshot (RuneScape 2),RS2 client screenshot from a 2004-05 fansite page (www.runehq.com:80); found by the 2001-2005 fansite re-screen,,,2004-11-10,20050116071758,http://www.runehq.com:80/RHQInn/uploads/1100090717/gallery_1752_91_1100095790.png,https://web.archive.org/web/20050116071758/http://www.runehq.com:80/RHQInn/uploads/1100090717/gallery_1752_91_1100095790.png,,145287,f2a5bddea2c8e08592b0884c1ce93159e1ccb854,,
2004/November-11-2004-diezombies-img29.exs.cx.png,official game: screenshot (RuneScape 2),"RS2 client screenshot. Posted in the forum thread ""RuneHQ -> Any Tips On Training Mage And Ranger Pures?"".",,,2004-11-11,20041114200416,http://img29.exs.cx:80/img29/3690/diezombies.png,https://web.archive.org/web/20041114200416/http://img29.exs.cx:80/img29/3690/diezombies.png,https://web.archive.org/web/20041113052657/http://www.runehq.com:80/RHQInn/index.php?showtopic=38943,117359,9901e4a7b91cbd3a062ec5fb31039787561fe7c0,,
2004/November-12-2004-drharlowproof-img91.exs.cx.jpg,official game: screenshot (RuneScape 2),"RS2 client screenshot. Posted in the forum thread ""RuneHQ -> Person Database Pictures Needed - Revised 11/11"".",,,2004-11-12,20041114210005,http://img91.exs.cx:80/img91/5986/DrHarlowProof.jpg,https://web.archive.org/web/20041114210005/http://img91.exs.cx:80/img91/5986/DrHarlowProof.jpg,https://web.archive.org/web/20041115121034/http://www.runehq.com:80/RHQInn/index.php?showtopic=36074,14490,0fca5817048d692738c40e979644135a53fe48d8,,
2004/November-12-2004-femaleforesterproof-img91.exs.cx.jpg,official game: screenshot (RuneScape 2),"RS2 client screenshot. Posted in the forum thread ""RuneHQ -> Person Database Pictures Needed - Revised 11/11"".",,,2004-11-12,20041114183603,http://img91.exs.cx:80/img91/6274/FemaleForesterProof.jpg,https://web.archive.org/web/20041114183603/http://img91.exs.cx:80/img91/6274/FemaleForesterProof.jpg,https://web.archive.org/web/20041115121034/http://www.runehq.com:80/RHQInn/index.php?showtopic=36074,9548,db656b98b6d33ea524e00317edaf3aa6f910e92f,,
2004/November-12-2004-gallery-1752-91-1100293489-runehq.com.png,official game: screenshot (RuneScape 2),RS2 client screenshot from a 2004-05 fansite page (www.runehq.com:80); found by the 2001-2005 fansite re-screen,,,2004-11-12,20050116074144,http://www.runehq.com:80/RHQInn/uploads/1100289340/gallery_1752_91_1100293489.png,https://web.archive.org/web/20050116074144/http://www.runehq.com:80/RHQInn/uploads/1100289340/gallery_1752_91_1100293489.png,,118218,7c022e97a0541f4a74a4dfae1e63e57e3b84d7c0,,
2004/November-12-2004-maleforesterproof-img91.exs.cx.jpg,official game: screenshot (RuneScape 2),"RS2 client screenshot. Posted in the forum thread ""RuneHQ -> Person Database Pictures Needed - Revised 11/11"".",,,2004-11-12,20041114215356,http://img91.exs.cx:80/img91/9760/MaleForesterproof.jpg,https://web.archive.org/web/20041114215356/http://img91.exs.cx:80/img91/9760/MaleForesterproof.jpg,https://web.archive.org/web/20041115121034/http://www.runehq.com:80/RHQInn/index.php?showtopic=36074,18297,3839d23554e2d56d97916dd5d0f8dc47622812a5,,
2004/November-12-2004-milliproof-img91.exs.cx.jpg,official game: screenshot (RuneScape 2),"RS2 client screenshot. Posted in the forum thread ""RuneHQ -> Person Database Pictures Needed - Revised 11/11"".",,,2004-11-12,20041114214300,http://img91.exs.cx:80/img91/4553/MilliProof.jpg,https://web.archive.org/web/20041114214300/http://img91.exs.cx:80/img91/4553/MilliProof.jpg,https://web.archive.org/web/20041115121034/http://www.runehq.com:80/RHQInn/index.php?showtopic=36074,13499,ea47e64ef828a2e02751b7f12a8506d699f081ed,,
2004/November-12-2004-nursesarahproof-img91.exs.cx.jpg,official game: screenshot (RuneScape 2),"RS2 client screenshot. Posted in the forum thread ""RuneHQ -> Person Database Pictures Needed - Revised 11/11"".",,,2004-11-12,20041114172605,http://img91.exs.cx:80/img91/8081/NurseSarahProof.jpg,https://web.archive.org/web/20041114172605/http://img91.exs.cx:80/img91/8081/NurseSarahProof.jpg,https://web.archive.org/web/20041115121034/http://www.runehq.com:80/RHQInn/index.php?showtopic=36074,9291,538a17d2ede1065ccd3903fe7090e9ec0593a022,,
2004/November-13-2004-boonloot-koti.mbnet.fi.jpg,official game: screenshot (RuneScape 2),RS2 client screenshot from koti.mbnet.fi.,,,2004-11-13,20050125043340,http://koti.mbnet.fi:80/kuukke/data/boonloot.JPG,https://web.archive.org/web/20050125043340/http://koti.mbnet.fi:80/kuukke/data/boonloot.JPG,,116207,bcb28f8d6dbfc291021f221495f65d1a356bf238,,
2004/November-13-2004-boonpkretkiryhmataas-koti.mbnet.fi.jpg,official game: screenshot (RuneScape 2),RS2 client screenshot from koti.mbnet.fi.,,,2004-11-13,20041128044559,http://koti.mbnet.fi:80/kuukke/data/boonpkretkiryhmataas.JPG,https://web.archive.org/web/20041128044559/http://koti.mbnet.fi:80/kuukke/data/boonpkretkiryhmataas.JPG,,41904,ed6f17192dbd7c74346fdaf613a2df07d570ad90,,
2004/November-13-2004-boonpkryhma-koti.mbnet.fi.jpg,official game: screenshot (RuneScape 2),RS2 client screenshot from koti.mbnet.fi.,,,2004-11-13,20050112090709,http://koti.mbnet.fi:80/kuukke/data/boonpkryhma.JPG,https://web.archive.org/web/20050112090709/http://koti.mbnet.fi:80/kuukke/data/boonpkryhma.JPG,,91266,d62377bc4cb2cbd979f12f39bc168f821f798d86,,
2004/November-13-2004-exermageded-koti.mbnet.fi.jpg,official game: screenshot (RuneScape 2),RS2 client screenshot from koti.mbnet.fi.,,,2004-11-13,20041127082401,http://koti.mbnet.fi:80/kuukke/data/exermageded.JPG,https://web.archive.org/web/20041127082401/http://koti.mbnet.fi:80/kuukke/data/exermageded.JPG,,189220,9709faeaba06220022597875a807bb97001bab4d,,
2004/November-13-2004-gallery-1752-91-1100355618-runehq.com.png,official game: screenshot (RuneScape 2),RS2 client screenshot from a 2004-05 fansite page (www.runehq.com:80); found by the 2001-2005 fansite re-screen,,,2004-11-13,20050116070405,http://www.runehq.com:80/RHQInn/uploads/1100343682/gallery_1752_91_1100355618.png,https://web.archive.org/web/20050116070405/http://www.runehq.com:80/RHQInn/uploads/1100343682/gallery_1752_91_1100355618.png,,112823,f728e80d58107638e2d9d7688e2b70b34b961039,,
2004/November-13-2004-gallery-1752-91-1100355677-runehq.com.png,official game: screenshot (RuneScape 2),RS2 client screenshot from a 2004-05 fansite page (www.runehq.com:80); found by the 2001-2005 fansite re-screen,,,2004-11-13,20050116071613,http://www.runehq.com:80/RHQInn/uploads/1100343682/gallery_1752_91_1100355677.png,https://web.archive.org/web/20050116071613/http://www.runehq.com:80/RHQInn/uploads/1100343682/gallery_1752_91_1100355677.png,,121426,0bd1796021faa1ae027486946ac57a6c6c5fb945,,
2004/November-13-2004-mithmage-koti.mbnet.fi.jpg,official game: screenshot (RuneScape 2),RS2 client screenshot from koti.mbnet.fi.,,,2004-11-13,20041130034312,http://koti.mbnet.fi:80/kuukke/data/MithMage.JPG,https://web.archive.org/web/20041130034312/http://koti.mbnet.fi:80/kuukke/data/MithMage.JPG,,85467,c9203cc4a078cf17279f187dfdc29b662a65c6f9,,
2004/November-13-2004-rs2scimitappo-koti.mbnet.fi.jpg,official game: screenshot (RuneScape 2),RS2 client screenshot from koti.mbnet.fi.,,,2004-11-13,20041128172435,http://koti.mbnet.fi:80/kuukke/data/Rs2ScimiTappo.JPG,https://web.archive.org/web/20041128172435/http://koti.mbnet.fi:80/kuukke/data/Rs2ScimiTappo.JPG,,79208,1c21aef656b6fb7ac9a64ff889d155300f295441,,
2004/November-13-2004-tccvoitto-koti.mbnet.fi.jpg,official game: screenshot (RuneScape 2),RS2 client screenshot from koti.mbnet.fi.,,,2004-11-13,20041122140259,http://koti.mbnet.fi:80/kuukke/data/tccvoitto.JPG,https://web.archive.org/web/20041122140259/http://koti.mbnet.fi:80/kuukke/data/tccvoitto.JPG,,35442,5f39d66e090ac43af3301b160007066e48c2f9ae,,
2004/November-13-2004-zezimadeadw0otlol-img40.exs.cx.jpg,official game: screenshot (RuneScape 2),RS2 client screenshot from img40.exs.cx. Embedded in: Runescape Community -> For All You Zezima Fans Out There... (https://web.archive.org/web/20041226211750/http://www.runescapecommunity.com:80/index.php?showtopic=210873).,,,2004-11-13,20070513075336,http://img40.exs.cx/img40/4451/zezimadeadw0otlol.jpg,https://web.archive.org/web/20070513075336/http://img40.exs.cx/img40/4451/zezimadeadw0otlol.jpg,,97861,b11967cc2d7d85213ae04ea764cd7906a5b271ff,,
2004/November-14-2004-99lvl-koti.mbnet.fi.jpg,official game: screenshot (RuneScape 2),RS2 client screenshot from koti.mbnet.fi.,,,2004-11-14,20041129041839,http://koti.mbnet.fi:80/kuukke/data/99lvl.JPG,https://web.archive.org/web/20041129041839/http://koti.mbnet.fi:80/kuukke/data/99lvl.JPG,,75313,03fec96f34ef5a675d7d2d9dbcd1b417f081deff,,
2004/November-14-2004-ihan-kuin-wildussa-koti.mbnet.fi.jpg,official game: screenshot (RuneScape 2),RS2 client screenshot from koti.mbnet.fi.,,,2004-11-14,20041128044741,http://koti.mbnet.fi:80/kuukke/data/ihan%20kuin%20wildussa.JPG,https://web.archive.org/web/20041128044741/http://koti.mbnet.fi:80/kuukke/data/ihan%20kuin%20wildussa.JPG,,70554,6384c9c90545ef3a5758673890720c1827f5cca8,,
2004/November-14-2004-runerrded-koti.mbnet.fi.jpg,official game: screenshot (RuneScape 2),RS2 client screenshot from koti.mbnet.fi.,,,2004-11-14,20050129230636,http://koti.mbnet.fi:80/kuukke/data/runerrded.JPG,https://web.archive.org/web/20050129230636/http://koti.mbnet.fi:80/kuukke/data/runerrded.JPG,,78523,8c369f1ae936638099f91f3e4871fa3d743a02eb,,
2004/November-15-2004-54-pray-lvl-koti.mbnet.fi.jpg,official game: screenshot (RuneScape 2),RS2 client screenshot from koti.mbnet.fi.,,,2004-11-15,20050113052828,http://koti.mbnet.fi:80/kuukke/data/54%20pray%20lvl.JPG,https://web.archive.org/web/20050113052828/http://koti.mbnet.fi:80/kuukke/data/54%20pray%20lvl.JPG,,80078,43a4535a9e6df67794aac606ffd19fb7cfa11caf,,
2004/November-15-2004-83-attack-lvl-koti.mbnet.fi.jpg,official game: screenshot (RuneScape 2),RS2 client screenshot from koti.mbnet.fi.,,,2004-11-15,20041128044304,http://koti.mbnet.fi:80/kuukke/data/83%20attack%20lvl.JPG,https://web.archive.org/web/20041128044304/http://koti.mbnet.fi:80/kuukke/data/83%20attack%20lvl.JPG,,82317,f76814a4a469a1c7f9aaf605fbc63e3abbfa1cb2,,
2004/November-15-2004-cook66-pk-server3.uploadit.org.jpg,official game: screenshot (RuneScape 2),RS2 client screenshot from server3.uploadit.org.,,,2004-11-15,20050103070024,http://server3.uploadit.org:80/files/Cook66-PK.JPG,https://web.archive.org/web/20050103070024/http://server3.uploadit.org:80/files/Cook66-PK.JPG,,83504,4ede7b93a073b9850dc4966b51db3230a11bf687,,
2004/November-15-2004-darkshadow03-died-koti.mbnet.fi.jpg,official game: screenshot (RuneScape 2),RS2 client screenshot from koti.mbnet.fi.,,,2004-11-15,20050130153657,http://koti.mbnet.fi:80/kuukke/data/DarkShadow03_Died.JPG,https://web.archive.org/web/20050130153657/http://koti.mbnet.fi:80/kuukke/data/DarkShadow03_Died.JPG,,74476,709de14d19f0279711a2f9b708e822c97bb944ad,,
2004/November-16-2004-dragonfirenze-gostrangeplant-server3.uploadit.org.jpg,official game: screenshot (RuneScape 2),RS2 client screenshot from server3.uploadit.org.,,,2004-11-16,20050107144547,http://server3.uploadit.org:80/files/DragonFirenze-gostrangeplant.JPG,https://web.archive.org/web/20050107144547/http://server3.uploadit.org:80/files/DragonFirenze-gostrangeplant.JPG,,76727,a7bea802c0a991b26f36e874739bff37235a6f74,,
2004/November-16-2004-nissejunttipappa900total-koti.mbnet.fi.jpg,official game: screenshot (RuneScape 2),RS2 client screenshot from koti.mbnet.fi.,,,2004-11-16,20041128192053,http://koti.mbnet.fi:80/kuukke/data/nissejunttipappa900total.JPG,https://web.archive.org/web/20041128192053/http://koti.mbnet.fi:80/kuukke/data/nissejunttipappa900total.JPG,,87745,5ea1307bc6e2fbfddf61a660c433256df2cc9924,,
2004/November-16-2004-str-lvl-92-koti.mbnet.fi.jpg,official game: screenshot (RuneScape 2),RS2 client screenshot from koti.mbnet.fi.,,,2004-11-16,20041128131821,http://koti.mbnet.fi:80/kuukke/data/Str%20Lvl%2092.JPG,https://web.archive.org/web/20041128131821/http://koti.mbnet.fi:80/kuukke/data/Str%20Lvl%2092.JPG,,81511,d91dd27173c3143afcb81a4db0157fae3fe61201,,
2004/November-17-2004-brokenbridge-img51.exs.cx.jpg,official game: screenshot (RuneScape 2),"RS2 client screenshot. Posted in the forum thread ""Runescape Community -> Horror From The Deep"".",,,2004-11-17,20050125010709,http://img51.exs.cx:80/img51/106/brokenbridge.jpg,https://web.archive.org/web/20050125010709/http://img51.exs.cx:80/img51/106/brokenbridge.jpg,https://web.archive.org/web/20050102015323/http://www.runescapecommunity.com:80/index.php?showtopic=212979,11491,35f63422cdb1a41e9031fc3878dae7e15f2f4755,,
2004/November-17-2004-strenght-level-61-pokelaf5-koti.mbnet.fi.jpg,official game: screenshot (RuneScape 2),RS2 client screenshot from koti.mbnet.fi.,,,2004-11-17,20041201161948,http://koti.mbnet.fi:80/kuukke/data/Strenght%20level%2061%20pokelaf5.JPG,https://web.archive.org/web/20041201161948/http://koti.mbnet.fi:80/kuukke/data/Strenght%20level%2061%20pokelaf5.JPG,,73445,78da26e124fc00fde1013cddb3e377cd8bc42ea3,,
2004/November-17-2004-thewall-img51.exs.cx.jpg,official game: screenshot (RuneScape 2),"RS2 client screenshot. Posted in the forum thread ""Runescape Community -> Horror From The Deep"".",,,2004-11-17,20050128131251,http://img51.exs.cx:80/img51/4856/thewall.jpg,https://web.archive.org/web/20050128131251/http://img51.exs.cx:80/img51/4856/thewall.jpg,https://web.archive.org/web/20050102015323/http://www.runescapecommunity.com:80/index.php?showtopic=212979,12651,48f6b73fcf35baaadffefbca6724021c2bf69a0b,,
2004/November-18-2004-untitled-koti.mbnet.fi.png,official game: screenshot (RuneScape 2),RS2 client screenshot from koti.mbnet.fi.,,,2004-11-18,20050113055023,http://koti.mbnet.fi:80/kuukke/data/!!!_____hp%2080______!!!.PNG,https://web.archive.org/web/20050113055023/http://koti.mbnet.fi:80/kuukke/data/!!!_____hp%2080______!!!.PNG,,89197,5111a59eb4aa472562a167136150558f6b87d54d,,
2004/November-19-2004-fletsink90unkki-koti.mbnet.fi.png,official game: screenshot (RuneScape 2),RS2 client screenshot from koti.mbnet.fi.,,,2004-11-19,20050123085112,http://koti.mbnet.fi:80/kuukke/data/Fletsink90Unkki.PNG,https://web.archive.org/web/20050123085112/http://koti.mbnet.fi:80/kuukke/data/Fletsink90Unkki.PNG,,152736,0486e24de230270407242784c81ac0d9db9db912,,
2004/November-2-2004-full-runet-koti.mbnet.fi.png,official game: screenshot (RuneScape 2),RS2 client screenshot from koti.mbnet.fi.,,,2004-11-02,20041122141318,http://koti.mbnet.fi:80/kuukke/data/full%20runet.PNG,https://web.archive.org/web/20041122141318/http://koti.mbnet.fi:80/kuukke/data/full%20runet.PNG,,156373,21ca43e759838f3bc7b037da1253baa7bbfe469a,,
2004/November-2-2004-normal-kbd-runescape.ru.jpg,official game: screenshot (RuneScape 2),RS2 client screenshot from runescape.ru. Embedded in: ������� Runescape.Ru - �����-��� (https://web.archive.org/web/20050124170615/http://runescape.ru:80/gallery/displayimage.php?album=lastcom&cat=0&pid=15&slideshow=5000).,,,2004-11-02,20041115074953,http://runescape.ru:80/gallery/albums/userpics/10004/normal_kbd.jpg,https://web.archive.org/web/20041115074953/http://runescape.ru:80/gallery/albums/userpics/10004/normal_kbd.jpg,,43528,ee9a743c57571e39ef03951b92d43bdeda4594da,,
2004/November-20-2004-boonillatappo2-koti.mbnet.fi.jpg,official game: screenshot (RuneScape 2),RS2 client screenshot from koti.mbnet.fi.,,,2004-11-20,20041122142015,http://koti.mbnet.fi:80/kuukke/data/boonillatappo2.JPG,https://web.archive.org/web/20041122142015/http://koti.mbnet.fi:80/kuukke/data/boonillatappo2.JPG,,83794,32de694f63acce8f37e9681caeaf9f09ce7e9302,,
2004/November-20-2004-honkkis-7m-server3.uploadit.org.jpg,official game: screenshot (RuneScape 2),RS2 client screenshot from server3.uploadit.org.,,,2004-11-20,20050113160836,http://server3.uploadit.org:80/files/Honkkis-7m.JPG,https://web.archive.org/web/20050113160836/http://server3.uploadit.org:80/files/Honkkis-7m.JPG,,74044,4fd666cf0c33f89d43573e130e173661a96ca872,,
2004/November-20-2004-mydragonchain-frip.dk.jpg,official game: screenshot (RuneScape 2),RS2 client screenshot from frip.dk. Embedded in: RuneHQ -> Nicest Stake Ever Most Be Seen! (https://web.archive.org/web/20041222094318/http://www.runehq.com:80/RHQInn/index.php?showtopic=43067).,,,2004-11-20,20041226180937,http://www.frip.dk/leagacy/mydragonchain.JPG,https://web.archive.org/web/20041226180937/http://www.frip.dk/leagacy/mydragonchain.JPG,,85774,dbfe6333f30d59b28d88e6147f65d43ecd496c4a,,
2004/November-20-2004-navettaownsmages-koti.mbnet.fi.jpg,official game: screenshot (RuneScape 2),RS2 client screenshot from koti.mbnet.fi.,,,2004-11-20,20041128112710,http://koti.mbnet.fi:80/kuukke/data/navettaownsmages.JPG,https://web.archive.org/web/20041128112710/http://koti.mbnet.fi:80/kuukke/data/navettaownsmages.JPG,,81391,2f3ae9d593cdf317e05787465151f97b7a79d305,,
2004/November-20-2004-strenu-93-jee-koti.mbnet.fi.jpg,official game: screenshot (RuneScape 2),RS2 client screenshot from koti.mbnet.fi.,,,2004-11-20,20050129233209,http://koti.mbnet.fi:80/kuukke/data/Strenu%2093!!!%20jee.JPG,https://web.archive.org/web/20050129233209/http://koti.mbnet.fi:80/kuukke/data/Strenu%2093!!!%20jee.JPG,,80778,6163434f47bc8c9c6225baf2bc2c55b525e11762,,
2004/November-21-2004-bank-sale-hezga-koti.mbnet.fi.jpg,official game: screenshot (RuneScape 2),RS2 client screenshot from koti.mbnet.fi.,,,2004-11-21,20041122142331,http://koti.mbnet.fi:80/kuukke/data/bank.sale.hezga.JPG,https://web.archive.org/web/20041122142331/http://koti.mbnet.fi:80/kuukke/data/bank.sale.hezga.JPG,,139574,bd6fb54893d07bc338d07feab4ebfdf5627f284d,,
2004/November-21-2004-faustis-87-hp-82-koti.mbnet.fi.png,official game: screenshot (RuneScape 2),RS2 client screenshot from koti.mbnet.fi.,,,2004-11-21,20041128044738,http://koti.mbnet.fi:80/kuukke/data/faustis%2087%20hp%2082.PNG,https://web.archive.org/web/20041128044738/http://koti.mbnet.fi:80/kuukke/data/faustis%2087%20hp%2082.PNG,,123425,004afd8def8dd6dc2cb4d9d93b6207c176896746,,
2004/November-21-2004-faustis87ranged85-koti.mbnet.fi.png,official game: screenshot (RuneScape 2),RS2 client screenshot from koti.mbnet.fi.,,,2004-11-21,20041122142957,http://koti.mbnet.fi:80/kuukke/data/faustis87ranged85.PNG,https://web.archive.org/web/20041122142957/http://koti.mbnet.fi:80/kuukke/data/faustis87ranged85.PNG,,120185,c2df7b34d587e5fe0e12937ddc825105d4265b31,,
2004/November-21-2004-ji1400total-koti.mbnet.fi.png,official game: screenshot (RuneScape 2),RS2 client screenshot from koti.mbnet.fi.,,,2004-11-21,20050113051919,http://koti.mbnet.fi:80/kuukke/data/ji1400total.PNG,https://web.archive.org/web/20050113051919/http://koti.mbnet.fi:80/kuukke/data/ji1400total.PNG,,811610,e7b6baaf009e1a05482e85f45e4e5756f9d6294b,,
2004/November-21-2004-rspic3-img72.exs.cx.jpg,official game: screenshot (RuneScape 2),RS2 screenshot posted to a 2004-05 fansite forum thread; found by the 2001-2005 fansite re-screen,,,2004-11-21,20050130005410,http://img72.exs.cx:80/img72/7705/rspic3.jpg,https://web.archive.org/web/20050130005410/http://img72.exs.cx:80/img72/7705/rspic3.jpg,,112787,45d911dcb7d64d2ffe6a68da05aff0192763f3a0,,
2004/November-22-2004-fulladdykillnavetalla-koti.mbnet.fi.jpg,official game: screenshot (RuneScape 2),RS2 client screenshot from koti.mbnet.fi.,,,2004-11-22,20050128143229,http://koti.mbnet.fi:80/kuukke/data/fulladdykillnavetalla.JPG,https://web.archive.org/web/20050128143229/http://koti.mbnet.fi:80/kuukke/data/fulladdykillnavetalla.JPG,,82932,986e8757c6d481758f213416456582843e5cc42b,,
2004/November-23-2004-infinity1234-2nd-server2.uploadit.org.jpg,official game: screenshot (RuneScape 2),RS2 client screenshot from server2.uploadit.org.,,,2004-11-23,20051029161515,http://server2.uploadit.org:80/files/infinity1234-2nd.jpg,https://web.archive.org/web/20051029161515/http://server2.uploadit.org:80/files/infinity1234-2nd.jpg,,86475,1fc088ed3e125b466c174aba699f722068e1ea93,,
2004/November-24-2004-jackfie-2-server2.uploadit.org.jpg,official game: screenshot (RuneScape 2),RS2 client screenshot from server2.uploadit.org.,,,2004-11-24,20051114164636,http://server2.uploadit.org:80/files/Jackfie-2.JPG,https://web.archive.org/web/20051114164636/http://server2.uploadit.org:80/files/Jackfie-2.JPG,,53487,1fd6efe758f3dbf7422c96bea2bc5238f0daa30a,,
2004/November-24-2004-jackfie-5-server2.uploadit.org.jpg,official game: screenshot (RuneScape 2),RS2 client screenshot from server2.uploadit.org.,,,2004-11-24,20051113014449,http://server2.uploadit.org:80/files/Jackfie-5.jpg,https://web.archive.org/web/20051113014449/http://server2.uploadit.org:80/files/Jackfie-5.jpg,,111124,a613c734df978ba4d06d6918eb34026db9380932,,
2004/November-24-2004-jackfie-8-server2.uploadit.org.jpg,official game: screenshot (RuneScape 2),RS2 client screenshot from server2.uploadit.org.,,,2004-11-24,20051029130718,http://server2.uploadit.org:80/files/Jackfie-8.jpg,https://web.archive.org/web/20051029130718/http://server2.uploadit.org:80/files/Jackfie-8.jpg,,120738,e96bb086fa5d7eb2e89756d3fbe7e52b0c7e7d4a,,
2004/November-24-2004-pelihuone-koti.mbnet.fi.jpg,official game: screenshot (RuneScape 2),RS2 client screenshot from koti.mbnet.fi.,,,2004-11-24,20050128164158,http://koti.mbnet.fi:80/kuukke/data/pelihuone.JPG,https://web.archive.org/web/20050128164158/http://koti.mbnet.fi:80/kuukke/data/pelihuone.JPG,,81039,7ab1772952a076d340b3ea8e10c595957b113e56,,
2004/November-25-2004-combu90-koti.mbnet.fi.jpg,official game: screenshot (RuneScape 2),RS2 client screenshot from koti.mbnet.fi.,,,2004-11-25,20050122203810,http://koti.mbnet.fi:80/kuukke/data/combu90.JPG,https://web.archive.org/web/20050122203810/http://koti.mbnet.fi:80/kuukke/data/combu90.JPG,,75401,dfcfaaa30272eb9a091aba28d8951b732eed67a9,,
2004/November-25-2004-luulporvari-koti.mbnet.fi.jpg,official game: screenshot (RuneScape 2),RS2 client screenshot from koti.mbnet.fi.,,,2004-11-25,20050128140351,http://koti.mbnet.fi:80/kuukke/data/luulporvari.JPG,https://web.archive.org/web/20050128140351/http://koti.mbnet.fi:80/kuukke/data/luulporvari.JPG,,141827,931f0149181eb5d808ac4693bd8ea091cabaff9e,,
2004/November-25-2004-war1-img116.exs.cx.jpg,official game: screenshot (RuneScape 2),"RS2 client screenshot. Posted in the forum thread ""RuneHQ -> Exercitum Recruiting 100+"".",,,2004-11-25,20050105012549,http://img116.exs.cx:80/img116/869/war1.jpg,https://web.archive.org/web/20050105012549/http://img116.exs.cx:80/img116/869/war1.jpg,https://web.archive.org/web/20050115163905/http://www.runehq.com:80/RHQInn/index.php?showtopic=45167,21525,6cbef673481f11de8430086d625586dfd34d069a,,
2004/November-26-2004-after107-img130.exs.cx.png,official game: screenshot (RuneScape 2),"RS2 client screenshot. Posted in the forum thread ""RuneHQ -> 105 To 107 In 60 Seconds."".",,,2004-11-26,20050105013403,http://img130.exs.cx:80/img130/1412/after107.png,https://web.archive.org/web/20050105013403/http://img130.exs.cx:80/img130/1412/after107.png,https://web.archive.org/web/20050124004816/http://www.runehq.com:80/RHQInn/index.php?showtopic=45188,257604,0480ed4891098d77d82994ef7454e83633b24f50,,
2004/November-26-2004-before107-img130.exs.cx.png,official game: screenshot (RuneScape 2),RS2 screenshot posted to a 2004-05 fansite forum thread; found by the 2001-2005 fansite re-screen,,,2004-11-26,20050118020343,http://img130.exs.cx:80/img130/6125/before107.png,https://web.archive.org/web/20050118020343/http://img130.exs.cx:80/img130/6125/before107.png,,230960,fbc1ccf78262d3625b04aef9ba09bf592a75dffa,,
2004/November-26-2004-gilded-img124.exs.cx.jpg,official game: screenshot (RuneScape 2),"RS2 client screenshot. Posted in the forum thread ""RuneHQ -> Gilded Armor"".",,,2004-11-26,20050118011948,http://img124.exs.cx:80/img124/3413/gilded.jpg,https://web.archive.org/web/20050118011948/http://img124.exs.cx:80/img124/3413/gilded.jpg,https://web.archive.org/web/20050124004811/http://www.runehq.com:80/RHQInn/index.php?showtopic=45180,142252,7e7c568dca4e3e7f77e4cfe582994122b36f06ba,,
2004/November-26-2004-nuolen-koti.mbnet.fi.jpg,official game: screenshot (RuneScape 2),RS2 client screenshot from koti.mbnet.fi.,,,2004-11-26,20050121012509,http://koti.mbnet.fi:80/kuukke/data/Nuolen.JPG,https://web.archive.org/web/20050121012509/http://koti.mbnet.fi:80/kuukke/data/Nuolen.JPG,,112463,5e9e2b1dcb7683c3a24b576e467312295c464778,,
2004/November-26-2004-reyonyonp-img118.exs.cx.jpg,official game: screenshot (RuneScape 2),RS2 screenshot posted to a 2004-05 fansite forum thread; found by the 2001-2005 fansite re-screen,,,2004-11-26,20050105005324,http://img118.exs.cx:80/img118/7427/reyonyonP.jpg,https://web.archive.org/web/20050105005324/http://img118.exs.cx:80/img118/7427/reyonyonP.jpg,,105017,373a0a684ee1aa07785eca51586ade0d1676d30f,,
2004/November-27-2004-63-smithing-ro0ni-koti.mbnet.fi.png,official game: screenshot (RuneScape 2),RS2 client screenshot from koti.mbnet.fi.,,,2004-11-27,20050113055319,http://koti.mbnet.fi:80/kuukke/data/63%20smithing%20%5bro0ni%5d.PNG,https://web.archive.org/web/20050113055319/http://koti.mbnet.fi:80/kuukke/data/63%20smithing%20%5bro0ni%5d.PNG,,137892,88a59b3d5795d39ac05190cbedde16fa3a71abb3,,
2004/November-27-2004-magic-71-ro0ni-koti.mbnet.fi.png,official game: screenshot (RuneScape 2),RS2 client screenshot from koti.mbnet.fi.,,,2004-11-27,20050128143829,http://koti.mbnet.fi:80/kuukke/data/Magic%2071%20%5bro0ni%5d.PNG,https://web.archive.org/web/20050128143829/http://koti.mbnet.fi:80/kuukke/data/Magic%2071%20%5bro0ni%5d.PNG,,148490,9daa8d6d9ce8adae9f2396e16045c035078c3a09,,
2004/November-27-2004-nuolen3-koti.mbnet.fi.jpg,official game: screenshot (RuneScape 2),RS2 client screenshot from koti.mbnet.fi.,,,2004-11-27,20050121012838,http://koti.mbnet.fi:80/kuukke/data/Nuolen3.JPG,https://web.archive.org/web/20050121012838/http://koti.mbnet.fi:80/kuukke/data/Nuolen3.JPG,,80629,44d4245758f6040273bc34f3cf1b236d246916f6,,
2004/November-27-2004-truevarrocwildu-koti.mbnet.fi.png,official game: screenshot (RuneScape 2),RS2 client screenshot from koti.mbnet.fi.,,,2004-11-27,20050122210939,http://koti.mbnet.fi:80/kuukke/data/truevarrocwildu.PNG,https://web.archive.org/web/20050122210939/http://koti.mbnet.fi:80/kuukke/data/truevarrocwildu.PNG,,168948,448bee561709a5b263ddb569e086c95d95352f89,,
2004/November-28-2004-ibbwar2-screenshot-img.photobucket.com.png,official game: screenshot (RuneScape 2),RuneScape client screenshot (uploaded as ibbwar2.png).,,,2004-11-28,20050118094313,http://img.photobucket.com:80/albums/v293/SGViper03/war/ibbwar2.png,https://web.archive.org/web/20050118094313/http://img.photobucket.com:80/albums/v293/SGViper03/war/ibbwar2.png,,187956,170a2fdbbe078561e61f7c045b176e416cfc2452,,
2004/November-28-2004-pro-einari-koti.mbnet.fi.jpg,official game: screenshot (RuneScape 2),RS2 client screenshot from koti.mbnet.fi.,,,2004-11-28,20041209143825,http://koti.mbnet.fi:80/tarpuqqa/pro%20einari.JPG,https://web.archive.org/web/20041209143825/http://koti.mbnet.fi:80/tarpuqqa/pro%20einari.JPG,,67408,4e3d0c4d509d0465214c8b9d4fad1f2c63f71f56,,
2004/November-28-2004-tempest7-screenshot-img.photobucket.com.png,official game: screenshot (RuneScape 2),RuneScape client screenshot (uploaded as tempest7.png).,,,2004-11-28,20050118105504,http://img.photobucket.com:80/albums/v293/SGViper03/war/tempest7.png,https://web.archive.org/web/20050118105504/http://img.photobucket.com:80/albums/v293/SGViper03/war/tempest7.png,,167570,47356bfe7e62d220a5148a2956265cc1bebd0f77,,
2004/November-29-2004-75w-c-koti.mbnet.fi.png,official game: screenshot (RuneScape 2),RS2 client screenshot from koti.mbnet.fi.,,,2004-11-29,20041217041405,http://koti.mbnet.fi:80/kuukke/data/75w%20c.PNG,https://web.archive.org/web/20041217041405/http://koti.mbnet.fi:80/kuukke/data/75w%20c.PNG,,184393,131a2e0c4b4496f470e0918ba221f41e9283dff0,,
2004/November-29-2004-nuolen4-koti.mbnet.fi.jpg,official game: screenshot (RuneScape 2),RS2 client screenshot from koti.mbnet.fi.,,,2004-11-29,20050113045924,http://koti.mbnet.fi:80/kuukke/data/Nuolen4.JPG,https://web.archive.org/web/20050113045924/http://koti.mbnet.fi:80/kuukke/data/Nuolen4.JPG,,81549,6c7017ea92ffbc34e4699045b51b057f54a705b8,,
2004/November-3-2004-398-img15.exs.cx.png,official game: screenshot (RuneScape 2),RS2 screenshot posted to a 2004-05 fansite forum thread; found by the 2001-2005 fansite re-screen,,,2004-11-03,20050721082539,http://img15.exs.cx/img15/4958/398.png,https://web.archive.org/web/20050721082539/http://img15.exs.cx/img15/4958/398.png,,181967,31371d75b9132228b9420f22fbc80ca8bf8270f6,,
2004/November-3-2004-attack-60-woot-koti.mbnet.fi.jpg,official game: screenshot (RuneScape 2),RS2 client screenshot from koti.mbnet.fi.,,,2004-11-03,20050128142304,http://koti.mbnet.fi:80/kuukke/data/ATTACK%2060%20WOOT.JPG,https://web.archive.org/web/20050128142304/http://koti.mbnet.fi:80/kuukke/data/ATTACK%2060%20WOOT.JPG,,71801,61e621f6a854e3531cba2b12a1eca0b2d8605567,,
2004/November-3-2004-bdwar2-img23.exs.cx.png,official game: screenshot (RuneScape 2),RS2 client screenshot from img23.exs.cx. Embedded in: RuneHQ -> {clan|fear} :: 75+ Combat :: 200+ Members :: Join! (https://web.archive.org/web/20041222100811/http://www.runehq.com:80/RHQInn/index.php?showtopic=51199).,,,2004-11-03,20070216044245,http://img23.exs.cx/img23/6108/bdwar2.png,https://web.archive.org/web/20070216044245/http://img23.exs.cx/img23/6108/bdwar2.png,,141526,4147fbc07d41303af8559a1042fc49b093343c7f,,
2004/November-4-2004-100c0mbat-koti.mbnet.fi.jpg,official game: screenshot (RuneScape 2),RS2 client screenshot from koti.mbnet.fi.,,,2004-11-04,20050125043504,http://koti.mbnet.fi:80/kuukke/data/100c0mbat!.JPG,https://web.archive.org/web/20050125043504/http://koti.mbnet.fi:80/kuukke/data/100c0mbat!.JPG,,75148,b4268b06a59248f528287295c455237ac6cd8c3d,,
2004/November-4-2004-clue-img123.exs.cx.png,official game: screenshot (RuneScape 2),RS2 screenshot posted to a 2004-05 fansite forum thread; found by the 2001-2005 fansite re-screen,,,2004-11-04,20050118074817,http://img123.exs.cx:80/img123/5239/Clue.png,https://web.archive.org/web/20050118074817/http://img123.exs.cx:80/img123/5239/Clue.png,,169574,a8b674b2b16cc795183ef6793141c3ca32348874,,
2004/November-4-2004-wildy-tappo-koti.mbnet.fi.jpg,official game: screenshot (RuneScape 2),RS2 client screenshot from koti.mbnet.fi.,,,2004-11-04,20041122142929,http://koti.mbnet.fi:80/kuukke/data/%23WILDY_TAPPO%23.JPG,https://web.archive.org/web/20041122142929/http://koti.mbnet.fi:80/kuukke/data/%23WILDY_TAPPO%23.JPG,,80696,2b371b04ec6ad57812d493c8374a100a202b009e,,
2004/November-5-2004-maastakivasaalis-koti.mbnet.fi.jpg,official game: screenshot (RuneScape 2),RS2 client screenshot from koti.mbnet.fi.,,,2004-11-05,20050122211147,http://koti.mbnet.fi:80/kuukke/data/maastakivasaalis.JPG,https://web.archive.org/web/20050122211147/http://koti.mbnet.fi:80/kuukke/data/maastakivasaalis.JPG,,70722,aff1b09743f4e1fbb9c45a2120b48edd85bad5c4,,
2004/November-5-2004-tarinanavetta-koti.mbnet.fi.jpg,official game: screenshot (RuneScape 2),RS2 client screenshot from koti.mbnet.fi.,,,2004-11-05,20041130225239,http://koti.mbnet.fi:80/kuukke/data/tarinanavetta.JPG,https://web.archive.org/web/20041130225239/http://koti.mbnet.fi:80/kuukke/data/tarinanavetta.JPG,,66557,c1f460e7ede20de9bba53bab1c9276c721a5c759,,
2004/November-6-2004-99stre-koti.mbnet.fi.jpg,official game: screenshot (RuneScape 2),RS2 client screenshot from koti.mbnet.fi.,,,2004-11-06,20041129041956,http://koti.mbnet.fi:80/kuukke/data/99stre!.JPG,https://web.archive.org/web/20041129041956/http://koti.mbnet.fi:80/kuukke/data/99stre!.JPG,,94034,af6d7c767e4a7ea99e355457079984b0cac8b60f,,
2004/November-6-2004-album-pic-runehq.net.php-pic-id-5155-amp.jpg,official game: screenshot (RuneScape 2),RS2 client screenshot from a 2004-05 fansite page (www.runehq.net:80); found by the 2001-2005 fansite re-screen,,,2004-11-06,20041106232950,http://www.runehq.net:80/RHQInn/album_pic.php?pic_id=5155&amp,https://web.archive.org/web/20041106232950/http://www.runehq.net:80/RHQInn/album_pic.php?pic_id=5155&amp,,88513,871dfa52a6c0de8da1b701be3bd0dfafac02c7bb,,
2004/November-6-2004-eka-rune-koti.mbnet.fi.jpg,official game: screenshot (RuneScape 2),RS2 client screenshot from koti.mbnet.fi.,,,2004-11-06,20041122140507,http://koti.mbnet.fi:80/kuukke/data/eka%20rune.JPG,https://web.archive.org/web/20041122140507/http://koti.mbnet.fi:80/kuukke/data/eka%20rune.JPG,,141017,a2c8f7dc4bf51038698799264d9e23c15058dea8,,
2004/November-6-2004-fysiikka-koti.mbnet.fi.jpg,official game: screenshot (RuneScape 2),RS2 client screenshot from koti.mbnet.fi.,,,2004-11-06,20041122135821,http://koti.mbnet.fi:80/kuukke/data/fysiikka.JPG,https://web.archive.org/web/20041122135821/http://koti.mbnet.fi:80/kuukke/data/fysiikka.JPG,,129619,dca566146ff0daad8ecfa21659f742477aa6e57b,,
2004/November-6-2004-kodlazyk-frelont-server3.uploadit.org.jpg,official game: screenshot (RuneScape 2),RS2 client screenshot from server3.uploadit.org.,,,2004-11-06,20050116232848,http://server3.uploadit.org:80/files/KoDLazyK-frelont.JPG,https://web.archive.org/web/20050116232848/http://server3.uploadit.org:80/files/KoDLazyK-frelont.JPG,,80003,f5bde585ea80833f882f0011a690f0f77556c227,,
2004/November-6-2004-kodlazyk-lynis777-server3.uploadit.org.jpg,official game: screenshot (RuneScape 2),RS2 client screenshot from server3.uploadit.org.,,,2004-11-06,20050116232549,http://server3.uploadit.org:80/files/KoDLazyK-lynis777.JPG,https://web.archive.org/web/20050116232549/http://server3.uploadit.org:80/files/KoDLazyK-lynis777.JPG,,43815,dd5a95a2b6f40d46de90e8629103ed5c0afc2e5a,,
2004/November-6-2004-kodlazyk-master194417-server3.uploadit.org.jpg,official game: screenshot (RuneScape 2),RS2 client screenshot from server3.uploadit.org.,,,2004-11-06,20050116232628,http://server3.uploadit.org:80/files/KoDLazyK-master194417.JPG,https://web.archive.org/web/20050116232628/http://server3.uploadit.org:80/files/KoDLazyK-master194417.JPG,,83120,9582867e6c9e7ff1da96bda72a15e4f2a8577c5f,,
2004/November-6-2004-kodlazyk-more-coal-server3.uploadit.org.jpg,official game: screenshot (RuneScape 2),RS2 client screenshot from server3.uploadit.org.,,,2004-11-06,20050116232616,http://server3.uploadit.org:80/files/KoDLazyK-more_coal.JPG,https://web.archive.org/web/20050116232616/http://server3.uploadit.org:80/files/KoDLazyK-more_coal.JPG,,62832,33d532f09f0ddecd8e4a4959d492557994d6e968,,
2004/November-6-2004-kodlazyk-x-files-war-server3.uploadit.org.jpg,official game: screenshot (RuneScape 2),RS2 client screenshot from server3.uploadit.org.,,,2004-11-06,20050116232528,http://server3.uploadit.org:80/files/KoDLazyK-x_files_war.JPG,https://web.archive.org/web/20050116232528/http://server3.uploadit.org:80/files/KoDLazyK-x_files_war.JPG,,45129,d1590c9e95a81b90ac464893a718095c58097a85,,
2004/November-6-2004-kodlazyk-x-shogun-x-server3.uploadit.org.jpg,official game: screenshot (RuneScape 2),RS2 client screenshot from server3.uploadit.org.,,,2004-11-06,20050116232704,http://server3.uploadit.org:80/files/KoDLazyK-x_shogun_x.JPG,https://web.archive.org/web/20050116232704/http://server3.uploadit.org:80/files/KoDLazyK-x_shogun_x.JPG,,41064,2efee76795f79e4fc5ba908002da7fcf82c2643a,,
2004/November-6-2004-matrix1-img125.exs.cx.jpg,official game: screenshot (RuneScape 2),"RS2 client screenshot. Posted in the forum thread ""RuneHQ -> Funny Screenshots"".",,,2004-11-06,20050105000535,http://img125.exs.cx:80/img125/2313/matrix1.jpg,https://web.archive.org/web/20050105000535/http://img125.exs.cx:80/img125/2313/matrix1.jpg,https://web.archive.org/web/20050122232331/http://www.runehq.com:80/RHQInn/index.php?showtopic=48737,7787,077c3fa7ad541070874b8f8513a30b509dbd4b57,,
2004/November-6-2004-noobsboo-koti.mbnet.fi.jpg,official game: screenshot (RuneScape 2),RS2 client screenshot from koti.mbnet.fi.,,,2004-11-06,20050121013543,http://koti.mbnet.fi:80/kuukke/data/noobsboo.JPG,https://web.archive.org/web/20050121013543/http://koti.mbnet.fi:80/kuukke/data/noobsboo.JPG,,93380,8f73b8e4ec4960eff9c6668b2a8fcb4d992b768c,,
2004/November-6-2004-pk-drop-koti.mbnet.fi.jpg,official game: screenshot (RuneScape 2),RS2 client screenshot from koti.mbnet.fi.,,,2004-11-06,20041127081526,http://koti.mbnet.fi:80/kuukke/data/pk_drop.JPG,https://web.archive.org/web/20041127081526/http://koti.mbnet.fi:80/kuukke/data/pk_drop.JPG,,56946,f6036034c82b3943590ac59d5492531c9ee1a22e,,
2004/November-7-2004-album-pic-runehq.net.php-pic-id-5191-amp.jpg,official game: screenshot (RuneScape 2),RS2 client screenshot from a 2004-05 fansite page (www.runehq.net:80); found by the 2001-2005 fansite re-screen,,,2004-11-07,20041107023344,http://www.runehq.net:80/RHQInn/album_pic.php?pic_id=5191&amp,https://web.archive.org/web/20041107023344/http://www.runehq.net:80/RHQInn/album_pic.php?pic_id=5191&amp,,90663,e93f942a97c5c2bdd448d32e23d76903aea463ba,,
2004/November-7-2004-breakit-skimmykill-server3.uploadit.org.jpg,official game: screenshot (RuneScape 2),RS2 client screenshot from server3.uploadit.org.,,,2004-11-07,20050101021609,http://server3.uploadit.org:80/files/BreakIt-skimmykill.JPG,https://web.archive.org/web/20050101021609/http://server3.uploadit.org:80/files/BreakIt-skimmykill.JPG,,93049,dc4f44157bd55bdb51f251636f849e3cd2d1734c,,
2004/November-7-2004-dannybelda-lvl333killed-server3.uploadit.org.jpg,official game: screenshot (RuneScape 2),RS2 client screenshot from server3.uploadit.org.,,,2004-11-07,20050104203138,http://server3.uploadit.org:80/files/Dannybelda-lvl333killed.JPG,https://web.archive.org/web/20050104203138/http://server3.uploadit.org:80/files/Dannybelda-lvl333killed.JPG,,73480,a6fe93a59352633f62932f021375a0b787406ba8,,
2004/November-7-2004-fishing-runescape.ru.png,official game: screenshot (RuneScape 2),"RS2 client screenshot from runescape.ru. Embedded in: ������� Runescape.Ru: ������� �� ��������, ����� ������� ���� (https://web.archive.org/web/20041112110315/http://runescape.ru:80/gallery/displayimage.php?pid=22&fullsize=1).",,,2004-11-07,20041115041902,http://runescape.ru:80/gallery/albums/userpics/10001/fishing.png,https://web.archive.org/web/20041115041902/http://runescape.ru:80/gallery/albums/userpics/10001/fishing.png,,154415,77ed646c30b8cdb2ab05ec442361ccb539058d5f,,
2004/November-8-2004-99-fletching-koti.mbnet.fi.jpg,official game: screenshot (RuneScape 2),RS2 client screenshot from koti.mbnet.fi.,,,2004-11-08,20041206000647,http://koti.mbnet.fi:80/tarpuqqa/Stats/99%20fletching.JPG,https://web.archive.org/web/20041206000647/http://koti.mbnet.fi:80/tarpuqqa/Stats/99%20fletching.JPG,,86062,b6cd51db77d98dc88ef43cca21cafeb3c2501140,,
2004/November-8-2004-99-fletching-nfs-koti.mbnet.fi.jpg,official game: screenshot (RuneScape 2),RS2 client screenshot from koti.mbnet.fi.,,,2004-11-08,20041205133627,http://koti.mbnet.fi:80/tarpuqqa/99%20fletching%20NFS.JPG,https://web.archive.org/web/20041205133627/http://koti.mbnet.fi:80/tarpuqqa/99%20fletching%20NFS.JPG,,87849,7bf651591c555a894dd9b441d842de4409219fda,,
2004/November-8-2004-hrkaollistats8112004-koti.mbnet.fi.jpg,official game: screenshot (RuneScape 2),RS2 client screenshot from koti.mbnet.fi.,,,2004-11-08,20041122143543,http://koti.mbnet.fi:80/kuukke/data/hrkaollistats8112004.JPG,https://web.archive.org/web/20041122143543/http://koti.mbnet.fi:80/kuukke/data/hrkaollistats8112004.JPG,,93766,cf79bfd0a1b67757663d6d8a4768efdf15298ad9,,
2004/November-9-2004-4-gamerzparadise.biz.jpg,official game: screenshot (RuneScape 2),RS2 client screenshot from a 2004-05 fansite page (www.gamerzparadise.biz:80); found by the 2001-2005 fansite re-screen,,,2004-11-09,20041113132737,http://www.gamerzparadise.biz:80/RunescapeHelp/Funny_Pictures/4.jpg,https://web.archive.org/web/20041113132737/http://www.gamerzparadise.biz:80/RunescapeHelp/Funny_Pictures/4.jpg,,384761,e9fcd3c69744bb2f42cc91049ab6bc9c63cc84a4,,
2004/November-9-2004-6-gamerzparadise.biz.jpg,official game: screenshot (RuneScape 2),RS2 client screenshot from a 2004-05 fansite page (www.gamerzparadise.biz:80); found by the 2001-2005 fansite re-screen,,,2004-11-09,20041113142040,http://www.gamerzparadise.biz:80/RunescapeHelp/Funny_Pictures/6.jpg,https://web.archive.org/web/20041113142040/http://www.gamerzparadise.biz:80/RunescapeHelp/Funny_Pictures/6.jpg,,355719,cbc0962c61012c984f498e8357ccfd03f6e9e8f2,,
2004/November-9-2004-a-244-runecrypt.com.png,official game: screenshot (RuneScape 2),RS2 client screenshot from a 2004-05 fansite page (www.runecrypt.com:80); found by the 2001-2005 fansite re-screen,,,2004-11-09,20041220111421,http://www.runecrypt.com:80/mkportal/modules/gallery/album/a_244.png,https://web.archive.org/web/20041220111421/http://www.runecrypt.com:80/mkportal/modules/gallery/album/a_244.png,,184861,e10d112144feb59f56b4d3b351fc4b33ed6f328b,,
2004/November-9-2004-runescape-nothin-interestin-picsplace.to.png,official game: screenshot (RuneScape 2),RS2 client screenshot.,,,2004-11-09,20050106213247,http://www.picsplace.to/044631/runescape_nothin_interestin.PNG,https://web.archive.org/web/20050106213247/http://www.picsplace.to/044631/runescape_nothin_interestin.PNG,,165505,9739856ebb713a2fedb8692ea75f7d2bc2f60258,,
2004/November-9-2004-tar-ownake-koti.mbnet.fi.jpg,official game: screenshot (RuneScape 2),RS2 client screenshot from koti.mbnet.fi.,,,2004-11-09,20041209130917,http://koti.mbnet.fi:80/tarpuqqa/Tar%20ownake.JPG,https://web.archive.org/web/20041209130917/http://koti.mbnet.fi:80/tarpuqqa/Tar%20ownake.JPG,,54919,d43e2bbaa298953d4500bbef4520f67e23360895,,
2004/November-9-2004-tt1-img.photobucket.com.png,official game: screenshot (RuneScape 2),"RS2 client screenshot. Posted in the forum thread ""RuneScape Community -> The Tourist Trap"".",,,2004-11-09,20060215230504,http://img.photobucket.com/albums/v72/me9alomaniac/tt1.png,https://web.archive.org/web/20060215230504/http://img.photobucket.com/albums/v72/me9alomaniac/tt1.png,https://web.archive.org/web/20050313092509/http://www.runescapecommunity.com:80/index.php?showtopic=209375,95339,5ce642dda38cdd67fd4efa2e99f7b61ff2bad26f,,
2004/November-9-2004-tt2-img.photobucket.com.png,official game: screenshot (RuneScape 2),"RS2 client screenshot. Posted in the forum thread ""RuneScape Community -> The Tourist Trap"".",,,2004-11-09,20060215230510,http://img.photobucket.com/albums/v72/me9alomaniac/tt2.png,https://web.archive.org/web/20060215230510/http://img.photobucket.com/albums/v72/me9alomaniac/tt2.png,https://web.archive.org/web/20050313092509/http://www.runescapecommunity.com:80/index.php?showtopic=209375,67340,15e31b5f6f21d1521900978bc48bd82a1d0d2fcb,,
2004/November-9-2004-tt3-img.photobucket.com.png,official game: screenshot (RuneScape 2),"RS2 client screenshot. Posted in the forum thread ""RuneScape Community -> The Tourist Trap"".",,,2004-11-09,20060215230516,http://img.photobucket.com/albums/v72/me9alomaniac/tt3.png,https://web.archive.org/web/20060215230516/http://img.photobucket.com/albums/v72/me9alomaniac/tt3.png,https://web.archive.org/web/20050313092509/http://www.runescapecommunity.com:80/index.php?showtopic=209375,64490,d9cae019152b593c7fb026525147bb6636fdeda1,,
2004/November-9-2004-tt4-img.photobucket.com.png,official game: screenshot (RuneScape 2),"RS2 client screenshot. Posted in the forum thread ""RuneScape Community -> The Tourist Trap"".",,,2004-11-09,20060215230522,http://img.photobucket.com/albums/v72/me9alomaniac/tt4.png,https://web.archive.org/web/20060215230522/http://img.photobucket.com/albums/v72/me9alomaniac/tt4.png,https://web.archive.org/web/20050313092509/http://www.runescapecommunity.com:80/index.php?showtopic=209375,67813,9c2655fc3683b98d8519c13dcd4e6b466d5c50c5,,
2004/November-9-2004-tt5-img.photobucket.com.png,official game: screenshot (RuneScape 2),"RS2 client screenshot. Posted in the forum thread ""RuneScape Community -> The Tourist Trap"".",,,2004-11-09,20060215230529,http://img.photobucket.com/albums/v72/me9alomaniac/tt5.png,https://web.archive.org/web/20060215230529/http://img.photobucket.com/albums/v72/me9alomaniac/tt5.png,https://web.archive.org/web/20050313092509/http://www.runescapecommunity.com:80/index.php?showtopic=209375,68843,ad4c4407a89a36e98f6fd94b882f16ad50d4804b,,
2004/October-10-2004-100k-xanroar.users.whitehat.dk.png,official game: screenshot (RuneScape 2),RS2 client screenshot from xanroar.users.whitehat.dk. Embedded in: Runescape Community -> 100k In Cash Kill On My Mage. (https://web.archive.org/web/20041030222710/http://www.runescapecommunity.com:80/index.php?showtopic=194781).,,,2004-10-10,20041031110407,http://xanroar.users.whitehat.dk/100k.PNG,https://web.archive.org/web/20041031110407/http://xanroar.users.whitehat.dk/100k.PNG,,138703,ccfdca7a3ac44ab09656d5f14d55148c1f036a65,,
2004/October-10-2004-jesekap2ptappo-koti.mbnet.fi.jpg,official game: screenshot (RuneScape 2),RS2 client screenshot from koti.mbnet.fi.,,,2004-10-10,20041030113834,http://koti.mbnet.fi:80/kuukke/data/jesekap2ptappo.JPG,https://web.archive.org/web/20041030113834/http://koti.mbnet.fi:80/kuukke/data/jesekap2ptappo.JPG,,78641,5cb2e21732a2475b63e4da0b08bb8bcc7540aa6d,,
2004/October-10-2004-trueownage-p-o-w-n-e-d-dark2k1.com.png,official game: screenshot (RuneScape 2),RS2 client screenshot from dark2k1.com. Embedded in: Runescape Community -> Trueownage P O W N E D (https://web.archive.org/web/20041030073331/http://www.runescapecommunity.com:80/index.php?showtopic=194536).,,,2004-10-10,20041109215348,http://dark2k1.com/modules/gallery/images///Runescape/trueownage%20P%20O%20W%20N%20E%20D.PNG,https://web.archive.org/web/20041109215348/http://dark2k1.com/modules/gallery/images///Runescape/trueownage%20P%20O%20W%20N%20E%20D.PNG,,290939,4450b2ac87205efcc804b7fbaef865b530ead6e8,,
2004/October-11-2004-runeminer-owned-solo-koti.mbnet.fi.png,official game: screenshot (RuneScape 2),RS2 client screenshot from koti.mbnet.fi.,,,2004-10-11,20050129233206,http://koti.mbnet.fi:80/kuukke/data/Runeminer_owned_solo.PNG,https://web.archive.org/web/20050129233206/http://koti.mbnet.fi:80/kuukke/data/Runeminer_owned_solo.PNG,,140972,499b7b39c75d209b1ea7dffd9c51b889479a8db9,,
2004/October-11-2004-witukkadapro-koti.mbnet.fi.png,official game: screenshot (RuneScape 2),RS2 client screenshot from koti.mbnet.fi.,,,2004-10-11,20050113052126,http://koti.mbnet.fi:80/kuukke/data/WitukkaDapro.PNG,https://web.archive.org/web/20050113052126/http://koti.mbnet.fi:80/kuukke/data/WitukkaDapro.PNG,,122735,177a1aadf6b4ee1d559ab70aec702ab760d2ea23,,
2004/October-12-2004-wootmikaclue-koti.mbnet.fi.jpg,official game: screenshot (RuneScape 2),RS2 client screenshot from koti.mbnet.fi.,,,2004-10-12,20041127201843,http://koti.mbnet.fi:80/kuukke/data/wootmikaclue.JPG,https://web.archive.org/web/20041127201843/http://koti.mbnet.fi:80/kuukke/data/wootmikaclue.JPG,,73752,18f253ad9e3037b243217cfde9b509ead4e37310,,
2004/October-13-2004-untitled704-img33.exs.cx.jpg,official game: screenshot (RuneScape 2),RS2 screenshot posted to a 2004-05 fansite forum thread; found by the 2001-2005 fansite re-screen,,,2004-10-13,20050131160203,http://img33.exs.cx:80/img33/9227/untitled704.jpg,https://web.archive.org/web/20050131160203/http://img33.exs.cx:80/img33/9227/untitled704.jpg,,122258,c9ad5becce3e2884d8aa046c34a57e09123b1697,,
2004/October-14-2004-hippie4-img22.exs.cx.jpg,official game: screenshot (RuneScape 2),"RS2 client screenshot. Posted in the forum thread ""Runescape Bits & Bytes :: View topic - tree hugger!!!!"".",,,2004-10-14,20050121060119,http://img22.exs.cx:80/img22/2892/hippie4.jpg,https://web.archive.org/web/20050121060119/http://img22.exs.cx:80/img22/2892/hippie4.jpg,https://web.archive.org/web/20050118035744/http://www.rsbandb.com:80/forums/viewtopic.php?t=232&amp,33156,239b7f29942546142e4f59586d6fc24e013a920d,,
2004/October-15-2004-king-black-dragon-lair-img.villagephotos.com.jpg,official game: screenshot (RuneScape 2),"Client screenshot in the King Black Dragon lair (file name kbd), same album.",,,2004-10-15,20050113204229,http://img.villagephotos.com:80/p/2004-9/828071/kbd.JPG,https://web.archive.org/web/20050113204229/http://img.villagephotos.com:80/p/2004-9/828071/kbd.JPG,,31314,c3fcfd1efac2da85e1a6094afe42701837c85d5e,,
2004/October-16-2004-80range-koti.mbnet.fi.jpg,official game: screenshot (RuneScape 2),RS2 client screenshot from koti.mbnet.fi.,,,2004-10-16,20050125043037,http://koti.mbnet.fi:80/kuukke/data/80range.JPG,https://web.archive.org/web/20050125043037/http://koti.mbnet.fi:80/kuukke/data/80range.JPG,,62977,2f248292bd6008bda27ebec6c6f9d18e279e8a16,,
2004/October-16-2004-omfg-runners-koti.mbnet.fi.png,official game: screenshot (RuneScape 2),RS2 client screenshot from koti.mbnet.fi.,,,2004-10-16,20041122141959,http://koti.mbnet.fi:80/kuukke/data/Omfg%20runners.PNG,https://web.archive.org/web/20041122141959/http://koti.mbnet.fi:80/kuukke/data/Omfg%20runners.PNG,,165320,5c33d1bd499c0e1bdcf8b637b95654599263086f,,
2004/October-16-2004-total-800-koti.mbnet.fi.jpg,official game: screenshot (RuneScape 2),RS2 client screenshot from koti.mbnet.fi.,,,2004-10-16,20050121014723,http://koti.mbnet.fi:80/kuukke/data/Total%20800.JPG,https://web.archive.org/web/20050121014723/http://koti.mbnet.fi:80/kuukke/data/Total%20800.JPG,,69155,c2cb94706e2fff78c544982a634ab1b1619bc0ba,,
2004/October-17-2004-dragonhalberd-koti.mbnet.fi.png,official game: screenshot (RuneScape 2),RS2 client screenshot from koti.mbnet.fi.,,,2004-10-17,20041122141609,http://koti.mbnet.fi:80/kuukke/data/dragonhalberd.PNG,https://web.archive.org/web/20041122141609/http://koti.mbnet.fi:80/kuukke/data/dragonhalberd.PNG,,107718,e824fcaa95cc97522e8dfff91a427d8a01a3a5ca,,
2004/October-17-2004-herblaw-70-koti.mbnet.fi.jpg,official game: screenshot (RuneScape 2),RS2 client screenshot from koti.mbnet.fi.,,,2004-10-17,20041210150200,http://koti.mbnet.fi:80/tarpuqqa/Stats/Tasalevut/herblaw%2070.JPG,https://web.archive.org/web/20041210150200/http://koti.mbnet.fi:80/tarpuqqa/Stats/Tasalevut/herblaw%2070.JPG,,95896,e49f5b92e0b1230c286ee08e7739ec3ad3cc41a1,,
2004/October-17-2004-sota2-koti.mbnet.fi.png,official game: screenshot (RuneScape 2),RS2 client screenshot from koti.mbnet.fi.,,,2004-10-17,20050123081821,http://koti.mbnet.fi:80/kuukke/data/Sota2.PNG,https://web.archive.org/web/20050123081821/http://koti.mbnet.fi:80/kuukke/data/Sota2.PNG,,121443,849f93a4de36d15a69a9fa8919c24a15a28ebb55,,
2004/October-17-2004-zezima-edge-koti.mbnet.fi.jpg,official game: screenshot (RuneScape 2),RS2 client screenshot from koti.mbnet.fi.,,,2004-10-17,20041030113618,http://koti.mbnet.fi:80/kuukke/data/Zezima_edge.JPG,https://web.archive.org/web/20041030113618/http://koti.mbnet.fi:80/kuukke/data/Zezima_edge.JPG,,129073,dcfaf2d14b00ffa55d646f43b54c31d4165d50cb,,
2004/October-18-2004-dimmuagain-koti.mbnet.fi.png,official game: screenshot (RuneScape 2),RS2 client screenshot from koti.mbnet.fi.,,,2004-10-18,20050131231937,http://koti.mbnet.fi:80/kuukke/data/dimmuagain.PNG,https://web.archive.org/web/20050131231937/http://koti.mbnet.fi:80/kuukke/data/dimmuagain.PNG,,138565,3d067e007e23d7d736787524062ad27fd423ede9,,
2004/October-18-2004-f2p-900-koti.mbnet.fi.jpg,official game: screenshot (RuneScape 2),RS2 client screenshot from koti.mbnet.fi.,,,2004-10-18,20041030113337,http://koti.mbnet.fi:80/kuukke/data/f2p%20900.JPG,https://web.archive.org/web/20041030113337/http://koti.mbnet.fi:80/kuukke/data/f2p%20900.JPG,,91660,1da155cd9ec79092db37ef089bd266c36b7e5e96,,
2004/October-18-2004-gay-armour-s03.imagehost.org.jpg,official game: screenshot (RuneScape 2),RS2 client screenshot.,,,2004-10-18,20070822005418,http://s03.imagehost.org/0028/gay_armour.JPG,https://web.archive.org/web/20070822005418/http://s03.imagehost.org/0028/gay_armour.JPG,,6077,be766bf31d76f775e76dff59bfb3750d3c975f08,,
2004/October-18-2004-lvl-87-koti.mbnet.fi.png,official game: screenshot (RuneScape 2),RS2 client screenshot from koti.mbnet.fi.,,,2004-10-18,20050128135205,http://koti.mbnet.fi:80/kuukke/data/lvl%2087.PNG,https://web.archive.org/web/20050128135205/http://koti.mbnet.fi:80/kuukke/data/lvl%2087.PNG,,173822,8049eedb0543323dac53f2ac05cfd9a97e7661cd,,
2004/October-2-2004-boonpretkiryhmakuva-koti.mbnet.fi.jpg,official game: screenshot (RuneScape 2),RS2 client screenshot from koti.mbnet.fi.,,,2004-10-02,20041128044555,http://koti.mbnet.fi:80/kuukke/data/!boonpretkiryhmakuva.JPG,https://web.archive.org/web/20041128044555/http://koti.mbnet.fi:80/kuukke/data/!boonpretkiryhmakuva.JPG,,44726,07055b44621f2adcaa26bf6832aaff18da8365d6,,
2004/October-2-2004-ilikerunescape-img7.exs.cx.png,official game: screenshot (RuneScape 2),RS2 screenshot posted to a 2004-05 fansite forum thread; found by the 2001-2005 fansite re-screen,,,2004-10-02,20051225133340,http://img7.exs.cx:80/img7/161/ilikerunescape.png,https://web.archive.org/web/20051225133340/http://img7.exs.cx:80/img7/161/ilikerunescape.png,,157200,b41c6a56538835c68d089c532987f25a40705741,,
2004/October-2-2004-lvl-83-koti.mbnet.fi.png,official game: screenshot (RuneScape 2),RS2 client screenshot from koti.mbnet.fi.,,,2004-10-02,20050113050558,http://koti.mbnet.fi:80/kuukke/data/lvl%2083.PNG,https://web.archive.org/web/20050113050558/http://koti.mbnet.fi:80/kuukke/data/lvl%2083.PNG,,158991,6d47f1ab51498650701f607b26aa76058261d523,,
2004/October-20-2004-bbbbest-riku-is-dead-koti.mbnet.fi.jpg,official game: screenshot (RuneScape 2),RS2 client screenshot from koti.mbnet.fi.,,,2004-10-20,20050122212919,http://koti.mbnet.fi:80/kuukke/data/BBBBest%20Riku%20is%20dead.JPG,https://web.archive.org/web/20050122212919/http://koti.mbnet.fi:80/kuukke/data/BBBBest%20Riku%20is%20dead.JPG,,41792,2fdebe9c2bab8031a6d2be525770106e3f55bc4e,,
2004/October-21-2004-a-jooooo-a-koti.mbnet.fi.jpg,official game: screenshot (RuneScape 2),RS2 client screenshot from koti.mbnet.fi.,,,2004-10-21,20041128043858,http://koti.mbnet.fi:80/kuukke/data/A%20jooooo%20A.JPG,https://web.archive.org/web/20041128043858/http://koti.mbnet.fi:80/kuukke/data/A%20jooooo%20A.JPG,,76161,401da95fb51868234dbfa5aaf18a5f8b3f346875,,
2004/October-21-2004-a-stats-1-a-koti.mbnet.fi.jpg,official game: screenshot (RuneScape 2),RS2 client screenshot from koti.mbnet.fi.,,,2004-10-21,20050128163333,http://koti.mbnet.fi:80/kuukke/data/A!%20stats%201!A.JPG,https://web.archive.org/web/20050128163333/http://koti.mbnet.fi:80/kuukke/data/A!%20stats%201!A.JPG,,77689,873d56d6c16c8832cde5fc126aa4fed337f7ab90,,
2004/October-21-2004-full-r00n-koti.mbnet.fi.jpg,official game: screenshot (RuneScape 2),RS2 client screenshot from koti.mbnet.fi.,,,2004-10-21,20041030113614,http://koti.mbnet.fi:80/kuukke/data/Full%20r00n.JPG,https://web.archive.org/web/20041030113614/http://koti.mbnet.fi:80/kuukke/data/Full%20r00n.JPG,,76831,c038e77bc17270b0d217995825a5e2e46321c16d,,
2004/October-21-2004-runefulltappo-koti.mbnet.fi.jpg,official game: screenshot (RuneScape 2),RS2 client screenshot from koti.mbnet.fi.,,,2004-10-21,20041030114140,http://koti.mbnet.fi:80/kuukke/data/runefulltappo!!!.JPG,https://web.archive.org/web/20041030114140/http://koti.mbnet.fi:80/kuukke/data/runefulltappo!!!.JPG,,59723,59b953578cf1cdaaec81c7e6ac372d4a033b2fd4,,
2004/October-23-2004-258-img70.exs.cx.png,official game: screenshot (RuneScape 2),"RS2 client screenshot. Posted in the forum thread ""Runescape Community -> Gertrude's Cat"".",,,2004-10-23,20050130133901,http://img70.exs.cx:80/img70/697/258.png,https://web.archive.org/web/20050130133901/http://img70.exs.cx:80/img70/697/258.png,https://web.archive.org/web/20041127053432/http://www.runescapecommunity.com:80/index.php?showtopic=192140,50040,eee8444e070b4340df2e98a139455e1758f192a5,,
2004/October-23-2004-lvl-88-koti.mbnet.fi.png,official game: screenshot (RuneScape 2),RS2 client screenshot from koti.mbnet.fi.,,,2004-10-23,20041128043227,http://koti.mbnet.fi:80/kuukke/data/lvl%2088.PNG,https://web.archive.org/web/20041128043227/http://koti.mbnet.fi:80/kuukke/data/lvl%2088.PNG,,163465,a9e80f6b126ad2055ba96d78e813bde733e6447c,,
2004/October-23-2004-t-h-n-t-loppu-koti.mbnet.fi.jpg,official game: screenshot (RuneScape 2),RS2 client screenshot from koti.mbnet.fi.,,,2004-10-23,20050113055336,http://koti.mbnet.fi:80/kuukke/data/t%e4h%e4n%20t%e4%e4%20loppu.JPG,https://web.archive.org/web/20050113055336/http://koti.mbnet.fi:80/kuukke/data/t%e4h%e4n%20t%e4%e4%20loppu.JPG,,145904,2276307c3f6ebe38a19d822a80aa2c906ccf46c5,,
2004/October-24-2004-a-owned-a-koti.mbnet.fi.jpg,official game: screenshot (RuneScape 2),RS2 client screenshot from koti.mbnet.fi.,,,2004-10-24,20041122141517,http://koti.mbnet.fi:80/kuukke/data/A%20owned%20A.JPG,https://web.archive.org/web/20041122141517/http://koti.mbnet.fi:80/kuukke/data/A%20owned%20A.JPG,,74838,8cb1103266a71ad442543d65c589a4251f167b55,,
2004/October-24-2004-fullit20-koti.mbnet.fi.jpg,official game: screenshot (RuneScape 2),RS2 client screenshot from koti.mbnet.fi.,,,2004-10-24,20041116110712,http://koti.mbnet.fi:80/kuukke/data/fullit20.JPG,https://web.archive.org/web/20041116110712/http://koti.mbnet.fi:80/kuukke/data/fullit20.JPG,,104672,d18fd3dc9225d45944d4a65f4574defd741dbc9e,,
2004/October-24-2004-hp60-koti.mbnet.fi.jpg,official game: screenshot (RuneScape 2),RS2 client screenshot from koti.mbnet.fi.,,,2004-10-24,20041129203125,http://koti.mbnet.fi:80/kuukke/data/hp60!.JPG,https://web.archive.org/web/20041129203125/http://koti.mbnet.fi:80/kuukke/data/hp60!.JPG,,89208,a2f87a8756a98bcd484f77860ff43425729ada3e,,
2004/October-24-2004-pelko-koti.mbnet.fi.jpg,official game: screenshot (RuneScape 2),RS2 client screenshot from koti.mbnet.fi.,,,2004-10-24,20041030112601,http://koti.mbnet.fi:80/kuukke/data/pelko.JPG,https://web.archive.org/web/20041030112601/http://koti.mbnet.fi:80/kuukke/data/pelko.JPG,,77656,fc932f43eca1ce62c34b803116f8aad69f583ec5,,
2004/October-26-2004-gilded-img73.exs.cx.jpg,official game: screenshot (RuneScape 2),"RS2 client screenshot. Posted in the forum thread ""Runescape Bits & Bytes :: View topic - 26th October 2004 - Treasure Trails and Changes"".",,,2004-10-26,20050130084802,http://img73.exs.cx:80/img73/3413/gilded.jpg,https://web.archive.org/web/20050130084802/http://img73.exs.cx:80/img73/3413/gilded.jpg,https://web.archive.org/web/20050119020337/http://www.rsbandb.com:80/forums/viewtopic.php?t=299&amp,47245,1f64dce26ed31e20efc8d8740e149f7b6ae08f82,,
2004/October-26-2004-mikas-koti.mbnet.fi.jpg,official game: screenshot (RuneScape 2),RS2 client screenshot from koti.mbnet.fi.,,,2004-10-26,20050113045338,http://koti.mbnet.fi:80/kuukke/data/mikas.JPG,https://web.archive.org/web/20050113045338/http://koti.mbnet.fi:80/kuukke/data/mikas.JPG,,66493,90f73539ab13cde3232ccf84266dc8fb4bf59ff6,,
2004/October-27-2004-100lvl-dead-koti.mbnet.fi.jpg,official game: screenshot (RuneScape 2),RS2 client screenshot from koti.mbnet.fi.,,,2004-10-27,20041128172426,http://koti.mbnet.fi:80/kuukke/data/100lvl%20dead.JPG,https://web.archive.org/web/20041128172426/http://koti.mbnet.fi:80/kuukke/data/100lvl%20dead.JPG,,81000,a3e144cdf629e91a0ec6e13cfc1a79025a9666c6,,
2004/October-27-2004-2blkkite-g-koti.mbnet.fi.jpg,official game: screenshot (RuneScape 2),RS2 client screenshot from koti.mbnet.fi.,,,2004-10-27,20050103124720,http://koti.mbnet.fi:80/kuukke/data/2blkkite(g).JPG,https://web.archive.org/web/20050103124720/http://koti.mbnet.fi:80/kuukke/data/2blkkite(g).JPG,,73614,d38fed23a56b6ecf9ca86f8be299dd3b7cb75938,,
2004/October-27-2004-blacklegs-g-koti.mbnet.fi.jpg,official game: screenshot (RuneScape 2),RS2 client screenshot from koti.mbnet.fi.,,,2004-10-27,20050103124828,http://koti.mbnet.fi:80/kuukke/data/blacklegs(g).JPG,https://web.archive.org/web/20050103124828/http://koti.mbnet.fi:80/kuukke/data/blacklegs(g).JPG,,80467,e916ff69b3cf415c6184fcbf26770c835afc3461,,
2004/October-27-2004-blackskirt-t-koti.mbnet.fi.jpg,official game: screenshot (RuneScape 2),RS2 client screenshot from koti.mbnet.fi.,,,2004-10-27,20050115190747,http://koti.mbnet.fi:80/kuukke/data/blackskirt(t).JPG,https://web.archive.org/web/20050115190747/http://koti.mbnet.fi:80/kuukke/data/blackskirt(t).JPG,,77818,98dc79d0c161245e75b69a564bdae122c549e5b6,,
2004/October-27-2004-stats-owns-koti.mbnet.fi.jpg,official game: screenshot (RuneScape 2),RS2 client screenshot from koti.mbnet.fi.,,,2004-10-27,20041029075040,http://koti.mbnet.fi:80/kuukke/data/stats_owns.JPG,https://web.archive.org/web/20041029075040/http://koti.mbnet.fi:80/kuukke/data/stats_owns.JPG,,89322,d21da57ab5ccc425da89544963cf99f313b36fce,,
2004/October-28-2004-combat-100-hitpoints-levelup-client-monochrat.users.whitehat.dk.jpg,official game: screenshot (RuneScape 2),"RS2 client screenshot, hitpoints level-up to 85 at combat 100, embedded in a 2004 fansite forum post (whitehat.dk user page)",,,2004-10-28,20041109195345,http://monochrat.users.whitehat.dk/runescape/combat100.JPG,https://web.archive.org/web/20041109195345/http://monochrat.users.whitehat.dk/runescape/combat100.JPG,,88881,9ad3f7f152d34fe8bf378178d48e2526891bbb51,,
2004/October-29-2004-album-pic-runehq.net.php-pic-id-4007.png,official game: screenshot (RuneScape 2),RS2 client screenshot from a 2004-05 fansite page (www.runehq.net:80); found by the 2001-2005 fansite re-screen,,,2004-10-29,20041029230211,http://www.runehq.net:80/RHQInn/album_pic.php?pic_id=4007,https://web.archive.org/web/20041029230211/http://www.runehq.net:80/RHQInn/album_pic.php?pic_id=4007,,147255,c13dc6df4fe7740be848a8bfeace73d7946ba864,,
2004/October-29-2004-banksale2-img76.exs.cx.jpg,official game: screenshot (RuneScape 2),RS2 screenshot posted to a 2004-05 fansite forum thread; found by the 2001-2005 fansite re-screen,,,2004-10-29,20051120084618,http://img76.exs.cx:80/img76/4978/banksale2.jpg,https://web.archive.org/web/20051120084618/http://img76.exs.cx:80/img76/4978/banksale2.jpg,,82401,2d4c56b19329cb1363c3f6c73f330b7e7b24352b,,
2004/October-29-2004-inhottaviasaaria-koti.mbnet.fi.jpg,official game: screenshot (RuneScape 2),RS2 client screenshot from koti.mbnet.fi.,,,2004-10-29,20050123085258,http://koti.mbnet.fi:80/kuukke/data/InhottaviaSaaria.JPG,https://web.archive.org/web/20050123085258/http://koti.mbnet.fi:80/kuukke/data/InhottaviaSaaria.JPG,,62085,8f45dca0c32519e38f3215e2cffa7835fdfe880b,,
2004/October-29-2004-p2ptappogds-koti.mbnet.fi.jpg,official game: screenshot (RuneScape 2),RS2 client screenshot from koti.mbnet.fi.,,,2004-10-29,20041122140930,http://koti.mbnet.fi:80/kuukke/data/p2ptappogds.JPG,https://web.archive.org/web/20041122140930/http://koti.mbnet.fi:80/kuukke/data/p2ptappogds.JPG,,78650,cf941b4e9ea8fafd4fd3ea68a29e0ef504404a39,,
2004/October-3-2004-maget-koti.mbnet.fi.jpg,official game: screenshot (RuneScape 2),RS2 client screenshot from koti.mbnet.fi.,,,2004-10-03,20041130120650,http://koti.mbnet.fi:80/kuukke/data/Maget.JPG,https://web.archive.org/web/20041130120650/http://koti.mbnet.fi:80/kuukke/data/Maget.JPG,,74439,823c1817daac40199717900df1538f2ed1f4cef0,,
2004/October-3-2004-ranker-poots-koti.mbnet.fi.jpg,official game: screenshot (RuneScape 2),RS2 client screenshot from koti.mbnet.fi.,,,2004-10-03,20041127081220,http://koti.mbnet.fi:80/kuukke/data/ranker_poots.JPG,https://web.archive.org/web/20041127081220/http://koti.mbnet.fi:80/kuukke/data/ranker_poots.JPG,,73669,2858375e1bc8fa78479ac3be948e1a328e3221ec,,
2004/October-3-2004-rune-large-tappo-jee-koti.mbnet.fi.jpg,official game: screenshot (RuneScape 2),RS2 client screenshot from koti.mbnet.fi.,,,2004-10-03,20050113054238,http://koti.mbnet.fi:80/kuukke/data/rune_large_tappo_jee.JPG,https://web.archive.org/web/20050113054238/http://koti.mbnet.fi:80/kuukke/data/rune_large_tappo_jee.JPG,,80794,63a3c22f4be22c1346575267aa8392618ac553b0,,
2004/October-3-2004-tappo-jeah-koti.mbnet.fi.jpg,official game: screenshot (RuneScape 2),RS2 client screenshot from koti.mbnet.fi.,,,2004-10-03,20050121014555,http://koti.mbnet.fi:80/kuukke/data/tappo_jeah.JPG,https://web.archive.org/web/20050121014555/http://koti.mbnet.fi:80/kuukke/data/tappo_jeah.JPG,,73404,481f604564132b87ff0219fa8ce481fe0155de92,,
2004/October-30-2004-album-pic-runehq.net.php-pic-id-5027-amp.png,official game: screenshot (RuneScape 2),RS2 client screenshot from a 2004-05 fansite page (www.runehq.net:80); found by the 2001-2005 fansite re-screen,,,2004-10-30,20041030165328,http://www.runehq.net:80/RHQInn/album_pic.php?pic_id=5027&amp,https://web.archive.org/web/20041030165328/http://www.runehq.net:80/RHQInn/album_pic.php?pic_id=5027&amp,,169896,cba226aaa774c44dc8d97771ac1bed479079ba3e,,
2004/October-30-2004-album-pic-runehq.net.php-pic-id-5029-amp.png,official game: screenshot (RuneScape 2),RS2 client screenshot from a 2004-05 fansite page (www.runehq.net:80); found by the 2001-2005 fansite re-screen,,,2004-10-30,20041030170940,http://www.runehq.net:80/RHQInn/album_pic.php?pic_id=5029&amp,https://web.archive.org/web/20041030170940/http://www.runehq.net:80/RHQInn/album_pic.php?pic_id=5029&amp,,168430,cafbce51ab1cd7ddb25fcc661bbdb34060134b6c,,
2004/October-30-2004-album-pic-runehq.net.php-pic-id-5074.png,official game: screenshot (RuneScape 2),RS2 client screenshot from a 2004-05 fansite page (www.runehq.net:80); found by the 2001-2005 fansite re-screen,,,2004-10-30,20041030171729,http://www.runehq.net:80/RHQInn/album_pic.php?pic_id=5074,https://web.archive.org/web/20041030171729/http://www.runehq.net:80/RHQInn/album_pic.php?pic_id=5074,,162606,9abca2d0590176b51064504b311f565733eff114,,
2004/October-30-2004-dmvoittotrashtalkerista-koti.mbnet.fi.jpg,official game: screenshot (RuneScape 2),RS2 client screenshot from koti.mbnet.fi.,,,2004-10-30,20041122144056,http://koti.mbnet.fi:80/kuukke/data/dmvoittotrashtalkerista.JPG,https://web.archive.org/web/20041122144056/http://koti.mbnet.fi:80/kuukke/data/dmvoittotrashtalkerista.JPG,,87647,1efc60fb8b20b0a7b3bbc7b7bea7f48673c50d0a,,
2004/October-30-2004-dmwonmegastreak88-koti.mbnet.fi.png,official game: screenshot (RuneScape 2),RS2 client screenshot from koti.mbnet.fi.,,,2004-10-30,20041122142952,http://koti.mbnet.fi:80/kuukke/data/dmwonmegastreak88.PNG,https://web.archive.org/web/20041122142952/http://koti.mbnet.fi:80/kuukke/data/dmwonmegastreak88.PNG,,119973,84f26537301db4ad02da7a937c6ff145f0cd4b6c,,
2004/October-31-2004-fightermv-koti.mbnet.fi.png,official game: screenshot (RuneScape 2),RS2 client screenshot from koti.mbnet.fi.,,,2004-10-31,20041128043333,http://koti.mbnet.fi:80/kuukke/data/fightermv.PNG,https://web.archive.org/web/20041128043333/http://koti.mbnet.fi:80/kuukke/data/fightermv.PNG,,150988,17a6c86fcba861a8b071bc767d16df1d7594b20a,,
2004/October-31-2004-kuoppis88-dead-koti.mbnet.fi.png,official game: screenshot (RuneScape 2),RS2 client screenshot from koti.mbnet.fi.,,,2004-10-31,20041122142620,http://koti.mbnet.fi:80/kuukke/data/kuoppis88%20dead.PNG,https://web.archive.org/web/20041122142620/http://koti.mbnet.fi:80/kuukke/data/kuoppis88%20dead.PNG,,183409,698be68012a4ae414e2161edbb859993b5c22d3e,,
2004/October-31-2004-pigstyledead-koti.mbnet.fi.png,official game: screenshot (RuneScape 2),RS2 client screenshot from koti.mbnet.fi.,,,2004-10-31,20050128162444,http://koti.mbnet.fi:80/kuukke/data/Pigstyledead.PNG,https://web.archive.org/web/20050128162444/http://koti.mbnet.fi:80/kuukke/data/Pigstyledead.PNG,,165213,6b5a6b8d85d7c77553ed9a1ef821cf00ee59c7b0,,
2004/October-4-2004-326-img15.exs.cx.png,official game: screenshot (RuneScape 2),"RS2 client screenshot. Posted in the forum thread ""Runescape Community -> Gertrude's Cat"".",,,2004-10-04,20050124034105,http://img15.exs.cx:80/img15/1233/326.png,https://web.archive.org/web/20050124034105/http://img15.exs.cx:80/img15/1233/326.png,https://web.archive.org/web/20041127053432/http://www.runescapecommunity.com:80/index.php?showtopic=192140,103460,e59af871ba0f64346d835f5a2473d08ba1ff13e0,,
2004/October-4-2004-328-img15.exs.cx.png,official game: screenshot (RuneScape 2),"RS2 client screenshot. Posted in the forum thread ""Runescape Community -> Gertrude's Cat"".",,,2004-10-04,20050129071444,http://img15.exs.cx:80/img15/544/328.png,https://web.archive.org/web/20050129071444/http://img15.exs.cx:80/img15/544/328.png,https://web.archive.org/web/20041127053432/http://www.runescapecommunity.com:80/index.php?showtopic=192140,84164,da7ad48fe7835e2b19c7127b2007ab350f952f66,,
2004/October-4-2004-90-mage-koti.mbnet.fi.jpg,official game: screenshot (RuneScape 2),RS2 client screenshot from koti.mbnet.fi.,,,2004-10-04,20041210143156,http://koti.mbnet.fi:80/tarpuqqa/Stats/Tasalevut/90%20mage.JPG,https://web.archive.org/web/20041210143156/http://koti.mbnet.fi:80/tarpuqqa/Stats/Tasalevut/90%20mage.JPG,,81351,86fce08764ac4811958db65c86599248f29d500a,,
2004/October-4-2004-wodari-koti.mbnet.fi.jpg,official game: screenshot (RuneScape 2),RS2 client screenshot from koti.mbnet.fi.,,,2004-10-04,20041122135201,http://koti.mbnet.fi:80/kuukke/data/wodari.JPG,https://web.archive.org/web/20041122135201/http://koti.mbnet.fi:80/kuukke/data/wodari.JPG,,47770,1ce6ca0a11a15c4dcbf08e4c06df6bf2b8ed919c,,
2004/October-7-2004-110-combat-koti.mbnet.fi.jpg,official game: screenshot (RuneScape 2),RS2 client screenshot from koti.mbnet.fi.,,,2004-10-07,20041217050858,http://koti.mbnet.fi:80/kuukke/data/110%20combat.JPG,https://web.archive.org/web/20041217050858/http://koti.mbnet.fi:80/kuukke/data/110%20combat.JPG,,88916,1335e8676ba07d28da73473c2da11dd89e4c0c00,,
2004/October-7-2004-301-img3.exs.cx.png,official game: screenshot (RuneScape 2),"RS2 client screenshot. Posted in the forum thread ""Runescape Community -> Elemental Workshop"".",,,2004-10-07,20050128062933,http://img3.exs.cx:80/img3/9809/301.png,https://web.archive.org/web/20050128062933/http://img3.exs.cx:80/img3/9809/301.png,https://web.archive.org/web/20041127054357/http://www.runescapecommunity.com:80/index.php?showtopic=188227,41603,5b5a2576e7b53b317d9ee21e84809262cd038baa,,
2004/October-7-2004-302-img3.exs.cx.png,official game: screenshot (RuneScape 2),"RS2 client screenshot. Posted in the forum thread ""Runescape Community -> Elemental Workshop"".",,,2004-10-07,20050128185902,http://img3.exs.cx:80/img3/9859/302.png,https://web.archive.org/web/20050128185902/http://img3.exs.cx:80/img3/9859/302.png,https://web.archive.org/web/20041127054357/http://www.runescapecommunity.com:80/index.php?showtopic=188227,85619,fd44b6c76d9898b917730bbbe92e0b401229ea34,,
2004/October-7-2004-326-img43.exs.cx.png,official game: screenshot (RuneScape 2),"RS2 client screenshot. Posted in the forum thread ""Runescape Community -> Elemental Workshop"".",,,2004-10-07,20050128005146,http://img43.exs.cx:80/img43/1233/326.png,https://web.archive.org/web/20050128005146/http://img43.exs.cx:80/img43/1233/326.png,https://web.archive.org/web/20041127054357/http://www.runescapecommunity.com:80/index.php?showtopic=188227,67849,2f5c4d89d4fb0049713c4c4267b7e7117162ed2b,,
2004/October-7-2004-334-img43.exs.cx.png,official game: screenshot (RuneScape 2),"RS2 client screenshot. Posted in the forum thread ""Runescape Community -> Elemental Workshop"".",,,2004-10-07,20050122095849,http://img43.exs.cx:80/img43/7816/334.png,https://web.archive.org/web/20050122095849/http://img43.exs.cx:80/img43/7816/334.png,https://web.archive.org/web/20041127054357/http://www.runescapecommunity.com:80/index.php?showtopic=188227,69117,f80496a25658e1c8f5a1449a39190eb9c45e55e9,,
2004/October-8-2004-clue-gretulta-koti.mbnet.fi.jpg,official game: screenshot (RuneScape 2),RS2 client screenshot from koti.mbnet.fi.,,,2004-10-08,20050127005342,http://koti.mbnet.fi:80/kuukke/data/clue_gretulta.JPG,https://web.archive.org/web/20050127005342/http://koti.mbnet.fi:80/kuukke/data/clue_gretulta.JPG,,86355,bce7939be62a4b412b844821712f8babd710db7e,,
2004/October-8-2004-ekafgtrip-koti.mbnet.fi.jpg,official game: screenshot (RuneScape 2),RS2 client screenshot from koti.mbnet.fi.,,,2004-10-08,20041030113333,http://koti.mbnet.fi:80/kuukke/data/ekafgtrip.JPG,https://web.archive.org/web/20041030113333/http://koti.mbnet.fi:80/kuukke/data/ekafgtrip.JPG,,92039,7f6c6407afb8ec8295d65262db107ca6357af56e,,
2004/October-8-2004-magan-70-ranged-koti.mbnet.fi.png,official game: screenshot (RuneScape 2),RS2 client screenshot from koti.mbnet.fi.,,,2004-10-08,20041128131603,http://koti.mbnet.fi:80/kuukke/data/Magan_70_ranged.PNG,https://web.archive.org/web/20041128131603/http://koti.mbnet.fi:80/kuukke/data/Magan_70_ranged.PNG,,109577,3ecc6b7ddc4a25c74e1b07ea8f4a8cf7f2bbceec,,
2004/October-9-2004-client-screenshot-st1500-boomspeed.com.png,official game: screenshot (RuneScape 2),Client screenshot by a river (file name st1500).,,,2004-10-09,20041110211537,http://www.boomspeed.com:80/osbor/st1500.png,https://web.archive.org/web/20041110211537/http://www.boomspeed.com:80/osbor/st1500.png,,182418,864a3cdf22da04a0147d12ec123d8e74eac4409b,,
2004/October-9-2004-insane-sabre-screenshot-nameless-one0.tripod.com.jpeg,official game: screenshot (RuneScape 2),RuneScape client screenshot (uploaded as insane_sabre.jpeg).,,,2004-10-09,20070302101503,http://nameless-one0.tripod.com:80/runescape/thumbnails/600x450/insane_sabre.jpeg,https://web.archive.org/web/20070302101503/http://nameless-one0.tripod.com:80/runescape/thumbnails/600x450/insane_sabre.jpeg,,44087,2aa1d07a65f99d38fdd5c5d8f8d5677e988d6fbb,,
2004/October-9-2004-lvl3-clue-koti.mbnet.fi.jpg,official game: screenshot (RuneScape 2),RS2 client screenshot from koti.mbnet.fi.,,,2004-10-09,20041128041835,http://koti.mbnet.fi:80/kuukke/data/LVL3%20clue.JPG,https://web.archive.org/web/20041128041835/http://koti.mbnet.fi:80/kuukke/data/LVL3%20clue.JPG,,106460,406f3d014b5eca2d4ce39173be84c7eb49974a37,,
2004/October-9-2004-magalle-robinin-hattu-koti.mbnet.fi.png,official game: screenshot (RuneScape 2),RS2 client screenshot from koti.mbnet.fi.,,,2004-10-09,20041122143654,http://koti.mbnet.fi:80/kuukke/data/Magalle_robinin_hattu.PNG,https://web.archive.org/web/20041122143654/http://koti.mbnet.fi:80/kuukke/data/Magalle_robinin_hattu.PNG,,175432,dfdc6966d3822caddf8a3f3f8cc8f09d8738f26d,,
2004/October-9-2004-pk-freewebs.com.jpg,official game: screenshot (RuneScape 2),RS2 screenshot posted to a 2004-05 fansite forum thread; found by the 2001-2005 fansite re-screen,,,2004-10-09,20041201104043,http://www.freewebs.com/pics218/pk.JPG,https://web.archive.org/web/20041201104043/http://www.freewebs.com/pics218/pk.JPG,,67905,352ddf949afcb28036d0c22eea26282a0eb0a476,,
2004/October-9-2004-pk2-freewebs.com.jpg,official game: screenshot (RuneScape 2),RS2 screenshot posted to a 2004-05 fansite forum thread; found by the 2001-2005 fansite re-screen,,,2004-10-09,20041122053307,http://www.freewebs.com/pics218/pk2.JPG,https://web.archive.org/web/20041122053307/http://www.freewebs.com/pics218/pk2.JPG,,73505,4b5c75e789dbaebe69a26deb971025627f7cac64,,
2004/October-9-2004-stake18-img48.exs.cx.png,official game: screenshot (RuneScape 2),RS2 screenshot posted to a 2004-05 fansite forum thread; found by the 2001-2005 fansite re-screen,,,2004-10-09,20041102070341,http://img48.exs.cx:80/img48/6084/stake18.png,https://web.archive.org/web/20041102070341/http://img48.exs.cx:80/img48/6084/stake18.png,,110418,5859d2746ddfc5f15dfca752b8ed3ddccbae07e8,,
2004/October-9-2004-stake19-img48.exs.cx.png,official game: screenshot (RuneScape 2),RS2 screenshot posted to a 2004-05 fansite forum thread; found by the 2001-2005 fansite re-screen,,,2004-10-09,20041102160435,http://img48.exs.cx:80/img48/7759/stake19.png,https://web.archive.org/web/20041102160435/http://img48.exs.cx:80/img48/7759/stake19.png,,106701,9887bd0974cd5c6ec5e948762e7c9d6a4e779202,,
2004/October-9-2004-stake2-img48.exs.cx.png,official game: screenshot (RuneScape 2),RS2 screenshot posted to a 2004-05 fansite forum thread; found by the 2001-2005 fansite re-screen,,,2004-10-09,20041101200544,http://img48.exs.cx:80/img48/4088/stake2.png,https://web.archive.org/web/20041101200544/http://img48.exs.cx:80/img48/4088/stake2.png,,85134,989bf1f3a972a5bfa447a2a799789fce3b27c2eb,,
2004/October-9-2004-stake20-img48.exs.cx.png,official game: screenshot (RuneScape 2),RS2 screenshot posted to a 2004-05 fansite forum thread; found by the 2001-2005 fansite re-screen,,,2004-10-09,20041102035034,http://img48.exs.cx:80/img48/8104/stake20.png,https://web.archive.org/web/20041102035034/http://img48.exs.cx:80/img48/8104/stake20.png,,112763,f97efa64d4a3625346479e9715e3a6328024fd09,,
2004/October-9-2004-stake23-img48.exs.cx.png,official game: screenshot (RuneScape 2),RS2 screenshot posted to a 2004-05 fansite forum thread; found by the 2001-2005 fansite re-screen,,,2004-10-09,20041102032916,http://img48.exs.cx:80/img48/2835/stake23.png,https://web.archive.org/web/20041102032916/http://img48.exs.cx:80/img48/2835/stake23.png,,109871,6256f1904689325a12b404fe3a8a73aa8ea2df95,,
2004/September-1-2004-93-fletching-koti.mbnet.fi.jpg,official game: screenshot (RuneScape 2),RS2 client screenshot from koti.mbnet.fi.,,,2004-09-01,20041029224531,http://koti.mbnet.fi:80/tarpuqqa/Stats/93%20fletching.JPG,https://web.archive.org/web/20041029224531/http://koti.mbnet.fi:80/tarpuqqa/Stats/93%20fletching.JPG,,92790,dc476ac3ef433c8acf2a9b00dbd90ea2888e3442,,
2004/September-10-2004-aa-st-tsit-koti.mbnet.fi.jpg,official game: screenshot (RuneScape 2),RS2 client screenshot from koti.mbnet.fi.,,,2004-09-10,20041129002546,http://koti.mbnet.fi:80/kuukke/data/AA%20st%e4tsit.JPG,https://web.archive.org/web/20041129002546/http://koti.mbnet.fi:80/kuukke/data/AA%20st%e4tsit.JPG,,72286,bbcf93e7636ae701945be965b24f04e1a3b9e9c1,,
2004/September-10-2004-eih-koti.mbnet.fi.jpg,official game: screenshot (RuneScape 2),RS2 client screenshot from koti.mbnet.fi.,,,2004-09-10,20041122135534,http://koti.mbnet.fi:80/kuukke/data/!!!!!eih.JPG,https://web.archive.org/web/20041122135534/http://koti.mbnet.fi:80/kuukke/data/!!!!!eih.JPG,,112868,c7743a9e5b03ee533822ed455dd14af49ff068e9,,
2004/September-12-2004-daverick-dead-koti.mbnet.fi.jpg,official game: screenshot (RuneScape 2),RS2 client screenshot from koti.mbnet.fi.,,,2004-09-12,20050122210841,http://koti.mbnet.fi:80/kuukke/data/daverick%20dead.JPG,https://web.archive.org/web/20050122210841/http://koti.mbnet.fi:80/kuukke/data/daverick%20dead.JPG,,120935,4d9aeed9250b9f37da11d4c3eedb97095e7e10ec,,
2004/September-12-2004-runescape-dance-party-browser-client-sadisticpkers.tripod.com.jpg,official game: screenshot (RuneScape 2),"Browser window with the RS2 client, players dancing at a castle, from a RuneScape fan's tripod site",,,2004-09-12,20060407030644,http://sadisticpkers.tripod.com:80/sitebuildercontent/sitebuilderpictures/runescapedance.jpg,https://web.archive.org/web/20060407030644/http://sadisticpkers.tripod.com:80/sitebuildercontent/sitebuilderpictures/runescapedance.jpg,,119482,19200fe07d17aab52ec6f42179b1363d6608eb93,,
2004/September-13-2004-hitpoints-80-koti.mbnet.fi.jpg,official game: screenshot (RuneScape 2),RS2 client screenshot from koti.mbnet.fi.,,,2004-09-13,20050125042853,http://koti.mbnet.fi:80/kuukke/data/HitPoints%2080.JPG,https://web.archive.org/web/20050125042853/http://koti.mbnet.fi:80/kuukke/data/HitPoints%2080.JPG,,358175,991f2046cda1bfd9f3fe626c98087c014bb742ef,,
2004/September-14-2004-benny-dm-owned-koti.mbnet.fi.png,official game: screenshot (RuneScape 2),RS2 client screenshot from koti.mbnet.fi.,,,2004-09-14,20050125043228,http://koti.mbnet.fi:80/kuukke/data/Benny_dm_owned.PNG,https://web.archive.org/web/20050125043228/http://koti.mbnet.fi:80/kuukke/data/Benny_dm_owned.PNG,,149349,e0643b32f51b29802eae98e3f1b0c2fef7888759,,
2004/September-14-2004-flour-s93739097.onlinehome.us.png,official game: screenshot (RuneScape 2),RS2 client screenshot from s93739097.onlinehome.us. Embedded in: Runescape Community -> Guide To Cooking (https://web.archive.org/web/20041127044301/http://www.runescapecommunity.com:80/index.php?showtopic=179503).,,,2004-09-14,20041127134221,http://s93739097.onlinehome.us/imgs/flour.PNG,https://web.archive.org/web/20041127134221/http://s93739097.onlinehome.us/imgs/flour.PNG,,178013,2e037ed7fd457edb3ce4af5496383bdce9921b3d,,
2004/September-14-2004-omca-owned-koti.mbnet.fi.png,official game: screenshot (RuneScape 2),RS2 client screenshot from koti.mbnet.fi.,,,2004-09-14,20041128043412,http://koti.mbnet.fi:80/kuukke/data/Omca_owned.PNG,https://web.archive.org/web/20041128043412/http://koti.mbnet.fi:80/kuukke/data/Omca_owned.PNG,,108067,372c4503c0e5dabaff1af08ae4461869e795e62c,,
2004/September-14-2004-snowranger-dm-owned-koti.mbnet.fi.png,official game: screenshot (RuneScape 2),RS2 client screenshot from koti.mbnet.fi.,,,2004-09-14,20041127083200,http://koti.mbnet.fi:80/kuukke/data/snowranger_dm_owned.PNG,https://web.archive.org/web/20041127083200/http://koti.mbnet.fi:80/kuukke/data/snowranger_dm_owned.PNG,,148506,a72510dc08ac7c1d78b0ae3681354cab9c430c32,,
2004/September-14-2004-vebu1200-koti.mbnet.fi.jpg,official game: screenshot (RuneScape 2),RS2 client screenshot from koti.mbnet.fi.,,,2004-09-14,20050121013638,http://koti.mbnet.fi:80/kuukke/data/vebu1200.JPG,https://web.archive.org/web/20050121013638/http://koti.mbnet.fi:80/kuukke/data/vebu1200.JPG,,75053,dfccd5e7f67de8c94776fca20c944592e80c883f,,
2004/September-15-2004-mun-statsit-koti.mbnet.fi.jpg,official game: screenshot (RuneScape 2),RS2 client screenshot from koti.mbnet.fi.,,,2004-09-15,20041128041827,http://koti.mbnet.fi:80/kuukke/data/mun%20statsit!.JPG,https://web.archive.org/web/20041128041827/http://koti.mbnet.fi:80/kuukke/data/mun%20statsit!.JPG,,73505,8e19a5dd1b4f93594b3ca0ad734eea16d2bf0138,,
2004/September-15-2004-skill-total-1350-koti.mbnet.fi.png,official game: screenshot (RuneScape 2),RS2 client screenshot from koti.mbnet.fi.,,,2004-09-15,20050122212022,http://koti.mbnet.fi:80/kuukke/data/Skill%20total%201350.PNG,https://web.archive.org/web/20050122212022/http://koti.mbnet.fi:80/kuukke/data/Skill%20total%201350.PNG,,162422,0327ef3b4f86237350d39702b68f08757ce478eb,,
2004/September-15-2004-statsit-15-9-2004-koti.mbnet.fi.jpg,official game: screenshot (RuneScape 2),RS2 client screenshot from koti.mbnet.fi.,,,2004-09-15,20050113053930,http://koti.mbnet.fi:80/kuukke/data/statsit%2015.9.2004.JPG,https://web.archive.org/web/20050113053930/http://koti.mbnet.fi:80/kuukke/data/statsit%2015.9.2004.JPG,,74238,c70e465b387dfca60008676d544e779c9125447a,,
2004/September-16-2004-aaaabbbbccccdddd1100-koti.mbnet.fi.jpg,official game: screenshot (RuneScape 2),RS2 client screenshot from koti.mbnet.fi.,,,2004-09-16,20050113054402,http://koti.mbnet.fi:80/kuukke/data/AAAABBBBCCCCDDDD1100!.JPG,https://web.archive.org/web/20050113054402/http://koti.mbnet.fi:80/kuukke/data/AAAABBBBCCCCDDDD1100!.JPG,,62443,152b7d5a3346dd6b6b2c3b57510049e606eeed26,,
2004/September-16-2004-snakus-dragon-spear1-koti.mbnet.fi.png,official game: screenshot (RuneScape 2),RS2 client screenshot from koti.mbnet.fi.,,,2004-09-16,20041122144328,http://koti.mbnet.fi:80/kuukke/data/snakus%20dragon%20spear1.PNG,https://web.archive.org/web/20041122144328/http://koti.mbnet.fi:80/kuukke/data/snakus%20dragon%20spear1.PNG,,186701,183b2397cd4c8f2fca80e0476c593d5f30f9f825,,
2004/September-17-2004-skilltotal1300snakus1-koti.mbnet.fi.png,official game: screenshot (RuneScape 2),RS2 client screenshot from koti.mbnet.fi.,,,2004-09-17,20041116084216,http://koti.mbnet.fi:80/kuukke/data/skilltotal1300snakus1.PNG,https://web.archive.org/web/20041116084216/http://koti.mbnet.fi:80/kuukke/data/skilltotal1300snakus1.PNG,,147732,b3f3d98233b036241cc0b73ff560933eefe79eac,,
2004/September-18-2004-omg-eka-ranger-membussa-ded-koti.mbnet.fi.jpg,official game: screenshot (RuneScape 2),RS2 client screenshot from koti.mbnet.fi.,,,2004-09-18,20041122144528,http://koti.mbnet.fi:80/kuukke/data/omg_eka_ranger_membussa_ded.JPG,https://web.archive.org/web/20041122144528/http://koti.mbnet.fi:80/kuukke/data/omg_eka_ranger_membussa_ded.JPG,,84573,4032a9eb85fed55ae7e49c19d18cf4877bff7209,,
2004/September-18-2004-snakus1boello-koti.mbnet.fi.png,official game: screenshot (RuneScape 2),RS2 client screenshot from koti.mbnet.fi.,,,2004-09-18,20050122210508,http://koti.mbnet.fi:80/kuukke/data/snakus1boello.PNG,https://web.archive.org/web/20050122210508/http://koti.mbnet.fi:80/kuukke/data/snakus1boello.PNG,,179812,316d7b9bba4cbbcd63a75c8ca82b258fc7089a08,,
2004/September-18-2004-wild-yanille-koti.mbnet.fi.png,official game: screenshot (RuneScape 2),RS2 client screenshot from koti.mbnet.fi.,,,2004-09-18,20041205234223,http://koti.mbnet.fi:80/toni2/data/wild%20yanille.PNG,https://web.archive.org/web/20041205234223/http://koti.mbnet.fi:80/toni2/data/wild%20yanille.PNG,,169960,8bb5369eb950c09fef848f48b11cb2b22d1e3c00,,
2004/September-18-2004-wootgranite-koti.mbnet.fi.jpg,official game: screenshot (RuneScape 2),RS2 client screenshot from koti.mbnet.fi.,,,2004-09-18,20050123084447,http://koti.mbnet.fi:80/kuukke/data/wootgranite.JPG,https://web.archive.org/web/20050123084447/http://koti.mbnet.fi:80/kuukke/data/wootgranite.JPG,,63227,f7e04f5ebd2a60358a5d0a3f77cccb30bd284c2c,,
2004/September-19-2004-rune-scimmy-koti.mbnet.fi.jpg,official game: screenshot (RuneScape 2),RS2 client screenshot from koti.mbnet.fi.,,,2004-09-19,20041129022144,http://koti.mbnet.fi:80/kuukke/data/rune_scimmy.JPG,https://web.archive.org/web/20041129022144/http://koti.mbnet.fi:80/kuukke/data/rune_scimmy.JPG,,81502,427df4e87e4f625961ff80b523fd780d28abe468,,
2004/September-19-2004-runeplate-ja-simmy-koti.mbnet.fi.jpg,official game: screenshot (RuneScape 2),RS2 client screenshot from koti.mbnet.fi.,,,2004-09-19,20041130113533,http://koti.mbnet.fi:80/kuukke/data/runeplate_ja_simmy.JPG,https://web.archive.org/web/20041130113533/http://koti.mbnet.fi:80/kuukke/data/runeplate_ja_simmy.JPG,,81335,ac01098632bdb61c57d776049c79fea13ea03a5d,,
2004/September-19-2004-woot-koti.mbnet.fi.jpg,official game: screenshot (RuneScape 2),RS2 client screenshot from koti.mbnet.fi.,,,2004-09-19,20050122202957,http://koti.mbnet.fi:80/kuukke/data/Woot!.JPG,https://web.archive.org/web/20050122202957/http://koti.mbnet.fi:80/kuukke/data/Woot!.JPG,,71230,ac93410dcc17a4aafcda4fd463a44909512a3866,,
2004/September-2-2004-hp75-koti.mbnet.fi.jpg,official game: screenshot (RuneScape 2),RS2 client screenshot from koti.mbnet.fi.,,,2004-09-02,20041122134427,http://koti.mbnet.fi:80/kuukke/data/hp75.JPG,https://web.archive.org/web/20041122134427/http://koti.mbnet.fi:80/kuukke/data/hp75.JPG,,84471,e95204f0e04fff57815eedd2c95c477f179cbe1c,,
2004/September-2-2004-runeoree-helvetisti-koti.mbnet.fi.png,official game: screenshot (RuneScape 2),RS2 client screenshot from koti.mbnet.fi.,,,2004-09-02,20041128172808,http://koti.mbnet.fi:80/kuukke/data/Runeoree_helvetisti.PNG,https://web.archive.org/web/20041128172808/http://koti.mbnet.fi:80/kuukke/data/Runeoree_helvetisti.PNG,,103645,3a4c2ed0ade76f02a8d94d5a3217113697815867,,
2004/September-20-2004-alhcing-koti.mbnet.fi.jpg,official game: screenshot (RuneScape 2),RS2 client screenshot from koti.mbnet.fi.,,,2004-09-20,20041029072611,http://koti.mbnet.fi:80/tarpuqqa/alhcing.JPG,https://web.archive.org/web/20041029072611/http://koti.mbnet.fi:80/tarpuqqa/alhcing.JPG,,89488,af57cbf6e1e7be5bccfebde2f6df553ea790c30d,,
2004/September-20-2004-alhcing2-koti.mbnet.fi.jpg,official game: screenshot (RuneScape 2),RS2 client screenshot from koti.mbnet.fi.,,,2004-09-20,20041029072836,http://koti.mbnet.fi:80/tarpuqqa/alhcing2.JPG,https://web.archive.org/web/20041029072836/http://koti.mbnet.fi:80/tarpuqqa/alhcing2.JPG,,80318,42d08b4fedefb970ca7eb7fe5656b1967443f6c6,,
2004/September-20-2004-def-80-koti.mbnet.fi.jpg,official game: screenshot (RuneScape 2),RS2 client screenshot from koti.mbnet.fi.,,,2004-09-20,20041129013411,http://koti.mbnet.fi:80/tarpuqqa/Stats/Tasalevut/def%2080.JPG,https://web.archive.org/web/20041129013411/http://koti.mbnet.fi:80/tarpuqqa/Stats/Tasalevut/def%2080.JPG,,73416,f291f11da35f37fe0d6f518538f92937e19703a5,,
2004/September-20-2004-drghalberd-koti.mbnet.fi.jpg,official game: screenshot (RuneScape 2),RS2 client screenshot from koti.mbnet.fi.,,,2004-09-20,20041130173923,http://koti.mbnet.fi:80/kuukke/data/drghalberd.JPG,https://web.archive.org/web/20041130173923/http://koti.mbnet.fi:80/kuukke/data/drghalberd.JPG,,75725,18f492c60f79f474babbbe72526b84bed37fea5d,,
2004/September-20-2004-pic1-img.photobucket.com.png,official game: screenshot (RuneScape 2),"RS2 client screenshot. Posted in the forum thread ""Runescape Bits & Bytes :: View topic - {Fear Clan} :: 75+ Combat :: 200+ Members :: 5+ Weekly Event"".",,,2004-09-20,20120525072349,http://img.photobucket.com/albums/v235/mikdan3/pic1.png,https://web.archive.org/web/20120525072349/http://img.photobucket.com/albums/v235/mikdan3/pic1.png,https://web.archive.org/web/20041229082436/http://www.rsbandb.com:80/forums/viewtopic.php?t=735&amp,131654,e05f3931c69c84f2c8afed6def1c9b01b00e811c,,
2004/September-20-2004-pic10-img.photobucket.com.jpg,official game: screenshot (RuneScape 2),"RS2 client screenshot. Posted in the forum thread ""Runescape Bits & Bytes :: View topic - {Fear Clan} :: 75+ Combat :: 200+ Members :: 5+ Weekly Event"".",,,2004-09-20,20120525072550,http://img.photobucket.com/albums/v235/mikdan3/pic10.jpg,https://web.archive.org/web/20120525072550/http://img.photobucket.com/albums/v235/mikdan3/pic10.jpg,https://web.archive.org/web/20041229082436/http://www.rsbandb.com:80/forums/viewtopic.php?t=735&amp,67695,a976cca6789bcc47851f177bd0c46526de3585a7,,
2004/September-20-2004-pic11-img.photobucket.com.jpg,official game: screenshot (RuneScape 2),"RS2 client screenshot. Posted in the forum thread ""Runescape Bits & Bytes :: View topic - {Fear Clan} :: 75+ Combat :: 200+ Members :: 5+ Weekly Event"".",,,2004-09-20,20120525072627,http://img.photobucket.com/albums/v235/mikdan3/pic11.jpg,https://web.archive.org/web/20120525072627/http://img.photobucket.com/albums/v235/mikdan3/pic11.jpg,https://web.archive.org/web/20041229082436/http://www.rsbandb.com:80/forums/viewtopic.php?t=735&amp,70262,11186f369847d881b0e36c386f9995ee1e5ec032,,
2004/September-20-2004-pic12-img.photobucket.com.jpg,official game: screenshot (RuneScape 2),"RS2 client screenshot. Posted in the forum thread ""Runescape Bits & Bytes :: View topic - {Fear Clan} :: 75+ Combat :: 200+ Members :: 5+ Weekly Event"".",,,2004-09-20,20120525072629,http://img.photobucket.com/albums/v235/mikdan3/pic12.jpg,https://web.archive.org/web/20120525072629/http://img.photobucket.com/albums/v235/mikdan3/pic12.jpg,https://web.archive.org/web/20041229082436/http://www.rsbandb.com:80/forums/viewtopic.php?t=735&amp,82593,a64383c118e80882bd59d70227bf6f5346a7c25a,,
2004/September-20-2004-pic13-img.photobucket.com.jpg,official game: screenshot (RuneScape 2),"RS2 client screenshot. Posted in the forum thread ""Runescape Bits & Bytes :: View topic - {Fear Clan} :: 75+ Combat :: 200+ Members :: 5+ Weekly Event"".",,,2004-09-20,20120525072631,http://img.photobucket.com/albums/v235/mikdan3/pic13.jpg,https://web.archive.org/web/20120525072631/http://img.photobucket.com/albums/v235/mikdan3/pic13.jpg,https://web.archive.org/web/20041229082436/http://www.rsbandb.com:80/forums/viewtopic.php?t=735&amp,64766,dba3667b921e916af98af48693cba46cc17d2ff6,,
2004/September-20-2004-pic15-img.photobucket.com.png,official game: screenshot (RuneScape 2),"RS2 client screenshot. Posted in the forum thread ""Runescape Bits & Bytes :: View topic - {Fear Clan} :: 75+ Combat :: 200+ Members :: 5+ Weekly Event"".",,,2004-09-20,20120525072702,http://img.photobucket.com/albums/v235/mikdan3/pic15.png,https://web.archive.org/web/20120525072702/http://img.photobucket.com/albums/v235/mikdan3/pic15.png,https://web.archive.org/web/20041229082436/http://www.rsbandb.com:80/forums/viewtopic.php?t=735&amp,151793,e7cf39c5f694f211039b9e7c369e3bbf651ed25c,,
2004/September-20-2004-pic16-img.photobucket.com.png,official game: screenshot (RuneScape 2),"RS2 client screenshot. Posted in the forum thread ""Runescape Bits & Bytes :: View topic - {Fear Clan} :: 75+ Combat :: 200+ Members :: 5+ Weekly Event"".",,,2004-09-20,20120525072703,http://img.photobucket.com/albums/v235/mikdan3/pic16.png,https://web.archive.org/web/20120525072703/http://img.photobucket.com/albums/v235/mikdan3/pic16.png,https://web.archive.org/web/20041229082436/http://www.rsbandb.com:80/forums/viewtopic.php?t=735&amp,152228,604e809124d2f6f0b92f84124c67f1fd3403ab63,,
2004/September-20-2004-pic17-img.photobucket.com.png,official game: screenshot (RuneScape 2),"RS2 client screenshot. Posted in the forum thread ""Runescape Bits & Bytes :: View topic - {Fear Clan} :: 75+ Combat :: 200+ Members :: 5+ Weekly Event"".",,,2004-09-20,20120525072803,http://img.photobucket.com/albums/v235/mikdan3/pic17.png,https://web.archive.org/web/20120525072803/http://img.photobucket.com/albums/v235/mikdan3/pic17.png,https://web.archive.org/web/20041229082436/http://www.rsbandb.com:80/forums/viewtopic.php?t=735&amp,118252,4e6b0aafb8a18e055b7c370b2b0e5b8cd5f3c748,,
2004/September-20-2004-pic18-img.photobucket.com.png,official game: screenshot (RuneScape 2),"RS2 client screenshot. Posted in the forum thread ""Runescape Bits & Bytes :: View topic - {Fear Clan} :: 75+ Combat :: 200+ Members :: 5+ Weekly Event"".",,,2004-09-20,20120525072804,http://img.photobucket.com/albums/v235/mikdan3/pic18.png,https://web.archive.org/web/20120525072804/http://img.photobucket.com/albums/v235/mikdan3/pic18.png,https://web.archive.org/web/20041229082436/http://www.rsbandb.com:80/forums/viewtopic.php?t=735&amp,154078,27107f654b916396a884551fd12d4048669a16de,,
2004/September-20-2004-pic19-img.photobucket.com.jpg,official game: screenshot (RuneScape 2),"RS2 client screenshot. Posted in the forum thread ""Runescape Bits & Bytes :: View topic - {Fear Clan} :: 75+ Combat :: 200+ Members :: 5+ Weekly Event"".",,,2004-09-20,20120525072806,http://img.photobucket.com/albums/v235/mikdan3/pic19.jpg,https://web.archive.org/web/20120525072806/http://img.photobucket.com/albums/v235/mikdan3/pic19.jpg,https://web.archive.org/web/20041229082436/http://www.rsbandb.com:80/forums/viewtopic.php?t=735&amp,68425,9c8a265144119a09a808b0627aff83d7380fa090,,
2004/September-20-2004-pic2-img.photobucket.com.jpg,official game: screenshot (RuneScape 2),"RS2 client screenshot. Posted in the forum thread ""Runescape Bits & Bytes :: View topic - {Fear Clan} :: 75+ Combat :: 200+ Members :: 5+ Weekly Event"".",,,2004-09-20,20120525072255,http://img.photobucket.com/albums/v235/mikdan3/pic2.jpg,https://web.archive.org/web/20120525072255/http://img.photobucket.com/albums/v235/mikdan3/pic2.jpg,https://web.archive.org/web/20041229082436/http://www.rsbandb.com:80/forums/viewtopic.php?t=735&amp,133742,969cee929b1554a88bd43354a4508d615f2d3113,,
2004/September-20-2004-pic20-img.photobucket.com.jpg,official game: screenshot (RuneScape 2),"RS2 client screenshot. Posted in the forum thread ""Runescape Bits & Bytes :: View topic - {Fear Clan} :: 75+ Combat :: 200+ Members :: 5+ Weekly Event"".",,,2004-09-20,20120525072808,http://img.photobucket.com/albums/v235/mikdan3/pic20.jpg,https://web.archive.org/web/20120525072808/http://img.photobucket.com/albums/v235/mikdan3/pic20.jpg,https://web.archive.org/web/20041229082436/http://www.rsbandb.com:80/forums/viewtopic.php?t=735&amp,83633,f6f8d71698fabcad60703f790b477f29e6e3cd8d,,
2004/September-20-2004-pic21-img.photobucket.com.png,official game: screenshot (RuneScape 2),"RS2 client screenshot. Posted in the forum thread ""Runescape Bits & Bytes :: View topic - {Fear Clan} :: 75+ Combat :: 200+ Members :: 5+ Weekly Event"".",,,2004-09-20,20120525072839,http://img.photobucket.com/albums/v235/mikdan3/pic21.png,https://web.archive.org/web/20120525072839/http://img.photobucket.com/albums/v235/mikdan3/pic21.png,https://web.archive.org/web/20041229082436/http://www.rsbandb.com:80/forums/viewtopic.php?t=735&amp,148457,c7c80b0e17a7a5133985e4c9e9f4f132e05a2adb,,
2004/September-20-2004-pic22-img.photobucket.com.jpg,official game: screenshot (RuneScape 2),"RS2 client screenshot. Posted in the forum thread ""Runescape Bits & Bytes :: View topic - {Fear Clan} :: 75+ Combat :: 200+ Members :: 5+ Weekly Event"".",,,2004-09-20,20120525072840,http://img.photobucket.com/albums/v235/mikdan3/pic22.jpg,https://web.archive.org/web/20120525072840/http://img.photobucket.com/albums/v235/mikdan3/pic22.jpg,https://web.archive.org/web/20041229082436/http://www.rsbandb.com:80/forums/viewtopic.php?t=735&amp,113856,e8d820af4033e77c8556c038c46256a162eccffc,,
2004/September-20-2004-pic23-img.photobucket.com.jpg,official game: screenshot (RuneScape 2),"RS2 client screenshot. Posted in the forum thread ""Runescape Bits & Bytes :: View topic - {Fear Clan} :: 75+ Combat :: 200+ Members :: 5+ Weekly Event"".",,,2004-09-20,20120525072843,http://img.photobucket.com/albums/v235/mikdan3/pic23.jpg,https://web.archive.org/web/20120525072843/http://img.photobucket.com/albums/v235/mikdan3/pic23.jpg,https://web.archive.org/web/20041229082436/http://www.rsbandb.com:80/forums/viewtopic.php?t=735&amp,112152,869d0e9f6486fb23acd505a34635ce8b00c4f9f5,,
2004/September-20-2004-pic24-img.photobucket.com.jpg,official game: screenshot (RuneScape 2),"RS2 client screenshot. Posted in the forum thread ""Runescape Bits & Bytes :: View topic - {Fear Clan} :: 75+ Combat :: 200+ Members :: 5+ Weekly Event"".",,,2004-09-20,20120525072845,http://img.photobucket.com/albums/v235/mikdan3/pic24.jpg,https://web.archive.org/web/20120525072845/http://img.photobucket.com/albums/v235/mikdan3/pic24.jpg,https://web.archive.org/web/20041229082436/http://www.rsbandb.com:80/forums/viewtopic.php?t=735&amp,109868,1f9f8e8c59c4d940335f57c5953b878153dc0749,,
2004/September-20-2004-pic25-img.photobucket.com.jpg,official game: screenshot (RuneScape 2),"RS2 client screenshot. Posted in the forum thread ""Runescape Bits & Bytes :: View topic - {Fear Clan} :: 75+ Combat :: 200+ Members :: 5+ Weekly Event"".",,,2004-09-20,20120525072919,http://img.photobucket.com/albums/v235/mikdan3/pic25.jpg,https://web.archive.org/web/20120525072919/http://img.photobucket.com/albums/v235/mikdan3/pic25.jpg,https://web.archive.org/web/20041229082436/http://www.rsbandb.com:80/forums/viewtopic.php?t=735&amp,95346,a24a949d2fd6e8fc5d564f6c01ef5ee9a5d49064,,
2004/September-20-2004-pic26-img.photobucket.com.png,official game: screenshot (RuneScape 2),"RS2 client screenshot. Posted in the forum thread ""Runescape Bits & Bytes :: View topic - {Fear Clan} :: 75+ Combat :: 200+ Members :: 5+ Weekly Event"".",,,2004-09-20,20120525072921,http://img.photobucket.com/albums/v235/mikdan3/pic26.png,https://web.archive.org/web/20120525072921/http://img.photobucket.com/albums/v235/mikdan3/pic26.png,https://web.archive.org/web/20041229082436/http://www.rsbandb.com:80/forums/viewtopic.php?t=735&amp,145154,a1e9bd74fbf141f0f56c7097620c2aaf304023d4,,
2004/September-20-2004-pic27-img.photobucket.com.png,official game: screenshot (RuneScape 2),"RS2 client screenshot. Posted in the forum thread ""Runescape Bits & Bytes :: View topic - {Fear Clan} :: 75+ Combat :: 200+ Members :: 5+ Weekly Event"".",,,2004-09-20,20120525072923,http://img.photobucket.com/albums/v235/mikdan3/pic27.png,https://web.archive.org/web/20120525072923/http://img.photobucket.com/albums/v235/mikdan3/pic27.png,https://web.archive.org/web/20041229082436/http://www.rsbandb.com:80/forums/viewtopic.php?t=735&amp,146748,1c7c8731f6968ca3524022c5b8160c9a14f37596,,
2004/September-20-2004-pic28-img.photobucket.com.png,official game: screenshot (RuneScape 2),"RS2 client screenshot. Posted in the forum thread ""Runescape Bits & Bytes :: View topic - {Fear Clan} :: 75+ Combat :: 200+ Members :: 5+ Weekly Event"".",,,2004-09-20,20120525072925,http://img.photobucket.com/albums/v235/mikdan3/pic28.png,https://web.archive.org/web/20120525072925/http://img.photobucket.com/albums/v235/mikdan3/pic28.png,https://web.archive.org/web/20041229082436/http://www.rsbandb.com:80/forums/viewtopic.php?t=735&amp,186284,dfd77092f94f14ad14e42bd4105ba65f2056ea26,,
2004/September-20-2004-pic29-img.photobucket.com.png,official game: screenshot (RuneScape 2),"RS2 client screenshot. Posted in the forum thread ""Runescape Bits & Bytes :: View topic - {Fear Clan} :: 75+ Combat :: 200+ Members :: 5+ Weekly Event"".",,,2004-09-20,20120525073053,http://img.photobucket.com/albums/v235/mikdan3/pic29.png,https://web.archive.org/web/20120525073053/http://img.photobucket.com/albums/v235/mikdan3/pic29.png,https://web.archive.org/web/20041229082436/http://www.rsbandb.com:80/forums/viewtopic.php?t=735&amp,173088,130abd4b5e3b6b3b02563173a85ea877178df907,,
2004/September-20-2004-pic30-img.photobucket.com.png,official game: screenshot (RuneScape 2),"RS2 client screenshot. Posted in the forum thread ""Runescape Bits & Bytes :: View topic - {Fear Clan} :: 75+ Combat :: 200+ Members :: 5+ Weekly Event"".",,,2004-09-20,20120525073055,http://img.photobucket.com/albums/v235/mikdan3/pic30.png,https://web.archive.org/web/20120525073055/http://img.photobucket.com/albums/v235/mikdan3/pic30.png,https://web.archive.org/web/20041229082436/http://www.rsbandb.com:80/forums/viewtopic.php?t=735&amp,218843,873354c3f95b3fc4c1b352185d4b656025129a81,,
2004/September-20-2004-pic31-img.photobucket.com.png,official game: screenshot (RuneScape 2),"RS2 client screenshot. Posted in the forum thread ""Runescape Bits & Bytes :: View topic - {Fear Clan} :: 75+ Combat :: 200+ Members :: 5+ Weekly Event"".",,,2004-09-20,20120525073057,http://img.photobucket.com/albums/v235/mikdan3/pic31.png,https://web.archive.org/web/20120525073057/http://img.photobucket.com/albums/v235/mikdan3/pic31.png,https://web.archive.org/web/20041229082436/http://www.rsbandb.com:80/forums/viewtopic.php?t=735&amp,100540,caffb37326d3b3b871dcba30a5adce6ff43af375,,
2004/September-20-2004-pic32-img.photobucket.com.jpg,official game: screenshot (RuneScape 2),"RS2 client screenshot. Posted in the forum thread ""Runescape Bits & Bytes :: View topic - {Fear Clan} :: 75+ Combat :: 200+ Members :: 5+ Weekly Event"".",,,2004-09-20,20120525073125,http://img.photobucket.com/albums/v235/mikdan3/pic32.jpg,https://web.archive.org/web/20120525073125/http://img.photobucket.com/albums/v235/mikdan3/pic32.jpg,https://web.archive.org/web/20041229082436/http://www.rsbandb.com:80/forums/viewtopic.php?t=735&amp,68212,43c6d02b162cac2fca62bdbc225b409536825ab3,,
2004/September-20-2004-pic33-img.photobucket.com.png,official game: screenshot (RuneScape 2),"RS2 client screenshot. Posted in the forum thread ""Runescape Bits & Bytes :: View topic - {Fear Clan} :: 75+ Combat :: 200+ Members :: 5+ Weekly Event"".",,,2004-09-20,20120525073127,http://img.photobucket.com/albums/v235/mikdan3/pic33.png,https://web.archive.org/web/20120525073127/http://img.photobucket.com/albums/v235/mikdan3/pic33.png,https://web.archive.org/web/20041229082436/http://www.rsbandb.com:80/forums/viewtopic.php?t=735&amp,128497,f27dbd637621941e290468984500114146e23f83,,
2004/September-20-2004-pic34-img.photobucket.com.png,official game: screenshot (RuneScape 2),"RS2 client screenshot. Posted in the forum thread ""Runescape Bits & Bytes :: View topic - {Fear Clan} :: 75+ Combat :: 200+ Members :: 5+ Weekly Event"".",,,2004-09-20,20120525073129,http://img.photobucket.com/albums/v235/mikdan3/pic34.png,https://web.archive.org/web/20120525073129/http://img.photobucket.com/albums/v235/mikdan3/pic34.png,https://web.archive.org/web/20041229082436/http://www.rsbandb.com:80/forums/viewtopic.php?t=735&amp,43531,da81591744ead504fff7b677ca4d34f6bf757e8b,,
2004/September-20-2004-pic35-img.photobucket.com.png,official game: screenshot (RuneScape 2),"RS2 client screenshot. Posted in the forum thread ""Runescape Bits & Bytes :: View topic - {Fear Clan} :: 75+ Combat :: 200+ Members :: 5+ Weekly Event"".",,,2004-09-20,20120525073131,http://img.photobucket.com/albums/v235/mikdan3/pic35.png,https://web.archive.org/web/20120525073131/http://img.photobucket.com/albums/v235/mikdan3/pic35.png,https://web.archive.org/web/20041229082436/http://www.rsbandb.com:80/forums/viewtopic.php?t=735&amp,122345,3b5e668700efc6a7501f7fef5ce6eceb29c5f52a,,
2004/September-20-2004-pic36-img.photobucket.com.png,official game: screenshot (RuneScape 2),"RS2 client screenshot. Posted in the forum thread ""Runescape Bits & Bytes :: View topic - {Fear Clan} :: 75+ Combat :: 200+ Members :: 5+ Weekly Event"".",,,2004-09-20,20120525073205,http://img.photobucket.com/albums/v235/mikdan3/pic36.png,https://web.archive.org/web/20120525073205/http://img.photobucket.com/albums/v235/mikdan3/pic36.png,https://web.archive.org/web/20041229082436/http://www.rsbandb.com:80/forums/viewtopic.php?t=735&amp,119744,7c9d91d9453a2591492074d4cef09a4a7d66689c,,
2004/September-20-2004-pic37-img.photobucket.com.png,official game: screenshot (RuneScape 2),"RS2 client screenshot. Posted in the forum thread ""Runescape Bits & Bytes :: View topic - {Fear Clan} :: 75+ Combat :: 200+ Members :: 5+ Weekly Event"".",,,2004-09-20,20120525073207,http://img.photobucket.com/albums/v235/mikdan3/pic37.png,https://web.archive.org/web/20120525073207/http://img.photobucket.com/albums/v235/mikdan3/pic37.png,https://web.archive.org/web/20041229082436/http://www.rsbandb.com:80/forums/viewtopic.php?t=735&amp,113764,306516fe2059cb01fbae9005960cf2631b324334,,
2004/September-20-2004-pic38-img.photobucket.com.png,official game: screenshot (RuneScape 2),"RS2 client screenshot. Posted in the forum thread ""Runescape Bits & Bytes :: View topic - {Fear Clan} :: 75+ Combat :: 200+ Members :: 5+ Weekly Event"".",,,2004-09-20,20120525073209,http://img.photobucket.com/albums/v235/mikdan3/pic38.png,https://web.archive.org/web/20120525073209/http://img.photobucket.com/albums/v235/mikdan3/pic38.png,https://web.archive.org/web/20041229082436/http://www.rsbandb.com:80/forums/viewtopic.php?t=735&amp,125488,1a054d7dfac397a29fefc51149694ba000b3e7e6,,
2004/September-20-2004-pic39-img.photobucket.com.png,official game: screenshot (RuneScape 2),"RS2 client screenshot. Posted in the forum thread ""Runescape Bits & Bytes :: View topic - {Fear Clan} :: 75+ Combat :: 200+ Members :: 5+ Weekly Event"".",,,2004-09-20,20120525073211,http://img.photobucket.com/albums/v235/mikdan3/pic39.png,https://web.archive.org/web/20120525073211/http://img.photobucket.com/albums/v235/mikdan3/pic39.png,https://web.archive.org/web/20041229082436/http://www.rsbandb.com:80/forums/viewtopic.php?t=735&amp,130913,e428d42605dfe8986eff528ab5df1a7544dd429b,,
2004/September-20-2004-pic4-img.photobucket.com.jpg,official game: screenshot (RuneScape 2),"RS2 client screenshot. Posted in the forum thread ""Runescape Bits & Bytes :: View topic - {Fear Clan} :: 75+ Combat :: 200+ Members :: 5+ Weekly Event"".",,,2004-09-20,20051103052412,http://img.photobucket.com/albums/v235/mikdan3/pic4.jpg,https://web.archive.org/web/20051103052412/http://img.photobucket.com/albums/v235/mikdan3/pic4.jpg,https://web.archive.org/web/20041229082436/http://www.rsbandb.com:80/forums/viewtopic.php?t=735&amp,131736,e8d68ba16efe98abfb7c0ebc5cebdd086754c9e5,,
2004/September-20-2004-pic40-img.photobucket.com.png,official game: screenshot (RuneScape 2),"RS2 client screenshot. Posted in the forum thread ""Runescape Bits & Bytes :: View topic - {Fear Clan} :: 75+ Combat :: 200+ Members :: 5+ Weekly Event"".",,,2004-09-20,20120525073238,http://img.photobucket.com/albums/v235/mikdan3/pic40.png,https://web.archive.org/web/20120525073238/http://img.photobucket.com/albums/v235/mikdan3/pic40.png,https://web.archive.org/web/20041229082436/http://www.rsbandb.com:80/forums/viewtopic.php?t=735&amp,130012,26e94aaa8a2ffdd49226029e7ef9a85e60c18193,,
2004/September-20-2004-pic41-img.photobucket.com.png,official game: screenshot (RuneScape 2),"RS2 client screenshot. Posted in the forum thread ""Runescape Bits & Bytes :: View topic - {Fear Clan} :: 75+ Combat :: 200+ Members :: 5+ Weekly Event"".",,,2004-09-20,20120525073240,http://img.photobucket.com/albums/v235/mikdan3/pic41.png,https://web.archive.org/web/20120525073240/http://img.photobucket.com/albums/v235/mikdan3/pic41.png,https://web.archive.org/web/20041229082436/http://www.rsbandb.com:80/forums/viewtopic.php?t=735&amp,134129,2fea04febe522d7c80f9702a664d8660b2d55e2b,,
2004/September-20-2004-pic42-img.photobucket.com.png,official game: screenshot (RuneScape 2),"RS2 client screenshot. Posted in the forum thread ""Runescape Bits & Bytes :: View topic - {Fear Clan} :: 75+ Combat :: 200+ Members :: 5+ Weekly Event"".",,,2004-09-20,20120525073242,http://img.photobucket.com/albums/v235/mikdan3/pic42.png,https://web.archive.org/web/20120525073242/http://img.photobucket.com/albums/v235/mikdan3/pic42.png,https://web.archive.org/web/20041229082436/http://www.rsbandb.com:80/forums/viewtopic.php?t=735&amp,178771,39052615845dae95e35599670be2516d70deda6a,,
2004/September-20-2004-pic43-img.photobucket.com.jpg,official game: screenshot (RuneScape 2),"RS2 client screenshot. Posted in the forum thread ""Runescape Bits & Bytes :: View topic - {Fear Clan} :: 75+ Combat :: 200+ Members :: 5+ Weekly Event"".",,,2004-09-20,20120525073306,http://img.photobucket.com/albums/v235/mikdan3/pic43.jpg,https://web.archive.org/web/20120525073306/http://img.photobucket.com/albums/v235/mikdan3/pic43.jpg,https://web.archive.org/web/20041229082436/http://www.rsbandb.com:80/forums/viewtopic.php?t=735&amp,76465,39d8f98d65c4602fbd2653609b361f807ef14b1d,,
2004/September-20-2004-pic44-img.photobucket.com.jpg,official game: screenshot (RuneScape 2),"RS2 client screenshot. Posted in the forum thread ""Runescape Bits & Bytes :: View topic - {Fear Clan} :: 75+ Combat :: 200+ Members :: 5+ Weekly Event"".",,,2004-09-20,20120525073308,http://img.photobucket.com/albums/v235/mikdan3/pic44.jpg,https://web.archive.org/web/20120525073308/http://img.photobucket.com/albums/v235/mikdan3/pic44.jpg,https://web.archive.org/web/20041229082436/http://www.rsbandb.com:80/forums/viewtopic.php?t=735&amp,77793,d3c3b976ebe7fe2a5de0db26891135353b80d0d8,,
2004/September-20-2004-pic45-img.photobucket.com.png,official game: screenshot (RuneScape 2),"RS2 client screenshot. Posted in the forum thread ""Runescape Bits & Bytes :: View topic - {Fear Clan} :: 75+ Combat :: 200+ Members :: 5+ Weekly Event"".",,,2004-09-20,20120525073311,http://img.photobucket.com/albums/v235/mikdan3/pic45.png,https://web.archive.org/web/20120525073311/http://img.photobucket.com/albums/v235/mikdan3/pic45.png,https://web.archive.org/web/20041229082436/http://www.rsbandb.com:80/forums/viewtopic.php?t=735&amp,119867,769f080c519b5d8da01bea7b1330ea6f3a7cc07f,,
2004/September-20-2004-pic46-img.photobucket.com.png,official game: screenshot (RuneScape 2),"RS2 client screenshot. Posted in the forum thread ""Runescape Bits & Bytes :: View topic - {Fear Clan} :: 75+ Combat :: 200+ Members :: 5+ Weekly Event"".",,,2004-09-20,20120525073313,http://img.photobucket.com/albums/v235/mikdan3/pic46.png,https://web.archive.org/web/20120525073313/http://img.photobucket.com/albums/v235/mikdan3/pic46.png,https://web.archive.org/web/20041229082436/http://www.rsbandb.com:80/forums/viewtopic.php?t=735&amp,142415,9163c987a0bb872f8a1f0f9fcf8275026941b883,,
2004/September-20-2004-pic47-img.photobucket.com.jpg,official game: screenshot (RuneScape 2),"RS2 client screenshot. Posted in the forum thread ""Runescape Bits & Bytes :: View topic - {Fear Clan} :: 75+ Combat :: 200+ Members :: 5+ Weekly Event"".",,,2004-09-20,20120525073359,http://img.photobucket.com/albums/v235/mikdan3/pic47.jpg,https://web.archive.org/web/20120525073359/http://img.photobucket.com/albums/v235/mikdan3/pic47.jpg,https://web.archive.org/web/20041229082436/http://www.rsbandb.com:80/forums/viewtopic.php?t=735&amp,69984,31fb5a973e9039fd6e87e728d5db41bc59798a1f,,
2004/September-20-2004-pic48-img.photobucket.com.jpg,official game: screenshot (RuneScape 2),"RS2 client screenshot. Posted in the forum thread ""Runescape Bits & Bytes :: View topic - {Fear Clan} :: 75+ Combat :: 200+ Members :: 5+ Weekly Event"".",,,2004-09-20,20120525073401,http://img.photobucket.com/albums/v235/mikdan3/pic48.jpg,https://web.archive.org/web/20120525073401/http://img.photobucket.com/albums/v235/mikdan3/pic48.jpg,https://web.archive.org/web/20041229082436/http://www.rsbandb.com:80/forums/viewtopic.php?t=735&amp,78451,b6da2abe22e67a52a5eb6a8d1504611c2e23741d,,
2004/September-20-2004-pic5-img.photobucket.com.jpg,official game: screenshot (RuneScape 2),"RS2 client screenshot. Posted in the forum thread ""Runescape Bits & Bytes :: View topic - {Fear Clan} :: 75+ Combat :: 200+ Members :: 5+ Weekly Event"".",,,2004-09-20,20120525072421,http://img.photobucket.com/albums/v235/mikdan3/pic5.jpg,https://web.archive.org/web/20120525072421/http://img.photobucket.com/albums/v235/mikdan3/pic5.jpg,https://web.archive.org/web/20041229082436/http://www.rsbandb.com:80/forums/viewtopic.php?t=735&amp,115907,2d5dfed68a880e6507d14359754d7e8010838ee5,,
2004/September-20-2004-pic50-img.photobucket.com.png,official game: screenshot (RuneScape 2),"RS2 client screenshot. Posted in the forum thread ""Runescape Bits & Bytes :: View topic - {Fear Clan} :: 75+ Combat :: 200+ Members :: 5+ Weekly Event"".",,,2004-09-20,20120525073405,http://img.photobucket.com/albums/v235/mikdan3/pic50.png,https://web.archive.org/web/20120525073405/http://img.photobucket.com/albums/v235/mikdan3/pic50.png,https://web.archive.org/web/20041229082436/http://www.rsbandb.com:80/forums/viewtopic.php?t=735&amp,127849,2b2b68d89c0712f9a14cb169949a6bd6d2d0e729,,
2004/September-20-2004-pic6-img.photobucket.com.jpg,official game: screenshot (RuneScape 2),"RS2 client screenshot. Posted in the forum thread ""Runescape Bits & Bytes :: View topic - {Fear Clan} :: 75+ Combat :: 200+ Members :: 5+ Weekly Event"".",,,2004-09-20,20120525072423,http://img.photobucket.com/albums/v235/mikdan3/pic6.jpg,https://web.archive.org/web/20120525072423/http://img.photobucket.com/albums/v235/mikdan3/pic6.jpg,https://web.archive.org/web/20041229082436/http://www.rsbandb.com:80/forums/viewtopic.php?t=735&amp,115358,12a41ced8998c187ea991e30cd23ed96ada2211e,,
2004/September-20-2004-pic7-img.photobucket.com.jpg,official game: screenshot (RuneScape 2),"RS2 client screenshot. Posted in the forum thread ""Runescape Bits & Bytes :: View topic - {Fear Clan} :: 75+ Combat :: 200+ Members :: 5+ Weekly Event"".",,,2004-09-20,20120525072424,http://img.photobucket.com/albums/v235/mikdan3/pic7.jpg,https://web.archive.org/web/20120525072424/http://img.photobucket.com/albums/v235/mikdan3/pic7.jpg,https://web.archive.org/web/20041229082436/http://www.rsbandb.com:80/forums/viewtopic.php?t=735&amp,102584,3c85a6872371fe773c519d310fdc8fddc9d151c7,,
2004/September-20-2004-pic8-img.photobucket.com.jpg,official game: screenshot (RuneScape 2),"RS2 client screenshot. Posted in the forum thread ""Runescape Bits & Bytes :: View topic - {Fear Clan} :: 75+ Combat :: 200+ Members :: 5+ Weekly Event"".",,,2004-09-20,20120525072546,http://img.photobucket.com/albums/v235/mikdan3/pic8.jpg,https://web.archive.org/web/20120525072546/http://img.photobucket.com/albums/v235/mikdan3/pic8.jpg,https://web.archive.org/web/20041229082436/http://www.rsbandb.com:80/forums/viewtopic.php?t=735&amp,115609,3d5c332bdb736cd2e6404857de6806a0f42a788c,,
2004/September-20-2004-pic9-img.photobucket.com.jpg,official game: screenshot (RuneScape 2),"RS2 client screenshot. Posted in the forum thread ""Runescape Bits & Bytes :: View topic - {Fear Clan} :: 75+ Combat :: 200+ Members :: 5+ Weekly Event"".",,,2004-09-20,20120525072548,http://img.photobucket.com/albums/v235/mikdan3/pic9.jpg,https://web.archive.org/web/20120525072548/http://img.photobucket.com/albums/v235/mikdan3/pic9.jpg,https://web.archive.org/web/20041229082436/http://www.rsbandb.com:80/forums/viewtopic.php?t=735&amp,79292,ccdd4066c86de8ba233dc1babe5288dc6a6d1527,,
2004/September-21-2004-leet-koti.mbnet.fi.jpg,official game: screenshot (RuneScape 2),RS2 client screenshot from koti.mbnet.fi.,,,2004-09-21,20041217040548,http://koti.mbnet.fi:80/kuukke/data/!%20%20%20leet%20%20%20!.JPG,https://web.archive.org/web/20041217040548/http://koti.mbnet.fi:80/kuukke/data/!%20%20%20leet%20%20%20!.JPG,,73178,1a734232c17acda95922c62733dcf7ccaff1968c,,
2004/September-22-2004-1300-skilltotal-koti.mbnet.fi.jpg,official game: screenshot (RuneScape 2),RS2 client screenshot from koti.mbnet.fi.,,,2004-09-22,20050128141900,http://koti.mbnet.fi:80/kuukke/data/1300%20skilltotal.JPG,https://web.archive.org/web/20050128141900/http://koti.mbnet.fi:80/kuukke/data/1300%20skilltotal.JPG,,72349,1bc42e010ef28f0b6f5b8dc451b649c1b44f00ef,,
2004/September-22-2004-altar-img53.exs.cx.png,official game: screenshot (RuneScape 2),"RS2 client screenshot. Posted in the forum thread ""RuneScape Community -> Regicide"".",,,2004-09-22,20041124000913,http://img53.exs.cx:80/img53/3661/Altar.png,https://web.archive.org/web/20041124000913/http://img53.exs.cx:80/img53/3661/Altar.png,https://web.archive.org/web/20050312171500/http://www.runescapecommunity.com:80/index.php?showtopic=187033,44702,0a24eadf1b8f3e9c77a689450f8792877555f970,,
2004/September-22-2004-bombblast-img88.exs.cx.png,official game: screenshot (RuneScape 2),"RS2 client screenshot. Posted in the forum thread ""RuneScape Community -> Regicide"".",,,2004-09-22,20041123201606,http://img88.exs.cx:80/img88/2573/Bombblast.png,https://web.archive.org/web/20041123201606/http://img88.exs.cx:80/img88/2573/Bombblast.png,https://web.archive.org/web/20050312171500/http://www.runescapecommunity.com:80/index.php?showtopic=187033,88881,f82cb50dd483adec6e2934692f8dd5794fca7e30,,
2004/September-22-2004-bridge3-img88.exs.cx.png,official game: screenshot (RuneScape 2),"RS2 client screenshot. Posted in the forum thread ""RuneScape Community -> Regicide"".",,,2004-09-22,20041124000010,http://img88.exs.cx:80/img88/1625/Bridge3.png,https://web.archive.org/web/20041124000010/http://img88.exs.cx:80/img88/1625/Bridge3.png,https://web.archive.org/web/20050312171500/http://www.runescapecommunity.com:80/index.php?showtopic=187033,132067,07d4f14992ea6709b6aa49b82e20e42722947e17,,
2004/September-22-2004-cannotenter-img88.exs.cx.png,official game: screenshot (RuneScape 2),"RS2 client screenshot. Posted in the forum thread ""RuneScape Community -> Regicide"".",,,2004-09-22,20041123193324,http://img88.exs.cx:80/img88/7770/Cannotenter.png,https://web.archive.org/web/20041123193324/http://img88.exs.cx:80/img88/7770/Cannotenter.png,https://web.archive.org/web/20050312171500/http://www.runescapecommunity.com:80/index.php?showtopic=187033,107146,537ce6b5b16dc70dcbd0fc34f1d19034a6639a74,,
2004/September-22-2004-climbover-stile-img64.exs.cx.png,official game: screenshot (RuneScape 2),"RS2 client screenshot. Posted in the forum thread ""Runescape Community -> Troll Stronghold"".",,,2004-09-22,20050428215325,http://img64.exs.cx:80/img64/6154/ClimbOver_Stile.png,https://web.archive.org/web/20050428215325/http://img64.exs.cx:80/img64/6154/ClimbOver_Stile.png,https://web.archive.org/web/20041127050718/http://www.runescapecommunity.com:80/index.php?showtopic=187286,54542,c5de2cb584655ac636392369e11b68dfe8a80a46,,
2004/September-22-2004-fail-img53.exs.cx.png,official game: screenshot (RuneScape 2),"RS2 client screenshot. Posted in the forum thread ""RuneScape Community -> Regicide"".",,,2004-09-22,20041123235453,http://img53.exs.cx:80/img53/2729/Fail.png,https://web.archive.org/web/20041123235453/http://img53.exs.cx:80/img53/2729/Fail.png,https://web.archive.org/web/20050312171500/http://www.runescapecommunity.com:80/index.php?showtopic=187033,14253,e0bfd258d1983d9a367424d4c34c86fd925751f9,,
2004/September-22-2004-gate-img64.exs.cx.png,official game: screenshot (RuneScape 2),"RS2 client screenshot. Posted in the forum thread ""Runescape Community -> Troll Stronghold"".",,,2004-09-22,20050428215154,http://img64.exs.cx:80/img64/9545/Gate.png,https://web.archive.org/web/20050428215154/http://img64.exs.cx:80/img64/9545/Gate.png,https://web.archive.org/web/20041127050718/http://www.runescapecommunity.com:80/index.php?showtopic=187286,49145,1607a977889b113d4f08ccc4394a5f2b31459fea,,
2004/September-22-2004-generalhuning-img88.exs.cx.png,official game: screenshot (RuneScape 2),"RS2 client screenshot. Posted in the forum thread ""RuneScape Community -> Regicide"".",,,2004-09-22,20041123204126,http://img88.exs.cx:80/img88/6053/GeneralHuning.png,https://web.archive.org/web/20041123204126/http://img88.exs.cx:80/img88/6053/GeneralHuning.png,https://web.archive.org/web/20050312171500/http://www.runescapecommunity.com:80/index.php?showtopic=187033,72455,04662a583889252dfdfdc5f145f30bba3a37e28c,,
2004/September-22-2004-jumpoverleaves-img53.exs.cx.png,official game: screenshot (RuneScape 2),"RS2 client screenshot. Posted in the forum thread ""RuneScape Community -> Regicide"".",,,2004-09-22,20041123235320,http://img53.exs.cx:80/img53/5448/Jumpoverleaves.png,https://web.archive.org/web/20041123235320/http://img53.exs.cx:80/img53/5448/Jumpoverleaves.png,https://web.archive.org/web/20050312171500/http://www.runescapecommunity.com:80/index.php?showtopic=187033,104942,4d5528c8714bc4549e8ac288d41895cb5bd397d7,,
2004/September-22-2004-mountain-troll-img64.exs.cx.png,official game: screenshot (RuneScape 2),"RS2 client screenshot. Posted in the forum thread ""Runescape Community -> Troll Stronghold"".",,,2004-09-22,20050428213313,http://img64.exs.cx:80/img64/6126/Mountain_Troll.png,https://web.archive.org/web/20050428213313/http://img64.exs.cx:80/img64/6126/Mountain_Troll.png,https://web.archive.org/web/20041127050718/http://www.runescapecommunity.com:80/index.php?showtopic=187286,44711,43905ce9124d8ff08737f8f007febcca3b334e2d,,
2004/September-22-2004-pickpocket-twig-img64.exs.cx.png,official game: screenshot (RuneScape 2),"RS2 client screenshot. Posted in the forum thread ""Runescape Community -> Troll Stronghold"".",,,2004-09-22,20050428221040,http://img64.exs.cx:80/img64/8371/Pickpocket_Twig.png,https://web.archive.org/web/20050428221040/http://img64.exs.cx:80/img64/8371/Pickpocket_Twig.png,https://web.archive.org/web/20041127050718/http://www.runescapecommunity.com:80/index.php?showtopic=187286,64898,18c459cc5667276f3b5538e766b53e1c3d5f72fa,,
2004/September-22-2004-smallfurnace-img88.exs.cx.png,official game: screenshot (RuneScape 2),"RS2 client screenshot. Posted in the forum thread ""RuneScape Community -> Regicide"".",,,2004-09-22,20041123204624,http://img88.exs.cx:80/img88/9997/Smallfurnace.png,https://web.archive.org/web/20041123204624/http://img88.exs.cx:80/img88/9997/Smallfurnace.png,https://web.archive.org/web/20050312171500/http://www.runescapecommunity.com:80/index.php?showtopic=187033,86507,639c59f7e94e8b6aad21b7b642ea89a9fc1a2dfe,,
2004/September-22-2004-sticks-img53.exs.cx.png,official game: screenshot (RuneScape 2),"RS2 client screenshot. Posted in the forum thread ""RuneScape Community -> Regicide"".",,,2004-09-22,20041229075201,http://img53.exs.cx:80/img53/199/Sticks.png,https://web.archive.org/web/20041229075201/http://img53.exs.cx:80/img53/199/Sticks.png,https://web.archive.org/web/20050312171500/http://www.runescapecommunity.com:80/index.php?showtopic=187033,131930,3ab2abd0457bbad2900c860b097a3018395ba3f8,,
2004/September-22-2004-sulphur-img88.exs.cx.png,official game: screenshot (RuneScape 2),"RS2 client screenshot. Posted in the forum thread ""RuneScape Community -> Regicide"".",,,2004-09-22,20041123194218,http://img88.exs.cx:80/img88/988/Sulphur.png,https://web.archive.org/web/20041123194218/http://img88.exs.cx:80/img88/988/Sulphur.png,https://web.archive.org/web/20050312171500/http://www.runescapecommunity.com:80/index.php?showtopic=187033,46731,263a1c841e55b7109f14ecae0f0d20f364211cbe,,
2004/September-22-2004-tenzing-img64.exs.cx.png,official game: screenshot (RuneScape 2),RS2 screenshot posted to a 2004-05 fansite forum thread; found by the 2001-2005 fansite re-screen,,,2004-09-22,20050428223947,http://img64.exs.cx:80/img64/2244/Tenzing.png,https://web.archive.org/web/20050428223947/http://img64.exs.cx:80/img64/2244/Tenzing.png,,81470,b5b2a636cbcb3a0d429255e25c6f8594e7fbf50a,,
2004/September-23-2004-fletching82snakus1-koti.mbnet.fi.png,official game: screenshot (RuneScape 2),RS2 client screenshot from koti.mbnet.fi.,,,2004-09-23,20041122143209,http://koti.mbnet.fi:80/kuukke/data/fletching82snakus1.PNG,https://web.archive.org/web/20041122143209/http://koti.mbnet.fi:80/kuukke/data/fletching82snakus1.PNG,,187702,8bb5db409d5faf529dc8123d43d929f81a417fe4,,
2004/September-24-2004-mime-random-event-img.villagephotos.com.jpg,official game: screenshot (RuneScape 2),"The Mime random event (spotlight on the stage), same album.",,,2004-09-24,20050113204159,http://img.villagephotos.com:80/p/2004-9/828071/mime2.JPG,https://web.archive.org/web/20050113204159/http://img.villagephotos.com:80/p/2004-9/828071/mime2.JPG,,40378,783b966823aa80271ad464d0eb71f5e2c94791df,,
2004/September-24-2004-rune-simmy-taas-koti.mbnet.fi.jpg,official game: screenshot (RuneScape 2),RS2 client screenshot from koti.mbnet.fi.,,,2004-09-24,20041122142400,http://koti.mbnet.fi:80/kuukke/data/rune_simmy_taas.JPG,https://web.archive.org/web/20041122142400/http://koti.mbnet.fi:80/kuukke/data/rune_simmy_taas.JPG,,93775,2f77ec723cf52181715555e5009ec7dfbe4eee17,,
2004/September-24-2004-rune-simmy-taas2-koti.mbnet.fi.jpg,official game: screenshot (RuneScape 2),RS2 client screenshot from koti.mbnet.fi.,,,2004-09-24,20050128131719,http://koti.mbnet.fi:80/kuukke/data/rune_simmy_taas2.JPG,https://web.archive.org/web/20050128131719/http://koti.mbnet.fi:80/kuukke/data/rune_simmy_taas2.JPG,,97242,6cc048e85fda1f04190e01c328705a62a0ad8cd6,,
2004/September-25-2004-124lvl-ukko-kimpus-koti.mbnet.fi.jpg,official game: screenshot (RuneScape 2),RS2 client screenshot from koti.mbnet.fi.,,,2004-09-25,20050113054630,http://koti.mbnet.fi:80/kuukke/data/124lvl%20ukko%20kimpus.JPG,https://web.archive.org/web/20050113054630/http://koti.mbnet.fi:80/kuukke/data/124lvl%20ukko%20kimpus.JPG,,75416,f104cb45a22d972d28346aa3e8eaa40e6cdc48a6,,
2004/September-25-2004-80hitsown-koti.mbnet.fi.jpg,official game: screenshot (RuneScape 2),RS2 client screenshot from koti.mbnet.fi.,,,2004-09-25,20041122140038,http://koti.mbnet.fi:80/kuukke/data/80hitsown.JPG,https://web.archive.org/web/20041122140038/http://koti.mbnet.fi:80/kuukke/data/80hitsown.JPG,,77061,4f8b199837a1070c516d2c88c5847581d59a3f96,,
2004/September-25-2004-blkkite-t-koti.mbnet.fi.jpg,official game: screenshot (RuneScape 2),RS2 client screenshot from koti.mbnet.fi.,,,2004-09-25,20050125042941,http://koti.mbnet.fi:80/kuukke/data/blkkite(t).JPG,https://web.archive.org/web/20050125042941/http://koti.mbnet.fi:80/kuukke/data/blkkite(t).JPG,,81430,32fb08ba3bb4557eb66838a6abf469404a6a68a7,,
2004/September-26-2004-70prayer-koti.mbnet.fi.png,official game: screenshot (RuneScape 2),RS2 client screenshot from koti.mbnet.fi.,,,2004-09-26,20041019000419,http://koti.mbnet.fi:80/~hohtava/70prayer.PNG,https://web.archive.org/web/20041019000419/http://koti.mbnet.fi:80/~hohtava/70prayer.PNG,,170804,a397b85186243c1741999b92ca5b9b223aaec60a,,
2004/September-26-2004-99str1500total-koti.mbnet.fi.png,official game: screenshot (RuneScape 2),RS2 client screenshot from koti.mbnet.fi.,,,2004-09-26,20041108005910,http://koti.mbnet.fi:80/~hohtava/99str1500total.PNG,https://web.archive.org/web/20041108005910/http://koti.mbnet.fi:80/~hohtava/99str1500total.PNG,,189094,23fa055eb4d7c8450023d850c272f1fc0611b6bf,,
2004/September-28-2004-a-tempsu-naab-a-koti.mbnet.fi.jpg,official game: screenshot (RuneScape 2),RS2 client screenshot from koti.mbnet.fi.,,,2004-09-28,20050113055159,http://koti.mbnet.fi:80/kuukke/data/A%20tempsu%20=%20naab%20A.JPG,https://web.archive.org/web/20050113055159/http://koti.mbnet.fi:80/kuukke/data/A%20tempsu%20=%20naab%20A.JPG,,84255,3a6402196b7d258b26f15041494e3fe8f9bf2ff4,,
2004/September-28-2004-anitaquestion-img17.exs.cx.jpg,official game: screenshot (RuneScape 2),RS2 screenshot posted to a 2004-05 fansite forum thread; found by the 2001-2005 fansite re-screen,,,2004-09-28,20041114171000,http://img17.exs.cx:80/img17/2827/anitaquestion.jpg,https://web.archive.org/web/20041114171000/http://img17.exs.cx:80/img17/2827/anitaquestion.jpg,,69858,c7aefd2314f16aa6313e78b89ef70eefe5bc13e1,,
2004/September-28-2004-anitashouse-img18.exs.cx.jpg,official game: screenshot (RuneScape 2),RS2 screenshot posted to a 2004-05 fansite forum thread; found by the 2001-2005 fansite re-screen,,,2004-09-28,20041114182537,http://img18.exs.cx:80/img18/4011/anitashouse.jpg,https://web.archive.org/web/20041114182537/http://img18.exs.cx:80/img18/4011/anitashouse.jpg,,60777,6e6a00866e9a2a22906560bcc38a71faf76b5ab7,,
2004/September-28-2004-blackdemon-img38.exs.cx.jpg,official game: screenshot (RuneScape 2),RS2 screenshot posted to a 2004-05 fansite forum thread; found by the 2001-2005 fansite re-screen,,,2004-09-28,20041114175956,http://img38.exs.cx:80/img38/4415/Blackdemon.jpg,https://web.archive.org/web/20041114175956/http://img38.exs.cx:80/img38/4415/Blackdemon.jpg,,66678,3b5e597db5973cc75a15ce526efc65f69ae6d0b7,,
2004/September-28-2004-fletching85snakus1-koti.mbnet.fi.png,official game: screenshot (RuneScape 2),RS2 client screenshot from koti.mbnet.fi.,,,2004-09-28,20050123085625,http://koti.mbnet.fi:80/kuukke/data/fletching85snakus1.PNG,https://web.archive.org/web/20050123085625/http://koti.mbnet.fi:80/kuukke/data/fletching85snakus1.PNG,,121509,eef98e592e1650b392e6d361ff77a398fd96aa2c,,
2004/September-28-2004-glough1-img67.exs.cx.jpg,official game: screenshot (RuneScape 2),RS2 screenshot posted to a 2004-05 fansite forum thread; found by the 2001-2005 fansite re-screen,,,2004-09-28,20041114213711,http://img67.exs.cx:80/img67/3498/glough1.jpg,https://web.archive.org/web/20041114213711/http://img67.exs.cx:80/img67/3498/glough1.jpg,,59622,3f45d629c8fbdffaee308c05dfde524255a55733,,
2004/September-28-2004-gloughcrazy-img64.exs.cx.jpg,official game: screenshot (RuneScape 2),RS2 screenshot posted to a 2004-05 fansite forum thread; found by the 2001-2005 fansite re-screen,,,2004-09-28,20041114192349,http://img64.exs.cx:80/img64/3627/gloughcrazy.jpg,https://web.archive.org/web/20041114192349/http://img64.exs.cx:80/img64/3627/gloughcrazy.jpg,,103671,cebed74a00d43413683378e99b158253bd7e87b9,,
2004/September-28-2004-gloughscupboard-img66.exs.cx.jpg,official game: screenshot (RuneScape 2),"RS2 client screenshot. Posted in the forum thread ""Runescape Community -> The Grand Tree"".",,,2004-09-28,20041114222204,http://img66.exs.cx:80/img66/962/gloughscupboard.jpg,https://web.archive.org/web/20041114222204/http://img66.exs.cx:80/img66/962/gloughscupboard.jpg,https://web.archive.org/web/20041127045013/http://www.runescapecommunity.com:80/index.php?showtopic=189469,18042,7ee22ec85a5c2474e471dd5bba4eedebfd3b007e,,
2004/September-28-2004-gloughshouse-img13.exs.cx.jpg,official game: screenshot (RuneScape 2),RS2 screenshot posted to a 2004-05 fansite forum thread; found by the 2001-2005 fansite re-screen,,,2004-09-28,20041114205711,http://img13.exs.cx:80/img13/3672/gloughshouse.jpg,https://web.archive.org/web/20041114205711/http://img13.exs.cx:80/img13/3672/gloughshouse.jpg,,61641,f27670367c433df2e838676777331a817d767421,,
2004/September-28-2004-gnomepilot-img56.exs.cx.jpg,official game: screenshot (RuneScape 2),RS2 screenshot posted to a 2004-05 fansite forum thread; found by the 2001-2005 fansite re-screen,,,2004-09-28,20041114212217,http://img56.exs.cx:80/img56/7968/gnomepilot.jpg,https://web.archive.org/web/20041114212217/http://img56.exs.cx:80/img56/7968/gnomepilot.jpg,,61916,a9b268822dfb9c7382eb095c8c7f688ded5e5e5b,,
2004/September-28-2004-island-img64.exs.cx.jpg,official game: screenshot (RuneScape 2),RS2 screenshot posted to a 2004-05 fansite forum thread; found by the 2001-2005 fansite re-screen,,,2004-09-28,20041114215643,http://img64.exs.cx:80/img64/2376/Island.jpg,https://web.archive.org/web/20041114215643/http://img64.exs.cx:80/img64/2376/Island.jpg,,57736,2e2ef54d1c572af69bbb290a3e05027b2768bc6d,,
2004/September-28-2004-message1-img68.exs.cx.jpg,official game: screenshot (RuneScape 2),RS2 screenshot posted to a 2004-05 fansite forum thread; found by the 2001-2005 fansite re-screen,,,2004-09-28,20041114170639,http://img68.exs.cx:80/img68/3203/message1.jpg,https://web.archive.org/web/20041114170639/http://img68.exs.cx:80/img68/3203/message1.jpg,,67663,e3794b784b20762a6d8475810cb47fb52ccc8c29,,
2004/September-28-2004-stake1-img46.exs.cx.gif,official game: screenshot (RuneScape 2),RS2 client screenshot from img46.exs.cx. Embedded in: Runescapers Portal - www.runescapers.com: Forums / RuneScape Wilderness Forum / Few Stakes from about a month ago (https://web.archive.org/web/20041108160740/http://rsportal.dtiltas.lt:80/forum_viewtopic.php?6.21496).,,,2004-09-28,20070430043737,http://img46.exs.cx/img46/7462/Stake1.gif,https://web.archive.org/web/20070430043737/http://img46.exs.cx/img46/7462/Stake1.gif,,76153,5b857377da1f86c5d499bdd6a7c3fffaaa96e614,,
2004/September-28-2004-twigspillar-img65.exs.cx.jpg,official game: screenshot (RuneScape 2),RS2 screenshot posted to a 2004-05 fansite forum thread; found by the 2001-2005 fansite re-screen,,,2004-09-28,20041114203312,http://img65.exs.cx:80/img65/7282/twigspillar.jpg,https://web.archive.org/web/20041114203312/http://img65.exs.cx:80/img65/7282/twigspillar.jpg,,56834,bee7f290464a39066f80df22039b1ffeea65a982,,
2004/September-28-2004-update-snakus1-koti.mbnet.fi.png,official game: screenshot (RuneScape 2),RS2 client screenshot from koti.mbnet.fi.,,,2004-09-28,20041122142714,http://koti.mbnet.fi:80/kuukke/data/update%20snakus1.PNG,https://web.archive.org/web/20041122142714/http://koti.mbnet.fi:80/kuukke/data/update%20snakus1.PNG,,175913,6875ddffb821b124c5e0499ddc452667f394a746,,
2004/September-29-2004-95-fletching-koti.mbnet.fi.jpg,official game: screenshot (RuneScape 2),RS2 client screenshot from koti.mbnet.fi.,,,2004-09-29,20041029080710,http://koti.mbnet.fi:80/tarpuqqa/Stats/95%20fletching.JPG,https://web.archive.org/web/20041029080710/http://koti.mbnet.fi:80/tarpuqqa/Stats/95%20fletching.JPG,,104321,c651d35c924f7c77f0c6ce946ff8dd05b88c28fb,,
2004/September-29-2004-holywaterguideimage2-runehq.com.png,official game: screenshot (RuneScape 2),RS2 client screenshot from a 2004-05 fansite page (www.runehq.com:80); found by the 2001-2005 fansite re-screen,,,2004-09-29,20050228135622,http://www.runehq.com:80/images/quests/memberquests/HolyWaterGuideImage2.png,https://web.archive.org/web/20050228135622/http://www.runehq.com:80/images/quests/memberquests/HolyWaterGuideImage2.png,,181714,294bcd8f74a9efc762e50107af5ea3308afc9e5b,,
2004/September-3-2004-copperandtin-img85.exs.cx.png,official game: screenshot (RuneScape 2),"RS2 client screenshot. Posted in the forum thread ""Runescape Community -> Observatory Quest"".",,,2004-09-03,20041123203639,http://img85.exs.cx:80/img85/3962/copperandtin.png,https://web.archive.org/web/20041123203639/http://img85.exs.cx:80/img85/3962/copperandtin.png,https://web.archive.org/web/20041122053941/http://www.runescapecommunity.com:80/index.php?showtopic=179228,68337,176ad0c5d8bf116942433d87ab7efefb3478d583,,
2004/September-3-2004-furance-img85.exs.cx.png,official game: screenshot (RuneScape 2),"RS2 client screenshot. Posted in the forum thread ""Runescape Community -> Observatory Quest"".",,,2004-09-03,20041123195008,http://img85.exs.cx:80/img85/1364/furance.png,https://web.archive.org/web/20041123195008/http://img85.exs.cx:80/img85/1364/furance.png,https://web.archive.org/web/20041122053941/http://www.runescapecommunity.com:80/index.php?showtopic=179228,81743,41438902c96761ebee845fc301c798467f9b8dc7,,
2004/September-3-2004-jackorrs-koti.mbnet.fi.jpg,official game: screenshot (RuneScape 2),RS2 client screenshot from koti.mbnet.fi.,,,2004-09-03,20041128043218,http://koti.mbnet.fi:80/kuukke/data/jackorrs.JPG,https://web.archive.org/web/20041128043218/http://koti.mbnet.fi:80/kuukke/data/jackorrs.JPG,,75700,2304af102ac5731c274cf669fbddf162e1e08d24,,
2004/September-3-2004-nezi-img3.exs.cx.png,official game: screenshot (RuneScape 2),"RS2 client screenshot. Posted in the forum thread ""Runescape Community -> Legends Quest"".",,,2004-09-03,20041123201641,http://img3.exs.cx:80/img3/7396/nezi.png,https://web.archive.org/web/20041123201641/http://img3.exs.cx:80/img3/7396/nezi.png,https://web.archive.org/web/20041122054006/http://www.runescapecommunity.com:80/index.php?showtopic=143222,40789,571a322bca3a2e8b66e2201da7107931d0d06575,,
2004/September-3-2004-nezijungle-img90.exs.cx.png,official game: screenshot (RuneScape 2),"RS2 client screenshot. Posted in the forum thread ""Runescape Community -> Legends Quest"".",,,2004-09-03,20041124002233,http://img90.exs.cx:80/img90/7540/nezijungle.png,https://web.archive.org/web/20041124002233/http://img90.exs.cx:80/img90/7540/nezijungle.png,https://web.archive.org/web/20041122054006/http://www.runescapecommunity.com:80/index.php?showtopic=143222,87215,7e4e5cb93cb715c55d1b8d1957dab5572226248c,,
2004/September-3-2004-planks-img85.exs.cx.png,official game: screenshot (RuneScape 2),"RS2 client screenshot. Posted in the forum thread ""Runescape Community -> Observatory Quest"".",,,2004-09-03,20041123185601,http://img85.exs.cx:80/img85/5633/planks.png,https://web.archive.org/web/20041123185601/http://img85.exs.cx:80/img85/5633/planks.png,https://web.archive.org/web/20041122053941/http://www.runescapecommunity.com:80/index.php?showtopic=179228,82644,d1ccdadf0fefe9c7eed9bbbc0a6006dc89ff02d1,,
2004/September-3-2004-sand-img85.exs.cx.png,official game: screenshot (RuneScape 2),"RS2 client screenshot. Posted in the forum thread ""Runescape Community -> Observatory Quest"".",,,2004-09-03,20041123195156,http://img85.exs.cx:80/img85/2294/sand.png,https://web.archive.org/web/20041123195156/http://img85.exs.cx:80/img85/2294/sand.png,https://web.archive.org/web/20041122053941/http://www.runescapecommunity.com:80/index.php?showtopic=179228,128533,38f3063e86a0189d6afd1a53259f9d67c17deb51,,
2004/September-3-2004-ytreeadult-img44.exs.cx.png,official game: screenshot (RuneScape 2),"RS2 client screenshot. Posted in the forum thread ""Runescape Community -> Legends Quest"".",,,2004-09-03,20041124000829,http://img44.exs.cx:80/img44/7424/ytreeadult.png,https://web.archive.org/web/20041124000829/http://img44.exs.cx:80/img44/7424/ytreeadult.png,https://web.archive.org/web/20041122054006/http://www.runescapecommunity.com:80/index.php?showtopic=143222,71320,79795417d51bb05f7b68aaad87812fc3d3b03380,,
2004/September-3-2004-ytreebaby-img88.exs.cx.png,official game: screenshot (RuneScape 2),"RS2 client screenshot. Posted in the forum thread ""Runescape Community -> Legends Quest"".",,,2004-09-03,20041123203806,http://img88.exs.cx:80/img88/8950/ytreebaby.png,https://web.archive.org/web/20041123203806/http://img88.exs.cx:80/img88/8950/ytreebaby.png,https://web.archive.org/web/20041122054006/http://www.runescapecommunity.com:80/index.php?showtopic=143222,61566,69b3f2dc0ea39392e74d63639239297bb60138ea,,
2004/September-3-2004-ytreefallen-img80.exs.cx.png,official game: screenshot (RuneScape 2),"RS2 client screenshot. Posted in the forum thread ""Runescape Community -> Legends Quest"".",,,2004-09-03,20041123204530,http://img80.exs.cx:80/img80/301/ytreefallen.png,https://web.archive.org/web/20041123204530/http://img80.exs.cx:80/img80/301/ytreefallen.png,https://web.archive.org/web/20041122054006/http://www.runescapecommunity.com:80/index.php?showtopic=143222,70090,361f7c6ebcefd8dce75f8fd561eb9882709065cc,,
2004/September-3-2004-ytreetrimmed-img78.exs.cx.png,official game: screenshot (RuneScape 2),"RS2 client screenshot. Posted in the forum thread ""Runescape Community -> Legends Quest"".",,,2004-09-03,20041123201400,http://img78.exs.cx:80/img78/2416/ytreetrimmed.png,https://web.archive.org/web/20041123201400/http://img78.exs.cx:80/img78/2416/ytreetrimmed.png,https://web.archive.org/web/20041122054006/http://www.runescapecommunity.com:80/index.php?showtopic=143222,61867,b2f5faae2bfbc3b95b46b71dc67508cf53b99ed6,,
2004/September-3-2004-ytreeyoung-img44.exs.cx.png,official game: screenshot (RuneScape 2),"RS2 client screenshot. Posted in the forum thread ""Runescape Community -> Legends Quest"".",,,2004-09-03,20041123193149,http://img44.exs.cx:80/img44/5651/ytreeyoung.png,https://web.archive.org/web/20041123193149/http://img44.exs.cx:80/img44/5651/ytreeyoung.png,https://web.archive.org/web/20041122054006/http://www.runescapecommunity.com:80/index.php?showtopic=143222,68982,23f5b9f2935ecc543439d49969ea9009b8dfac05,,
2004/September-30-2004-the-sk38-wizzonline.co.uk.jpg,official game: screenshot (RuneScape 2),RS2 client screenshot from a 2004-05 fansite page (www.wizzonline.co.uk:80); found by the 2001-2005 fansite re-screen,,,2004-09-30,20050205150245,http://www.wizzonline.co.uk:80/the%20sk38.jpg,https://web.archive.org/web/20050205150245/http://www.wizzonline.co.uk:80/the%20sk38.jpg,,85775,bd3bcfcd13d5338bda74f9e0ee98434acf02ad6a,,
2004/September-30-2004-wizzonline-cheese-party-client-wizzonline.co.uk.jpg,official game: screenshot (RuneScape 2),"RS2 client screenshot, crowd with Cheese arrr chat, from the wizzonline.co.uk RuneScape gallery (2004 page; this capture is from 2013)",,,2004-09-30,20130310201951,http://www.wizzonline.co.uk:80/the%20sk34.jpg,https://web.archive.org/web/20130310201951/http://www.wizzonline.co.uk:80/the%20sk34.jpg,,93350,4b911e121b4f1ae33bf2d3c5f6b421b59cdf4c19,,
2004/September-4-2004-firemaking60-koti.mbnet.fi.png,official game: screenshot (RuneScape 2),RS2 client screenshot from koti.mbnet.fi.,,,2004-09-04,20050123084621,http://koti.mbnet.fi:80/kuukke/data/firemaking60.PNG,https://web.archive.org/web/20050123084621/http://koti.mbnet.fi:80/kuukke/data/firemaking60.PNG,,138878,c235ea78541331ff3b1fcba9180b296adb7cb3dc,,
2004/September-4-2004-g-b-s-dead-koti.mbnet.fi.jpg,official game: screenshot (RuneScape 2),RS2 client screenshot from koti.mbnet.fi.,,,2004-09-04,20050123085314,http://koti.mbnet.fi:80/kuukke/data/g%20b%20s%20dead.JPG,https://web.archive.org/web/20050123085314/http://koti.mbnet.fi:80/kuukke/data/g%20b%20s%20dead.JPG,,101183,2f89b3a28d16160b1ea4174de33beb45681438fb,,
2004/September-4-2004-poolbowl-img42.exs.cx.png,official game: screenshot (RuneScape 2),"RS2 client screenshot. Posted in the forum thread ""Runescape Community -> Legends Quest"".",,,2004-09-04,20041123190241,http://img42.exs.cx:80/img42/9017/poolbowl.png,https://web.archive.org/web/20041123190241/http://img42.exs.cx:80/img42/9017/poolbowl.png,https://web.archive.org/web/20041122054006/http://www.runescapecommunity.com:80/index.php?showtopic=143222,88675,0221a06772a3acb8c7e83730b5ad080314a5177d,,
2004/September-4-2004-statswc76-koti.mbnet.fi.png,official game: screenshot (RuneScape 2),RS2 client screenshot from koti.mbnet.fi.,,,2004-09-04,20041128172306,http://koti.mbnet.fi:80/kuukke/data/statswc76.PNG,https://web.archive.org/web/20041128172306/http://koti.mbnet.fi:80/kuukke/data/statswc76.PNG,,151369,abbc2b744070faf6b32123cb16a0e9ec81a9636b,,
2004/September-4-2004-wild-kot-dead-koti.mbnet.fi.jpg,official game: screenshot (RuneScape 2),RS2 client screenshot from koti.mbnet.fi.,,,2004-09-04,20041122121222,http://koti.mbnet.fi:80/kuukke/data/!%20%20%20wild%20kot%20dead%20%20%20!.JPG,https://web.archive.org/web/20041122121222/http://koti.mbnet.fi:80/kuukke/data/!%20%20%20wild%20kot%20dead%20%20%20!.JPG,,68443,7d13245e1a775481ca6cd03acd00775e7048dd11,,
2004/September-4-2004-woodcutting76-koti.mbnet.fi.jpg,official game: screenshot (RuneScape 2),RS2 client screenshot from koti.mbnet.fi.,,,2004-09-04,20041201022236,http://koti.mbnet.fi:80/kuukke/data/woodcutting76.JPG,https://web.archive.org/web/20041201022236/http://koti.mbnet.fi:80/kuukke/data/woodcutting76.JPG,,92543,6ab693669e6a5f57c3afb6768cd373a92109dfea,,
2004/September-5-2004-leprechauntree-runehq.com.gif,official game: screenshot (RuneScape 2),RS2 client screenshot from a 2004-05 fansite page (runehq.com:80); found by the 2001-2005 fansite re-screen,,,2004-09-05,20041223132259,http://runehq.com:80/images/otherguides/leprechauntree.gif,https://web.archive.org/web/20041223132259/http://runehq.com:80/images/otherguides/leprechauntree.gif,,95423,6b887bf1c20c68f5da8a9e427e9cf4b918798e98,,
2004/September-7-2004-lvl-77-koti.mbnet.fi.png,official game: screenshot (RuneScape 2),RS2 client screenshot from koti.mbnet.fi.,,,2004-09-07,20041128043223,http://koti.mbnet.fi:80/kuukke/data/lvl%2077.PNG,https://web.archive.org/web/20041128043223/http://koti.mbnet.fi:80/kuukke/data/lvl%2077.PNG,,188252,5b7a8c0893bca642740d8014acdcb773c37dc151,,
2004/September-7-2004-queen2snakus-koti.mbnet.fi.png,official game: screenshot (RuneScape 2),RS2 client screenshot from koti.mbnet.fi.,,,2004-09-07,20041122141413,http://koti.mbnet.fi:80/kuukke/data/queen2snakus.PNG,https://web.archive.org/web/20041122141413/http://koti.mbnet.fi:80/kuukke/data/queen2snakus.PNG,,127076,51abdb658be47797b1b0336d8edcaec56e4e783c,,
2004/September-7-2004-skill-total-1300-koti.mbnet.fi.png,official game: screenshot (RuneScape 2),RS2 client screenshot from koti.mbnet.fi.,,,2004-09-07,20041205213644,http://koti.mbnet.fi:80/toni2/data/skill%20total%201300.PNG,https://web.archive.org/web/20041205213644/http://koti.mbnet.fi:80/toni2/data/skill%20total%201300.PNG,,130919,19f4a83f77084fc0d991be3bd319f3c9a2ebbbe9,,
2004/September-9-2004-dragonchain-koti.mbnet.fi.png,official game: screenshot (RuneScape 2),RS2 client screenshot from koti.mbnet.fi.,,,2004-09-09,20041020201652,http://koti.mbnet.fi:80/~hohtava/dragonchain.PNG,https://web.archive.org/web/20041020201652/http://koti.mbnet.fi:80/~hohtava/dragonchain.PNG,,158340,b80b32889997df86998f79185aa59f4bb8e47ab9,,
2004/September-9-2004-strange-box-random-event-desert-img.villagephotos.com.jpg,official game: screenshot (RuneScape 2),"Client screenshot digging in the desert (file name strangebox), from one player's villagephotos album of Jan 2005 screenshots.",,,2004-09-09,20050113204148,http://img.villagephotos.com:80/p/2004-7/767543/strangebox.JPG,https://web.archive.org/web/20050113204148/http://img.villagephotos.com:80/p/2004-7/767543/strangebox.JPG,,36076,9151f92490e3443ddf21df26be1589c71467c0ce,,
2004/September-9-2004-strange-box-random-event-img.villagephotos.com.jpg,official game: screenshot (RuneScape 2),"Strange box random event puzzle (file name strangebox2), same album.",,,2004-09-09,20050113203922,http://img.villagephotos.com:80/p/2004-7/767543/strangebox2.JPG,https://web.archive.org/web/20050113203922/http://img.villagephotos.com:80/p/2004-7/767543/strangebox2.JPG,,38392,c6cd65d8c55fe0bc09dbf09b7ab26235f87a6104,,
2005/April-1-2005-dueler2oz-img132.exs.cx.jpg,official game: screenshot (RuneScape 2),RS2 screenshot posted to a 2004-05 fansite forum thread; found by the 2001-2005 fansite re-screen,,,2005-04-01,20050428225043,http://img132.exs.cx:80/img132/3706/dueler2oz.jpg,https://web.archive.org/web/20050428225043/http://img132.exs.cx:80/img132/3706/dueler2oz.jpg,,74840,d101e2ae0bab2ad1e4085c30457234c1350d28ec,,
2005/April-1-2005-duelerkick9dm-img132.exs.cx.jpg,official game: screenshot (RuneScape 2),RS2 screenshot posted to a 2004-05 fansite forum thread; found by the 2001-2005 fansite re-screen,,,2005-04-01,20050428231722,http://img132.exs.cx:80/img132/5420/duelerkick9dm.jpg,https://web.archive.org/web/20050428231722/http://img132.exs.cx:80/img132/5420/duelerkick9dm.jpg,,78490,3739ab9245ef4d4645f61ea21036c99e712bda7e,,
2005/April-1-2005-duelerldead7hn-img132.exs.cx.jpg,official game: screenshot (RuneScape 2),RS2 screenshot posted to a 2004-05 fansite forum thread; found by the 2001-2005 fansite re-screen,,,2005-04-01,20050428203725,http://img132.exs.cx:80/img132/7937/duelerldead7hn.jpg,https://web.archive.org/web/20050428203725/http://img132.exs.cx:80/img132/7937/duelerldead7hn.jpg,,85573,fd552930010314906bfc61f47e7afbddbf5156f9,,
2005/April-1-2005-duelerlildead7bx-img132.exs.cx.jpg,official game: screenshot (RuneScape 2),RS2 screenshot posted to a 2004-05 fansite forum thread; found by the 2001-2005 fansite re-screen,,,2005-04-01,20050428230124,http://img132.exs.cx:80/img132/2599/duelerlildead7bx.jpg,https://web.archive.org/web/20050428230124/http://img132.exs.cx:80/img132/2599/duelerlildead7bx.jpg,,80297,54de3c16c2ed73cd44be2f0d9951b60a81d93895,,
2005/April-10-2005-smith-84-koti.mbnet.fi.png,official game: screenshot (RuneScape 2),RS2 client screenshot from koti.mbnet.fi.,,,2005-04-10,20050422202801,http://koti.mbnet.fi:80/toni2/data/smith%2084.PNG,https://web.archive.org/web/20050422202801/http://koti.mbnet.fi:80/toni2/data/smith%2084.PNG,,184841,3b7724f9d2ba9a383560f85128cc1498abafaf99,,
2005/April-13-2005-smith-85-koti.mbnet.fi.png,official game: screenshot (RuneScape 2),RS2 client screenshot from koti.mbnet.fi.,,,2005-04-13,20050422202811,http://koti.mbnet.fi:80/toni2/data/smith%2085.PNG,https://web.archive.org/web/20050422202811/http://koti.mbnet.fi:80/toni2/data/smith%2085.PNG,,188369,1baa99ff3828b036390912d453800b74d63fe461,,
2005/April-15-2005-pk-15-4-2005-koti.mbnet.fi.png,official game: screenshot (RuneScape 2),RS2 client screenshot from koti.mbnet.fi.,,,2005-04-15,20050422205044,http://koti.mbnet.fi:80/toni2/data/pk%2015.4.2005.PNG,https://web.archive.org/web/20050422205044/http://koti.mbnet.fi:80/toni2/data/pk%2015.4.2005.PNG,,164565,994b465fb95dbe61a512f9abc69632c7d375faaa,,
2005/April-15-2005-post-31-1113609173-lohgaming.com.jpg,official game: screenshot (RuneScape 2),RS2 client screenshot from lohgaming.com. Embedded in: Runescape Community -> The Death Monkeighs {tdm} -- Lvl 70+ Combat (https://web.archive.org/web/20050421200337/http://www.runescapecommunity.com:80/index.php?showtopic=277072).,,,2005-04-15,20050424051941,http://lohgaming.com/uploads/post-31-1113609173.jpg,https://web.archive.org/web/20050424051941/http://lohgaming.com/uploads/post-31-1113609173.jpg,,93665,8d8c83873f20faadfd2da73d2bb9404e2be21280,,
2005/April-17-2005-surleynoter-april10killnumba2-server2.uploadit.org.jpg,official game: screenshot (RuneScape 2),RS2 client screenshot from server2.uploadit.org.,,,2005-04-17,20051109112454,http://server2.uploadit.org:80/files/surleynoter-april10killnumba2.JPG,https://web.archive.org/web/20051109112454/http://server2.uploadit.org:80/files/surleynoter-april10killnumba2.JPG,,107202,34e2f87cb856f88cc1e43a0a0dff4202d2de396f,,
2005/April-17-2005-surleynoter-mutedkillnumba4-server2.uploadit.org.jpg,official game: screenshot (RuneScape 2),RS2 client screenshot from server2.uploadit.org.,,,2005-04-17,20051111150931,http://server2.uploadit.org:80/files/surleynoter-mutedkillnumba4.JPG,https://web.archive.org/web/20051111150931/http://server2.uploadit.org:80/files/surleynoter-mutedkillnumba4.JPG,,101328,ff6ab00dfadabc621a0d86aa13820c4f030f939e,,
2005/April-19-2005-144vi-img258.imageshack.us.png,official game: screenshot (RuneScape 2),RS2 client screenshot from img258.imageshack.us. Embedded in: Runescapers Portal - www.runescapers.com: Forums / Pictures / Replying to: 0wnag3 Plz? (https://web.archive.org/web/20050508232314/http://rsportal.dtiltas.lt:80/forum_post.php?rp.37.21533).,,,2005-04-19,20060102234944,http://img258.imageshack.us:80/img258/8656/144vi.png,https://web.archive.org/web/20060102234944/http://img258.imageshack.us:80/img258/8656/144vi.png,,238874,0bade4ad3823c529bef2ff8216e2528c1cd3069e,,
2005/April-19-2005-jryles-1400-server2.uploadit.org.jpg,official game: screenshot (RuneScape 2),RS2 client screenshot from server2.uploadit.org.,,,2005-04-19,20051117230127,http://server2.uploadit.org:80/files/jryles-1400.JPG,https://web.archive.org/web/20051117230127/http://server2.uploadit.org:80/files/jryles-1400.JPG,,74644,31406d2049a2c3ace66548fa442f503e34ed42db,,
2005/April-2-2005-kbd-1-geocities.com.jpg,official game: screenshot (RuneScape 2),RS2 client screenshot from geocities.com. Embedded in: Runescape Community -> Cb 77 Looking For Pking Clan (https://web.archive.org/web/20050415130020/http://www.runescapecommunity.com:80/index.php?showtopic=297684&amp).,,,2005-04-02,20050522144307,http://www.geocities.com/nickjones36/kbd_1.JPG,https://web.archive.org/web/20050522144307/http://www.geocities.com/nickjones36/kbd_1.JPG,,66689,2549b1acd698802160bd0d61cc7a7036b40fb642,,
2005/April-2-2005-mob138-shane.rsbandb.com.jpg,official game: screenshot (RuneScape 2),RS2 client screenshot from a 2004-05 fansite page (shane.rsbandb.com:80); found by the 2001-2005 fansite re-screen,,,2005-04-02,20051217101037,http://shane.rsbandb.com:80/wp-content/mob138.jpg,https://web.archive.org/web/20051217101037/http://shane.rsbandb.com:80/wp-content/mob138.jpg,,115122,4cb4639a634aff11891ca9aadfccc1a34039e8b5,,
2005/April-2-2005-mob139-shane.rsbandb.com.jpg,official game: screenshot (RuneScape 2),RS2 client screenshot from a 2004-05 fansite page (shane.rsbandb.com:80); found by the 2001-2005 fansite re-screen,,,2005-04-02,20051217095409,http://shane.rsbandb.com:80/wp-content/mob139.jpg,https://web.archive.org/web/20051217095409/http://shane.rsbandb.com:80/wp-content/mob139.jpg,,124272,1b8f06d9e3fa52d2803fcb057f5305fd2d57422f,,
2005/April-22-2005-runescape-screenshot-zezima99.tripod.com.bmp,official game: screenshot (RuneScape 2),RuneScape client screenshot (uploaded as runescape.bmp).,,,2005-04-22,20060717214356,http://zezima99.tripod.com:80/zezima/runescape.bmp,https://web.archive.org/web/20060717214356/http://zezima99.tripod.com:80/zezima/runescape.bmp,,1440054,ea573271b633e3a5c49d9561fcd92537315c2239,,
2005/April-28-2005-emis815-1h-server2.uploadit.org.jpg,official game: screenshot (RuneScape 2),RS2 client screenshot from server2.uploadit.org.,,,2005-04-28,20051111210000,http://server2.uploadit.org:80/files/emis815-1h.JPG,https://web.archive.org/web/20051111210000/http://server2.uploadit.org:80/files/emis815-1h.JPG,,68800,fcc0f89423b9a2fe3e1e164758e66d8c011d531c,,
2005/April-3-2005-329lk-img90.exs.cx.png,official game: screenshot (RuneScape 2),RS2 screenshot posted to a 2004-05 fansite forum thread; found by the 2001-2005 fansite re-screen,,,2005-04-03,20050428221233,http://img90.exs.cx:80/img90/7392/329lk.png,https://web.archive.org/web/20050428221233/http://img90.exs.cx:80/img90/7392/329lk.png,,214488,fa36e1a9e00056255c70c63abb27e2f7add9f416,,
2005/April-3-2005-56yd-img24.exs.cx.png,official game: screenshot (RuneScape 2),RS2 screenshot posted to a 2004-05 fansite forum thread; found by the 2001-2005 fansite re-screen,,,2005-04-03,20050428230949,http://img24.exs.cx:80/img24/829/56yd.png,https://web.archive.org/web/20050428230949/http://img24.exs.cx:80/img24/829/56yd.png,,267058,3d327ad1ba5c5258340fca5af864f40e1cdac07c,,
2005/April-30-2005-bob-screenshot-shopaholic-adie.tripod.com.jpg,official game: screenshot (RuneScape 2),RuneScape client screenshot (uploaded as bob.JPG).,,,2005-04-30,20060414184754,http://shopaholic-adie.tripod.com:80/runescape/bob.JPG,https://web.archive.org/web/20060414184754/http://shopaholic-adie.tripod.com:80/runescape/bob.JPG,,92083,3fe3b5b6ff4192f7714b072c64463ca9e4a7ae08,,
2005/April-4-2005-a1ly-img148.exs.cx.png,official game: screenshot (RuneScape 2),RS2 client screenshot from img148.exs.cx. Embedded in: Runescape Community -> Ali Morrisane And Pollnivneach (https://web.archive.org/web/20050405140701/http://www.runescapecommunity.com:80/index.php?showtopic=291710&amp).,,,2005-04-04,20050516162550,http://img148.exs.cx/img148/6369/a1ly.png,https://web.archive.org/web/20050516162550/http://img148.exs.cx/img148/6369/a1ly.png,,133932,1f854f994dcb5b3bebb6037d964df3a1edcc5b11,,
2005/April-5-2005-1044628879-shane.rsbandb.com.jpeg,official game: screenshot (RuneScape 2),RS2 client screenshot from a 2004-05 fansite page (shane.rsbandb.com:80); found by the 2001-2005 fansite re-screen,,,2005-04-05,20051029222431,http://shane.rsbandb.com:80/wp-photos/1044628879.jpeg,https://web.archive.org/web/20051029222431/http://shane.rsbandb.com:80/wp-photos/1044628879.jpeg,,131283,6c23f72aa1ebb10a39b8bc73f9e6bc70eafa5b74,,
2005/April-5-2005-11-crone-zybez.com.png,official game: screenshot (RuneScape 2),RS2 client screenshot from a 2004-05 fansite page (www.zybez.com:80); found by the 2001-2005 fansite re-screen,,,2005-04-05,20051229174441,http://www.zybez.com:80/img/qimg/ghostahoy/11_crone.png,https://web.archive.org/web/20051229174441/http://www.zybez.com:80/img/qimg/ghostahoy/11_crone.png,,158747,111ff445f692243613b7e97fb963813f2f181d68,,
2005/April-5-2005-19-mast-zybez.com.png,official game: screenshot (RuneScape 2),RS2 client screenshot from a 2004-05 fansite page (www.zybez.com:80); found by the 2001-2005 fansite re-screen,,,2005-04-05,20051229164425,http://www.zybez.com:80/img/qimg/ghostahoy/19_mast.png,https://web.archive.org/web/20051229164425/http://www.zybez.com:80/img/qimg/ghostahoy/19_mast.png,,73574,661956897b64cc92df9bbffc7bfb0bd2f33ff9bc,,
2005/April-5-2005-433676620-shane.rsbandb.com.jpeg,official game: screenshot (RuneScape 2),RS2 client screenshot from a 2004-05 fansite page (shane.rsbandb.com:80); found by the 2001-2005 fansite re-screen,,,2005-04-05,20051029220327,http://shane.rsbandb.com:80/wp-photos/433676620.jpeg,https://web.archive.org/web/20051029220327/http://shane.rsbandb.com:80/wp-photos/433676620.jpeg,,126740,c37e23c64c9b0ecfa59d2b15a3794378aba0b357,,
2005/April-6-2005-stumpster-bouttime-server2.uploadit.org.jpg,official game: screenshot (RuneScape 2),RS2 client screenshot from server2.uploadit.org.,,,2005-04-06,20051110160543,http://server2.uploadit.org:80/files/stumpster-bouttime.JPG,https://web.archive.org/web/20051110160543/http://server2.uploadit.org:80/files/stumpster-bouttime.JPG,,111382,fdf8ff22b28c750a96c23ed3824eb4add8f0b65e,,
2005/April-8-2005-85-mining-koti.mbnet.fi.png,official game: screenshot (RuneScape 2),RS2 client screenshot from koti.mbnet.fi.,,,2005-04-08,20050422203319,http://koti.mbnet.fi:80/toni2/data/85%20mining.PNG,https://web.archive.org/web/20050422203319/http://koti.mbnet.fi:80/toni2/data/85%20mining.PNG,,168254,fbfc465a53116edcf5c6fd9f3ad4057813aad595,,
2005/April-9-2005-killaz-runerune12-server2.uploadit.org.jpg,official game: screenshot (RuneScape 2),RS2 client screenshot from server2.uploadit.org.,,,2005-04-09,20051112003429,http://server2.uploadit.org:80/files/Killaz-runerune12.JPG,https://web.archive.org/web/20051112003429/http://server2.uploadit.org:80/files/Killaz-runerune12.JPG,,141165,48ab4815eda1f47380e0f3c4d20cc0e1fc9a18e5,,
2005/August-11-2005-mob242-shane.rsbandb.com.jpg,official game: screenshot (RuneScape 2),RS2 client screenshot from a 2004-05 fansite page (shane.rsbandb.com:80); found by the 2001-2005 fansite re-screen,,,2005-08-11,20051029220935,http://shane.rsbandb.com:80/wp-content/mob242.jpg,https://web.archive.org/web/20051029220935/http://shane.rsbandb.com:80/wp-content/mob242.jpg,,86039,692f4a8cd631ff040da803640ccc95baf02a1b95,,
2005/August-11-2005-mob243-shane.rsbandb.com.jpg,official game: screenshot (RuneScape 2),RS2 client screenshot from a 2004-05 fansite page (shane.rsbandb.com:80); found by the 2001-2005 fansite re-screen,,,2005-08-11,20051029222307,http://shane.rsbandb.com:80/wp-content/mob243.jpg,https://web.archive.org/web/20051029222307/http://shane.rsbandb.com:80/wp-content/mob243.jpg,,64087,cf226e2a188f5f8b7587efe35a524abe79aac6d6,,
2005/August-11-2005-tds4lype-i16.photobucket.com.jpg,official game: screenshot (RuneScape 2),"RS2 client screenshot. Posted in the forum thread ""The Death Squad Recruiting - New Requirements! - Runescape Community"".",,,2005-08-11,20060107100001,http://i16.photobucket.com/albums/b41/jones36/tds4lype.jpg,https://web.archive.org/web/20060107100001/http://i16.photobucket.com/albums/b41/jones36/tds4lype.jpg,https://web.archive.org/web/20051031144428/http://www.runescapecommunity.com:80/index.php?showtopic=380247&amp;view=getlastpost,66515,582303cc1c6d71c4be5fb6aa315e96fd2bf705de,,
2005/August-11-2005-tdsswarmingalonelypker-img6.imageshack.us.png,official game: screenshot (RuneScape 2),"RS2 client screenshot. Posted in the forum thread ""The Death Squad Recruiting - New Requirements! - Runescape Community"".",,,2005-08-11,20060709054737,http://img6.imageshack.us/img6/6690/tdsswarmingalonelypker9kg.png,https://web.archive.org/web/20060709054737/http://img6.imageshack.us/img6/6690/tdsswarmingalonelypker9kg.png,https://web.archive.org/web/20051031144428/http://www.runescapecommunity.com:80/index.php?showtopic=380247&amp;view=getlastpost,138738,5a960beb34baf6b56f3cdfd2f062b03870858a7d,,
2005/August-14-2005-mob244-shane.rsbandb.com.jpg,official game: screenshot (RuneScape 2),RS2 client screenshot from a 2004-05 fansite page (shane.rsbandb.com:80); found by the 2001-2005 fansite re-screen,,,2005-08-14,20051029222126,http://shane.rsbandb.com:80/wp-content/mob244.jpg,https://web.archive.org/web/20051029222126/http://shane.rsbandb.com:80/wp-content/mob244.jpg,,89045,072469f198aca8bfe4dd60a5ced55752a38572c3,,
2005/August-14-2005-mob245-shane.rsbandb.com.jpg,official game: screenshot (RuneScape 2),RS2 client screenshot from a 2004-05 fansite page (shane.rsbandb.com:80); found by the 2001-2005 fansite re-screen,,,2005-08-14,20051029220300,http://shane.rsbandb.com:80/wp-content/mob245.jpg,https://web.archive.org/web/20051029220300/http://shane.rsbandb.com:80/wp-content/mob245.jpg,,78596,a58dba1262093d0cf60193bcc1c396eb2abb1b10,,
2005/August-16-2005-ladybooker-img140.imageshack.us.png,official game: screenshot (RuneScape 2),"RS2 client screenshot. Posted in the forum thread ""RuneCrypt Forum -> What Bout This Pic"".",,,2005-08-16,20051223143141,http://img140.imageshack.us/img140/6003/ladybooker7pz.png,https://web.archive.org/web/20051223143141/http://img140.imageshack.us/img140/6003/ladybooker7pz.png,https://web.archive.org/web/20051025175259/http://www.runecrypt.com:80/forum/index.php?showtopic=6320,99333,a76903b03c94a4ba5e16df94c9664d8f53f8fd90,,
2005/August-16-2005-mob247-shane.rsbandb.com.jpg,official game: screenshot (RuneScape 2),RS2 client screenshot from a 2004-05 fansite page (shane.rsbandb.com:80); found by the 2001-2005 fansite re-screen,,,2005-08-16,20051029221823,http://shane.rsbandb.com:80/wp-content/mob247.jpg,https://web.archive.org/web/20051029221823/http://shane.rsbandb.com:80/wp-content/mob247.jpg,,87224,bc4e1ba082f7ab77b8cab9b3e7f7b39fb1ddb4ee,,
2005/August-16-2005-mob248-shane.rsbandb.com.jpg,official game: screenshot (RuneScape 2),RS2 client screenshot from a 2004-05 fansite page (shane.rsbandb.com:80); found by the 2001-2005 fansite re-screen,,,2005-08-16,20051029222245,http://shane.rsbandb.com:80/wp-content/mob248.jpg,https://web.archive.org/web/20051029222245/http://shane.rsbandb.com:80/wp-content/mob248.jpg,,79919,fc7e7436fad7847c5ce082c44765f1059393b92e,,
2005/August-16-2005-noentry-img1.imageshack.us.png,official game: screenshot (RuneScape 2),"RS2 client screenshot. Posted in the forum thread ""Runescape Community -> Fishing Contest"".",,,2005-08-16,20060905113436,http://img1.imageshack.us/img1/7070/noentry.png,https://web.archive.org/web/20060905113436/http://img1.imageshack.us/img1/7070/noentry.png,https://web.archive.org/web/20041122054414/http://www.runescapecommunity.com:80/index.php?showtopic=146380,68286,aed765bd38655e9f8c7f68463d46dc6863e15113,,
2005/August-16-2005-pkingaug162-img207.imageshack.us.png,official game: screenshot (RuneScape 2),"RS2 client screenshot. Posted in the forum thread ""Join Phobia Today! - Runescape Community"".",,,2005-08-16,20051216132758,http://img207.imageshack.us/img207/9454/pkingaug1626eq.png,https://web.archive.org/web/20051216132758/http://img207.imageshack.us/img207/9454/pkingaug1626eq.png,https://web.archive.org/web/20051031140726/http://www.runescapecommunity.com:80/index.php?showtopic=350111&amp;view=getnewpost,293388,2157ccee3fedcc0434e77a15eb143cc514d91aa6,,
2005/August-17-2005-1337total5gd-th-img361.imageshack.us.png,official game: screenshot (RuneScape 2),"RS2 client screenshot. Posted in the forum thread ""RuneCrypt Forum -> Zomg 1337 Total!"".",,,2005-08-17,20060102175416,http://img361.imageshack.us/img361/7595/1337total5gd.th.png,https://web.archive.org/web/20060102175416/http://img361.imageshack.us/img361/7595/1337total5gd.th.png,https://web.archive.org/web/20051025175917/http://www.runecrypt.com:80/forum/index.php?showtopic=6414,5034,f6d8935e076cfccb31a2a0e37f85c992632a4dce,,
2005/August-17-2005-divworld-screenshot-img209.imageshack.us.png,official game: screenshot (RuneScape 2),RuneScape client screenshot (uploaded as divworld7ym.png).,,,2005-08-17,20051223143012,http://img209.imageshack.us:80/img209/6987/divworld7ym.png,https://web.archive.org/web/20051223143012/http://img209.imageshack.us:80/img209/6987/divworld7ym.png,,182154,1447d9dbb4e99ea177e85ba80bd1de8d472348c7,,
2005/August-17-2005-runescapejagexstaffimperson-screenshot-img358.imageshack.us.jpg,official game: screenshot (RuneScape 2),RuneScape client screenshot (uploaded as runescapejagexstaffimpersonati.jpg).,,,2005-08-17,20070430231110,http://img358.imageshack.us/img358/2061/runescapejagexstaffimpersonati.jpg,https://web.archive.org/web/20070430231110/http://img358.imageshack.us/img358/2061/runescapejagexstaffimpersonati.jpg,,135181,baa9ca42e0205775cc90271405ee5669eac9e06e,,
2005/August-18-2005-43-i14.photobucket.com.png,official game: screenshot (RuneScape 2),RS2 screenshot posted to a 2004-05 fansite forum thread; found by the 2001-2005 fansite re-screen,,,2005-08-18,20051225061909,http://i14.photobucket.com/albums/a323/notyou9/43.png,https://web.archive.org/web/20051225061909/http://i14.photobucket.com/albums/a323/notyou9/43.png,,130982,45fa3a01a68a4dd5bf447b3dbac28bf0d315670d,,
2005/August-18-2005-8thaugustpk1-i16.photobucket.com.jpg,official game: screenshot (RuneScape 2),"RS2 client screenshot. Posted in the forum thread ""The Death Squad Recruiting - New Requirements! - Runescape Community"".",,,2005-08-18,20060107103214,http://i16.photobucket.com/albums/b41/jones36/8thaugustpk1.jpg,https://web.archive.org/web/20060107103214/http://i16.photobucket.com/albums/b41/jones36/8thaugustpk1.jpg,https://web.archive.org/web/20051031144428/http://www.runescapecommunity.com:80/index.php?showtopic=380247&amp;view=getlastpost,57433,eda156dbdf85d58d9d1f82c1b8d6f00f6c81708c,,
2005/August-18-2005-opts-img95.imageshack.us.png,official game: screenshot (RuneScape 2),"RS2 client screenshot. Posted in the forum thread ""Join Phobia Today! - Runescape Community"".",,,2005-08-18,20060117031047,http://img95.imageshack.us/img95/8636/opts9kr.png,https://web.archive.org/web/20060117031047/http://img95.imageshack.us/img95/8636/opts9kr.png,https://web.archive.org/web/20051031140726/http://www.runescapecommunity.com:80/index.php?showtopic=350111&amp;view=getnewpost,19012,89ed3b6378feff4719dc1b0e1a11af69597dd0c5,,
2005/August-2-2005-mob235-shane.rsbandb.com.jpg,official game: screenshot (RuneScape 2),RS2 client screenshot from a 2004-05 fansite page (shane.rsbandb.com:80); found by the 2001-2005 fansite re-screen,,,2005-08-02,20051029220235,http://shane.rsbandb.com:80/wp-content/mob235.jpg,https://web.archive.org/web/20051029220235/http://shane.rsbandb.com:80/wp-content/mob235.jpg,,85447,f0ba4e63f86ec2c679b6c4c0802fbb22139e2e43,,
2005/August-20-2005-mageofzammy-img382.imageshack.us.png,official game: screenshot (RuneScape 2),"RS2 client screenshot. Posted in the forum thread ""Abyssal Runecrafting Guide - Runescape Community"".",,,2005-08-20,20130219114223,http://img382.imageshack.us/img382/6717/mageofzammy0os.png,https://web.archive.org/web/20130219114223/http://img382.imageshack.us/img382/6717/mageofzammy0os.png,https://web.archive.org/web/20060115100327/http://www.runescapecommunity.com:80/index.php?showtopic=419821&amp;view=getnewpost,87716,e19f86bc283c8340d22016028d096adfda26b538,,
2005/August-21-2005-pure89ice89-min2-server2.uploadit.org.jpg,official game: screenshot (RuneScape 2),RS2 client screenshot from server2.uploadit.org.,,,2005-08-21,20051115094635,http://server2.uploadit.org:80/files/pure89ice89-min2.JPG,https://web.archive.org/web/20051115094635/http://server2.uploadit.org:80/files/pure89ice89-min2.JPG,,68564,4880860c64ff1f90e09fc96c72fb7e366f7e6d32,,
2005/August-21-2005-tdsvstdmsteelwar1-i16.photobucket.com.jpg,official game: screenshot (RuneScape 2),"RS2 client screenshot. Posted in the forum thread ""The Death Squad Recruiting - New Requirements! - Runescape Community"".",,,2005-08-21,20060107110559,http://i16.photobucket.com/albums/b41/jones36/tdsvstdmsteelwar1.jpg,https://web.archive.org/web/20060107110559/http://i16.photobucket.com/albums/b41/jones36/tdsvstdmsteelwar1.jpg,https://web.archive.org/web/20051031144428/http://www.runescapecommunity.com:80/index.php?showtopic=380247&amp;view=getlastpost,90687,82c8f08df63ce0f7a21fe4995f308938e78cc4db,,
2005/August-22-2005-21aug051725143fm-img364.imageshack.us.jpg,official game: screenshot (RuneScape 2),RS2 screenshot posted to a 2004-05 fansite forum thread; found by the 2001-2005 fansite re-screen,,,2005-08-22,20051216160433,http://img364.imageshack.us/img364/3999/21aug051725143fm.jpg,https://web.archive.org/web/20051216160433/http://img364.imageshack.us/img364/3999/21aug051725143fm.jpg,,74235,f07dd0a7ad07898dc426b451fa0330fb3c51ef61,,
2005/August-22-2005-22aug050827009ea-img364.imageshack.us.jpg,official game: screenshot (RuneScape 2),RS2 screenshot posted to a 2004-05 fansite forum thread; found by the 2001-2005 fansite re-screen,,,2005-08-22,20051216163853,http://img364.imageshack.us/img364/7573/22aug050827009ea.jpg,https://web.archive.org/web/20051216163853/http://img364.imageshack.us/img364/7573/22aug050827009ea.jpg,,90836,8b5d460b1fcac690a6288233842b0bbf40b20ca0,,
2005/August-23-2005-23aug05151011-img380.imageshack.us.jpg,official game: screenshot (RuneScape 2),"RS2 client screenshot. Posted in the forum thread ""My Achievements And Barrows Rewards - Runescape Community"".",,,2005-08-23,20060101095633,http://img380.imageshack.us/img380/5434/23aug051510117hq.jpg,https://web.archive.org/web/20060101095633/http://img380.imageshack.us/img380/5434/23aug051510117hq.jpg,https://web.archive.org/web/20051031141132/http://www.runescapecommunity.com:80/index.php?showtopic=386659&amp;view=getnewpost,77565,0afed623dca3207110b458e60f918a22ad113074,,
2005/August-23-2005-hellorsc5rm-img392.imageshack.us.png,official game: screenshot (RuneScape 2),RS2 screenshot posted to a 2004-05 fansite forum thread; found by the 2001-2005 fansite re-screen,,,2005-08-23,20051216062008,http://img392.imageshack.us/img392/1131/hellorsc5rm.png,https://web.archive.org/web/20051216062008/http://img392.imageshack.us/img392/1131/hellorsc5rm.png,,166832,46bd69a467aefeeed2f2060a5f4ff669f7ec69c6,,
2005/August-23-2005-mob250-shane.rsbandb.com.jpg,official game: screenshot (RuneScape 2),RS2 client screenshot from a 2004-05 fansite page (shane.rsbandb.com:80); found by the 2001-2005 fansite re-screen,,,2005-08-23,20051029222333,http://shane.rsbandb.com:80/wp-content/mob250.jpg,https://web.archive.org/web/20051029222333/http://shane.rsbandb.com:80/wp-content/mob250.jpg,,78601,5bba8efa8749f903b5fc78dedc0cad9b450fcc80,,
2005/August-23-2005-pure89ice89-boohoo-server2.uploadit.org.jpg,official game: screenshot (RuneScape 2),RS2 client screenshot from server2.uploadit.org.,,,2005-08-23,20051114193331,http://server2.uploadit.org:80/files/pure89ice89-boohoo.JPG,https://web.archive.org/web/20051114193331/http://server2.uploadit.org:80/files/pure89ice89-boohoo.JPG,,51583,0e71155c770a6de4b2be0e7011c6cd42dc86614e,,
2005/August-25-2005-dharoksgreataxe-img379.imageshack.us.png,official game: screenshot (RuneScape 2),"RS2 client screenshot. Posted in the forum thread ""My Achievements And Barrows Rewards - Runescape Community"".",,,2005-08-25,20060101100314,http://img379.imageshack.us/img379/9233/dharoksgreataxe7hw.png,https://web.archive.org/web/20060101100314/http://img379.imageshack.us/img379/9233/dharoksgreataxe7hw.png,https://web.archive.org/web/20051031141132/http://www.runescapecommunity.com:80/index.php?showtopic=386659&amp;view=getnewpost,849798,3fe21fc4ca1c1d11816c25d70244c6d8b44fe0a0,,
2005/August-26-2005-dabomb0kx-img193.imageshack.us.png,official game: screenshot (RuneScape 2),RS2 screenshot posted to a 2004-05 fansite forum thread; found by the 2001-2005 fansite re-screen,,,2005-08-26,20051223144853,http://img193.imageshack.us/img193/1353/dabomb0kx.png,https://web.archive.org/web/20051223144853/http://img193.imageshack.us/img193/1353/dabomb0kx.png,,141731,7fbc7e09069a68e4b1313c7f451ef0c7bb5c4c32,,
2005/August-26-2005-earth-blast-telli-noob-screenshot-0orunescape0o.tripod.com.bmp,official game: screenshot (RuneScape 2),RuneScape client screenshot (uploaded as earth_blast_telli_noob.bmp).,,,2005-08-26,20070220112339,http://0orunescape0o.tripod.com:80/003/thumbnails/400x300/earth_blast_telli_noob.bmp,https://web.archive.org/web/20070220112339/http://0orunescape0o.tripod.com:80/003/thumbnails/400x300/earth_blast_telli_noob.bmp,,360054,cf9ee2ad0c52c5a7df104eafa9e7a3d4394794b7,,
2005/August-26-2005-killedskeetercropped-img372.imageshack.us.png,official game: screenshot (RuneScape 2),"RS2 client screenshot. Posted in the forum thread ""RuneCrypt Forum -> Thought Sid Might Like To See This :)"".",,,2005-08-26,20060102201455,http://img372.imageshack.us/img372/7296/killedskeetercropped6lr.png,https://web.archive.org/web/20060102201455/http://img372.imageshack.us/img372/7296/killedskeetercropped6lr.png,https://web.archive.org/web/20051025183713/http://www.runecrypt.com:80/forum/index.php?showtopic=7311,128594,cf75b815eaba132b7a485976053584caed5fa7b7,,
2005/August-26-2005-pk13n00btbed-img.photobucket.com.png,official game: screenshot (RuneScape 2),"RS2 client screenshot. Posted in the forum thread ""RuneCrypt Forum -> Pk 13~~#14 Added"".",,,2005-08-26,20060113192830,http://img.photobucket.com/albums/v610/GrungeMetal/pk13n00bTBed.png,https://web.archive.org/web/20060113192830/http://img.photobucket.com/albums/v610/GrungeMetal/pk13n00bTBed.png,https://web.archive.org/web/20051025183738/http://www.runecrypt.com:80/forum/index.php?showtopic=7312,126834,6897ed5bf535892221209892da3e358dc88853a4,,
2005/August-27-2005-althorp-exer10-server2.uploadit.org.jpg,official game: screenshot (RuneScape 2),RS2 client screenshot from server2.uploadit.org.,,,2005-08-27,20051115061043,http://server2.uploadit.org:80/files/althorp-exer10.JPG,https://web.archive.org/web/20051115061043/http://server2.uploadit.org:80/files/althorp-exer10.JPG,,102811,9dea1084bb81417a07097cb4ea882669c012ee29,,
2005/August-27-2005-althorp-exer11-server2.uploadit.org.jpg,official game: screenshot (RuneScape 2),RS2 client screenshot from server2.uploadit.org.,,,2005-08-27,20051116102222,http://server2.uploadit.org:80/files/althorp-exer11.JPG,https://web.archive.org/web/20051116102222/http://server2.uploadit.org:80/files/althorp-exer11.JPG,,89847,9edfbf00c52293442d2ed4d52d853261c2444398,,
2005/August-27-2005-althorp-exer2-server2.uploadit.org.jpg,official game: screenshot (RuneScape 2),RS2 client screenshot from server2.uploadit.org.,,,2005-08-27,20051116174425,http://server2.uploadit.org:80/files/althorp-exer2.JPG,https://web.archive.org/web/20051116174425/http://server2.uploadit.org:80/files/althorp-exer2.JPG,,94017,5e7fcbeed2a92fdeb1d3be7ee80305e9a667d044,,
2005/August-27-2005-althorp-exer8-server2.uploadit.org.jpg,official game: screenshot (RuneScape 2),RS2 client screenshot from server2.uploadit.org.,,,2005-08-27,20051115061159,http://server2.uploadit.org:80/files/althorp-exer8.JPG,https://web.archive.org/web/20051115061159/http://server2.uploadit.org:80/files/althorp-exer8.JPG,,89340,58e984bdc4b49ba7b69b8c734682919cf5a62c99,,
2005/August-27-2005-dharoksplatelegs0cm-img371.imageshack.us.jpg,official game: screenshot (RuneScape 2),RS2 screenshot posted to a 2004-05 fansite forum thread; found by the 2001-2005 fansite re-screen,,,2005-08-27,20051216074400,http://img371.imageshack.us/img371/779/dharoksplatelegs0cm.jpg,https://web.archive.org/web/20051216074400/http://img371.imageshack.us/img371/779/dharoksplatelegs0cm.jpg,,85274,b36ca8acdf5664e0ed93d4e6635ac6778103eda9,,
2005/August-27-2005-linkmeetsrunescape-img391.imageshack.us.png,official game: screenshot (RuneScape 2),"RS2 client screenshot. Posted in the forum thread ""Link Meets Runescape...... - Runescape Community"".",,,2005-08-27,20051216121054,http://img391.imageshack.us/img391/4851/linkmeetsrunescape4ka.png,https://web.archive.org/web/20051216121054/http://img391.imageshack.us/img391/4851/linkmeetsrunescape4ka.png,https://web.archive.org/web/20051031145220/http://www.runescapecommunity.com:80/index.php?showtopic=390430&amp;view=getlastpost,6492,204129b275c9b6844f204a41720f47f20463eb51,,
2005/August-27-2005-ranged702vt-img382.imageshack.us.png,official game: screenshot (RuneScape 2),RS2 screenshot posted to a 2004-05 fansite forum thread; found by the 2001-2005 fansite re-screen,,,2005-08-27,20051215061147,http://img382.imageshack.us/img382/4574/ranged702vt.png,https://web.archive.org/web/20051215061147/http://img382.imageshack.us/img382/4574/ranged702vt.png,,72049,20948b125884958ad340ec71c7c6f154ba343202,,
2005/August-27-2005-veracshelm1an-img371.imageshack.us.jpg,official game: screenshot (RuneScape 2),RS2 screenshot posted to a 2004-05 fansite forum thread; found by the 2001-2005 fansite re-screen,,,2005-08-27,20051216075412,http://img371.imageshack.us/img371/600/veracshelm1an.jpg,https://web.archive.org/web/20051216075412/http://img371.imageshack.us/img371/600/veracshelm1an.jpg,,102516,51613ac9910ee9945941cc5b43310fac2bba2285,,
2005/August-28-2005-guthanhelm0ks-img335.imageshack.us.jpg,official game: screenshot (RuneScape 2),RS2 screenshot posted to a 2004-05 fansite forum thread; found by the 2001-2005 fansite re-screen,,,2005-08-28,20051216162546,http://img335.imageshack.us/img335/4196/guthanhelm0ks.jpg,https://web.archive.org/web/20051216162546/http://img335.imageshack.us/img335/4196/guthanhelm0ks.jpg,,90383,a49878289eddb52b786ab31bf102692b447003a7,,
2005/August-28-2005-untitled2ko-th-img305.imageshack.us.png,official game: screenshot (RuneScape 2),"RS2 client screenshot. Posted in the forum thread ""RuneCrypt Forum -> Noob Kill--#3"".",,,2005-08-28,20060102173829,http://img305.imageshack.us/img305/4679/untitled2ko.th.png,https://web.archive.org/web/20060102173829/http://img305.imageshack.us/img305/4679/untitled2ko.th.png,https://web.archive.org/web/20051025184947/http://www.runecrypt.com:80/forum/index.php?showtopic=7527,4001,3cff5e8ec3f38ca8769300a31e1ca005b4ecb070,,
2005/August-29-2005-afiyrinside-70woodcutting-server2.uploadit.org.jpg,official game: screenshot (RuneScape 2),RS2 client screenshot from server2.uploadit.org.,,,2005-08-29,20051110192920,http://server2.uploadit.org:80/files/afiyrinside-70woodcutting.JPG,https://web.archive.org/web/20051110192920/http://server2.uploadit.org:80/files/afiyrinside-70woodcutting.JPG,,84504,25b127beb54b69f6c23feaab4c46ae998b3c9cf9,,
2005/August-29-2005-ahrimshood9mx-img335.imageshack.us.jpg,official game: screenshot (RuneScape 2),RS2 screenshot posted to a 2004-05 fansite forum thread; found by the 2001-2005 fansite re-screen,,,2005-08-29,20051216162301,http://img335.imageshack.us/img335/1673/ahrimshood9mx.jpg,https://web.archive.org/web/20051216162301/http://img335.imageshack.us/img335/1673/ahrimshood9mx.jpg,,99797,c2d586ddcf766062e51c926e0ddec1f17fdb9e78,,
2005/August-29-2005-anotherguthanshelm0up-img335.imageshack.us.jpg,official game: screenshot (RuneScape 2),RS2 screenshot posted to a 2004-05 fansite forum thread; found by the 2001-2005 fansite re-screen,,,2005-08-29,20051216161333,http://img335.imageshack.us/img335/886/anotherguthanshelm0up.jpg,https://web.archive.org/web/20051216161333/http://img335.imageshack.us/img335/886/anotherguthanshelm0up.jpg,,94442,a1500f731d84c50d294726c2a32edd234c5e5272,,
2005/August-29-2005-linkmeetsrunescape-img238.imageshack.us.png,official game: screenshot (RuneScape 2),"RS2 client screenshot. Posted in the forum thread ""Link Meets Runescape...... - Runescape Community"".",,,2005-08-29,20060101100125,http://img238.imageshack.us/img238/9529/linkmeetsrunescape6ui.png,https://web.archive.org/web/20060101100125/http://img238.imageshack.us/img238/9529/linkmeetsrunescape6ui.png,https://web.archive.org/web/20051031145220/http://www.runescapecommunity.com:80/index.php?showtopic=390430&amp;view=getlastpost,8437,52388300ee7213ce15a1635b99bc5c9584f011c3,,
2005/August-29-2005-tdsonskate23rdaugust1-i16.photobucket.com.jpg,official game: screenshot (RuneScape 2),"RS2 client screenshot. Posted in the forum thread ""The Death Squad Recruiting - New Requirements! - Runescape Community"".",,,2005-08-29,20060708212609,http://i16.photobucket.com/albums/b41/jones36/tdsonskate23rdaugust1.jpg,https://web.archive.org/web/20060708212609/http://i16.photobucket.com/albums/b41/jones36/tdsonskate23rdaugust1.jpg,https://web.archive.org/web/20051031144428/http://www.runescapecommunity.com:80/index.php?showtopic=380247&amp;view=getlastpost,79323,40542007b6c55b3bdf76574fe1c8f29495350f30,,
2005/August-31-2005-1-img18.imageshack.us.jpg,official game: screenshot (RuneScape 2),"RS2 client screenshot. Posted in the forum thread ""Kerry's Sig Shop - Runescape Community"".",,,2005-08-31,20060101230657,http://img18.imageshack.us/img18/1761/13hp.jpg,https://web.archive.org/web/20060101230657/http://img18.imageshack.us/img18/1761/13hp.jpg,https://web.archive.org/web/20051030180819/http://www.runescapecommunity.com:80/index.php?showtopic=391823&amp;view=getnewpost,53985,4fb596af73f2be65781081bd05f10a7ae96fe5aa,,
2005/August-31-2005-30aug05191839-img387.imageshack.us.png,official game: screenshot (RuneScape 2),"RS2 client screenshot. Posted in the forum thread ""Internet Utilites Messed Up - Runescape Community"".",,,2005-08-31,20060113153058,http://img387.imageshack.us/img387/5626/30aug051918392oe.png,https://web.archive.org/web/20060113153058/http://img387.imageshack.us/img387/5626/30aug051918392oe.png,https://web.archive.org/web/20051104185908/http://www.runescapecommunity.com:80/index.php?showtopic=393254&amp;view=getnewpost,163115,71a60386549af988f028b9b095baab2058b4a015,,
2005/August-31-2005-30aug05212121-img389.imageshack.us.png,official game: screenshot (RuneScape 2),"RS2 client screenshot. Posted in the forum thread ""My Achievements And Barrows Rewards - Runescape Community"".",,,2005-08-31,20060114110829,http://img389.imageshack.us/img389/5977/30aug052121214iv.png,https://web.archive.org/web/20060114110829/http://img389.imageshack.us/img389/5977/30aug052121214iv.png,https://web.archive.org/web/20051031141132/http://www.runescapecommunity.com:80/index.php?showtopic=386659&amp;view=getnewpost,135624,7ca2917b40302036c6fc726bafc99dd73bf949cc,,
2005/August-31-2005-30aug05213719-img389.imageshack.us.jpg,official game: screenshot (RuneScape 2),"RS2 client screenshot. Posted in the forum thread ""My Achievements And Barrows Rewards - Runescape Community"".",,,2005-08-31,20060114111128,http://img389.imageshack.us/img389/6387/30aug052137196yl.jpg,https://web.archive.org/web/20060114111128/http://img389.imageshack.us/img389/6387/30aug052137196yl.jpg,https://web.archive.org/web/20051031141132/http://www.runescapecommunity.com:80/index.php?showtopic=386659&amp;view=getnewpost,74128,233062a3659ad3d2ecd55eccee83a79e8c8a5908,,
2005/August-31-2005-client-screenshot-img395.imageshack.us.png,official game: screenshot (RuneScape 2),Full client screenshot (file name stuff).,,,2005-08-31,20051016121515,http://img395.imageshack.us:80/img395/6328/stuff7eb.png,https://web.archive.org/web/20051016121515/http://img395.imageshack.us:80/img395/6328/stuff7eb.png,,114285,ab4a8479edddc04c279717bcebff2abaeb8aeb0a,,
2005/August-31-2005-linkmeetsrunescapeinthemaking8-img371.imageshack.us.png,official game: screenshot (RuneScape 2),"RS2 client screenshot. Posted in the forum thread ""Link Meets Runescape...... - Runescape Community"".",,,2005-08-31,20051216080133,http://img371.imageshack.us/img371/4784/linkmeetsrunescapeinthemaking8.png,https://web.archive.org/web/20051216080133/http://img371.imageshack.us/img371/4784/linkmeetsrunescapeinthemaking8.png,https://web.archive.org/web/20051031145220/http://www.runescapecommunity.com:80/index.php?showtopic=390430&amp;view=getlastpost,12736,b7eedb77475ffa62788cc06a830421ae2e4b7231,,
2005/August-4-2005-mob236-shane.rsbandb.com.jpg,official game: screenshot (RuneScape 2),RS2 client screenshot from a 2004-05 fansite page (shane.rsbandb.com:80); found by the 2001-2005 fansite re-screen,,,2005-08-04,20051029220515,http://shane.rsbandb.com:80/wp-content/mob236.jpg,https://web.archive.org/web/20051029220515/http://shane.rsbandb.com:80/wp-content/mob236.jpg,,97184,b017b02ba0da76c1e147ad6bab3f77c460765306,,
2005/August-5-2005-orsiorpjer-screenshot-img96.imageshack.us.png,official game: screenshot (RuneScape 2),RuneScape client screenshot (uploaded as orsiorpjer9dy.png).,,,2005-08-05,20051228012522,http://img96.imageshack.us:80/img96/6727/orsiorpjer9dy.png,https://web.archive.org/web/20051228012522/http://img96.imageshack.us:80/img96/6727/orsiorpjer9dy.png,,182273,83377eb6896113baab6f41695f3095d954a21c71,,
2005/August-7-2005-mob238-shane.rsbandb.com.jpg,official game: screenshot (RuneScape 2),RS2 client screenshot from a 2004-05 fansite page (shane.rsbandb.com:80); found by the 2001-2005 fansite re-screen,,,2005-08-07,20051031064052,http://shane.rsbandb.com:80/wp-content/mob238.jpg,https://web.archive.org/web/20051031064052/http://shane.rsbandb.com:80/wp-content/mob238.jpg,,69020,3ed08e6b3958415d1d26fde455bb0acbae9365b0,,
2005/August-8-2005-mob239-shane.rsbandb.com.jpg,official game: screenshot (RuneScape 2),RS2 client screenshot from a 2004-05 fansite page (shane.rsbandb.com:80); found by the 2001-2005 fansite re-screen,,,2005-08-08,20051029220411,http://shane.rsbandb.com:80/wp-content/mob239.jpg,https://web.archive.org/web/20051029220411/http://shane.rsbandb.com:80/wp-content/mob239.jpg,,80672,969682e9d736a295a33cffb7d5cf71ce66a791e6,,
2005/August-8-2005-mob240-shane.rsbandb.com.jpg,official game: screenshot (RuneScape 2),RS2 client screenshot from a 2004-05 fansite page (shane.rsbandb.com:80); found by the 2001-2005 fansite re-screen,,,2005-08-08,20051029221542,http://shane.rsbandb.com:80/wp-content/mob240.jpg,https://web.archive.org/web/20051029221542/http://shane.rsbandb.com:80/wp-content/mob240.jpg,,80779,b95dd62d0d0420d7b3d332d974a92682b7aaf0fe,,
2005/December-12-2005-pair2-screenshot-img280.imageshack.us.png,official game: screenshot (RuneScape 2),RuneScape client screenshot (uploaded as pair20fq.png).,,,2005-12-12,20051214073246,http://img280.imageshack.us:80/img280/6131/pair20fq.png,https://web.archive.org/web/20051214073246/http://img280.imageshack.us:80/img280/6131/pair20fq.png,,143712,d17c78077b9ed68c0e462845fa22ec597707e576,,
2005/December-13-2005-legs-screenshot-img480.imageshack.us.png,official game: screenshot (RuneScape 2),RuneScape client screenshot (uploaded as legs1lf.png).,,,2005-12-13,20051214022855,http://img480.imageshack.us:80/img480/6339/legs1lf.png,https://web.archive.org/web/20051214022855/http://img480.imageshack.us:80/img480/6339/legs1lf.png,,136485,aa725914ba81c93055b5b195222e1a4ebf2adc5e,,
2005/December-18-2005-runescape-screenshot-holydragon85.tripod.com.jpg,official game: screenshot (RuneScape 2),RuneScape client screenshot (uploaded as runescape.jpg).,,,2005-12-18,20060202234614,http://holydragon85.tripod.com:80/sitebuildercontent/sitebuilderpictures/runescape.jpg,https://web.archive.org/web/20060202234614/http://holydragon85.tripod.com:80/sitebuildercontent/sitebuilderpictures/runescape.jpg,,89528,0027e34c3ea0be52131ad4ef552ffa9afb9b0f1e,,
2005/December-2-2005-autolycus-img59.exs.cx.jpg,official game: screenshot (RuneScape 2),"RS2 client screenshot. Posted in the forum thread ""Pictures of Famous People Go Here"".",,,2005-12-02,20060524210752,http://img59.exs.cx:80/img59/2359/autolycus.jpg,https://web.archive.org/web/20060524210752/http://img59.exs.cx:80/img59/2359/autolycus.jpg,https://web.archive.org/web/20060310113259/http://forums.rsbandb.com:80/viewtopic.php?t=1345,117952,8f529664c2f4c256e298336de8deac57f2b906bb,,
2005/December-2-2005-chr50mk-img83.exs.cx.png,official game: screenshot (RuneScape 2),RS2 client screenshot from img83.exs.cx. Embedded in: RuneHQ -> {fear|clan} :: 85+ Combat :: 200+ Members :: Own! (https://web.archive.org/web/20050208081845/http://www.runehq.com:80/RHQInn/index.php?showtopic=60221).,,,2005-12-02,20120525071117,http://img83.exs.cx/img83/1153/chr50mk.png,https://web.archive.org/web/20120525071117/http://img83.exs.cx/img83/1153/chr50mk.png,,151367,f2da421ceae81002541adbe84aee0fc1617cf5fa,,
2005/December-2-2005-warpic53js-img48.exs.cx.png,official game: screenshot (RuneScape 2),RS2 client screenshot from img48.exs.cx. Embedded in: RuneHQ -> {fear|clan} :: 85+ Combat :: 200+ Members ::ownage (https://web.archive.org/web/20050208081324/http://www.runehq.com:80/RHQInn/index.php?showtopic=62575).,,,2005-12-02,20070212181652,http://img48.exs.cx/img48/7760/warpic53js.png,https://web.archive.org/web/20070212181652/http://img48.exs.cx/img48/7760/warpic53js.png,,187247,e546bbc5d4dcd9dca4151d29fa24386f20e2d77a,,
2005/December-20-2005-firecapeownage2-img397.imageshack.us.jpg,official game: screenshot (RuneScape 2),"RS2 client screenshot. Posted in the forum thread ""Killing Tztok-jad And Beating The Fight Cave - Runescape Community"".",,,2005-12-20,20061205120447,http://img397.imageshack.us/img397/4217/firecapeownage23so.jpg,https://web.archive.org/web/20061205120447/http://img397.imageshack.us/img397/4217/firecapeownage23so.jpg,https://web.archive.org/web/20060519004937/http://www.runescapecommunity.com/index.php?showtopic=418656,94223,2f805c8a0f68ce43241ac9cf10791bc8f4ac5347,,
2005/December-21-2005-glitch-screenshot-img498.imageshack.us.png,official game: screenshot (RuneScape 2),RuneScape client screenshot (uploaded as glitch8xt.png).,,,2005-12-21,20051225090056,http://img498.imageshack.us:80/img498/7084/glitch8xt.png,https://web.archive.org/web/20051225090056/http://img498.imageshack.us:80/img498/7084/glitch8xt.png,,256222,a49d90e9d43694fb0fae5624b6aed11a1f539749,,
2005/December-26-2005-firestechnique-img358.imageshack.us.png,official game: screenshot (RuneScape 2),"RS2 client screenshot. Posted in the forum thread ""Pure Ranging Handbook - Runescape Community"".",,,2005-12-26,20130311085800,http://img358.imageshack.us/img358/2394/firestechnique3qv.png,https://web.archive.org/web/20130311085800/http://img358.imageshack.us/img358/2394/firestechnique3qv.png,https://web.archive.org/web/20061030114409/http://www.runescapecommunity.com/index.php?showtopic=448187,98643,65b6785d7be7087c46c02e05bf90c9d86dda6b9e,,
2005/December-31-2005-lazerusfirecape-img523.imageshack.us.jpg,official game: screenshot (RuneScape 2),"RS2 client screenshot. Posted in the forum thread ""Killing Tztok-jad And Beating The Fight Cave - Runescape Community"".",,,2005-12-31,20060821221642,http://img523.imageshack.us/img523/5866/lazerusfirecape6hf.jpg,https://web.archive.org/web/20060821221642/http://img523.imageshack.us/img523/5866/lazerusfirecape6hf.jpg,https://web.archive.org/web/20060519004937/http://www.runescapecommunity.com/index.php?showtopic=418656,96069,64be1a83bd28e6fc1b7e0e0f61ea522fa81d355d,,
2005/February-1-2005-clan-war-pic1-geocities.com.jpg,official game: screenshot (RuneScape 2),RS2 client screenshot.,,,2005-02-01,20050218082050,http://www.geocities.com/nickjones36/clan_war_pic1.JPG,https://web.archive.org/web/20050218082050/http://www.geocities.com/nickjones36/clan_war_pic1.JPG,,27577,d0f990e15154c3c9a70859a2b62baf947487af9c,,
2005/February-1-2005-clan-war-pic2-geocities.com.jpg,official game: screenshot (RuneScape 2),RS2 client screenshot.,,,2005-02-01,20050210193820,http://www.geocities.com/nickjones36/clan_war_pic2.JPG,https://web.archive.org/web/20050210193820/http://www.geocities.com/nickjones36/clan_war_pic2.JPG,,27566,0080bee30d03a4972b1ed86460940f73d72f94db,,
2005/February-11-2005-giarc99-lvl100-server2.uploadit.org.jpg,official game: screenshot (RuneScape 2),RS2 client screenshot from server2.uploadit.org.,,,2005-02-11,20051115061737,http://server2.uploadit.org:80/files/giarc99-lvl100.JPG,https://web.archive.org/web/20051115061737/http://server2.uploadit.org:80/files/giarc99-lvl100.JPG,,122135,f7d4622c17d6e0f5c8ed8a78391f7466845d5a94,,
2005/February-11-2005-kbd-1-koti.mbnet.fi.png,official game: screenshot (RuneScape 2),RS2 client screenshot from koti.mbnet.fi.,,,2005-02-11,20050422200904,http://koti.mbnet.fi:80/toni2/data/kbd%201.PNG,https://web.archive.org/web/20050422200904/http://koti.mbnet.fi:80/toni2/data/kbd%201.PNG,,112436,0292c5b825d0be2f1087d5d2c92606d9b96c492d,,
2005/February-11-2005-kbd-2-koti.mbnet.fi.png,official game: screenshot (RuneScape 2),RS2 client screenshot from koti.mbnet.fi.,,,2005-02-11,20050422200919,http://koti.mbnet.fi:80/toni2/data/kbd%202.PNG,https://web.archive.org/web/20050422200919/http://koti.mbnet.fi:80/toni2/data/kbd%202.PNG,,112344,bb888c887ee4efc854d4554390b5989a216f1e3e,,
2005/February-12-2005-blackcrax-koti.mbnet.fi.png,official game: screenshot (RuneScape 2),RS2 client screenshot from koti.mbnet.fi.,,,2005-02-12,20050423221322,http://koti.mbnet.fi:80/toni2/data/pk%2012.2.05/blackcrax.PNG,https://web.archive.org/web/20050423221322/http://koti.mbnet.fi:80/toni2/data/pk%2012.2.05/blackcrax.PNG,,117854,73e569aa6a2e240012aff32839c8c76998ecad30,,
2005/February-12-2005-heapow-koti.mbnet.fi.png,official game: screenshot (RuneScape 2),RS2 client screenshot from koti.mbnet.fi.,,,2005-02-12,20050423220354,http://koti.mbnet.fi:80/toni2/data/pk%2012.2.05/heapow.PNG,https://web.archive.org/web/20050423220354/http://koti.mbnet.fi:80/toni2/data/pk%2012.2.05/heapow.PNG,,110799,c28108c7f706c00ba7ef66d1e8d5f187908146d9,,
2005/February-12-2005-michel-svss-koti.mbnet.fi.png,official game: screenshot (RuneScape 2),RS2 client screenshot from koti.mbnet.fi.,,,2005-02-12,20050423221556,http://koti.mbnet.fi:80/toni2/data/pk%2012.2.05/michel%20svss.PNG,https://web.archive.org/web/20050423221556/http://koti.mbnet.fi:80/toni2/data/pk%2012.2.05/michel%20svss.PNG,,131996,72281ee7d3f4d7dc409fee6adbf83959c37dbfb5,,
2005/February-12-2005-mietie-koti.mbnet.fi.png,official game: screenshot (RuneScape 2),RS2 client screenshot from koti.mbnet.fi.,,,2005-02-12,20050423220358,http://koti.mbnet.fi:80/toni2/data/pk%2012.2.05/mietie.PNG,https://web.archive.org/web/20050423220358/http://koti.mbnet.fi:80/toni2/data/pk%2012.2.05/mietie.PNG,,148857,f4cf51ad38f15a0ed1702e271284f1a97b2b7f0a,,
2005/February-13-2005-omfgdasdas-koti.mbnet.fi.jpg,official game: screenshot (RuneScape 2),RS2 client screenshot from koti.mbnet.fi.,,,2005-02-13,20050301103854,http://koti.mbnet.fi:80/kuukke/data/OMFGDASDAS.JPG,https://web.archive.org/web/20050301103854/http://koti.mbnet.fi:80/kuukke/data/OMFGDASDAS.JPG,,152873,260a5b58d3ea9c2cca51a0d7ae40038e83fc5851,,
2005/February-14-2005-main-img206.exs.cx.jpg,official game: screenshot (RuneScape 2),"RS2 client screenshot. Posted in the forum thread ""Runescape Bits & Bytes :: View topic - My first rune drop!"".",,,2005-02-14,20050321001841,http://img206.exs.cx:80/img206/3889/main1jx.jpg,https://web.archive.org/web/20050321001841/http://img206.exs.cx:80/img206/3889/main1jx.jpg,https://web.archive.org/web/20050302010733/http://rsbandb.com:80/forums/viewtopic.php?t=2952&amp,2760,41905153932501fe8fe818f4316a5d4dfe068e03,,
2005/February-14-2005-synttari-pk-edge-koti.mbnet.fi.png,official game: screenshot (RuneScape 2),RS2 client screenshot from koti.mbnet.fi.,,,2005-02-14,20050423221908,http://koti.mbnet.fi:80/toni2/data/pk%2014.2.2005/synttari%20pk%20edge.PNG,https://web.archive.org/web/20050423221908/http://koti.mbnet.fi:80/toni2/data/pk%2014.2.2005/synttari%20pk%20edge.PNG,,174619,1518199de8f3a2f48d77d024a63760724c7eb3ac,,
2005/February-14-2005-synttari-rivi-koti.mbnet.fi.png,official game: screenshot (RuneScape 2),RS2 client screenshot from koti.mbnet.fi.,,,2005-02-14,20050423221649,http://koti.mbnet.fi:80/toni2/data/pk%2014.2.2005/synttari%20rivi.PNG,https://web.archive.org/web/20050423221649/http://koti.mbnet.fi:80/toni2/data/pk%2014.2.2005/synttari%20rivi.PNG,,158699,a26c67440d4aeda7747f2aad6ce966bd54211175,,
2005/February-16-2005-al-kharid-desert-screenshot-img.villagephotos.com.gif,official game: screenshot (RuneScape 2),"Full client screenshot in the Al Kharid desert, uploaded as Skaterk.GIF.",,,2005-02-16,20050222021613,http://img.villagephotos.com:80/p/2005-2/954173/Skaterk.GIF,https://web.archive.org/web/20050222021613/http://img.villagephotos.com:80/p/2005-2/954173/Skaterk.GIF,,101383,2a69f6a782e4db3ad9081f96fa99fe75bc1bd805,,
2005/February-16-2005-kill-screenshot-img.photobucket.com.gif,official game: screenshot (RuneScape 2),RuneScape client screenshot (uploaded as kill.gif).,,,2005-02-16,20050721143810,http://img.photobucket.com/albums/v138/gesha/kill.gif,https://web.archive.org/web/20050721143810/http://img.photobucket.com/albums/v138/gesha/kill.gif,,82632,f849fbc2a1ec1ef64baaf8cd08901b2617951790,,
2005/February-2-2005-mageonmage4ty-img28.exs.cx.png,official game: screenshot (RuneScape 2),RS2 screenshot posted to a 2004-05 fansite forum thread; found by the 2001-2005 fansite re-screen,,,2005-02-02,20050210003043,http://img28.exs.cx:80/img28/192/mageonmage4ty.png,https://web.archive.org/web/20050210003043/http://img28.exs.cx:80/img28/192/mageonmage4ty.png,,149642,f3547664b0f5e7ee31d01ddf14b8ef132714bbf1,,
2005/February-2-2005-simonkill26dg-img141.exs.cx.png,official game: screenshot (RuneScape 2),RS2 screenshot posted to a 2004-05 fansite forum thread; found by the 2001-2005 fansite re-screen,,,2005-02-02,20050302051018,http://img141.exs.cx:80/img141/8735/simonkill26dg.png,https://web.archive.org/web/20050302051018/http://img141.exs.cx:80/img141/8735/simonkill26dg.png,,139345,8315183760b31468cc69570dbfacbc34d02ff668,,
2005/February-20-2005-carerra49-mybank-server2.uploadit.org.jpg,official game: screenshot (RuneScape 2),RS2 client screenshot from server2.uploadit.org.,,,2005-02-20,20051102200701,http://server2.uploadit.org:80/files/carerra49-mybank.JPG,https://web.archive.org/web/20051102200701/http://server2.uploadit.org:80/files/carerra49-mybank.JPG,,121013,a429fc146c4b3f80155ebe6f148b68d8b41f3ebf,,
2005/February-20-2005-gaould-pktripdrops17thfeb2005-server2.uploadit.org.jpg,official game: screenshot (RuneScape 2),RS2 client screenshot from server2.uploadit.org.,,,2005-02-20,20051110200022,http://server2.uploadit.org:80/files/gaould-PkTripDrops17thfeb2005.JPG,https://web.archive.org/web/20051110200022/http://server2.uploadit.org:80/files/gaould-PkTripDrops17thfeb2005.JPG,,69382,7ff5cf09694b18032c5fdd285e5b5cc6f7e01c6a,,
2005/February-22-2005-barnz-img74.exs.cx.png,official game: screenshot (RuneScape 2),"RS2 client screenshot. Posted in the forum thread ""Runescape Community -> Wilderness Capes, And Changes"".",,,2005-02-22,20051016111155,http://img74.exs.cx:80/img74/6148/barnz6su.png,https://web.archive.org/web/20051016111155/http://img74.exs.cx:80/img74/6148/barnz6su.png,https://web.archive.org/web/20050418165814/http://www.runescapecommunity.com:80/index.php?showtopic=266636,82452,aa0dabe4f4fe2109ac1aad32c2652107b5dd465e,,
2005/February-22-2005-couldbenewyew-img210.exs.cx.png,official game: screenshot (RuneScape 2),"RS2 client screenshot. Posted in the forum thread ""Runescape Community -> Wilderness Capes, And Changes"".",,,2005-02-22,20051120085111,http://img210.exs.cx:80/img210/8379/couldbenewyew6qf.png,https://web.archive.org/web/20051120085111/http://img210.exs.cx:80/img210/8379/couldbenewyew6qf.png,https://web.archive.org/web/20050418165814/http://www.runescapecommunity.com:80/index.php?showtopic=266636,110278,2d3ba881ab4b9615b9c261e4fbc7a51bdb0e656c,,
2005/February-22-2005-cows-img74.exs.cx.png,official game: screenshot (RuneScape 2),"RS2 client screenshot. Posted in the forum thread ""Runescape Community -> Wilderness Capes, And Changes"".",,,2005-02-22,20051016110800,http://img74.exs.cx:80/img74/4695/cows5fa.png,https://web.archive.org/web/20051016110800/http://img74.exs.cx:80/img74/4695/cows5fa.png,https://web.archive.org/web/20050418165814/http://www.runescapecommunity.com:80/index.php?showtopic=266636,69953,b5352c0ed039d7739e6a18ee931a30f1bfe938c7,,
2005/February-22-2005-lilyuffie-img210.exs.cx.png,official game: screenshot (RuneScape 2),"RS2 client screenshot. Posted in the forum thread ""Runescape Community -> Wilderness Capes, And Changes"".",,,2005-02-22,20051120080132,http://img210.exs.cx:80/img210/2343/lilyuffie1bu.png,https://web.archive.org/web/20051120080132/http://img210.exs.cx:80/img210/2343/lilyuffie1bu.png,https://web.archive.org/web/20050418165814/http://www.runescapecommunity.com:80/index.php?showtopic=266636,65985,8b04d24bfcce0a0b9524081b31a192c1dc9d9e16,,
2005/February-22-2005-lime6lw-img201.exs.cx.png,official game: screenshot (RuneScape 2),RS2 screenshot posted to a 2004-05 fansite forum thread; found by the 2001-2005 fansite re-screen,,,2005-02-22,20051120074309,http://img201.exs.cx:80/img201/6639/lime6lw.png,https://web.archive.org/web/20051120074309/http://img201.exs.cx:80/img201/6639/lime6lw.png,,124798,9547ecb6ecb9bab34881475eeadc3ebcaf3183e0,,
2005/February-22-2005-makeovers-img74.exs.cx.png,official game: screenshot (RuneScape 2),"RS2 client screenshot. Posted in the forum thread ""Runescape Community -> Wilderness Capes, And Changes"".",,,2005-02-22,20051016112325,http://img74.exs.cx:80/img74/2227/makeovers8ml.png,https://web.archive.org/web/20051016112325/http://img74.exs.cx:80/img74/2227/makeovers8ml.png,https://web.archive.org/web/20050418165814/http://www.runescapecommunity.com:80/index.php?showtopic=266636,79434,92b2da8e02ff7a46952e770d7159a1616486bd83,,
2005/February-22-2005-newdraynor-img210.exs.cx.png,official game: screenshot (RuneScape 2),"RS2 client screenshot. Posted in the forum thread ""Runescape Community -> Wilderness Capes, And Changes"".",,,2005-02-22,20051120081402,http://img210.exs.cx:80/img210/1016/newdraynor1ho.png,https://web.archive.org/web/20051120081402/http://img210.exs.cx:80/img210/1016/newdraynor1ho.png,https://web.archive.org/web/20050418165814/http://www.runescapecommunity.com:80/index.php?showtopic=266636,79354,d9c2d73065f9aa1134de8cfe28e40d1bb33903f7,,
2005/February-22-2005-newgoblin-img210.exs.cx.png,official game: screenshot (RuneScape 2),"RS2 client screenshot. Posted in the forum thread ""Runescape Community -> Wilderness Capes, And Changes"".",,,2005-02-22,20051120080702,http://img210.exs.cx:80/img210/7426/newgoblin0zy.png,https://web.archive.org/web/20051120080702/http://img210.exs.cx:80/img210/7426/newgoblin0zy.png,https://web.archive.org/web/20050418165814/http://www.runescapecommunity.com:80/index.php?showtopic=266636,48861,276f74ba04569c929652359cd78ca773a78c2cab,,
2005/February-22-2005-thasheepz-img74.exs.cx.png,official game: screenshot (RuneScape 2),"RS2 client screenshot. Posted in the forum thread ""Runescape Community -> Wilderness Capes, And Changes"".",,,2005-02-22,20051016112241,http://img74.exs.cx:80/img74/1615/thasheepz4um.png,https://web.archive.org/web/20051016112241/http://img74.exs.cx:80/img74/1615/thasheepz4um.png,https://web.archive.org/web/20050418165814/http://www.runescapecommunity.com:80/index.php?showtopic=266636,92464,a4131f2606a5abf9f2c8f21265b973af1008c7e9,,
2005/February-4-2005-tripod-fansite-client-screenshot-coo3700.tripod.com.jpg,official game: screenshot (RuneScape 2),"Client screenshot from a Tripod fan site (sitebuilder thumbnail, 300x197).",,,2005-02-04,20060209015836,http://coo3700.tripod.com:80/sitebuildercontent/sitebuilderpictures/.pond/runescape.jpg.w300h197.jpg,https://web.archive.org/web/20060209015836/http://coo3700.tripod.com:80/sitebuildercontent/sitebuilderpictures/.pond/runescape.jpg.w300h197.jpg,,15909,59650a9b7b9ac848c135fc753bb2910f6644e266,,
2005/February-5-2005-dragdag920om-img206.exs.cx.jpg,official game: screenshot (RuneScape 2),RS2 client screenshot from img206.exs.cx. Embedded in: Runescapers Portal - www.runescapers.com: Forums / Pictures / Am I good mage ? (https://web.archive.org/web/20050426041154/http://rsportal.dtiltas.lt:80/forum_viewtopic.php?37.5052).,,,2005-02-05,20050426161401,http://img206.exs.cx/img206/3784/dragdag920om.jpg,https://web.archive.org/web/20050426161401/http://img206.exs.cx/img206/3784/dragdag920om.jpg,,71146,f3c5be70620da38f323550d5ec04c50597ec15b5,,
2005/February-5-2005-granite1pw-img205.exs.cx.jpg,official game: screenshot (RuneScape 2),RS2 client screenshot from img205.exs.cx. Embedded in: Runescapers Portal - www.runescapers.com: Forums / Pictures / Am I good mage ? (https://web.archive.org/web/20050426041154/http://rsportal.dtiltas.lt:80/forum_viewtopic.php?37.5052).,,,2005-02-05,20050426153803,http://img205.exs.cx/img205/6935/granite1pw.jpg,https://web.archive.org/web/20050426153803/http://img205.exs.cx/img205/6935/granite1pw.jpg,,72917,473ef5f473a250c79a964780fe19e1abfb423959,,
2005/February-7-2005-ns-treasury-7-2-2005-koti.mbnet.fi.png,official game: screenshot (RuneScape 2),RS2 client screenshot from koti.mbnet.fi.,,,2005-02-07,20050423221939,http://koti.mbnet.fi:80/toni2/data/Ns%20Treasury/ns%20treasury%207.2.2005.PNG,https://web.archive.org/web/20050423221939/http://koti.mbnet.fi:80/toni2/data/Ns%20Treasury/ns%20treasury%207.2.2005.PNG,,141819,c308e38959e5ab9543231558be1d7b4fd90634f2,,
2005/February-8-2005-combat-100-prayer-levelup-client-img16.exs.cx.png,official game: screenshot (RuneScape 2),"RS2 client screenshot, combat 100 with prayer level-up to 54, embedded in a Feb 2005 fansite forum post (exs.cx)",,,2005-02-08,20050221144004,http://img16.exs.cx/img16/1985/100combat4bz.png,https://web.archive.org/web/20050221144004/http://img16.exs.cx/img16/1985/100combat4bz.png,,144470,15646b98f94eb13555ad6a5c3d67c8eea6f52579,,
2005/February-9-2005-beloning1-members.lycos.nl.jpg,official game: screenshot (RuneScape 2),RS2 client screenshot from members.lycos.nl. Embedded in: De Lunagang :: Bekijk onderwerp - lidmaatschap =P (https://web.archive.org/web/20050211120920/http://www.lunagang.nl:80/forum/viewtopic.php?p=27535&amp).,,,2005-02-09,20050211195129,http://members.lycos.nl/marscards/images/beloning1.JPG,https://web.archive.org/web/20050211195129/http://members.lycos.nl/marscards/images/beloning1.JPG,,32564,ba1259552de4143290073a10ed73b15012c00ca8,,
2005/February-9-2005-meand954xy-img63.exs.cx.jpg,official game: screenshot (RuneScape 2),RS2 screenshot posted to a 2004-05 fansite forum thread; found by the 2001-2005 fansite re-screen,,,2005-02-09,20050301224803,http://img63.exs.cx:80/img63/5379/meand954xy.jpg,https://web.archive.org/web/20050301224803/http://img63.exs.cx:80/img63/5379/meand954xy.jpg,,102489,296b54e05cb24de8a98f155ba3fb154429a1d502,,
2005/January-1-2005-dragonomistus-koti.mbnet.fi.jpg,official game: screenshot (RuneScape 2),RS2 client screenshot from koti.mbnet.fi.,,,2005-01-01,20050122210420,http://koti.mbnet.fi:80/kuukke/data/dragonomistus.JPG,https://web.archive.org/web/20050122210420/http://koti.mbnet.fi:80/kuukke/data/dragonomistus.JPG,,179215,e70908751dc0701b4db9c7a832af540f15cd25f3,,
2005/January-1-2005-kiel-morgan-dead-koti.mbnet.fi.png,official game: screenshot (RuneScape 2),RS2 client screenshot from koti.mbnet.fi.,,,2005-01-01,20050113054218,http://koti.mbnet.fi:80/kuukke/data/kiel%20morgan%20dead.PNG,https://web.archive.org/web/20050113054218/http://koti.mbnet.fi:80/kuukke/data/kiel%20morgan%20dead.PNG,,138554,9c92db4e3c7d5a232f330bfb554fd0f1dda09b13,,
2005/January-1-2005-lord-andro-dead-koti.mbnet.fi.png,official game: screenshot (RuneScape 2),RS2 client screenshot from koti.mbnet.fi.,,,2005-01-01,20050123085741,http://koti.mbnet.fi:80/kuukke/data/Lord%20Andro%20dead.PNG,https://web.archive.org/web/20050123085741/http://koti.mbnet.fi:80/kuukke/data/Lord%20Andro%20dead.PNG,,123312,1a3fb98e3aece54a4030e06d3628b820151d8634,,
2005/January-1-2005-neo-mag-dead-koti.mbnet.fi.png,official game: screenshot (RuneScape 2),RS2 client screenshot from koti.mbnet.fi.,,,2005-01-01,20050122211208,http://koti.mbnet.fi:80/kuukke/data/neo%20mag%20dead.PNG,https://web.archive.org/web/20050122211208/http://koti.mbnet.fi:80/kuukke/data/neo%20mag%20dead.PNG,,111627,e11cfd998d74b47b688528afd71badfa18c231bb,,
2005/January-1-2005-zezima5-koti.mbnet.fi.jpg,official game: screenshot (RuneScape 2),RS2 client screenshot from koti.mbnet.fi.,,,2005-01-01,20050123082930,http://koti.mbnet.fi:80/kuukke/data/zezima5.JPG,https://web.archive.org/web/20050123082930/http://koti.mbnet.fi:80/kuukke/data/zezima5.JPG,,62333,e3e9280a4484fcdcd2c069e02a883b352d6bbb05,,
2005/January-10-2005-l333333333333333333337-koti.mbnet.fi.png,official game: screenshot (RuneScape 2),RS2 client screenshot from koti.mbnet.fi.,,,2005-01-10,20050123090219,http://koti.mbnet.fi:80/kuukke/data/l333333333333333333337.PNG,https://web.archive.org/web/20050123090219/http://koti.mbnet.fi:80/kuukke/data/l333333333333333333337.PNG,,123880,4ad346ed22f83b630bfbcc47780b4b6195a87f67,,
2005/January-11-2005-ranged80woot-koti.mbnet.fi.png,official game: screenshot (RuneScape 2),RS2 client screenshot from koti.mbnet.fi.,,,2005-01-11,20050128140456,http://koti.mbnet.fi:80/kuukke/data/RANGED80WOOT.PNG,https://web.archive.org/web/20050128140456/http://koti.mbnet.fi:80/kuukke/data/RANGED80WOOT.PNG,,106073,9261ae51b3a978d0884ca6c54d5842044ef14aff,,
2005/January-11-2005-vampire-img108.exs.cx.png,official game: screenshot (RuneScape 2),"RS2 client screenshot. Posted in the forum thread ""Zybez.com - RuneScape Help [ Beta ]"".",,,2005-01-11,20051016110404,http://img108.exs.cx:80/img108/6015/vampire4lk.png,https://web.archive.org/web/20051016110404/http://img108.exs.cx:80/img108/6015/vampire4lk.png,https://web.archive.org/web/20050507210032/http://www.zybez.com:80/quests.php?id=48,51562,6fab22b340ef6c1a1b91a25de0ec5309af16070d,,
2005/January-12-2005-runescape-pk-tappo1-koti.mbnet.fi.jpg,official game: screenshot (RuneScape 2),RS2 client screenshot from koti.mbnet.fi.,,,2005-01-12,20050121021236,http://koti.mbnet.fi:80/kuukke/data/Runescape%20PK-tappo1.JPG,https://web.archive.org/web/20050121021236/http://koti.mbnet.fi:80/kuukke/data/Runescape%20PK-tappo1.JPG,,89226,9d753d1e0324443d4c3f3fd48407973f0fbe1360,,
2005/January-14-2005-rsstats4ww-img81.exs.cx.png,official game: screenshot (RuneScape 2),RS2 screenshot posted to a 2004-05 fansite forum thread; found by the 2001-2005 fansite re-screen,,,2005-01-14,20051016111154,http://img81.exs.cx:80/img81/9925/rsstats4ww.png,https://web.archive.org/web/20051016111154/http://img81.exs.cx:80/img81/9925/rsstats4ww.png,,116993,34d7f5067454cdfa27207e78d9dffb4f33b09357,,
2005/January-15-2005-dragon-spear-drop-wilderness-home.ripway.com.jpg,official game: screenshot (RuneScape 2),"Dragon spear drop in the Wilderness with the right-click Take menu open (file name dspear), from a ripway folder.",,,2005-01-15,20050209030043,http://home.ripway.com:80/2004-11/212891/dspear.JPG,https://web.archive.org/web/20050209030043/http://home.ripway.com:80/2004-11/212891/dspear.JPG,,68184,cfb802131643f02a83b2a1a436ca83f6594c9dc6,,
2005/January-15-2005-wizzonline-trade-menu-client-wizzonline.co.uk.jpg,official game: screenshot (RuneScape 2),"RS2 client screenshot with a long right-click trade/follow menu, from the wizzonline.co.uk RuneScape gallery (2004 page; this capture is from 2013)",,,2005-01-15,20130310201951,http://www.wizzonline.co.uk:80/skull%203.jpg,https://web.archive.org/web/20130310201951/http://www.wizzonline.co.uk:80/skull%203.jpg,,112169,c8d6c5adf55af9938d7f2e7531c5a13aedf79c10,,
2005/January-16-2005-shane12088-s04.imagehost.org.png,official game: screenshot (RuneScape 2),RS2 client screenshot.,,,2005-01-16,20060527094257,http://s04.imagehost.org/1582/shane12088.png,https://web.archive.org/web/20060527094257/http://s04.imagehost.org/1582/shane12088.png,,103837,bac128838abe2ff1aacfeab4f6cc678571e62830,,
2005/January-17-2005-dragonlegs-img129.exs.cx.png,official game: screenshot (RuneScape 2),"RS2 client screenshot. Posted in the forum thread ""RuneScape Community -> Karamja Dungeon"".",,,2005-01-17,20051016112105,http://img129.exs.cx:80/img129/5347/dragonlegs9no.png,https://web.archive.org/web/20051016112105/http://img129.exs.cx:80/img129/5347/dragonlegs9no.png,https://web.archive.org/web/20050121171928/http://www.runescapecommunity.com:80/index.php?showtopic=245971,4503,f454eb9e7e81a20ff37b62dda805d77a67d1f07e,,
2005/January-17-2005-famouslonekeeper-img84.exs.cx.jpg,official game: screenshot (RuneScape 2),"RS2 client screenshot. Posted in the forum thread ""Pictures of Famous People Go Here"".",,,2005-01-17,20060524210715,http://img84.exs.cx:80/img84/7359/famouslonekeeper0np.jpg,https://web.archive.org/web/20060524210715/http://img84.exs.cx:80/img84/7359/famouslonekeeper0np.jpg,https://web.archive.org/web/20060310113259/http://forums.rsbandb.com:80/viewtopic.php?t=1345,48352,8266ee596e79001fa1004894b8e22c62fcfd2396,,
2005/January-18-2005-bronzedrag-img52.exs.cx.jpg,official game: screenshot (RuneScape 2),"RS2 client screenshot. Posted in the forum thread ""Runescape Community -> The Karamja Dungeon"".",,,2005-01-18,20051016112105,http://img52.exs.cx:80/img52/2866/bronzedrag8ux.jpg,https://web.archive.org/web/20051016112105/http://img52.exs.cx:80/img52/2866/bronzedrag8ux.jpg,https://web.archive.org/web/20050418164653/http://www.runescapecommunity.com:80/index.php?showtopic=246599,44122,d47b21cdff88a7527dc7cf38b75a9bc2c1d3ba62,,
2005/January-18-2005-entrance-img60.exs.cx.png,official game: screenshot (RuneScape 2),"RS2 client screenshot. Posted in the forum thread ""Runescape Community -> The Karamja Dungeon"".",,,2005-01-18,20051016111152,http://img60.exs.cx:80/img60/7451/entrance1hs.png,https://web.archive.org/web/20051016111152/http://img60.exs.cx:80/img60/7451/entrance1hs.png,https://web.archive.org/web/20050418164653/http://www.runescapecommunity.com:80/index.php?showtopic=246599,92100,1588c3bd98623ac996acb5923d1b666e514a671a,,
2005/January-18-2005-greaterdemon-img8.exs.cx.jpg,official game: screenshot (RuneScape 2),"RS2 client screenshot. Posted in the forum thread ""Runescape Community -> The Karamja Dungeon"".",,,2005-01-18,20051120085947,http://img8.exs.cx:80/img8/7885/greaterdemon1ls.jpg,https://web.archive.org/web/20051120085947/http://img8.exs.cx:80/img8/7885/greaterdemon1ls.jpg,https://web.archive.org/web/20050418164653/http://www.runescapecommunity.com:80/index.php?showtopic=246599,16151,1d890a0c3f60218fa681fd0c1079b6239f3168b2,,
2005/January-18-2005-irondrag-img106.exs.cx.jpg,official game: screenshot (RuneScape 2),"RS2 client screenshot. Posted in the forum thread ""Runescape Community -> The Karamja Dungeon"".",,,2005-01-18,20051016110404,http://img106.exs.cx:80/img106/6504/irondrag0it.jpg,https://web.archive.org/web/20051016110404/http://img106.exs.cx:80/img106/6504/irondrag0it.jpg,https://web.archive.org/web/20050418164653/http://www.runescapecommunity.com:80/index.php?showtopic=246599,46737,0e5262ffc341fd10596f11c751f1416809912adc,,
2005/January-18-2005-mossie-img113.exs.cx.jpg,official game: screenshot (RuneScape 2),"RS2 client screenshot. Posted in the forum thread ""Runescape Community -> The Karamja Dungeon"".",,,2005-01-18,20051016105926,http://img113.exs.cx:80/img113/9997/mossie6oo.jpg,https://web.archive.org/web/20051016105926/http://img113.exs.cx:80/img113/9997/mossie6oo.jpg,https://web.archive.org/web/20050418164653/http://www.runescapecommunity.com:80/index.php?showtopic=246599,10593,5f2ace9d3ac0320c996e1556da6fb4f11608a0bb,,
2005/January-18-2005-steeldrag-img116.exs.cx.jpg,official game: screenshot (RuneScape 2),"RS2 client screenshot. Posted in the forum thread ""Runescape Community -> The Karamja Dungeon"".",,,2005-01-18,20051016112720,http://img116.exs.cx:80/img116/8742/steeldrag3hx.jpg,https://web.archive.org/web/20051016112720/http://img116.exs.cx:80/img116/8742/steeldrag3hx.jpg,https://web.archive.org/web/20050418164653/http://www.runescapecommunity.com:80/index.php?showtopic=246599,45159,9bf59606551d3a7e8bcc9157935fc07b4e71de1a,,
2005/January-19-2005-runeore13nc-img114.exs.cx.jpg,official game: screenshot (RuneScape 2),RS2 screenshot posted to a 2004-05 fansite forum thread; found by the 2001-2005 fansite re-screen,,,2005-01-19,20050210011359,http://img114.exs.cx:80/img114/9653/runeore13nc.jpg,https://web.archive.org/web/20050210011359/http://img114.exs.cx:80/img114/9653/runeore13nc.jpg,,76174,f376398ebdbb0435f4243659b3190c9efc0eb906,,
2005/January-2-2005-mancerfullit-koti.mbnet.fi.jpg,official game: screenshot (RuneScape 2),RS2 client screenshot from koti.mbnet.fi.,,,2005-01-02,20050123084547,http://koti.mbnet.fi:80/kuukke/data/Mancerfullit.JPG,https://web.archive.org/web/20050123084547/http://koti.mbnet.fi:80/kuukke/data/Mancerfullit.JPG,,81742,1fec0e51e80803a01a704659d990a8dcadaa8483,,
2005/January-25-2005-lvl120-img.photobucket.com.jpg,official game: screenshot (RuneScape 2),"RS2 client screenshot. Posted in the forum thread ""Pictures of Famous People Go Here"".",,,2005-01-25,20130618034105,http://img.photobucket.com/albums/v302/vudinio/lvl120.jpg,https://web.archive.org/web/20130618034105/http://img.photobucket.com/albums/v302/vudinio/lvl120.jpg,https://web.archive.org/web/20060310113259/http://forums.rsbandb.com:80/viewtopic.php?t=1345,23367,bd5e06c8e1276cebed6cfd0bc0bbc4f8b0bef5b7,,
2005/January-25-2005-m4ximx-kill-server2.uploadit.org.jpg,official game: screenshot (RuneScape 2),RS2 client screenshot from server2.uploadit.org.,,,2005-01-25,20051117221809,http://server2.uploadit.org:80/files/m4ximx-kill.JPG,https://web.archive.org/web/20051117221809/http://server2.uploadit.org:80/files/m4ximx-kill.JPG,,75925,2724b70fbcf760544eada9384a423ed56d385da0,,
2005/January-25-2005-trawler-1-geocities.com.jpg,official game: screenshot (RuneScape 2),RS2 client screenshot.,,,2005-01-25,20050213015633,http://www.geocities.com/nickjones36/trawler_1.JPG,https://web.archive.org/web/20050213015633/http://www.geocities.com/nickjones36/trawler_1.JPG,,128359,d50b6812b76575617afe9bf6b67941fe7316ca62,,
2005/January-26-2005-26jan051452147at-img198.exs.cx.jpg,official game: screenshot (RuneScape 2),RS2 screenshot posted to a 2004-05 fansite forum thread; found by the 2001-2005 fansite re-screen,,,2005-01-26,20051120083826,http://img198.exs.cx:80/img198/6489/26jan051452147at.jpg,https://web.archive.org/web/20051120083826/http://img198.exs.cx:80/img198/6489/26jan051452147at.jpg,,121475,e313b86ff2f5086fa5b81a5aaf47a8cf5da08359,,
2005/January-26-2005-costofitems4em-img169.exs.cx.jpg,official game: screenshot (RuneScape 2),RS2 screenshot posted to a 2004-05 fansite forum thread; found by the 2001-2005 fansite re-screen,,,2005-01-26,20051120081800,http://img169.exs.cx:80/img169/1908/costofitems4em.jpg,https://web.archive.org/web/20051120081800/http://img169.exs.cx:80/img169/1908/costofitems4em.jpg,,41604,42fb3138ce9b77168a3cee1c305eba3c461f0893,,
2005/January-26-2005-famousmatt258-img185.exs.cx.jpg,official game: screenshot (RuneScape 2),"RS2 client screenshot. Posted in the forum thread ""Pictures of Famous People Go Here"".",,,2005-01-26,20060526234254,http://img185.exs.cx:80/img185/1753/famousmatt2581fv.jpg,https://web.archive.org/web/20060526234254/http://img185.exs.cx:80/img185/1753/famousmatt2581fv.jpg,https://web.archive.org/web/20060310113259/http://forums.rsbandb.com:80/viewtopic.php?t=1345,47812,f6c2b15ee4adab45bb204e3b0f43cbdee10909ad,,
2005/January-26-2005-fighting-img193.exs.cx.png,official game: screenshot (RuneScape 2),"RS2 client screenshot. Posted in the forum thread ""RuneHQ -> Join Lw's Today Lvl 75+ Clan"".",,,2005-01-26,20050206002208,http://img193.exs.cx:80/img193/2442/fighting8me.png,https://web.archive.org/web/20050206002208/http://img193.exs.cx:80/img193/2442/fighting8me.png,https://web.archive.org/web/20050205125817/http://www.runehq.com:80/RHQInn/index.php?showtopic=59637,62062,0aa4dbad124024cd48b3a6b84168e7a82bf1156f,,
2005/January-26-2005-mysticrobes-img170.exs.cx.png,official game: screenshot (RuneScape 2),"RS2 client screenshot. Posted in the forum thread ""Runescape Community -> Slayer Skill"".",,,2005-01-26,20051120082751,http://img170.exs.cx:80/img170/7320/mysticrobes1dn.png,https://web.archive.org/web/20051120082751/http://img170.exs.cx:80/img170/7320/mysticrobes1dn.png,https://web.archive.org/web/20050418164753/http://www.runescapecommunity.com:80/index.php?showtopic=250391,74591,80342f80735ae2f3b2cdd8a4d4b879ee28c70341,,
2005/January-26-2005-omfg-img163.exs.cx.png,official game: screenshot (RuneScape 2),"RS2 client screenshot. Posted in the forum thread ""Runescape Community -> Slayer Skill"".",,,2005-01-26,20051120072010,http://img163.exs.cx:80/img163/8284/omfg0jo.png,https://web.archive.org/web/20051120072010/http://img163.exs.cx:80/img163/8284/omfg0jo.png,https://web.archive.org/web/20050418164753/http://www.runescapecommunity.com:80/index.php?showtopic=250391,151061,2f133b6058ab1d16a5d25176d7df3dc0ae8ff2a6,,
2005/January-26-2005-voodooke-xxx-server2.uploadit.org.jpg,official game: screenshot (RuneScape 2),RS2 client screenshot from server2.uploadit.org.,,,2005-01-26,20051116095711,http://server2.uploadit.org:80/files/voodooke-xxx.JPG,https://web.archive.org/web/20051116095711/http://server2.uploadit.org:80/files/voodooke-xxx.JPG,,128731,6c6ceb59ba580c43bfd2f5a346e309cd86cf97ee,,
2005/January-29-2005-ff6man-mithboots-server2.uploadit.org.jpg,official game: screenshot (RuneScape 2),RS2 client screenshot from server2.uploadit.org.,,,2005-01-29,20051115090647,http://server2.uploadit.org:80/files/ff6man-mithboots.JPG,https://web.archive.org/web/20051115090647/http://server2.uploadit.org:80/files/ff6man-mithboots.JPG,,43853,879b1689dba38d58f3c49f96f11001c5f313f01a,,
2005/January-29-2005-st-1500-koti.mbnet.fi.png,official game: screenshot (RuneScape 2),RS2 client screenshot from koti.mbnet.fi.,,,2005-01-29,20050422202351,http://koti.mbnet.fi:80/toni2/data/st%201500.PNG,https://web.archive.org/web/20050422202351/http://koti.mbnet.fi:80/toni2/data/st%201500.PNG,,154707,c33ef622afdc9ebd2590151ca7da9aaa26d75aa0,,
2005/January-3-2005-16s-koti.mbnet.fi.png,official game: screenshot (RuneScape 2),RS2 client screenshot from koti.mbnet.fi.,,,2005-01-03,20050427023429,http://koti.mbnet.fi:80/toni2/data/16s.PNG,https://web.archive.org/web/20050427023429/http://koti.mbnet.fi:80/toni2/data/16s.PNG,,136216,35bbef65073654c91df4e4638b9091247ec95d29,,
2005/January-3-2005-7-rune-ores-koti.mbnet.fi.png,official game: screenshot (RuneScape 2),RS2 client screenshot from koti.mbnet.fi.,,,2005-01-03,20050422210048,http://koti.mbnet.fi:80/toni2/data/7%20rune%20ores.PNG,https://web.archive.org/web/20050422210048/http://koti.mbnet.fi:80/toni2/data/7%20rune%20ores.PNG,,130823,858ca5fa68a88d27b40cdc958bea6804f170cbe7,,
2005/January-3-2005-agi60-koti.mbnet.fi.png,official game: screenshot (RuneScape 2),RS2 client screenshot from koti.mbnet.fi.,,,2005-01-03,20050422202120,http://koti.mbnet.fi:80/toni2/data/agi60.PNG,https://web.archive.org/web/20050422202120/http://koti.mbnet.fi:80/toni2/data/agi60.PNG,,160093,abb791241344dee774630d52f97ad4b4ac12dc56,,
2005/January-3-2005-ale-rm-koti.mbnet.fi.png,official game: screenshot (RuneScape 2),RS2 client screenshot from koti.mbnet.fi.,,,2005-01-03,20050422201709,http://koti.mbnet.fi:80/toni2/data/Ale%20Rm.PNG,https://web.archive.org/web/20050422201709/http://koti.mbnet.fi:80/toni2/data/Ale%20Rm.PNG,,122030,8b1d094bffa409355c0ac83aab67f65a044d12e4,,
2005/January-3-2005-all-skills-60-koti.mbnet.fi.png,official game: screenshot (RuneScape 2),RS2 client screenshot from koti.mbnet.fi.,,,2005-01-03,20050422210750,http://koti.mbnet.fi:80/toni2/data/all%20skills%2060+.PNG,https://web.archive.org/web/20050422210750/http://koti.mbnet.fi:80/toni2/data/all%20skills%2060+.PNG,,226635,4a6910fcd571fc402974cef0af8f1a98fa84cdda,,
2005/January-3-2005-alredy-exereissa-koti.mbnet.fi.png,official game: screenshot (RuneScape 2),RS2 client screenshot from koti.mbnet.fi.,,,2005-01-03,20050422210801,http://koti.mbnet.fi:80/toni2/data/alredy%20exereissa.PNG,https://web.archive.org/web/20050422210801/http://koti.mbnet.fi:80/toni2/data/alredy%20exereissa.PNG,,132285,a5b9630fae80a2b1ce8cc8adbad082ce7f637f7a,,
2005/January-3-2005-big-war-koti.mbnet.fi.png,official game: screenshot (RuneScape 2),RS2 client screenshot from koti.mbnet.fi.,,,2005-01-03,20050328024653,http://koti.mbnet.fi:80/toni2/data/big%20war.PNG,https://web.archive.org/web/20050328024653/http://koti.mbnet.fi:80/toni2/data/big%20war.PNG,,126285,63cadcd71edd48795e59d32059294bad5239fa23,,
2005/January-3-2005-big-war2-koti.mbnet.fi.png,official game: screenshot (RuneScape 2),RS2 client screenshot from koti.mbnet.fi.,,,2005-01-03,20050328030354,http://koti.mbnet.fi:80/toni2/data/big%20war2.PNG,https://web.archive.org/web/20050328030354/http://koti.mbnet.fi:80/toni2/data/big%20war2.PNG,,125519,6b153b7b4063a71704f77326670508fd3cc661ea,,
2005/January-3-2005-big-war3-koti.mbnet.fi.png,official game: screenshot (RuneScape 2),RS2 client screenshot from koti.mbnet.fi.,,,2005-01-03,20050422202710,http://koti.mbnet.fi:80/toni2/data/big%20war3.PNG,https://web.archive.org/web/20050422202710/http://koti.mbnet.fi:80/toni2/data/big%20war3.PNG,,133738,5b58b17f7128cfc64ef4d9cd7682cd557cfd5b43,,
2005/January-3-2005-big-war4-koti.mbnet.fi.png,official game: screenshot (RuneScape 2),RS2 client screenshot from koti.mbnet.fi.,,,2005-01-03,20050422202719,http://koti.mbnet.fi:80/toni2/data/big%20war4.PNG,https://web.archive.org/web/20050422202719/http://koti.mbnet.fi:80/toni2/data/big%20war4.PNG,,126427,b281b751dd9ea2366ef8787998f68d20176f9b5d,,
2005/January-3-2005-cannon-owns-koti.mbnet.fi.jpg,official game: screenshot (RuneScape 2),RS2 client screenshot from koti.mbnet.fi.,,,2005-01-03,20050422204621,http://koti.mbnet.fi:80/toni2/data/cannon%20owns.JPG,https://web.archive.org/web/20050422204621/http://koti.mbnet.fi:80/toni2/data/cannon%20owns.JPG,,81441,c2c34c1f91b7cf3be454de56d4f2f83912fd7475,,
2005/January-3-2005-deco-fulleissa-jesse-koti.mbnet.fi.png,official game: screenshot (RuneScape 2),RS2 client screenshot from koti.mbnet.fi.,,,2005-01-03,20050422212906,http://koti.mbnet.fi:80/toni2/data/deco%20fulleissa%20(jesse).PNG,https://web.archive.org/web/20050422212906/http://koti.mbnet.fi:80/toni2/data/deco%20fulleissa%20(jesse).PNG,,181462,247eca5e2183b21708a29766cbcf8f1ef3b802b9,,
2005/January-3-2005-deco-fulleissa-kaijju-koti.mbnet.fi.png,official game: screenshot (RuneScape 2),RS2 client screenshot from koti.mbnet.fi.,,,2005-01-03,20050422213008,http://koti.mbnet.fi:80/toni2/data/deco%20fulleissa%20(kaijju).PNG,https://web.archive.org/web/20050422213008/http://koti.mbnet.fi:80/toni2/data/deco%20fulleissa%20(kaijju).PNG,,198491,4c9b973acb9f2437f119edb2a81f6dfe268d68a1,,
2005/January-3-2005-deco-fulleissa-some-koti.mbnet.fi.png,official game: screenshot (RuneScape 2),RS2 client screenshot from koti.mbnet.fi.,,,2005-01-03,20050422212318,http://koti.mbnet.fi:80/toni2/data/deco%20fulleissa%20(some).PNG,https://web.archive.org/web/20050422212318/http://koti.mbnet.fi:80/toni2/data/deco%20fulleissa%20(some).PNG,,176416,557c7db16de4810a3e74b541ff3dba33c30f75c6,,
2005/January-3-2005-eka-mage-tappo-koti.mbnet.fi.png,official game: screenshot (RuneScape 2),RS2 client screenshot from koti.mbnet.fi.,,,2005-01-03,20050422210812,http://koti.mbnet.fi:80/toni2/data/eka%20mage%20tappo.PNG,https://web.archive.org/web/20050422210812/http://koti.mbnet.fi:80/toni2/data/eka%20mage%20tappo.PNG,,118852,a26ff72b4770f053bb940582f39ea7f032eaa744,,
2005/January-3-2005-fletch-90-koti.mbnet.fi.png,official game: screenshot (RuneScape 2),RS2 client screenshot from koti.mbnet.fi.,,,2005-01-03,20050422203335,http://koti.mbnet.fi:80/toni2/data/fletch%2090.PNG,https://web.archive.org/web/20050422203335/http://koti.mbnet.fi:80/toni2/data/fletch%2090.PNG,,156186,7f5dad6d595f23659e9e11718022d70daf7d991d,,
2005/January-3-2005-hits78-koti.mbnet.fi.png,official game: screenshot (RuneScape 2),RS2 client screenshot from koti.mbnet.fi.,,,2005-01-03,20050422200957,http://koti.mbnet.fi:80/toni2/data/hits78.PNG,https://web.archive.org/web/20050422200957/http://koti.mbnet.fi:80/toni2/data/hits78.PNG,,122901,f01e2045cf9c394a12fcca50c7458451a5a69b01,,
2005/January-3-2005-hoono-ownagee2-koti.mbnet.fi.png,official game: screenshot (RuneScape 2),RS2 client screenshot from koti.mbnet.fi.,,,2005-01-03,20050422210145,http://koti.mbnet.fi:80/toni2/data/hoono%20ownagee2.PNG,https://web.archive.org/web/20050422210145/http://koti.mbnet.fi:80/toni2/data/hoono%20ownagee2.PNG,,114704,3a07a4d95a227f3d2f4c8a140a894c3c639eccde,,
2005/January-3-2005-hoono-ownagee3-koti.mbnet.fi.png,official game: screenshot (RuneScape 2),RS2 client screenshot from koti.mbnet.fi.,,,2005-01-03,20050422210154,http://koti.mbnet.fi:80/toni2/data/hoono%20ownagee3.PNG,https://web.archive.org/web/20050422210154/http://koti.mbnet.fi:80/toni2/data/hoono%20ownagee3.PNG,,140158,43a96a0eeadc4221d64d8c2812f884363efd8bfa,,
2005/January-3-2005-hoono-ownagee4-rakon-slayer-edition-koti.mbnet.fi.png,official game: screenshot (RuneScape 2),RS2 client screenshot from koti.mbnet.fi.,,,2005-01-03,20050422215535,http://koti.mbnet.fi:80/toni2/data/Hoono%20ownagee4%20-rakon%20slayer%20edition.PNG,https://web.archive.org/web/20050422215535/http://koti.mbnet.fi:80/toni2/data/Hoono%20ownagee4%20-rakon%20slayer%20edition.PNG,,159298,00fcf2c5469dd73ce7ec2c8f944f68b953d4ef02,,
2005/January-3-2005-hoono-ownagee5-koti.mbnet.fi.png,official game: screenshot (RuneScape 2),RS2 client screenshot from koti.mbnet.fi.,,,2005-01-03,20050422210212,http://koti.mbnet.fi:80/toni2/data/hoono%20ownagee5.PNG,https://web.archive.org/web/20050422210212/http://koti.mbnet.fi:80/toni2/data/hoono%20ownagee5.PNG,,148610,61bbe1bc553bb2c0c41d9e78154cdfdd744b4bed,,
2005/January-3-2005-jmml-and-team-kk-2-dead-koti.mbnet.fi.png,official game: screenshot (RuneScape 2),RS2 client screenshot from koti.mbnet.fi.,,,2005-01-03,20050422213318,http://koti.mbnet.fi:80/toni2/data/Jmml%20and%20team%20kk%202%20DEAD.PNG,https://web.archive.org/web/20050422213318/http://koti.mbnet.fi:80/toni2/data/Jmml%20and%20team%20kk%202%20DEAD.PNG,,147272,3c0ae20c3fda393fa8516fa0ff8324428687886f,,
2005/January-3-2005-kaspa77-koti.mbnet.fi.png,official game: screenshot (RuneScape 2),RS2 client screenshot from koti.mbnet.fi.,,,2005-01-03,20050422200858,http://koti.mbnet.fi:80/toni2/data/kaspa77.PNG,https://web.archive.org/web/20050422200858/http://koti.mbnet.fi:80/toni2/data/kaspa77.PNG,,142925,2342e76623672aecd54693d342419719a649d7fc,,
2005/January-3-2005-mage77-koti.mbnet.fi.png,official game: screenshot (RuneScape 2),RS2 client screenshot from koti.mbnet.fi.,,,2005-01-03,20050422194718,http://koti.mbnet.fi:80/toni2/data/mage77.PNG,https://web.archive.org/web/20050422194718/http://koti.mbnet.fi:80/toni2/data/mage77.PNG,,178809,c4f665c5f7a23bd3d0999cb3121e660f12953e65,,
2005/January-3-2005-mage80-koti.mbnet.fi.png,official game: screenshot (RuneScape 2),RS2 client screenshot from koti.mbnet.fi.,,,2005-01-03,20050422200553,http://koti.mbnet.fi:80/toni2/data/mage80.PNG,https://web.archive.org/web/20050422200553/http://koti.mbnet.fi:80/toni2/data/mage80.PNG,,148551,72d61c7566434658875fcab4de4f75312c94e0b3,,
2005/January-3-2005-map-2-koti.mbnet.fi.png,official game: screenshot (RuneScape 2),RS2 client screenshot from koti.mbnet.fi.,,,2005-01-03,20050422200941,http://koti.mbnet.fi:80/toni2/data/map%202.PNG,https://web.archive.org/web/20050422200941/http://koti.mbnet.fi:80/toni2/data/map%202.PNG,,146342,02c76538f360f6e3d51a53def1552c2fc468ee68,,
2005/January-3-2005-ore-tappo1-koti.mbnet.fi.png,official game: screenshot (RuneScape 2),RS2 client screenshot from koti.mbnet.fi.,,,2005-01-03,20050422203724,http://koti.mbnet.fi:80/toni2/data/ore%20tappo1.PNG,https://web.archive.org/web/20050422203724/http://koti.mbnet.fi:80/toni2/data/ore%20tappo1.PNG,,113032,419221f00857522d719964c759c840882314521f,,
2005/January-3-2005-ore-tappo2-koti.mbnet.fi.png,official game: screenshot (RuneScape 2),RS2 client screenshot from koti.mbnet.fi.,,,2005-01-03,20050422203729,http://koti.mbnet.fi:80/toni2/data/ore%20tappo2.PNG,https://web.archive.org/web/20050422203729/http://koti.mbnet.fi:80/toni2/data/ore%20tappo2.PNG,,131274,47401d5be428fd7fb23593959d62ca2abf1c150b,,
2005/January-3-2005-petusalem-koti.mbnet.fi.png,official game: screenshot (RuneScape 2),RS2 client screenshot from koti.mbnet.fi.,,,2005-01-03,20050422202301,http://koti.mbnet.fi:80/toni2/data/Petusalem.PNG,https://web.archive.org/web/20050422202301/http://koti.mbnet.fi:80/toni2/data/Petusalem.PNG,,142461,dcd99012bfdc5c8f613e4197610a66d180484034,,
2005/January-3-2005-pk-king666-koti.mbnet.fi.png,official game: screenshot (RuneScape 2),RS2 client screenshot from koti.mbnet.fi.,,,2005-01-03,20050422203702,http://koti.mbnet.fi:80/toni2/data/Pk%20King666.PNG,https://web.archive.org/web/20050422203702/http://koti.mbnet.fi:80/toni2/data/Pk%20King666.PNG,,114832,1d3d5613ee5911be35e69a6b4ad016d76d1f79f7,,
2005/January-3-2005-rakon-med-swoot-koti.mbnet.fi.png,official game: screenshot (RuneScape 2),RS2 client screenshot from koti.mbnet.fi.,,,2005-01-03,20050422211239,http://koti.mbnet.fi:80/toni2/data/rakon%20med!%20swoot.PNG,https://web.archive.org/web/20050422211239/http://koti.mbnet.fi:80/toni2/data/rakon%20med!%20swoot.PNG,,119639,06c6ca547d75b258b9927b72c23014f5cd8e6184,,
2005/January-3-2005-range68-koti.mbnet.fi.png,official game: screenshot (RuneScape 2),RS2 client screenshot from koti.mbnet.fi.,,,2005-01-03,20050422200946,http://koti.mbnet.fi:80/toni2/data/range68.PNG,https://web.archive.org/web/20050422200946/http://koti.mbnet.fi:80/toni2/data/range68.PNG,,119127,1550d3fba9858ccdf23c54dfed4efb2fa4f77ba0,,
2005/January-3-2005-rune-banaani-koti.mbnet.fi.png,official game: screenshot (RuneScape 2),RS2 client screenshot from koti.mbnet.fi.,,,2005-01-03,20050422205024,http://koti.mbnet.fi:80/toni2/data/Rune%20banaani.PNG,https://web.archive.org/web/20050422205024/http://koti.mbnet.fi:80/toni2/data/Rune%20banaani.PNG,,118949,005e933b689263045dda85f88517e4d7ab9afc51,,
2005/January-3-2005-rutslane-koti.mbnet.fi.png,official game: screenshot (RuneScape 2),RS2 client screenshot from koti.mbnet.fi.,,,2005-01-03,20050422201730,http://koti.mbnet.fi:80/toni2/data/rutslane.PNG,https://web.archive.org/web/20050422201730/http://koti.mbnet.fi:80/toni2/data/rutslane.PNG,,133731,0be72474c76d05cc44ade33edb585dae37c0a5ca,,
2005/January-3-2005-smith-80-koti.mbnet.fi.png,official game: screenshot (RuneScape 2),RS2 client screenshot from koti.mbnet.fi.,,,2005-01-03,20050422202757,http://koti.mbnet.fi:80/toni2/data/smith%2080.PNG,https://web.archive.org/web/20050422202757/http://koti.mbnet.fi:80/toni2/data/smith%2080.PNG,,200831,e52188fd4e798184872f6e67842c7a426ea29330,,
2005/January-3-2005-st-1234-koti.mbnet.fi.png,official game: screenshot (RuneScape 2),RS2 client screenshot from koti.mbnet.fi.,,,2005-01-03,20050422202339,http://koti.mbnet.fi:80/toni2/data/st%201234.PNG,https://web.archive.org/web/20050422202339/http://koti.mbnet.fi:80/toni2/data/st%201234.PNG,,140247,e835a53d9f28fa374a6fd73afdf18116f6f4c738,,
2005/January-3-2005-st-1337-fletch-70-koti.mbnet.fi.png,official game: screenshot (RuneScape 2),RS2 client screenshot from koti.mbnet.fi.,,,2005-01-03,20050422211724,http://koti.mbnet.fi:80/toni2/data/st%201337%20fletch%2070.PNG,https://web.archive.org/web/20050422211724/http://koti.mbnet.fi:80/toni2/data/st%201337%20fletch%2070.PNG,,112441,57700b08f6e697a449ac73c9cf11e5a8fb95b47f,,
2005/January-3-2005-st-1400-koti.mbnet.fi.png,official game: screenshot (RuneScape 2),RS2 client screenshot from koti.mbnet.fi.,,,2005-01-03,20050422202344,http://koti.mbnet.fi:80/toni2/data/st%201400.PNG,https://web.archive.org/web/20050422202344/http://koti.mbnet.fi:80/toni2/data/st%201400.PNG,,175929,ff3c30513cc440c93bd9e13ba4937d23194528ba,,
2005/January-3-2005-team-kk-2-koti.mbnet.fi.png,official game: screenshot (RuneScape 2),RS2 client screenshot from koti.mbnet.fi.,,,2005-01-03,20050422204635,http://koti.mbnet.fi:80/toni2/data/team%20kk%202.PNG,https://web.archive.org/web/20050422204635/http://koti.mbnet.fi:80/toni2/data/team%20kk%202.PNG,,110679,4c9c533528392312ee0b7c02740bcb1d4ca1ebeb,,
2005/January-30-2005-10-screenshot-img.photobucket.com.gif,official game: screenshot (RuneScape 2),RuneScape client screenshot (uploaded as 10.gif).,,,2005-01-30,20050721143808,http://img.photobucket.com/albums/v138/gesha/1-29-05%20Thor%20War/10.gif,https://web.archive.org/web/20050721143808/http://img.photobucket.com/albums/v138/gesha/1-29-05%20Thor%20War/10.gif,,96600,62e1660666d87c0c797f56561c462145d29fb308,,
2005/January-30-2005-venom-img171.exs.cx.jpg,official game: screenshot (RuneScape 2),"RS2 client screenshot. Posted in the forum thread ""Pictures of Famous People Go Here"".",,,2005-01-30,20060523191904,http://img171.exs.cx:80/img171/830/venom5af.jpg,https://web.archive.org/web/20060523191904/http://img171.exs.cx:80/img171/830/venom5af.jpg,https://web.archive.org/web/20060310113259/http://forums.rsbandb.com:80/viewtopic.php?t=1345,42555,e033aad0875d1a5520f32225d298c053567457ff,,
2005/January-31-2005-rs-kill-screenshot-freewebs.com.jpg,official game: screenshot (RuneScape 2),RuneScape client screenshot (uploaded as RS kill.JPG).,,,2005-01-31,20050322192145,http://www.freewebs.com:80/mozrunescape/RS%20kill.JPG,https://web.archive.org/web/20050322192145/http://www.freewebs.com:80/mozrunescape/RS%20kill.JPG,,67615,d58f447d7b95f7fa313d852f176056265c79c2ba,,
2005/January-31-2005-sax-img163.exs.cx.jpg,official game: screenshot (RuneScape 2),"RS2 client screenshot. Posted in the forum thread ""Pictures of Famous People Go Here"".",,,2005-01-31,20060526234313,http://img163.exs.cx:80/img163/3484/sax8vt.jpg,https://web.archive.org/web/20060526234313/http://img163.exs.cx:80/img163/3484/sax8vt.jpg,https://web.archive.org/web/20060310113259/http://forums.rsbandb.com:80/viewtopic.php?t=1345,265472,69532eb017ddfcf3274e5f910e9591958b10497c,,
2005/January-4-2005-arrrgghhhhnoooooooob-koti.mbnet.fi.jpg,official game: screenshot (RuneScape 2),RS2 client screenshot from koti.mbnet.fi.,,,2005-01-04,20050113054158,http://koti.mbnet.fi:80/kuukke/data/arrrgghhhhnoooooooob.JPG,https://web.archive.org/web/20050113054158/http://koti.mbnet.fi:80/kuukke/data/arrrgghhhhnoooooooob.JPG,,80544,7dbc8cc8633809290073dc98f8f9b464ebc062e1,,
2005/January-4-2005-jstam4-iamchatking-server2.uploadit.org.jpg,official game: screenshot (RuneScape 2),RS2 client screenshot from server2.uploadit.org.,,,2005-01-04,20051028182619,http://server2.uploadit.org:80/files/jstam4-iamchatking.JPG,https://web.archive.org/web/20051028182619/http://server2.uploadit.org:80/files/jstam4-iamchatking.JPG,,88648,337f1ddbc463a7402ccc1820006b675c74753e9e,,
2005/January-4-2005-yin7536vmn39v-m-m75vt36848-koti.mbnet.fi.png,official game: screenshot (RuneScape 2),RS2 client screenshot from koti.mbnet.fi.,,,2005-01-04,20050122212938,"http://koti.mbnet.fi:80/kuukke/data/yin7536vmn39v,m,m75vt36848.PNG","https://web.archive.org/web/20050122212938/http://koti.mbnet.fi:80/kuukke/data/yin7536vmn39v,m,m75vt36848.PNG",,817410,ce0e5c95adbc313d172bab9e6012511769e34d18,,
2005/January-5-2005-benny58344-img71.exs.cx.jpg,official game: screenshot (RuneScape 2),"RS2 client screenshot. Posted in the forum thread ""Pictures of Famous People Go Here"".",,,2005-01-05,20060524210818,http://img71.exs.cx:80/img71/6063/benny583441tc.jpg,https://web.archive.org/web/20060524210818/http://img71.exs.cx:80/img71/6063/benny583441tc.jpg,https://web.archive.org/web/20060310113259/http://forums.rsbandb.com:80/viewtopic.php?t=1345,115477,b9108ff725914cac13eaee561004fb9f2bb98b6f,,
2005/January-5-2005-jeajea-koti.mbnet.fi.jpg,official game: screenshot (RuneScape 2),RS2 client screenshot from koti.mbnet.fi.,,,2005-01-05,20050113045712,http://koti.mbnet.fi:80/kuukke/data/jeajea.JPG,https://web.archive.org/web/20050113045712/http://koti.mbnet.fi:80/kuukke/data/jeajea.JPG,,72731,bf0d0efee3010a021b24d6093450b9574ca62c54,,
2005/January-5-2005-kobicharwife-img71.exs.cx.jpg,official game: screenshot (RuneScape 2),"RS2 client screenshot. Posted in the forum thread ""Pictures of Famous People Go Here"".",,,2005-01-05,20060524210806,http://img71.exs.cx:80/img71/8222/kobicharwife7ra.jpg,https://web.archive.org/web/20060524210806/http://img71.exs.cx:80/img71/8222/kobicharwife7ra.jpg,https://web.archive.org/web/20060310113259/http://forums.rsbandb.com:80/viewtopic.php?t=1345,136491,3123ca7cf1e2170551dd0886eded1987d30c2684,,
2005/January-5-2005-masterunion-cb100-koti.mbnet.fi.jpg,official game: screenshot (RuneScape 2),RS2 client screenshot from koti.mbnet.fi.,,,2005-01-05,20050121020338,http://koti.mbnet.fi:80/kuukke/data/Masterunion_cb100.JPG,https://web.archive.org/web/20050121020338/http://koti.mbnet.fi:80/kuukke/data/Masterunion_cb100.JPG,,81083,16a53bcc9df8758018dff243c8df5cf438c7b6c9,,
2005/January-5-2005-plznotappo-koti.mbnet.fi.jpg,official game: screenshot (RuneScape 2),RS2 client screenshot from koti.mbnet.fi.,,,2005-01-05,20050123084210,http://koti.mbnet.fi:80/kuukke/data/plznotappo.JPG,https://web.archive.org/web/20050123084210/http://koti.mbnet.fi:80/kuukke/data/plznotappo.JPG,,88320,f828fd2ecc5697eaf67feb0b2b372e9d9bc07f85,,
2005/January-5-2005-tappelua-wild-coursella-3-koti.mbnet.fi.png,official game: screenshot (RuneScape 2),RS2 client screenshot from koti.mbnet.fi.,,,2005-01-05,20050422213231,http://koti.mbnet.fi:80/toni2/data/tappelua%20wild%20coursella%203.PNG,https://web.archive.org/web/20050422213231/http://koti.mbnet.fi:80/toni2/data/tappelua%20wild%20coursella%203.PNG,,150716,2110f075818851d9cd1c93e7a3aeb0684482d960,,
2005/January-5-2005-tappelua-wild-coursella-7-koti.mbnet.fi.png,official game: screenshot (RuneScape 2),RS2 client screenshot from koti.mbnet.fi.,,,2005-01-05,20050422213237,http://koti.mbnet.fi:80/toni2/data/tappelua%20wild%20coursella%207.PNG,https://web.archive.org/web/20050422213237/http://koti.mbnet.fi:80/toni2/data/tappelua%20wild%20coursella%207.PNG,,140596,aef32714798e65acf837100275ec1d103413f852,,
2005/January-5-2005-tappelua-wild-coursella-8-koti.mbnet.fi.png,official game: screenshot (RuneScape 2),RS2 client screenshot from koti.mbnet.fi.,,,2005-01-05,20050422213247,http://koti.mbnet.fi:80/toni2/data/tappelua%20wild%20coursella%208.PNG,https://web.archive.org/web/20050422213247/http://koti.mbnet.fi:80/toni2/data/tappelua%20wild%20coursella%208.PNG,,168346,06572a2dd4bdd1f9e9eb9a207b156dd5388f01b6,,
2005/January-7-2005-dlong123-koti.mbnet.fi.jpg,official game: screenshot (RuneScape 2),RS2 client screenshot from koti.mbnet.fi.,,,2005-01-07,20050123083039,http://koti.mbnet.fi:80/kuukke/data/DLong123.JPG,https://web.archive.org/web/20050123083039/http://koti.mbnet.fi:80/kuukke/data/DLong123.JPG,,83264,dc66dbc6fae122738018ea1349d173c682596528,,
2005/January-7-2005-incinpk1-koti.mbnet.fi.png,official game: screenshot (RuneScape 2),RS2 client screenshot from koti.mbnet.fi.,,,2005-01-07,20050113050419,http://koti.mbnet.fi:80/kuukke/data/Incinpk1.PNG,https://web.archive.org/web/20050113050419/http://koti.mbnet.fi:80/kuukke/data/Incinpk1.PNG,,146805,9f4be61b5cee75db3536540b5ea0767e2fff4494,,
2005/January-7-2005-statsjafishing81-koti.mbnet.fi.jpg,official game: screenshot (RuneScape 2),RS2 client screenshot from koti.mbnet.fi.,,,2005-01-07,20050128141538,http://koti.mbnet.fi:80/kuukke/data/statsjafishing81.JPG,https://web.archive.org/web/20050128141538/http://koti.mbnet.fi:80/kuukke/data/statsjafishing81.JPG,,77256,ac343a8bf6c8639da729664ee284fb2892e0f727,,
2005/January-7-2005-untitled-img127.exs.cx.png,official game: screenshot (RuneScape 2),"RS2 client screenshot. Posted in the forum thread ""RuneHQ -> Can You Explain This?"".",,,2005-01-07,20050210011613,http://img127.exs.cx:80/img127/1357/untitled8by.png,https://web.archive.org/web/20050210011613/http://img127.exs.cx:80/img127/1357/untitled8by.png,https://web.archive.org/web/20050208015525/http://www.runehq.com:80/RHQInn/index.php?showtopic=60460,58502,5db559a804a1cb11346d5069f0a742cd1dc676cb,,
2005/January-8-2005-rslpk1-koti.mbnet.fi.jpg,official game: screenshot (RuneScape 2),RS2 client screenshot from koti.mbnet.fi.,,,2005-01-08,20050122203546,http://koti.mbnet.fi:80/kuukke/data/rslpk1.JPG,https://web.archive.org/web/20050122203546/http://koti.mbnet.fi:80/kuukke/data/rslpk1.JPG,,77036,53fd7c77f293c3b3fc2fc39798404b0a59d06db2,,
2005/January-8-2005-rslpk4-koti.mbnet.fi.jpg,official game: screenshot (RuneScape 2),RS2 client screenshot from koti.mbnet.fi.,,,2005-01-08,20050128162343,http://koti.mbnet.fi:80/kuukke/data/rslpk4.JPG,https://web.archive.org/web/20050128162343/http://koti.mbnet.fi:80/kuukke/data/rslpk4.JPG,,80709,c3e36d148e8a00b0022f98d29a598c9e28983037,,
2005/January-8-2005-totaler1200-koti.mbnet.fi.jpg,official game: screenshot (RuneScape 2),RS2 client screenshot from koti.mbnet.fi.,,,2005-01-08,20050121014948,http://koti.mbnet.fi:80/kuukke/data/totaler1200.JPG,https://web.archive.org/web/20050121014948/http://koti.mbnet.fi:80/kuukke/data/totaler1200.JPG,,69879,c9299461b7ac24fe73abf327c02683b9babb5f84,,
2005/January-8-2005-untitled3-grm.m.walla.co.il.jpg,official game: screenshot (RuneScape 2),RS2 client screenshot from grm.m.walla.co.il. Embedded in: Runescapers Portal - www.runescapers.com: Forums / Wilderness Area / Replying to: More Rune Kills By Xecut10neR (https://web.archive.org/web/20050220172414/http://rsportal.dtiltas.lt:80/forum_post.php?rp.6.3333).,,,2005-01-08,20060717212757,http://grm.m.walla.co.il/briefcase/00f3/d/a/r/k/x/e/c/u/t/1/0/n/e/r/@/@/@/@/@/@/@/@/@/@/@/r/200412162143089664/200501081805112776/untitled3.JPG,https://web.archive.org/web/20060717212757/http://grm.m.walla.co.il/briefcase/00f3/d/a/r/k/x/e/c/u/t/1/0/n/e/r/@/@/@/@/@/@/@/@/@/@/@/r/200412162143089664/200501081805112776/untitled3.JPG,,98434,304136c891e15476adcc757c9310905b13ddc850,,
2005/January-9-2005-77cookingunkki-koti.mbnet.fi.png,official game: screenshot (RuneScape 2),RS2 client screenshot from koti.mbnet.fi.,,,2005-01-09,20050128140905,http://koti.mbnet.fi:80/kuukke/data/77cookingUnkki.PNG,https://web.archive.org/web/20050128140905/http://koti.mbnet.fi:80/kuukke/data/77cookingUnkki.PNG,,137462,7e1b60ab38bad53e53979fe6279f08473ae144b0,,
2005/January-9-2005-aa-nabuli-60-combat-koti.mbnet.fi.jpg,official game: screenshot (RuneScape 2),RS2 client screenshot from koti.mbnet.fi.,,,2005-01-09,20050128131707,http://koti.mbnet.fi:80/kuukke/data/AA%20NABULI!%2060%20combat!.JPG,https://web.archive.org/web/20050128131707/http://koti.mbnet.fi:80/kuukke/data/AA%20NABULI!%2060%20combat!.JPG,,96239,13cd32777fa470652f190d7ef831252581eebea7,,
2005/January-9-2005-bertil69-koti.mbnet.fi.jpg,official game: screenshot (RuneScape 2),RS2 client screenshot from koti.mbnet.fi.,,,2005-01-09,20050123083220,http://koti.mbnet.fi:80/kuukke/data/bertil69.JPG,https://web.archive.org/web/20050123083220/http://koti.mbnet.fi:80/kuukke/data/bertil69.JPG,,79984,f740f0393fdfdd72940c57d07564db610926ba34,,
2005/January-9-2005-mob063-shane.rsbandb.com.jpg,official game: screenshot (RuneScape 2),RS2 client screenshot from a 2004-05 fansite page (shane.rsbandb.com:80); found by the 2001-2005 fansite re-screen,,,2005-01-09,20051124004304,http://shane.rsbandb.com:80/wp-content/mob063.jpg,https://web.archive.org/web/20051124004304/http://shane.rsbandb.com:80/wp-content/mob063.jpg,,112846,dd71ae4b7722178f998d19aeff60c57509371215,,
2005/July-1-2005-binfishin-ls-server2.uploadit.org.jpg,official game: screenshot (RuneScape 2),RS2 client screenshot from server2.uploadit.org.,,,2005-07-01,20051117083200,http://server2.uploadit.org:80/files/binfishin-ls.JPG,https://web.archive.org/web/20051117083200/http://server2.uploadit.org:80/files/binfishin-ls.JPG,,46277,08c666a6d9f99ef7194b3f4810b9e6e63f847e13,,
2005/July-10-2005-runescape-superman-screenshot-urc-web.tripod.com.gif,official game: screenshot (RuneScape 2),RuneScape client screenshot (uploaded as runescape-superman.gif).,,,2005-07-10,20051224215309,http://urc-web.tripod.com:80/sitebuildercontent/sitebuilderfiles/runescape-superman.gif,https://web.archive.org/web/20051224215309/http://urc-web.tripod.com:80/sitebuildercontent/sitebuilderfiles/runescape-superman.gif,,230669,be9a060371987b909864483ccaa8aa646e5d4451,,
2005/July-13-2005-mob228-shane.rsbandb.com.jpg,official game: screenshot (RuneScape 2),RS2 client screenshot from a 2004-05 fansite page (shane.rsbandb.com:80); found by the 2001-2005 fansite re-screen,,,2005-07-13,20051029222029,http://shane.rsbandb.com:80/wp-content/mob228.jpg,https://web.archive.org/web/20051029222029/http://shane.rsbandb.com:80/wp-content/mob228.jpg,,102726,73f971be8b67e4f2880c5a218df26455dd2aa783,,
2005/July-14-2005-bornkill05-freestydm1-server2.uploadit.org.jpg,official game: screenshot (RuneScape 2),RS2 client screenshot from server2.uploadit.org.,,,2005-07-14,20051110175555,http://server2.uploadit.org:80/files/bornkill05-freestydm1.JPG,https://web.archive.org/web/20051110175555/http://server2.uploadit.org:80/files/bornkill05-freestydm1.JPG,,97211,6a1216a0bc294b6aa041493691c4eb0f46167d83,,
2005/July-17-2005-tehw00t-i14.photobucket.com.png,official game: screenshot (RuneScape 2),RS2 screenshot posted to a 2004-05 fansite forum thread; found by the 2001-2005 fansite re-screen,,,2005-07-17,20051225064622,http://i14.photobucket.com/albums/a323/notyou9/tehw00t.png,https://web.archive.org/web/20051225064622/http://i14.photobucket.com/albums/a323/notyou9/tehw00t.png,,150430,412d95e7c327ab6c25e9d0f0da0d42aee09b5681,,
2005/July-2-2005-5aec1e28-img.photobucket.com.png,official game: screenshot (RuneScape 2),"RS2 client screenshot. Posted in the forum thread ""RuneCrypt Forum -> Bleh's Achievements"".",,,2005-07-02,20060113141842,http://img.photobucket.com/albums/v415/Bouncy1188/5aec1e28.png,https://web.archive.org/web/20060113141842/http://img.photobucket.com/albums/v415/Bouncy1188/5aec1e28.png,https://web.archive.org/web/20051025180005/http://www.runecrypt.com:80/forum/index.php?showtopic=6474,160710,972e6887e4955a68c4c6dfd362608035cdaa979a,,
2005/July-2-2005-carpentry-skill-tab-hover-2-img189.imageshack.us.png,official game: screenshot (RuneScape 2),RuneScape client screenshot (uploaded as carpentryhover9ht.png).,,,2005-07-02,20051102025014,http://img189.imageshack.us:80/img189/2050/carpentryhover9ht.png,https://web.archive.org/web/20051102025014/http://img189.imageshack.us:80/img189/2050/carpentryhover9ht.png,,753191,7c92408ffb495e8756436910e815694a8772bc82,,
2005/July-2-2005-carpentry-skill-tab-hover-img189.imageshack.us.png,official game: screenshot (RuneScape 2),RuneScape client screenshot (uploaded as carpentryclick6jp.png).,,,2005-07-02,20051102024145,http://img189.imageshack.us:80/img189/9969/carpentryclick6jp.png,https://web.archive.org/web/20051102024145/http://img189.imageshack.us:80/img189/9969/carpentryclick6jp.png,,764671,8899583648c5efb521e9dfc138a71b0ce02a25ce,,
2005/July-2-2005-desert-screenshot-img74.imageshack.us.png,official game: screenshot (RuneScape 2),Full client screenshot in the desert with a full inventory (file name pkerpure).,,,2005-07-02,20050720141525,http://img74.imageshack.us/img74/7282/pkerpure5rg.png,https://web.archive.org/web/20050720141525/http://img74.imageshack.us/img74/7282/pkerpure5rg.png,,138980,25f6b81e7140536b4aa26950f411b01ad41ddd37,,
2005/July-2-2005-pureranger-screenshot-img221.imageshack.us.png,official game: screenshot (RuneScape 2),"From one player's screenshot dump folder (client in a browser window), uploaded as pureranger4tm.png.",,,2005-07-02,20050720140323,http://img221.imageshack.us/img221/3434/pureranger4tm.png,https://web.archive.org/web/20050720140323/http://img221.imageshack.us/img221/3434/pureranger4tm.png,,170861,62206b0a215ce34384b3c764c8cbdeb60c5feae0,,
2005/July-2-2005-ranged-skill-tab-hover-img281.imageshack.us.png,official game: screenshot (RuneScape 2),RuneScape client screenshot (uploaded as rangeclick0tp.png).,,,2005-07-02,20051102024543,http://img281.imageshack.us:80/img281/9659/rangeclick0tp.png,https://web.archive.org/web/20051102024543/http://img281.imageshack.us:80/img281/9659/rangeclick0tp.png,,787846,4af9c16e46b002534bf3457c1810249b2a954e8d,,
2005/July-2-2005-runescape3-screenshot-img226.imageshack.us.jpg,official game: screenshot (RuneScape 2),RuneScape client screenshot (uploaded as runescape35yu.jpg).,,,2005-07-02,20050720133213,http://img226.imageshack.us/img226/2196/runescape35yu.jpg,https://web.archive.org/web/20050720133213/http://img226.imageshack.us/img226/2196/runescape35yu.jpg,,72003,07c30f3c559365e8f327dc44e7ab76c6aafd70d4,,
2005/July-2-2005-warpic2-i16.photobucket.com.jpg,official game: screenshot (RuneScape 2),"RS2 client screenshot. Posted in the forum thread ""The Death Squad Recruiting - New Requirements! - Runescape Community"".",,,2005-07-02,20060107094415,http://i16.photobucket.com/albums/b41/jones36/warpic2.jpg,https://web.archive.org/web/20060107094415/http://i16.photobucket.com/albums/b41/jones36/warpic2.jpg,https://web.archive.org/web/20051031144428/http://www.runescapecommunity.com:80/index.php?showtopic=380247&amp;view=getlastpost,70291,ae3875b31a01d0dd0c25ba09f257a532a6117f64,,
2005/July-25-2005-67-img.photobucket.com.png,official game: screenshot (RuneScape 2),"RS2 client screenshot. Posted in the forum thread ""Who Has The Highest Hit? - Runescape Community"".",,,2005-07-25,20150131215513,http://img.photobucket.com/albums/v411/sniper123/67.png,https://web.archive.org/web/20150131215513/http://img.photobucket.com/albums/v411/sniper123/67.png,https://web.archive.org/web/20060519013136/http://www.runescapecommunity.com/index.php?showtopic=400881,246220,a713ba295620a5a7706d4ee793857b0b992b3fb5,,
2005/July-25-2005-runescape-in-internet-explorer-client-runescapeguide.com.jpg,official game: screenshot (RuneScape 2),"Full Internet Explorer window with the RS2 client at runescape.com, new player (combat 3) by a fence, from the runescapeguide.com guide images; found by the 2001-2005 fansite scan",,,2005-07-25,20051023002834,http://www.runescapeguide.com:80/images/rune2stats.jpg,https://web.archive.org/web/20051023002834/http://www.runescapeguide.com:80/images/rune2stats.jpg,,125175,75416cffb917720ea0454464f0c7b400a9ed1d2a,,
2005/July-26-2005-mob230-shane.rsbandb.com.jpg,official game: screenshot (RuneScape 2),RS2 client screenshot from a 2004-05 fansite page (shane.rsbandb.com:80); found by the 2001-2005 fansite re-screen,,,2005-07-26,20051029220958,http://shane.rsbandb.com:80/wp-content/mob230.jpg,https://web.archive.org/web/20051029220958/http://shane.rsbandb.com:80/wp-content/mob230.jpg,,83025,fec50352fec2c3c8030b3aa8319d634890082b82,,
2005/July-27-2005-runescape-screenshot-andrewa8.tripod.com.gif,official game: screenshot (RuneScape 2),RuneScape client screenshot (uploaded as runescape.gif).,,,2005-07-27,20070320164619,http://andrewa8.tripod.com:80/sitebuildercontent/sitebuilderpictures/runescape.gif,https://web.archive.org/web/20070320164619/http://andrewa8.tripod.com:80/sitebuildercontent/sitebuilderpictures/runescape.gif,,86434,2157c68d7d11a900bb111f6823859472c80a8134,,
2005/July-29-2005-mob231-shane.rsbandb.com.jpg,official game: screenshot (RuneScape 2),RS2 client screenshot from a 2004-05 fansite page (shane.rsbandb.com:80); found by the 2001-2005 fansite re-screen,,,2005-07-29,20051029220435,http://shane.rsbandb.com:80/wp-content/mob231.jpg,https://web.archive.org/web/20051029220435/http://shane.rsbandb.com:80/wp-content/mob231.jpg,,74496,9b7ec51831a817a1fc3b1985fb08fc2a3c22e3a2,,
2005/July-29-2005-mob232-shane.rsbandb.com.jpg,official game: screenshot (RuneScape 2),RS2 client screenshot from a 2004-05 fansite page (shane.rsbandb.com:80); found by the 2001-2005 fansite re-screen,,,2005-07-29,20051029221058,http://shane.rsbandb.com:80/wp-content/mob232.jpg,https://web.archive.org/web/20051029221058/http://shane.rsbandb.com:80/wp-content/mob232.jpg,,338835,e36518da74eedca280d79c1ddd57555c7231bb08,,
2005/July-29-2005-mob233-shane.rsbandb.com.jpg,official game: screenshot (RuneScape 2),RS2 client screenshot from a 2004-05 fansite page (shane.rsbandb.com:80); found by the 2001-2005 fansite re-screen,,,2005-07-29,20051029221729,http://shane.rsbandb.com:80/wp-content/mob233.jpg,https://web.archive.org/web/20051029221729/http://shane.rsbandb.com:80/wp-content/mob233.jpg,,93515,69ae50956a52f28f1dc0303ec1ac704d07782717,,
2005/July-3-2005-agent238-screenshot-img247.imageshack.us.gif,official game: screenshot (RuneScape 2),"From one player's screenshot dump folder (client in a browser window), uploaded as agent2385ly.gif.",,,2005-07-03,20050720142052,http://img247.imageshack.us/img247/971/agent2385ly.gif,https://web.archive.org/web/20050720142052/http://img247.imageshack.us/img247/971/agent2385ly.gif,,102578,41f5ec368149a81d0aa5b9dd0547c554fa829dac,,
2005/July-3-2005-bombgardner-lvl-server2.uploadit.org.jpg,official game: screenshot (RuneScape 2),RS2 client screenshot from server2.uploadit.org.,,,2005-07-03,20051108220725,http://server2.uploadit.org:80/files/bombgardner-lvl.JPG,https://web.archive.org/web/20051108220725/http://server2.uploadit.org:80/files/bombgardner-lvl.JPG,,81966,32d6dbcfa86f700995be73a62a820ae1b42b3603,,
2005/July-30-2005-21015551979-x1.putfile.com.png,official game: screenshot (RuneScape 2),RS2 client screenshot.,,,2005-07-30,20060710192044,http://x1.putfile.com/7/21015551979.png,https://web.archive.org/web/20060710192044/http://x1.putfile.com/7/21015551979.png,,151310,97d59f080a6c71526365cb99bf834f376de606b6,,
2005/July-30-2005-snapshot43-img.photobucket.com.jpg,official game: screenshot (RuneScape 2),"RS2 client screenshot. Posted in the forum thread ""Who Has The Highest Hit? - Runescape Community"".",,,2005-07-30,20150131215510,http://img.photobucket.com/albums/v281/Tarikochi/snapshot43.jpg,https://web.archive.org/web/20150131215510/http://img.photobucket.com/albums/v281/Tarikochi/snapshot43.jpg,https://web.archive.org/web/20060519013136/http://www.runescapecommunity.com/index.php?showtopic=400881,4228,1681cc468e190fe1ac379cb4e93d24ebe21a2a0b,,
2005/July-6-2005-mob221-shane.rsbandb.com.jpg,official game: screenshot (RuneScape 2),RS2 client screenshot from a 2004-05 fansite page (shane.rsbandb.com:80); found by the 2001-2005 fansite re-screen,,,2005-07-06,20051031064508,http://shane.rsbandb.com:80/wp-content/mob221.jpg,https://web.archive.org/web/20051031064508/http://shane.rsbandb.com:80/wp-content/mob221.jpg,,71615,78b981b2891f4c2627284d06ace97686d9b79fb6,,
2005/July-6-2005-mob222-shane.rsbandb.com.jpg,official game: screenshot (RuneScape 2),RS2 client screenshot from a 2004-05 fansite page (shane.rsbandb.com:80); found by the 2001-2005 fansite re-screen,,,2005-07-06,20051029220836,http://shane.rsbandb.com:80/wp-content/mob222.jpg,https://web.archive.org/web/20051029220836/http://shane.rsbandb.com:80/wp-content/mob222.jpg,,82540,6e8144e338eb89491c7af7f01d9b03827a09292d,,
2005/July-6-2005-mob223-shane.rsbandb.com.jpg,official game: screenshot (RuneScape 2),RS2 client screenshot from a 2004-05 fansite page (shane.rsbandb.com:80); found by the 2001-2005 fansite re-screen,,,2005-07-06,20051029222401,http://shane.rsbandb.com:80/wp-content/mob223.jpg,https://web.archive.org/web/20051029222401/http://shane.rsbandb.com:80/wp-content/mob223.jpg,,91709,39ba14559cde31922448b372be83942c42664637,,
2005/July-7-2005-mob224-shane.rsbandb.com.jpg,official game: screenshot (RuneScape 2),RS2 client screenshot from a 2004-05 fansite page (shane.rsbandb.com:80); found by the 2001-2005 fansite re-screen,,,2005-07-07,20051029221800,http://shane.rsbandb.com:80/wp-content/mob224.jpg,https://web.archive.org/web/20051029221800/http://shane.rsbandb.com:80/wp-content/mob224.jpg,,92473,06b682b36f61e4db338fa0eeda13cf11ff4a96d9,,
2005/July-8-2005-mob225-shane.rsbandb.com.jpg,official game: screenshot (RuneScape 2),RS2 client screenshot from a 2004-05 fansite page (shane.rsbandb.com:80); found by the 2001-2005 fansite re-screen,,,2005-07-08,20051029220214,http://shane.rsbandb.com:80/wp-content/mob225.jpg,https://web.archive.org/web/20051029220214/http://shane.rsbandb.com:80/wp-content/mob225.jpg,,439048,55e57c8c623ec5e88ff982d203a33f772e84e862,,
2005/July-9-2005-minwarthor1-i16.photobucket.com.jpg,official game: screenshot (RuneScape 2),"RS2 client screenshot. Posted in the forum thread ""The Death Squad Recruiting - New Requirements! - Runescape Community"".",,,2005-07-09,20060107092906,http://i16.photobucket.com/albums/b41/jones36/minwarthor1.jpg,https://web.archive.org/web/20060107092906/http://i16.photobucket.com/albums/b41/jones36/minwarthor1.jpg,https://web.archive.org/web/20051031144428/http://www.runescapecommunity.com:80/index.php?showtopic=380247&amp;view=getlastpost,43994,f1d67f098a4b14efd292fe5b19e998185a1463fa,,
2005/June-10-2005-dump20050609230016-screenshot-img154.imageshack.us.png,official game: screenshot (RuneScape 2),"From one player's screenshot dump folder (client in a browser window), uploaded as dump200506092300162if.png.",,,2005-06-10,20050720130044,http://img154.imageshack.us/img154/9070/dump200506092300162if.png,https://web.archive.org/web/20050720130044/http://img154.imageshack.us/img154/9070/dump200506092300162if.png,,196596,2be78bf1c6ae3a4aec627493c5c3f960aaf6ef1a,,
2005/June-10-2005-dump20050609230143-screenshot-img154.imageshack.us.png,official game: screenshot (RuneScape 2),"From one player's screenshot dump folder (client in a browser window), uploaded as dump200506092301438gk.png.",,,2005-06-10,20050720130037,http://img154.imageshack.us/img154/1868/dump200506092301438gk.png,https://web.archive.org/web/20050720130037/http://img154.imageshack.us/img154/1868/dump200506092301438gk.png,,199072,20a323e044206f34c977972bd33bdc017815181a,,
2005/June-10-2005-dump20050609230327-screenshot-img154.imageshack.us.png,official game: screenshot (RuneScape 2),"From one player's screenshot dump folder (client in a browser window), uploaded as dump200506092303274qw.png.",,,2005-06-10,20050720130041,http://img154.imageshack.us/img154/9503/dump200506092303274qw.png,https://web.archive.org/web/20050720130041/http://img154.imageshack.us/img154/9503/dump200506092303274qw.png,,200774,3c59f12e87567a31ea8a7c521f0d7d5f42fc32b8,,
2005/June-10-2005-dump20050609230454-screenshot-img154.imageshack.us.png,official game: screenshot (RuneScape 2),"From one player's screenshot dump folder (client in a browser window), uploaded as dump200506092304545dd.png.",,,2005-06-10,20050720130034,http://img154.imageshack.us/img154/8725/dump200506092304545dd.png,https://web.archive.org/web/20050720130034/http://img154.imageshack.us/img154/8725/dump200506092304545dd.png,,194081,48a62b3e4aab0336b9a28392dbb3553c4aee99f8,,
2005/June-10-2005-dump20050609231538-screenshot-img296.imageshack.us.png,official game: screenshot (RuneScape 2),"From one player's screenshot dump folder (client in a browser window), uploaded as dump200506092315389kr.png.",,,2005-06-10,20050720131716,http://img296.imageshack.us/img296/15/dump200506092315389kr.png,https://web.archive.org/web/20050720131716/http://img296.imageshack.us/img296/15/dump200506092315389kr.png,,200498,5e39a10dc3da1bc24638fbf7eb2e3298fc207500,,
2005/June-14-2005-pauldylan-dropdown-server2.uploadit.org.jpg,official game: screenshot (RuneScape 2),RS2 client screenshot from server2.uploadit.org.,,,2005-06-14,20051110155432,http://server2.uploadit.org:80/files/pauldylan-dropdown.JPG,https://web.archive.org/web/20051110155432/http://server2.uploadit.org:80/files/pauldylan-dropdown.JPG,,83163,58f595f595d86ac1badba33d13d85fe45b00cb52,,
2005/June-19-2005-combat-level-102-screenshot-img125.imageshack.us.png,official game: screenshot (RuneScape 2),"Full client screenshot indoors, combat level 102 (file name rs2lvl102).",,,2005-06-19,20050720194011,http://img125.imageshack.us/img125/1946/rs2lvl1026fs.png,https://web.archive.org/web/20050720194011/http://img125.imageshack.us/img125/1946/rs2lvl1026fs.png,,239217,fa7ff720a80787a04d16e7cca4e1142cce2f09d0,,
2005/June-2-2005-runescapevdsa528oc-img136.echo.cx.jpg,official game: screenshot (RuneScape 2),RS2 screenshot posted to a 2004-05 fansite forum thread; found by the 2001-2005 fansite re-screen,,,2005-06-02,20051106011223,http://img136.echo.cx:80/img136/3582/runescapevdsa528oc.jpg,https://web.archive.org/web/20051106011223/http://img136.echo.cx:80/img136/3582/runescapevdsa528oc.jpg,,77579,dcc5d86b1ee74696e0e1f8948fa03106b9300a80,,
2005/June-21-2005-2hpker-95def-server2.uploadit.org.jpg,official game: screenshot (RuneScape 2),RS2 client screenshot from server2.uploadit.org.,,,2005-06-21,20051108200615,http://server2.uploadit.org:80/files/2hpker-95def.JPG,https://web.archive.org/web/20051108200615/http://server2.uploadit.org:80/files/2hpker-95def.JPG,,73762,b5ae0ef6bf4f1b105d64f6b217320935ff63dd53,,
2005/June-22-2005-2hpker-97hits-server2.uploadit.org.jpg,official game: screenshot (RuneScape 2),RS2 client screenshot from server2.uploadit.org.,,,2005-06-22,20051110121709,http://server2.uploadit.org:80/files/2hpker-97hits.JPG,https://web.archive.org/web/20051110121709/http://server2.uploadit.org:80/files/2hpker-97hits.JPG,,73314,83a8c4a8f36bcbb61207ae2676ac44d624776ada,,
2005/June-23-2005-dump20050623174540-screenshot-img261.imageshack.us.png,official game: screenshot (RuneScape 2),"From one player's screenshot dump folder (client in a browser window), uploaded as dump200506231745400yj.png.",,,2005-06-23,20050720131721,http://img261.imageshack.us/img261/127/dump200506231745400yj.png,https://web.archive.org/web/20050720131721/http://img261.imageshack.us/img261/127/dump200506231745400yj.png,,199068,e3bb772d2997bc5e11fadcb6b37ff50154351edd,,
2005/June-23-2005-rs48hour-i5.photobucket.com.jpg,official game: screenshot (RuneScape 2),"RS2 client screenshot. Posted in the forum thread ""48 Hours Of Playing - Runescape Community"".",,,2005-06-23,20051217073636,http://i5.photobucket.com/albums/y189/ecco1111/rs48hour.jpg,https://web.archive.org/web/20051217073636/http://i5.photobucket.com/albums/y189/ecco1111/rs48hour.jpg,https://web.archive.org/web/20051031140632/http://www.runescapecommunity.com:80/index.php?showtopic=343043&amp;view=getnewpost,121426,5f43210ba5fe826f3c553f6e6e540428f000c3e2,,
2005/June-24-2005-client-in-browser-screenshot-xs34.xs.to.png,official game: screenshot (RuneScape 2),RuneScape client running inside an Internet Explorer window (taskbar visible).,,,2005-06-24,20050720130658,http://xs34.xs.to/pics/05255/sfvxcasd.PNG,https://web.archive.org/web/20050720130658/http://xs34.xs.to/pics/05255/sfvxcasd.PNG,,228508,fe12fa0815871b69b380513d458f82f8a7a192b7,,
2005/June-28-2005-rivalpure-dm-server2.uploadit.org.jpg,official game: screenshot (RuneScape 2),RS2 client screenshot from server2.uploadit.org.,,,2005-06-28,20051115054325,http://server2.uploadit.org:80/files/rivalpure-dm.JPG,https://web.archive.org/web/20051115054325/http://server2.uploadit.org:80/files/rivalpure-dm.JPG,,82791,368787b5f8fd9a3bd8beb863db0cc435b59560db,,
2005/June-4-2005-skeetman-finalhit-server2.uploadit.org.jpg,official game: screenshot (RuneScape 2),RS2 client screenshot from server2.uploadit.org.,,,2005-06-04,20051115113348,http://server2.uploadit.org:80/files/skeetman-finalhit.JPG,https://web.archive.org/web/20051115113348/http://server2.uploadit.org:80/files/skeetman-finalhit.JPG,,69861,fc3988f332e2cb4c8681017c9d4e45652a527049,,
2005/June-4-2005-skeetman-jeffnothing-server2.uploadit.org.jpg,official game: screenshot (RuneScape 2),RS2 client screenshot from server2.uploadit.org.,,,2005-06-04,20051115161051,http://server2.uploadit.org:80/files/skeetman-jeffnothing.JPG,https://web.archive.org/web/20051115161051/http://server2.uploadit.org:80/files/skeetman-jeffnothing.JPG,,71607,e7b71ac5a5dcadbe072b5af57d34933201cace4a,,
2005/June-7-2005-andrew-runecrypt.com.jpg,official game: screenshot (RuneScape 2),RS2 client screenshot from a 2004-05 fansite page (www.runecrypt.com:80); found by the 2001-2005 fansite re-screen,,,2005-06-07,20050924140037,http://www.runecrypt.com:80/images/reports/famous/andrew.jpg,https://web.archive.org/web/20050924140037/http://www.runecrypt.com:80/images/reports/famous/andrew.jpg,,98413,1989f46ddfe137ce70646d3c048ccf611d42c4f2,,
2005/June-7-2005-themanwhojuggled-def84-server2.uploadit.org.jpg,official game: screenshot (RuneScape 2),RS2 client screenshot from server2.uploadit.org.,,,2005-06-07,20051117032037,http://server2.uploadit.org:80/files/themanwhojuggled-def84.jpg,https://web.archive.org/web/20051117032037/http://server2.uploadit.org:80/files/themanwhojuggled-def84.jpg,,73291,8e2829c8b34d59667e67f6938d00e3500faf41e2,,
2005/June-9-2005-amadeuss-dean10er-server2.uploadit.org.jpg,official game: screenshot (RuneScape 2),RS2 client screenshot from server2.uploadit.org.,,,2005-06-09,20051108233518,http://server2.uploadit.org:80/files/Amadeuss-dean10er.JPG,https://web.archive.org/web/20051108233518/http://server2.uploadit.org:80/files/Amadeuss-dean10er.JPG,,67836,ff32073ee5f74f178059b5a2c45db8a8511de345,,
2005/June-9-2005-amadeuss-dlegs-server2.uploadit.org.jpg,official game: screenshot (RuneScape 2),RS2 client screenshot from server2.uploadit.org.,,,2005-06-09,20051028123903,http://server2.uploadit.org:80/files/Amadeuss-dlegs.JPG,https://web.archive.org/web/20051028123903/http://server2.uploadit.org:80/files/Amadeuss-dlegs.JPG,,60633,de704f364baca707a82a45df5e317e955b8bb4fe,,
2005/June-9-2005-amadeuss-ekeke-server2.uploadit.org.jpg,official game: screenshot (RuneScape 2),RS2 client screenshot from server2.uploadit.org.,,,2005-06-09,20051111224116,http://server2.uploadit.org:80/files/Amadeuss-ekeke.JPG,https://web.archive.org/web/20051111224116/http://server2.uploadit.org:80/files/Amadeuss-ekeke.JPG,,71415,18900a207bd0e3211d1ff3d6e16bbfbd662c2a79,,
2005/March-13-2005-the-old-nite-120-koti.mbnet.fi.jpg,official game: screenshot (RuneScape 2),RS2 client screenshot from koti.mbnet.fi.,,,2005-03-13,20050720142048,http://koti.mbnet.fi/toni2/banana/Famet/The%20Old%20Nite%20(120).jpg,https://web.archive.org/web/20050720142048/http://koti.mbnet.fi/toni2/banana/Famet/The%20Old%20Nite%20(120).jpg,,87495,76100b34873fea62a4fe0910f61941985f87157f,,
2005/March-14-2005-paledine-sabrebronzewar1-server2.uploadit.org.jpg,official game: screenshot (RuneScape 2),RS2 client screenshot from server2.uploadit.org.,,,2005-03-14,20051115193539,http://server2.uploadit.org:80/files/Paledine-sabrebronzewar1.JPG,https://web.archive.org/web/20051115193539/http://server2.uploadit.org:80/files/Paledine-sabrebronzewar1.JPG,,64761,bed9da5e0363272919b5b5dbc6e3f576e5a5ac17,,
2005/March-14-2005-paledine-sabrebronzewar2-server2.uploadit.org.jpg,official game: screenshot (RuneScape 2),RS2 client screenshot from server2.uploadit.org.,,,2005-03-14,20051118002843,http://server2.uploadit.org:80/files/Paledine-sabrebronzewar2.JPG,https://web.archive.org/web/20051118002843/http://server2.uploadit.org:80/files/Paledine-sabrebronzewar2.JPG,,72890,ff0fe2568ccf79c4e495fd0e01cf4619e710d66d,,
2005/March-21-2005-bunny-img17.exs.cx.png,official game: screenshot (RuneScape 2),"RS2 client screenshot. Posted in the forum thread ""Runescape Community -> The Easter Bunny"".",,,2005-03-21,20051016110859,http://img17.exs.cx:80/img17/8206/bunny2xm.png,https://web.archive.org/web/20051016110859/http://img17.exs.cx:80/img17/8206/bunny2xm.png,https://web.archive.org/web/20050323122632/http://www.runescapecommunity.com:80/index.php?showtopic=282941,124593,96a0fdcc62c482658dd2d5a05b099c141fa7ed9e,,
2005/March-21-2005-eastereggs26xu-img213.exs.cx.gif,official game: screenshot (RuneScape 2),RS2 screenshot posted to a 2004-05 fansite forum thread; found by the 2001-2005 fansite re-screen,,,2005-03-21,20051120082150,http://img213.exs.cx:80/img213/8127/eastereggs26xu.gif,https://web.archive.org/web/20051120082150/http://img213.exs.cx:80/img213/8127/eastereggs26xu.gif,,123843,daae7324c1e940c6a63ab7eb39155684923c9d68,,
2005/March-21-2005-eastereggs7co-img115.exs.cx.gif,official game: screenshot (RuneScape 2),RS2 screenshot posted to a 2004-05 fansite forum thread; found by the 2001-2005 fansite re-screen,,,2005-03-21,20051016112654,http://img115.exs.cx:80/img115/7932/eastereggs7co.gif,https://web.archive.org/web/20051016112654/http://img115.exs.cx:80/img115/7932/eastereggs7co.gif,,139548,87ed2cbf96e54e75f07b72f9a5d8978b064c598e,,
2005/March-22-2005-bug1-members.iinet.net.au.jpg,official game: screenshot (RuneScape 2),RS2 client screenshot from members.iinet.net.au. Embedded in: Runescape Community -> I Have Some Suggestions And Found Bugs (https://web.archive.org/web/20050323122652/http://www.runescapecommunity.com:80/index.php?showtopic=283050&amp).,,,2005-03-22,20050323182226,http://members.iinet.net.au/~trazden1/bug1.JPG,https://web.archive.org/web/20050323182226/http://members.iinet.net.au/~trazden1/bug1.JPG,,147719,674150e583be198634aec21a15405a29b946ed4d,,
2005/March-22-2005-easter200510fd-img79.exs.cx.png,official game: screenshot (RuneScape 2),RS2 screenshot posted to a 2004-05 fansite forum thread; found by the 2001-2005 fansite re-screen,,,2005-03-22,20051016113426,http://img79.exs.cx:80/img79/7504/easter200510fd.png,https://web.archive.org/web/20051016113426/http://img79.exs.cx:80/img79/7504/easter200510fd.png,,247477,e83a152d199b492b8df6a383089b34a2ea082550,,
2005/March-22-2005-easter200522kq-img79.exs.cx.png,official game: screenshot (RuneScape 2),RS2 screenshot posted to a 2004-05 fansite forum thread; found by the 2001-2005 fansite re-screen,,,2005-03-22,20051016112844,http://img79.exs.cx:80/img79/5488/easter200522kq.png,https://web.archive.org/web/20051016112844/http://img79.exs.cx:80/img79/5488/easter200522kq.png,,224381,bf0f206d9c929143239a53332b935fed45e053dc,,
2005/March-22-2005-easter200549fy-img79.exs.cx.png,official game: screenshot (RuneScape 2),RS2 screenshot posted to a 2004-05 fansite forum thread; found by the 2001-2005 fansite re-screen,,,2005-03-22,20051016113233,http://img79.exs.cx:80/img79/6786/easter200549fy.png,https://web.archive.org/web/20051016113233/http://img79.exs.cx:80/img79/6786/easter200549fy.png,,223610,137ffcbec4941768bc7b81d453d3085c58db9d21,,
2005/March-22-2005-easter200553dc-img79.exs.cx.png,official game: screenshot (RuneScape 2),RS2 screenshot posted to a 2004-05 fansite forum thread; found by the 2001-2005 fansite re-screen,,,2005-03-22,20051016113034,http://img79.exs.cx:80/img79/5495/easter200553dc.png,https://web.archive.org/web/20051016113034/http://img79.exs.cx:80/img79/5495/easter200553dc.png,,250830,bf7fd32c4477dc064defec4f60361588f9e8a6c3,,
2005/March-22-2005-easter200562sr-img202.exs.cx.png,official game: screenshot (RuneScape 2),RS2 screenshot posted to a 2004-05 fansite forum thread; found by the 2001-2005 fansite re-screen,,,2005-03-22,20051120085310,http://img202.exs.cx:80/img202/2008/easter200562sr.png,https://web.archive.org/web/20051120085310/http://img202.exs.cx:80/img202/2008/easter200562sr.png,,249862,3f1b72e9e36141858c021f0bc34672fb0f16b1d5,,
2005/March-23-2005-law-altar-runecrafting-screenshot-img.villagephotos.com.jpg,official game: screenshot (RuneScape 2),Runecrafting at the Law altar: holding the Law talisman towards the mysterious ruins (file name Lawcraftingplace).,,,2005-03-23,20050501030016,http://img.villagephotos.com:80/p/2005-3/971317/Lawcraftingplace.JPG,https://web.archive.org/web/20050501030016/http://img.villagephotos.com:80/p/2005-3/971317/Lawcraftingplace.JPG,,37677,5813c49d9adec0a53e1624b3f374becd822242bf,,
2005/March-23-2005-wilderness-kill-loot-menu-screenshot-img.photobucket.com.png,official game: screenshot (RuneScape 2),"Wilderness player kill with the right-click loot menu open (dragonhide, runes, potions).",,,2005-03-23,20060411190241,http://img.photobucket.com:80/albums/v240/spymaster20/taoist20D20E20A20D.png,https://web.archive.org/web/20060411190241/http://img.photobucket.com:80/albums/v240/spymaster20/taoist20D20E20A20D.png,,48777,c6d17ded4db791e5f28f161f3f17a5d7a2e48414,,
2005/March-26-2005-funwar-img85.exs.cx.gif,official game: screenshot (RuneScape 2),"RS2 client screenshot. Posted in the forum thread ""Runescape Community -> The Death Monkeighs {tdm}   --  Lvl 70+ Combat"".",,,2005-03-26,20050428213834,http://img85.exs.cx:80/img85/5416/funwar0gq.gif,https://web.archive.org/web/20050428213834/http://img85.exs.cx:80/img85/5416/funwar0gq.gif,https://web.archive.org/web/20050421200337/http://www.runescapecommunity.com:80/index.php?showtopic=277072,25807,bdaaa899e985f4f60321e9052c94165fbb4f833b,,
2005/March-26-2005-thirty508-teracheat1-server2.uploadit.org.jpg,official game: screenshot (RuneScape 2),RS2 client screenshot from server2.uploadit.org.,,,2005-03-26,20051115162056,http://server2.uploadit.org:80/files/thirty508-teracheat1.jpg,https://web.archive.org/web/20051115162056/http://server2.uploadit.org:80/files/thirty508-teracheat1.jpg,,65438,89936c2596417be79f3e0e1d09b8d5251cda66b9,,
2005/March-27-2005-banana-face-koti.mbnet.fi.png,official game: screenshot (RuneScape 2),RS2 client screenshot from koti.mbnet.fi.,,,2005-03-27,20050422204615,http://koti.mbnet.fi:80/toni2/data/banana%20face.PNG,https://web.archive.org/web/20050422204615/http://koti.mbnet.fi:80/toni2/data/banana%20face.PNG,,144573,e372885016541d135e69b87ea7a7639d00266e46,,
2005/March-27-2005-buttwhoopchi-koti.mbnet.fi.png,official game: screenshot (RuneScape 2),RS2 client screenshot from koti.mbnet.fi.,,,2005-03-27,20050422203708,http://koti.mbnet.fi:80/toni2/data/buttwhoopchi.PNG,https://web.archive.org/web/20050422203708/http://koti.mbnet.fi:80/toni2/data/buttwhoopchi.PNG,,119091,5bd2da28835a2befc81f81bfc493b5f0faa281e0,,
2005/March-27-2005-cjose-koti.mbnet.fi.png,official game: screenshot (RuneScape 2),RS2 client screenshot from koti.mbnet.fi.,,,2005-03-27,20050422200208,http://koti.mbnet.fi:80/toni2/data/cjose.PNG,https://web.archive.org/web/20050422200208/http://koti.mbnet.fi:80/toni2/data/cjose.PNG,,124097,97be10c37139f9d5482bc79e114e685a49ff8fd9,,
2005/March-27-2005-greenninja93-koti.mbnet.fi.png,official game: screenshot (RuneScape 2),RS2 client screenshot from koti.mbnet.fi.,,,2005-03-27,20050422203713,http://koti.mbnet.fi:80/toni2/data/greenninja93.PNG,https://web.archive.org/web/20050422203713/http://koti.mbnet.fi:80/toni2/data/greenninja93.PNG,,143163,bfe7b46565e7899d9b6091c0e34b073268a11be0,,
2005/March-27-2005-hazzard4-koti.mbnet.fi.png,official game: screenshot (RuneScape 2),RS2 client screenshot from koti.mbnet.fi.,,,2005-03-27,20050422201725,http://koti.mbnet.fi:80/toni2/data/hazzard4.PNG,https://web.archive.org/web/20050422201725/http://koti.mbnet.fi:80/toni2/data/hazzard4.PNG,,152913,1a3876c957a0b913926e8df95ea30603d7e01e37,,
2005/March-27-2005-hoono-soomi-dead-koti.mbnet.fi.png,official game: screenshot (RuneScape 2),RS2 client screenshot from koti.mbnet.fi.,,,2005-03-27,20050422211233,http://koti.mbnet.fi:80/toni2/data/hoono%20soomi%20dead.PNG,https://web.archive.org/web/20050422211233/http://koti.mbnet.fi:80/toni2/data/hoono%20soomi%20dead.PNG,,147956,192f14e361368cbedbc6b45099af45176e9b1cfa,,
2005/March-27-2005-killer109-koti.mbnet.fi.png,official game: screenshot (RuneScape 2),RS2 client screenshot from koti.mbnet.fi.,,,2005-03-27,20050422202323,http://koti.mbnet.fi:80/toni2/data/killer109.PNG,https://web.archive.org/web/20050422202323/http://koti.mbnet.fi:80/toni2/data/killer109.PNG,,113457,9b2fe0e12eef5753b9f88c2f160298d951af9eae,,
2005/March-27-2005-mie-kuoalin-koti.mbnet.fi.png,official game: screenshot (RuneScape 2),RS2 client screenshot from koti.mbnet.fi.,,,2005-03-27,20050427023544,http://koti.mbnet.fi:80/toni2/data/mie%20kuoalin.PNG,https://web.archive.org/web/20050427023544/http://koti.mbnet.fi:80/toni2/data/mie%20kuoalin.PNG,,146607,72d9edf714ef82d5c611c89be7776464c5014942,,
2005/March-27-2005-oggy-slayer3-koti.mbnet.fi.png,official game: screenshot (RuneScape 2),RS2 client screenshot from koti.mbnet.fi.,,,2005-03-27,20050422205031,http://koti.mbnet.fi:80/toni2/data/oggy%20slayer3.PNG,https://web.archive.org/web/20050422205031/http://koti.mbnet.fi:80/toni2/data/oggy%20slayer3.PNG,,113947,d56ddcc63f9650968c96a2b99cc0a2f6cff7c79f,,
2005/March-27-2005-owner-ariko-koti.mbnet.fi.png,official game: screenshot (RuneScape 2),RS2 client screenshot from koti.mbnet.fi.,,,2005-03-27,20050422204628,http://koti.mbnet.fi:80/toni2/data/owner%20ariko.PNG,https://web.archive.org/web/20050422204628/http://koti.mbnet.fi:80/toni2/data/owner%20ariko.PNG,,130764,88acaf859b3a39ab618bca5cb29cd9501c62dc0a,,
2005/March-27-2005-rune-kauhu-erotettu-koti.mbnet.fi.png,official game: screenshot (RuneScape 2),RS2 client screenshot from koti.mbnet.fi.,,,2005-03-27,20050422212028,http://koti.mbnet.fi:80/toni2/data/rune%20kauhu%20-erotettu.PNG,https://web.archive.org/web/20050422212028/http://koti.mbnet.fi:80/toni2/data/rune%20kauhu%20-erotettu.PNG,,137196,8eab3b6a3bdaff0d65a320f271249fdedb6f9b8a,,
2005/March-3-2005-topdogg75-mig99strdm-server2.uploadit.org.jpg,official game: screenshot (RuneScape 2),RS2 client screenshot from server2.uploadit.org.,,,2005-03-03,20051028204023,http://server2.uploadit.org:80/files/topdogg75-mig99strdm.JPG,https://web.archive.org/web/20051028204023/http://server2.uploadit.org:80/files/topdogg75-mig99strdm.JPG,,68960,6da8dbf340e58a0f223841d4024de01a149f2bd2,,
2005/March-30-2005-nicca-unit-koti.mbnet.fi.png,official game: screenshot (RuneScape 2),RS2 client screenshot from koti.mbnet.fi.,,,2005-03-30,20050422203717,http://koti.mbnet.fi:80/toni2/data/nicca%20unit.PNG,https://web.archive.org/web/20050422203717/http://koti.mbnet.fi:80/toni2/data/nicca%20unit.PNG,,134922,35b52c97030a0a118a300d678245f4b0709eb135,,
2005/March-30-2005-ns-treasury-30-3-2005-koti.mbnet.fi.png,official game: screenshot (RuneScape 2),RS2 client screenshot from koti.mbnet.fi.,,,2005-03-30,20050423221943,http://koti.mbnet.fi:80/toni2/data/Ns%20Treasury/ns%20treasury%2030.3.2005.PNG,https://web.archive.org/web/20050423221943/http://koti.mbnet.fi:80/toni2/data/Ns%20Treasury/ns%20treasury%2030.3.2005.PNG,,57664,541294a6debd2c93cc0497a5e4a35a6ad2a035b0,,
2005/March-5-2005-death-runes-crafting-koti.mbnet.fi.png,official game: screenshot (RuneScape 2),RS2 client screenshot from koti.mbnet.fi.,,,2005-03-05,20050422212021,http://koti.mbnet.fi:80/toni2/data/death%20runes%20crafting.PNG,https://web.archive.org/web/20050422212021/http://koti.mbnet.fi:80/toni2/data/death%20runes%20crafting.PNG,,187767,e163f147a6cf3f1b8681ca60f9b9de324a8f188e,,
2005/March-5-2005-fishsweat-koti.mbnet.fi.png,official game: screenshot (RuneScape 2),RS2 client screenshot from koti.mbnet.fi.,,,2005-03-05,20050422202317,http://koti.mbnet.fi:80/toni2/data/fishsweat.PNG,https://web.archive.org/web/20050422202317/http://koti.mbnet.fi:80/toni2/data/fishsweat.PNG,,179571,9d0865580a4483c6043159e600a94ddd2ca8f989,,
2005/March-5-2005-neneco-koti.mbnet.fi.png,official game: screenshot (RuneScape 2),RS2 client screenshot from koti.mbnet.fi.,,,2005-03-05,20050422200559,http://koti.mbnet.fi:80/toni2/data/neneco.PNG,https://web.archive.org/web/20050422200559/http://koti.mbnet.fi:80/toni2/data/neneco.PNG,,161510,be0966aaf0c8a9738f415c89872144fa3f643bd8,,
2005/March-5-2005-new-agi-course-koti.mbnet.fi.png,official game: screenshot (RuneScape 2),RS2 client screenshot from koti.mbnet.fi.,,,2005-03-05,20050422210824,http://koti.mbnet.fi:80/toni2/data/new%20agi%20course.PNG,https://web.archive.org/web/20050422210824/http://koti.mbnet.fi:80/toni2/data/new%20agi%20course.PNG,,244115,62d7da169a79754513957ef97eac1b3b105442c6,,
2005/March-5-2005-rooperuffe-juu-server2.uploadit.org.jpg,official game: screenshot (RuneScape 2),RS2 client screenshot from server2.uploadit.org.,,,2005-03-05,20051108211345,http://server2.uploadit.org:80/files/Rooperuffe-juu.JPG,https://web.archive.org/web/20051108211345/http://server2.uploadit.org:80/files/Rooperuffe-juu.JPG,,93974,8b16feb9098ec62d40b4bdfe652a11705fd3be2d,,
2005/March-5-2005-rooperuffe-stakea1-server2.uploadit.org.jpg,official game: screenshot (RuneScape 2),RS2 client screenshot from server2.uploadit.org.,,,2005-03-05,20051028175700,http://server2.uploadit.org:80/files/Rooperuffe-Stakea1.JPG,https://web.archive.org/web/20051028175700/http://server2.uploadit.org:80/files/Rooperuffe-Stakea1.JPG,,90766,d903d30f1537e29fbdc6512c25c6f73668baa58f,,
2005/March-5-2005-rooperuffe-stakea2-server2.uploadit.org.jpg,official game: screenshot (RuneScape 2),RS2 client screenshot from server2.uploadit.org.,,,2005-03-05,20051109004320,http://server2.uploadit.org:80/files/Rooperuffe-stakea2.JPG,https://web.archive.org/web/20051109004320/http://server2.uploadit.org:80/files/Rooperuffe-stakea2.JPG,,93551,afa4217b1de74deb4d5e2a6d5f885ab9f87ab354,,
2005/March-5-2005-rybox-koti.mbnet.fi.png,official game: screenshot (RuneScape 2),RS2 client screenshot from koti.mbnet.fi.,,,2005-03-05,20050427023459,http://koti.mbnet.fi:80/toni2/data/rybox.PNG,https://web.archive.org/web/20050427023459/http://koti.mbnet.fi:80/toni2/data/rybox.PNG,,117391,ee91b183c99950a3f987c73bdb1b51729273b7e8,,
2005/March-7-2005-alverez-68smith-server2.uploadit.org.jpg,official game: screenshot (RuneScape 2),RS2 client screenshot from server2.uploadit.org.,,,2005-03-07,20051111200929,http://server2.uploadit.org:80/files/alverez-68smith.jpg,https://web.archive.org/web/20051111200929/http://server2.uploadit.org:80/files/alverez-68smith.jpg,,83672,24c235a6d05b3dd61681563276b61b4552f89076,,
2005/March-7-2005-wdfduur1km-th-img39.exs.cx.jpg,official game: screenshot (RuneScape 2),"RS2 client screenshot. Posted in the forum thread ""RuneScape Community -> Mountain Daughter"".",,,2005-03-07,20051016111546,http://img39.exs.cx:80/img39/5431/wdfduur1km.th.jpg,https://web.archive.org/web/20051016111546/http://img39.exs.cx:80/img39/5431/wdfduur1km.th.jpg,https://web.archive.org/web/20050310065759/http://www.runescapecommunity.com:80/index.php?showtopic=274629,2662,bfdf1cf522a9288ebc66485a4b5cdf9f394c2e35,,
2005/March-9-2005-oli123456789-attk87-server2.uploadit.org.jpg,official game: screenshot (RuneScape 2),RS2 client screenshot from server2.uploadit.org.,,,2005-03-09,20051110165114,http://server2.uploadit.org:80/files/oli123456789-attk87.JPG,https://web.archive.org/web/20051110165114/http://server2.uploadit.org:80/files/oli123456789-attk87.JPG,,81532,61726ea965860b9a8394d5b165ba7fecfed699fb,,
2005/May-1-2005-2hpker-att-server2.uploadit.org.jpg,official game: screenshot (RuneScape 2),RS2 client screenshot from server2.uploadit.org.,,,2005-05-01,20051115043122,http://server2.uploadit.org:80/files/2hpker-att.JPG,https://web.archive.org/web/20051115043122/http://server2.uploadit.org:80/files/2hpker-att.JPG,,79775,ccb6ee74678cfcf8cf60c84547b2fc79da7ee38e,,
2005/May-1-2005-dump20050501022030-screenshot-img238.imageshack.us.png,official game: screenshot (RuneScape 2),"From one player's screenshot dump folder (client in a browser window), uploaded as dump200505010220306oe.png.",,,2005-05-01,20050720192527,http://img238.imageshack.us/img238/3135/dump200505010220306oe.png,https://web.archive.org/web/20050720192527/http://img238.imageshack.us/img238/3135/dump200505010220306oe.png,,257012,cc09f523a9f10dfe7dfc2969e682175d0b07e243,,
2005/May-1-2005-dump20050501023517-screenshot-img238.imageshack.us.png,official game: screenshot (RuneScape 2),"From one player's screenshot dump folder (client in a browser window), uploaded as dump200505010235179ex.png.",,,2005-05-01,20050720192539,http://img238.imageshack.us/img238/2854/dump200505010235179ex.png,https://web.archive.org/web/20050720192539/http://img238.imageshack.us/img238/2854/dump200505010235179ex.png,,193721,131ec81024b25e0ff920d18f45ac285122b34bce,,
2005/May-1-2005-dump20050501025503-screenshot-img238.imageshack.us.png,official game: screenshot (RuneScape 2),"From one player's screenshot dump folder (client in a browser window), uploaded as dump200505010255032wx.png.",,,2005-05-01,20050720192533,http://img238.imageshack.us/img238/6782/dump200505010255032wx.png,https://web.archive.org/web/20050720192533/http://img238.imageshack.us/img238/6782/dump200505010255032wx.png,,192258,7732cd5a6685104acec865fd5955ea456c575fc8,,
2005/May-1-2005-dump20050501034056-screenshot-img238.imageshack.us.png,official game: screenshot (RuneScape 2),"From one player's screenshot dump folder (client in a browser window), uploaded as dump200505010340563nz.png.",,,2005-05-01,20050720192545,http://img238.imageshack.us/img238/2166/dump200505010340563nz.png,https://web.archive.org/web/20050720192545/http://img238.imageshack.us/img238/2166/dump200505010340563nz.png,,229745,a6af5654442a96393c617b97a8c2536f1168f035,,
2005/May-15-2005-bwfc2-koti.mbnet.fi.jpg,official game: screenshot (RuneScape 2),RS2 client screenshot from koti.mbnet.fi. Embedded in: Runescape Community -> Love Or Hate It And Kill (https://web.archive.org/web/20050524092635/http://www.runescapecommunity.com:80/index.php?showtopic=316462&amp).,,,2005-05-15,20050528221934,http://koti.mbnet.fi/anahome/Tapot/bwfc2.JPG,https://web.archive.org/web/20050528221934/http://koti.mbnet.fi/anahome/Tapot/bwfc2.JPG,,94187,8b49ec06848bb1cffb144682ef9340cc3c17b08d,,
2005/May-15-2005-fcu-koti.mbnet.fi.jpg,official game: screenshot (RuneScape 2),RS2 client screenshot from koti.mbnet.fi. Embedded in: Runescape Community -> Love Or Hate It And Kill (https://web.archive.org/web/20050524092635/http://www.runescapecommunity.com:80/index.php?showtopic=316462&amp).,,,2005-05-15,20050528221946,http://koti.mbnet.fi/anahome/fcu.JPG,https://web.archive.org/web/20050528221946/http://koti.mbnet.fi/anahome/fcu.JPG,,88161,2574687eefa6e01dfe5c54abdd0aff067f2fe3f3,,
2005/May-16-2005-hangingdj-mamisback-server2.uploadit.org.jpg,official game: screenshot (RuneScape 2),RS2 client screenshot from server2.uploadit.org.,,,2005-05-16,20051115140633,http://server2.uploadit.org:80/files/hangingdj-mamisback.JPG,https://web.archive.org/web/20051115140633/http://server2.uploadit.org:80/files/hangingdj-mamisback.JPG,,82600,f292cde4c7e15eda09d182f814db48f5719a7996,,
2005/May-16-2005-negative-img212.echo.cx.jpg,official game: screenshot (RuneScape 2),"RS2 client screenshot. Posted in the forum thread ""Runescape Community -> I M Negative"".",,,2005-05-16,20050527122201,http://img212.echo.cx:80/img212/5489/negative2am.jpg,https://web.archive.org/web/20050527122201/http://img212.echo.cx:80/img212/5489/negative2am.jpg,https://web.archive.org/web/20050524092720/http://www.runescapecommunity.com:80/index.php?showtopic=317144&amp,41702,b793934f6f416d3285ba6136c349111beff37753,,
2005/May-16-2005-onepk0ef-th-img165.echo.cx.png,official game: screenshot (RuneScape 2),"RS2 client screenshot. Posted in the forum thread ""Runescape Community -> Couple Of Pks"".",,,2005-05-16,20050527124047,http://img165.echo.cx:80/img165/1833/onepk0ef.th.png,https://web.archive.org/web/20050527124047/http://img165.echo.cx:80/img165/1833/onepk0ef.th.png,https://web.archive.org/web/20050524092745/http://www.runescapecommunity.com:80/index.php?showtopic=317262&amp,38195,d702f79aa76eac666984cb317a81c7b19ea633b9,,
2005/May-16-2005-pk147ow-th-img165.echo.cx.png,official game: screenshot (RuneScape 2),"RS2 client screenshot. Posted in the forum thread ""Runescape Community -> Couple Of Pks"".",,,2005-05-16,20050527104142,http://img165.echo.cx:80/img165/706/pk147ow.th.png,https://web.archive.org/web/20050527104142/http://img165.echo.cx:80/img165/706/pk147ow.th.png,https://web.archive.org/web/20050524092745/http://www.runescapecommunity.com:80/index.php?showtopic=317262&amp,30193,f0284ff297c1265d898809e2130b4b9c2b93ee3b,,
2005/May-16-2005-pk180sq-th-img165.echo.cx.png,official game: screenshot (RuneScape 2),"RS2 client screenshot. Posted in the forum thread ""Runescape Community -> Couple Of Pks"".",,,2005-05-16,20050527003408,http://img165.echo.cx:80/img165/2739/pk180sq.th.png,https://web.archive.org/web/20050527003408/http://img165.echo.cx:80/img165/2739/pk180sq.th.png,https://web.archive.org/web/20050524092745/http://www.runescapecommunity.com:80/index.php?showtopic=317262&amp,38771,447de89c9b612fff6a4ebd3e1bb8452b696de0d2,,
2005/May-16-2005-pk45wr-th-img165.echo.cx.png,official game: screenshot (RuneScape 2),"RS2 client screenshot. Posted in the forum thread ""Runescape Community -> Couple Of Pks"".",,,2005-05-16,20050527120257,http://img165.echo.cx:80/img165/7481/pk45wr.th.png,https://web.archive.org/web/20050527120257/http://img165.echo.cx:80/img165/7481/pk45wr.th.png,https://web.archive.org/web/20050524092745/http://www.runescapecommunity.com:80/index.php?showtopic=317262&amp,34977,445341b88c0ec70beac43ca3f0a4ce434366d60f,,
2005/May-16-2005-pk52og-th-img165.echo.cx.png,official game: screenshot (RuneScape 2),"RS2 client screenshot. Posted in the forum thread ""Runescape Community -> Couple Of Pks"".",,,2005-05-16,20050527014036,http://img165.echo.cx:80/img165/6690/pk52og.th.png,https://web.archive.org/web/20050527014036/http://img165.echo.cx:80/img165/6690/pk52og.th.png,https://web.archive.org/web/20050524092745/http://www.runescapecommunity.com:80/index.php?showtopic=317262&amp,35160,8b728f893080693d67a76dcd2eb04bf6540a77a8,,
2005/May-16-2005-pk68hm-th-img165.echo.cx.png,official game: screenshot (RuneScape 2),"RS2 client screenshot. Posted in the forum thread ""Runescape Community -> Couple Of Pks"".",,,2005-05-16,20050527121415,http://img165.echo.cx:80/img165/1789/pk68hm.th.png,https://web.archive.org/web/20050527121415/http://img165.echo.cx:80/img165/1789/pk68hm.th.png,https://web.archive.org/web/20050524092745/http://www.runescapecommunity.com:80/index.php?showtopic=317262&amp,34558,2eb3c1c48e08c698771b3134dd9b0bc3a07eb502,,
2005/May-16-2005-pk9ls-th-img165.echo.cx.png,official game: screenshot (RuneScape 2),"RS2 client screenshot. Posted in the forum thread ""Runescape Community -> Couple Of Pks"".",,,2005-05-16,20050527114418,http://img165.echo.cx:80/img165/7087/pk9ls.th.png,https://web.archive.org/web/20050527114418/http://img165.echo.cx:80/img165/7087/pk9ls.th.png,https://web.archive.org/web/20050524092745/http://www.runescapecommunity.com:80/index.php?showtopic=317262&amp,38963,0f2dd8c993056696007f75d6434a18ce0a7beedf,,
2005/May-16-2005-true4rm-th-img165.echo.cx.png,official game: screenshot (RuneScape 2),"RS2 client screenshot. Posted in the forum thread ""Runescape Community -> Couple Of Pks"".",,,2005-05-16,20050527114827,http://img165.echo.cx:80/img165/7375/true4rm.th.png,https://web.archive.org/web/20050527114827/http://img165.echo.cx:80/img165/7375/true4rm.th.png,https://web.archive.org/web/20050524092745/http://www.runescapecommunity.com:80/index.php?showtopic=317262&amp,31364,51ae9394a677c1353829ef7962020b31a5cc6d09,,
2005/May-17-2005-15may052009238zi-img15.echo.cx.jpg,official game: screenshot (RuneScape 2),RS2 screenshot posted to a 2004-05 fansite forum thread; found by the 2001-2005 fansite re-screen,,,2005-05-17,20050527014509,http://img15.echo.cx:80/img15/7033/15may052009238zi.jpg,https://web.archive.org/web/20050527014509/http://img15.echo.cx:80/img15/7033/15may052009238zi.jpg,,155941,a47386f7fada57fdd46c5dfa951e915f25ed833c,,
2005/May-17-2005-redfaery-assaulterdown-server2.uploadit.org.jpg,official game: screenshot (RuneScape 2),RS2 client screenshot from server2.uploadit.org.,,,2005-05-17,20051028214040,http://server2.uploadit.org:80/files/Redfaery-AssaulterDown.JPG,https://web.archive.org/web/20051028214040/http://server2.uploadit.org:80/files/Redfaery-AssaulterDown.JPG,,31462,cbe85af680efa228de602364b8540933e689b535,,
2005/May-18-2005-dlegs9yh-th-img289.echo.cx.png,official game: screenshot (RuneScape 2),"RS2 client screenshot. Posted in the forum thread ""Runescape Community -> Whip Pk On My 75 Pure"".",,,2005-05-18,20050527131314,http://img289.echo.cx:80/img289/3742/dlegs9yh.th.png,https://web.archive.org/web/20050527131314/http://img289.echo.cx:80/img289/3742/dlegs9yh.th.png,https://web.archive.org/web/20050524093059/http://www.runescapecommunity.com:80/index.php?showtopic=321127&amp,39504,add05d32142d741d236c16031775f434fc9008cd,,
2005/May-18-2005-runescapeedit8vm2lh-img271.echo.cx.gif,official game: screenshot (RuneScape 2),RS2 screenshot posted to a 2004-05 fansite forum thread; found by the 2001-2005 fansite re-screen,,,2005-05-18,20050527125831,http://img271.echo.cx:80/img271/34/runescapeedit8vm2lh.gif,https://web.archive.org/web/20050527125831/http://img271.echo.cx:80/img271/34/runescapeedit8vm2lh.gif,,107763,11f68626a20b924d45206545b2c209666b14eabb,,
2005/May-19-2005-runescape-times-fansite-screenshot-lahaka0.tripod.com.jpg,official game: screenshot (RuneScape 2),Client screenshot from the RuneScape Times fan site (lahaka0.tripod.com/runescape_times).,,,2005-05-19,20060220145527,http://lahaka0.tripod.com:80/runescape_times/zezdead2.jpg,https://web.archive.org/web/20060220145527/http://lahaka0.tripod.com:80/runescape_times/zezdead2.jpg,,73892,35faa224d196c6328ef3f229b84200f084520f6a,,
2005/May-22-2005-whip7if-th-img289.echo.cx.png,official game: screenshot (RuneScape 2),"RS2 client screenshot. Posted in the forum thread ""Runescape Community -> Whip Pk On My 75 Pure"".",,,2005-05-22,20050527104125,http://img289.echo.cx:80/img289/879/whip7if.th.png,https://web.archive.org/web/20050527104125/http://img289.echo.cx:80/img289/879/whip7if.th.png,https://web.archive.org/web/20050524093059/http://www.runescapecommunity.com:80/index.php?showtopic=321127&amp,3975,bc45d3447a646e6c39254b3c9ff352358eef573c,,
2005/May-24-2005-jstam5-juxman-server2.uploadit.org.jpg,official game: screenshot (RuneScape 2),RS2 client screenshot from server2.uploadit.org.,,,2005-05-24,20051117215838,http://server2.uploadit.org:80/files/jstam5-juxman.JPG,https://web.archive.org/web/20051117215838/http://server2.uploadit.org:80/files/jstam5-juxman.JPG,,111007,1a3edcd067dae9fc5239eade86dfe7f6633ec6cc,,
2005/May-24-2005-jstam5-kuksja-server2.uploadit.org.jpg,official game: screenshot (RuneScape 2),RS2 client screenshot from server2.uploadit.org.,,,2005-05-24,20051102181754,http://server2.uploadit.org:80/files/jstam5-kuksja.JPG,https://web.archive.org/web/20051102181754/http://server2.uploadit.org:80/files/jstam5-kuksja.JPG,,105223,6e84a7f8e715ac52fa39ad057138a002f16532e3,,
2005/May-24-2005-jstam5-varava-server2.uploadit.org.jpg,official game: screenshot (RuneScape 2),RS2 client screenshot from server2.uploadit.org.,,,2005-05-24,20051115054438,http://server2.uploadit.org:80/files/jstam5-varava.JPG,https://web.archive.org/web/20051115054438/http://server2.uploadit.org:80/files/jstam5-varava.JPG,,56223,f62bcb085f08579f57f42a1b261cc45b13ad5253,,
2005/May-26-2005-dark111-98hp-server2.uploadit.org.jpg,official game: screenshot (RuneScape 2),RS2 client screenshot from server2.uploadit.org.,,,2005-05-26,20051114173155,http://server2.uploadit.org:80/files/dark111-98hp.JPG,https://web.archive.org/web/20051114173155/http://server2.uploadit.org:80/files/dark111-98hp.JPG,,79908,d8ccf058131a4ac133bd856129784e2b7824b64f,,
2005/May-28-2005-dump20050527230911-screenshot-img269.imageshack.us.png,official game: screenshot (RuneScape 2),"From one player's screenshot dump folder (client in a browser window), uploaded as dump200505272309119nw.png.",,,2005-05-28,20050720154823,http://img269.imageshack.us/img269/257/dump200505272309119nw.png,https://web.archive.org/web/20050720154823/http://img269.imageshack.us/img269/257/dump200505272309119nw.png,,201720,f047931132f6b9595585a7194ee980f2212edbea,,
2005/May-28-2005-dump20050527233136-screenshot-img269.imageshack.us.png,official game: screenshot (RuneScape 2),"From one player's screenshot dump folder (client in a browser window), uploaded as dump200505272331361ho.png.",,,2005-05-28,20050720154814,http://img269.imageshack.us/img269/6100/dump200505272331361ho.png,https://web.archive.org/web/20050720154814/http://img269.imageshack.us/img269/6100/dump200505272331361ho.png,,157091,21b7f09f51b7ca8e1af41dc6b2eab2124173b668,,
2005/May-28-2005-dump20050527233308-screenshot-img269.imageshack.us.png,official game: screenshot (RuneScape 2),"From one player's screenshot dump folder (client in a browser window), uploaded as dump200505272333087yc.png.",,,2005-05-28,20050720154817,http://img269.imageshack.us/img269/9963/dump200505272333087yc.png,https://web.archive.org/web/20050720154817/http://img269.imageshack.us/img269/9963/dump200505272333087yc.png,,155860,6ecb140474e8831d643495a96cf6e4e3f73374ee,,
2005/May-28-2005-dump20050528000328-screenshot-img269.imageshack.us.png,official game: screenshot (RuneScape 2),"From one player's screenshot dump folder (client in a browser window), uploaded as dump200505280003281zx.png.",,,2005-05-28,20050720154825,http://img269.imageshack.us/img269/76/dump200505280003281zx.png,https://web.archive.org/web/20050720154825/http://img269.imageshack.us/img269/76/dump200505280003281zx.png,,207823,2b0e9f9292d79778d9eb097ba400c83986af7e3b,,
2005/May-28-2005-usowning-i4.photobucket.com.gif,official game: screenshot (RuneScape 2),"RS2 client screenshot. Posted in the forum thread ""The Death Squad Recruiting - New Requirements! - Runescape Community"".",,,2005-05-28,20060708153017,http://i4.photobucket.com/albums/y140/mattyj150/usowning.gif,https://web.archive.org/web/20060708153017/http://i4.photobucket.com/albums/y140/mattyj150/usowning.gif,https://web.archive.org/web/20051031144428/http://www.runescapecommunity.com:80/index.php?showtopic=380247&amp;view=getlastpost,65474,dc3055359647c0796ec88b7fc3896060d932202f,,
2005/May-7-2005-r2h-img135.echo.cx.jpg,official game: screenshot (RuneScape 2),"RS2 client screenshot. Posted in the forum thread ""Runescape Community -> New Pks"".",,,2005-05-07,20050527111047,http://img135.echo.cx:80/img135/3197/r2h9gh.jpg,https://web.archive.org/web/20050527111047/http://img135.echo.cx:80/img135/3197/r2h9gh.jpg,https://web.archive.org/web/20050524092547/http://www.runescapecommunity.com:80/index.php?showtopic=310965&amp,51618,c407c7e1c2d9202e8ba5cdc6d856237cd8da2a68,,
2005/May-7-2005-runescape-screenshot-zezima99.tripod.com.bmp,official game: screenshot (RuneScape 2),RuneScape client screenshot (uploaded as runescape.bmp).,,,2005-05-07,20060826104852,http://zezima99.tripod.com:80/zezima/thumbnails/400x300/runescape.bmp,https://web.archive.org/web/20060826104852/http://zezima99.tripod.com:80/zezima/thumbnails/400x300/runescape.bmp,,360054,430f461ad2df21a513887bc11641833601e90c21,,
2005/May-8-2005-tfeupload-slayer85-server2.uploadit.org.jpg,official game: screenshot (RuneScape 2),RS2 client screenshot from server2.uploadit.org.,,,2005-05-08,20051114193733,http://server2.uploadit.org:80/files/tfeupload-Slayer85.JPG,https://web.archive.org/web/20051114193733/http://server2.uploadit.org:80/files/tfeupload-Slayer85.JPG,,24532,d1a934d43e7a795e1b3a1ade34d00cab0a58f199,,
2005/May-9-2005-ahrimtheblightedset-img27.echo.cx.jpg,official game: screenshot (RuneScape 2),"RS2 client screenshot. Posted in the forum thread ""Runescape Community -> Barrows"".",,,2005-05-09,20050527125453,http://img27.echo.cx:80/img27/7956/ahrimtheblightedset1po.jpg,https://web.archive.org/web/20050527125453/http://img27.echo.cx:80/img27/7956/ahrimtheblightedset1po.jpg,https://web.archive.org/web/20050524092501/http://www.runescapecommunity.com:80/index.php?showtopic=312678,4180,8a127cdb678a6f18b26f290215d585d15701ea79,,
2005/May-9-2005-dharokthewreckhedsetequiped-img60.echo.cx.jpg,official game: screenshot (RuneScape 2),"RS2 client screenshot. Posted in the forum thread ""Runescape Community -> Barrows"".",,,2005-05-09,20050527105835,http://img60.echo.cx:80/img60/7266/dharokthewreckhedsetequiped0iu.jpg,https://web.archive.org/web/20050527105835/http://img60.echo.cx:80/img60/7266/dharokthewreckhedsetequiped0iu.jpg,https://web.archive.org/web/20050524092501/http://www.runescapecommunity.com:80/index.php?showtopic=312678,4415,ce44295d9ec00d66e1a83252a230f6f7c99e8e05,,
2005/May-9-2005-guthantheinfestedsetequipped3v-img56.echo.cx.jpg,official game: screenshot (RuneScape 2),"RS2 client screenshot. Posted in the forum thread ""Runescape Community -> Barrows"".",,,2005-05-09,20050527102343,http://img56.echo.cx:80/img56/8739/guthantheinfestedsetequipped3v.jpg,https://web.archive.org/web/20050527102343/http://img56.echo.cx:80/img56/8739/guthantheinfestedsetequipped3v.jpg,https://web.archive.org/web/20050524092501/http://www.runescapecommunity.com:80/index.php?showtopic=312678,4553,f45425742fd3507f71c85119d02ba2de097ca302,,
2005/May-9-2005-karilthetainetedsetequipped-img20.echo.cx.jpg,official game: screenshot (RuneScape 2),"RS2 client screenshot. Posted in the forum thread ""Runescape Community -> Barrows"".",,,2005-05-09,20050527104407,http://img20.echo.cx:80/img20/9216/karilthetainetedsetequipped3yl.jpg,https://web.archive.org/web/20050527104407/http://img20.echo.cx:80/img20/9216/karilthetainetedsetequipped3yl.jpg,https://web.archive.org/web/20050524092501/http://www.runescapecommunity.com:80/index.php?showtopic=312678,3233,22dbc5e7dc09b6ad376d0c55c21c72726bcb6144,,
2005/May-9-2005-toragequipped-img112.echo.cx.jpg,official game: screenshot (RuneScape 2),"RS2 client screenshot. Posted in the forum thread ""Runescape Community -> Barrows"".",,,2005-05-09,20050527100855,http://img112.echo.cx:80/img112/7448/toragequipped8jv.jpg,https://web.archive.org/web/20050527100855/http://img112.echo.cx:80/img112/7448/toragequipped8jv.jpg,https://web.archive.org/web/20050524092501/http://www.runescapecommunity.com:80/index.php?showtopic=312678,4917,f7257d0a7a288e187cf3862cfb094a72fd2daca4,,
2005/November-10-2005-yay1-img62.exs.cx.png,official game: screenshot (RuneScape 2),RS2 screenshot posted to a 2004-05 fansite forum thread; found by the 2001-2005 fansite re-screen,,,2005-11-10,20051120073416,http://img62.exs.cx:80/img62/8941/yay1.png,https://web.archive.org/web/20051120073416/http://img62.exs.cx:80/img62/8941/yay1.png,,110154,feb178ac5094472a111c8231d090a2220414d821,,
2005/November-18-2005-chickenfox-runescape.salmoneus.net.png,official game: screenshot (RuneScape 2),RS2 client screenshot from a 2004-05 fansite page (runescape.salmoneus.net:80); found by the 2001-2005 fansite re-screen,,,2005-11-18,20051215223200,http://runescape.salmoneus.net:80/quests/RecruitDrive/chickenfox.png,https://web.archive.org/web/20051215223200/http://runescape.salmoneus.net:80/quests/RecruitDrive/chickenfox.png,,10942,b3ff457796385761a979bc31efdb43a3656e1f35,,
2005/November-23-2005-runescape-jpg-w300h197-screenshot-gohanmage.tripod.com.jpg,official game: screenshot (RuneScape 2),RuneScape client screenshot (uploaded as runescape.jpg.w300h197.jpg).,,,2005-11-23,20070118084446,http://gohanmage.tripod.com:80/sitebuildercontent/sitebuilderpictures/.pond/runescape.jpg.w300h197.jpg,https://web.archive.org/web/20070118084446/http://gohanmage.tripod.com:80/sitebuildercontent/sitebuilderpictures/.pond/runescape.jpg.w300h197.jpg,,14178,418d8c8d12b3354ce2b2f50684b370c9f9ee1745,,
2005/November-24-2005-heres-your-proof-client-img296.imageshack.us.jpg,official game: screenshot (RuneScape 2),"RS2 client screenshot, combat 121 player with 'Here's your proof fyi' overhead chat, embedded in a fansite forum post (ImageShack; this capture is from 2011)",,,2005-11-24,20110703173311,http://img296.imageshack.us/img296/5595/proofyep0av.jpg,https://web.archive.org/web/20110703173311/http://img296.imageshack.us/img296/5595/proofyep0av.jpg,,80499,bc91a92e940d794f1070cf9abfbacabf6426e0f3,,
2005/November-27-2005-runescape-screenshot-img498.imageshack.us.png,official game: screenshot (RuneScape 2),RuneScape client screenshot (uploaded as runescape3hb.png).,,,2005-11-27,20070320135744,http://img498.imageshack.us:80/img498/5841/runescape3hb.png,https://web.archive.org/web/20070320135744/http://img498.imageshack.us:80/img498/5841/runescape3hb.png,,232763,ccedcb89d69674dee1fa118a94a5400666d9db2f,,
2005/November-5-2005-51105statsit-screenshot-img83.imageshack.us.png,official game: screenshot (RuneScape 2),RuneScape client screenshot (uploaded as 51105statsit1fd.png).,,,2005-11-05,20051125112810,http://img83.imageshack.us:80/img83/1332/51105statsit1fd.png,https://web.archive.org/web/20051125112810/http://img83.imageshack.us:80/img83/1332/51105statsit1fd.png,,866029,f738886f343fb221eefa07f4bf909389f0182648,,
2005/October-1-2005-2k4phil-koti.mbnet.fi.png,official game: screenshot (RuneScape 2),RS2 client screenshot from koti.mbnet.fi.,,,2005-10-01,20051114184332,http://koti.mbnet.fi:80/toni2/data/2k4phil.PNG,https://web.archive.org/web/20051114184332/http://koti.mbnet.fi:80/toni2/data/2k4phil.PNG,,129292,c77ead6069c2a23d3669d0ba28289dfa8e07df88,,
2005/October-1-2005-34s-macel-koti.mbnet.fi.png,official game: screenshot (RuneScape 2),RS2 client screenshot from koti.mbnet.fi.,,,2005-10-01,20051114195123,http://koti.mbnet.fi:80/toni2/data/34s%20macel.PNG,https://web.archive.org/web/20051114195123/http://koti.mbnet.fi:80/toni2/data/34s%20macel.PNG,,119292,e9fe45d25e082f747c83186959435127adbcdc01,,
2005/October-1-2005-40-with-d-mace-koti.mbnet.fi.png,official game: screenshot (RuneScape 2),RS2 client screenshot from koti.mbnet.fi.,,,2005-10-01,20051115194528,http://koti.mbnet.fi:80/toni2/data/40%20with%20d%20mace.PNG,https://web.archive.org/web/20051115194528/http://koti.mbnet.fi:80/toni2/data/40%20with%20d%20mace.PNG,,128692,c4577308d1ddccdb4fe7cb16203eb1d86896e008,,
2005/October-1-2005-addison9-koti.mbnet.fi.png,official game: screenshot (RuneScape 2),RS2 client screenshot from koti.mbnet.fi.,,,2005-10-01,20051201011510,http://koti.mbnet.fi:80/toni2/data/addison9.PNG,https://web.archive.org/web/20051201011510/http://koti.mbnet.fi:80/toni2/data/addison9.PNG,,103195,d25b8282a6ab391d512766d8980428b14d983cea,,
2005/October-1-2005-agi-70-koti.mbnet.fi.png,official game: screenshot (RuneScape 2),RS2 client screenshot from koti.mbnet.fi.,,,2005-10-01,20051202214607,http://koti.mbnet.fi:80/toni2/data/agi%2070.PNG,https://web.archive.org/web/20051202214607/http://koti.mbnet.fi:80/toni2/data/agi%2070.PNG,,186494,a987f191ff9ea81052218fa25b7297fe2915ec97,,
2005/October-1-2005-attack-0-koti.mbnet.fi.png,official game: screenshot (RuneScape 2),RS2 client screenshot from koti.mbnet.fi.,,,2005-10-01,20051111042601,http://koti.mbnet.fi:80/toni2/data/attack%200.PNG,https://web.archive.org/web/20051111042601/http://koti.mbnet.fi:80/toni2/data/attack%200.PNG,,230853,dc559182fa522bf60fc55b3e377917d5192088d5,,
2005/October-1-2005-attack-89-koti.mbnet.fi.png,official game: screenshot (RuneScape 2),RS2 client screenshot from koti.mbnet.fi.,,,2005-10-01,20051201141630,http://koti.mbnet.fi:80/toni2/data/attack%2089.PNG,https://web.archive.org/web/20051201141630/http://koti.mbnet.fi:80/toni2/data/attack%2089.PNG,,122540,d9cb522cc9798138b0340683e4b91b58216b2921,,
2005/October-1-2005-bansku-owned-koti.mbnet.fi.png,official game: screenshot (RuneScape 2),RS2 client screenshot from koti.mbnet.fi.,,,2005-10-01,20051127203207,http://koti.mbnet.fi:80/toni2/data/bansku%20owned.PNG,https://web.archive.org/web/20051127203207/http://koti.mbnet.fi:80/toni2/data/bansku%20owned.PNG,,124860,12ded6e26cada43ec0b825b293a9c1f7030c2890,,
2005/October-1-2005-bosiacki-koti.mbnet.fi.png,official game: screenshot (RuneScape 2),RS2 client screenshot from koti.mbnet.fi.,,,2005-10-01,20051118170347,http://koti.mbnet.fi:80/toni2/data/bosiacki.PNG,https://web.archive.org/web/20051118170347/http://koti.mbnet.fi:80/toni2/data/bosiacki.PNG,,117199,86ed85392cf96c10e438c83979a74805660fbb00,,
2005/October-1-2005-brownin91-koti.mbnet.fi.png,official game: screenshot (RuneScape 2),RS2 client screenshot from koti.mbnet.fi.,,,2005-10-01,20051114044055,http://koti.mbnet.fi:80/toni2/data/brownin91.PNG,https://web.archive.org/web/20051114044055/http://koti.mbnet.fi:80/toni2/data/brownin91.PNG,,127642,6ce2cabd66d32d4e7390b3b37570b7f3ddb18de7,,
2005/October-1-2005-chim-bday-pk-koti.mbnet.fi.png,official game: screenshot (RuneScape 2),RS2 client screenshot from koti.mbnet.fi.,,,2005-10-01,20051129070910,http://koti.mbnet.fi:80/toni2/data/chim%20bday%20pk.PNG,https://web.archive.org/web/20051129070910/http://koti.mbnet.fi:80/toni2/data/chim%20bday%20pk.PNG,,149882,79c1eab3ff44e301005b8d93b71df166b98d3055,,
2005/October-1-2005-chimaera-fin-koti.mbnet.fi.png,official game: screenshot (RuneScape 2),RS2 client screenshot from koti.mbnet.fi.,,,2005-10-01,20051201123157,http://koti.mbnet.fi:80/toni2/data/chimaera%20fin.PNG,https://web.archive.org/web/20051201123157/http://koti.mbnet.fi:80/toni2/data/chimaera%20fin.PNG,,96865,53d16f096d188a2d5db5693c9cdf9a83ac773ae9,,
2005/October-1-2005-cho-co-bo-koti.mbnet.fi.png,official game: screenshot (RuneScape 2),RS2 client screenshot from koti.mbnet.fi.,,,2005-10-01,20051113010040,http://koti.mbnet.fi:80/toni2/data/cho%20co%20bo.PNG,https://web.archive.org/web/20051113010040/http://koti.mbnet.fi:80/toni2/data/cho%20co%20bo.PNG,,117221,61770368488f78bd8b66c5d0006d54c774649278,,
2005/October-1-2005-cook-85-koti.mbnet.fi.png,official game: screenshot (RuneScape 2),RS2 client screenshot from koti.mbnet.fi.,,,2005-10-01,20051204183207,http://koti.mbnet.fi:80/toni2/data/cook%2085.PNG,https://web.archive.org/web/20051204183207/http://koti.mbnet.fi:80/toni2/data/cook%2085.PNG,,183672,f25bf421a90640faed1a69c3a8df10e5fe98245f,,
2005/October-1-2005-craft-80-koti.mbnet.fi.png,official game: screenshot (RuneScape 2),RS2 client screenshot from koti.mbnet.fi.,,,2005-10-01,20051130125347,http://koti.mbnet.fi:80/toni2/data/craft%2080.PNG,https://web.archive.org/web/20051130125347/http://koti.mbnet.fi:80/toni2/data/craft%2080.PNG,,213104,a19592d0c8405f1ad2799555fe00f0e801b90150,,
2005/October-1-2005-cw-30-koti.mbnet.fi.png,official game: screenshot (RuneScape 2),RS2 client screenshot from koti.mbnet.fi.,,,2005-10-01,20051107065136,http://koti.mbnet.fi:80/toni2/data/cw%2030.PNG,https://web.archive.org/web/20051107065136/http://koti.mbnet.fi:80/toni2/data/cw%2030.PNG,,183300,4cf1716ec0e7b9a96435c54dee6b8733641745e3,,
2005/October-1-2005-drag-sq-koti.mbnet.fi.png,official game: screenshot (RuneScape 2),RS2 client screenshot from koti.mbnet.fi.,,,2005-10-01,20051111162551,http://koti.mbnet.fi:80/toni2/data/drag%20sq!!.PNG,https://web.archive.org/web/20051111162551/http://koti.mbnet.fi:80/toni2/data/drag%20sq!!.PNG,,147036,2f57194d9a750141eaf49c58fc9a974898e5e14f,,
2005/October-1-2005-dragon-med-helm-koti.mbnet.fi.png,official game: screenshot (RuneScape 2),RS2 client screenshot from koti.mbnet.fi.,,,2005-10-01,20051107161340,http://koti.mbnet.fi:80/toni2/data/dragon%20med%20helm.PNG,https://web.archive.org/web/20051107161340/http://koti.mbnet.fi:80/toni2/data/dragon%20med%20helm.PNG,,128032,c7df6c0c4bd78682d56465fecfd1963126bf9478,,
2005/October-1-2005-draynor-homoilee-koti.mbnet.fi.png,official game: screenshot (RuneScape 2),RS2 client screenshot from koti.mbnet.fi.,,,2005-10-01,20051117023602,http://koti.mbnet.fi:80/toni2/data/draynor%20homoilee.PNG,https://web.archive.org/web/20051117023602/http://koti.mbnet.fi:80/toni2/data/draynor%20homoilee.PNG,,171439,cea97dae96597cd63096a9408b7d1e1c70c20cbf,,
2005/October-1-2005-dre-dre3446-koti.mbnet.fi.png,official game: screenshot (RuneScape 2),RS2 client screenshot from koti.mbnet.fi.,,,2005-10-01,20051104015845,http://koti.mbnet.fi:80/toni2/data/dre%20dre3446.PNG,https://web.archive.org/web/20051104015845/http://koti.mbnet.fi:80/toni2/data/dre%20dre3446.PNG,,125771,4b09dd452630884b7ad8212e9dd76ed9aeafd3c9,,
2005/October-1-2005-finvshollandfunwar-koti.mbnet.fi.png,official game: screenshot (RuneScape 2),RS2 client screenshot from koti.mbnet.fi.,,,2005-10-01,20051113062552,http://koti.mbnet.fi:80/toni2/data/finvshollandfunwar.PNG,https://web.archive.org/web/20051113062552/http://koti.mbnet.fi:80/toni2/data/finvshollandfunwar.PNG,,115772,f7a34dd51f681aaf093c8f968f1270e0228f3627,,
2005/October-1-2005-fletch-95-koti.mbnet.fi.png,official game: screenshot (RuneScape 2),RS2 client screenshot from koti.mbnet.fi.,,,2005-10-01,20051101160025,http://koti.mbnet.fi:80/toni2/data/fletch%2095.PNG,https://web.archive.org/web/20051101160025/http://koti.mbnet.fi:80/toni2/data/fletch%2095.PNG,,176876,5293b59593ab1d5573ce9146a01dc4662288759f,,
2005/October-1-2005-fletch-97-koti.mbnet.fi.png,official game: screenshot (RuneScape 2),RS2 client screenshot from koti.mbnet.fi.,,,2005-10-01,20051104012616,http://koti.mbnet.fi:80/toni2/data/fletch%2097.PNG,https://web.archive.org/web/20051104012616/http://koti.mbnet.fi:80/toni2/data/fletch%2097.PNG,,151812,8d75eebfc016378c1ddab8f99e2891cdd6d87ab2,,
2005/October-1-2005-fletch-98-koti.mbnet.fi.png,official game: screenshot (RuneScape 2),RS2 client screenshot from koti.mbnet.fi.,,,2005-10-01,20051118174815,http://koti.mbnet.fi:80/toni2/data/fletch%2098.PNG,https://web.archive.org/web/20051118174815/http://koti.mbnet.fi:80/toni2/data/fletch%2098.PNG,,196014,0696f087aa1725091a051c337b9465231cc5ee2f,,
2005/October-1-2005-fletch-99-koti.mbnet.fi.png,official game: screenshot (RuneScape 2),RS2 client screenshot from koti.mbnet.fi.,,,2005-10-01,20051130131127,http://koti.mbnet.fi:80/toni2/data/fletch%2099.PNG,https://web.archive.org/web/20051130131127/http://koti.mbnet.fi:80/toni2/data/fletch%2099.PNG,,227556,954aff9ceef7065282423c6a38055c5021305f72,,
2005/October-1-2005-fm-80-koti.mbnet.fi.png,official game: screenshot (RuneScape 2),RS2 client screenshot from koti.mbnet.fi.,,,2005-10-01,20051101141229,http://koti.mbnet.fi:80/toni2/data/fm%2080.PNG,https://web.archive.org/web/20051101141229/http://koti.mbnet.fi:80/toni2/data/fm%2080.PNG,,210807,e4320e0d1a44888fad913ac0ee4df0dbaad5e257,,
2005/October-1-2005-fnd-rebel-koti.mbnet.fi.png,official game: screenshot (RuneScape 2),RS2 client screenshot from koti.mbnet.fi.,,,2005-10-01,20051130131147,http://koti.mbnet.fi:80/toni2/data/fnd%20rebel.PNG,https://web.archive.org/web/20051130131147/http://koti.mbnet.fi:80/toni2/data/fnd%20rebel.PNG,,116790,a949bae7dbd9a0c01964f6d449f7e8949d084dea,,
2005/October-1-2005-goku-vageta-koti.mbnet.fi.png,official game: screenshot (RuneScape 2),RS2 client screenshot from koti.mbnet.fi.,,,2005-10-01,20051125093709,http://koti.mbnet.fi:80/toni2/data/goku%20vageta.PNG,https://web.archive.org/web/20051125093709/http://koti.mbnet.fi:80/toni2/data/goku%20vageta.PNG,,131058,bbc0b3ff780d73b41b635f58190e75abaa0e453b,,
2005/October-1-2005-herb-70-koti.mbnet.fi.png,official game: screenshot (RuneScape 2),RS2 client screenshot from koti.mbnet.fi.,,,2005-10-01,20051206105903,http://koti.mbnet.fi:80/toni2/data/herb%2070.PNG,https://web.archive.org/web/20051206105903/http://koti.mbnet.fi:80/toni2/data/herb%2070.PNG,,260633,1bf413fcd656e9371d5baefcf36741ee11edbd49,,
2005/October-1-2005-herblore-68-koti.mbnet.fi.png,official game: screenshot (RuneScape 2),RS2 client screenshot from koti.mbnet.fi.,,,2005-10-01,20051113172947,http://koti.mbnet.fi:80/toni2/data/herblore%2068.PNG,https://web.archive.org/web/20051113172947/http://koti.mbnet.fi:80/toni2/data/herblore%2068.PNG,,196242,2f199e238be1abb2cc51b20e9a21731f640c70b3,,
2005/October-1-2005-herblore-72-koti.mbnet.fi.png,official game: screenshot (RuneScape 2),RS2 client screenshot from koti.mbnet.fi.,,,2005-10-01,20051107145209,http://koti.mbnet.fi:80/toni2/data/herblore%2072.PNG,https://web.archive.org/web/20051107145209/http://koti.mbnet.fi:80/toni2/data/herblore%2072.PNG,,183002,a42d4d9611f2de786f78da47e910e3af741f2acd,,
2005/October-1-2005-hits80-koti.mbnet.fi.png,official game: screenshot (RuneScape 2),RS2 client screenshot from koti.mbnet.fi.,,,2005-10-01,20051029065008,http://koti.mbnet.fi:80/toni2/data/hits80.PNG,https://web.archive.org/web/20051029065008/http://koti.mbnet.fi:80/toni2/data/hits80.PNG,,199800,4a50fd80bf7cc0b6ce43c5444a305ffd27a0dda5,,
2005/October-1-2005-hp-90-koti.mbnet.fi.png,official game: screenshot (RuneScape 2),RS2 client screenshot from koti.mbnet.fi.,,,2005-10-01,20051101141254,http://koti.mbnet.fi:80/toni2/data/hp%2090.PNG,https://web.archive.org/web/20051101141254/http://koti.mbnet.fi:80/toni2/data/hp%2090.PNG,,143677,39d1e14dbc4a8ac130ff5e46b044e3264d027560,,
2005/October-1-2005-iso-pk-koti.mbnet.fi.png,official game: screenshot (RuneScape 2),RS2 client screenshot from koti.mbnet.fi.,,,2005-10-01,20051107015813,http://koti.mbnet.fi:80/toni2/data/iso%20pk.PNG,https://web.archive.org/web/20051107015813/http://koti.mbnet.fi:80/toni2/data/iso%20pk.PNG,,129213,3336e1fd0c1208ded93a6184432a58e550d9a335,,
2005/October-1-2005-jackor-koti.mbnet.fi.png,official game: screenshot (RuneScape 2),RS2 client screenshot from koti.mbnet.fi.,,,2005-10-01,20051109041257,http://koti.mbnet.fi:80/toni2/data/jackor.PNG,https://web.archive.org/web/20051109041257/http://koti.mbnet.fi:80/toni2/data/jackor.PNG,,111350,89fa1e21a0bc8895cfff5f8587193d2807911c26,,
2005/October-1-2005-jeppe67-koti.mbnet.fi.png,official game: screenshot (RuneScape 2),RS2 client screenshot from koti.mbnet.fi.,,,2005-10-01,20051104195405,http://koti.mbnet.fi:80/toni2/data/jeppe67.PNG,https://web.archive.org/web/20051104195405/http://koti.mbnet.fi:80/toni2/data/jeppe67.PNG,,174389,f375e5950db3aae2648ba8cfff8e83388456135b,,
2005/October-1-2005-jmml-koti.mbnet.fi.png,official game: screenshot (RuneScape 2),RS2 client screenshot from koti.mbnet.fi.,,,2005-10-01,20051029060744,http://koti.mbnet.fi:80/toni2/data/jmml.PNG,https://web.archive.org/web/20051029060744/http://koti.mbnet.fi:80/toni2/data/jmml.PNG,,144831,5761dcec89e57cd23cae25cb7b4249be1afa4431,,
2005/October-1-2005-jmml-owns-koti.mbnet.fi.png,official game: screenshot (RuneScape 2),RS2 client screenshot from koti.mbnet.fi.,,,2005-10-01,20051107141846,http://koti.mbnet.fi:80/toni2/data/jmml%20owns.PNG,https://web.archive.org/web/20051107141846/http://koti.mbnet.fi:80/toni2/data/jmml%20owns.PNG,,151102,55fa52204b77bb7500f2711d724503da1a01ff15,,
2005/October-1-2005-jmml-total-1300-koti.mbnet.fi.png,official game: screenshot (RuneScape 2),RS2 client screenshot from koti.mbnet.fi.,,,2005-10-01,20051203090053,http://koti.mbnet.fi:80/toni2/data/jmml%20total%201300.PNG,https://web.archive.org/web/20051203090053/http://koti.mbnet.fi:80/toni2/data/jmml%20total%201300.PNG,,118332,b4102874e85c87ed63b1fd253c60b3768d816e97,,
2005/October-1-2005-jmml2-koti.mbnet.fi.png,official game: screenshot (RuneScape 2),RS2 client screenshot from koti.mbnet.fi.,,,2005-10-01,20051029063030,http://koti.mbnet.fi:80/toni2/data/jmml2.PNG,https://web.archive.org/web/20051029063030/http://koti.mbnet.fi:80/toni2/data/jmml2.PNG,,145297,0e9603e76873fe79cb810f1553689988c76710a9,,
2005/October-1-2005-jmml3-koti.mbnet.fi.png,official game: screenshot (RuneScape 2),RS2 client screenshot from koti.mbnet.fi.,,,2005-10-01,20051104182530,http://koti.mbnet.fi:80/toni2/data/jmml3.PNG,https://web.archive.org/web/20051104182530/http://koti.mbnet.fi:80/toni2/data/jmml3.PNG,,113334,e605586896f33442cab0fd80690180f69cc05605,,
2005/October-1-2005-jonetti-koti.mbnet.fi.png,official game: screenshot (RuneScape 2),RS2 client screenshot from koti.mbnet.fi.,,,2005-10-01,20051202224639,http://koti.mbnet.fi:80/toni2/data/jonetti.PNG,https://web.archive.org/web/20051202224639/http://koti.mbnet.fi:80/toni2/data/jonetti.PNG,,125106,ae7d844fc06b0b25527edd626ec6ec9176f33079,,
2005/October-1-2005-kunasaki-koti.mbnet.fi.png,official game: screenshot (RuneScape 2),RS2 client screenshot from koti.mbnet.fi.,,,2005-10-01,20051122194800,http://koti.mbnet.fi:80/toni2/data/kunasaki.PNG,https://web.archive.org/web/20051122194800/http://koti.mbnet.fi:80/toni2/data/kunasaki.PNG,,110425,5dc4231d92782348ba444ea90f8c73565f10b25c,,
2005/October-1-2005-last-man-standing-25-2-05-koti.mbnet.fi.png,official game: screenshot (RuneScape 2),RS2 client screenshot from koti.mbnet.fi.,,,2005-10-01,20051204083440,http://koti.mbnet.fi:80/toni2/data/last%20man%20standing%2025.2.05.PNG,https://web.archive.org/web/20051204083440/http://koti.mbnet.fi:80/toni2/data/last%20man%20standing%2025.2.05.PNG,,165391,8a6add13bcdeb37c1bffec46003648aeefa29c4c,,
2005/October-1-2005-ldbh2o-koti.mbnet.fi.png,official game: screenshot (RuneScape 2),RS2 client screenshot from koti.mbnet.fi.,,,2005-10-01,20051118164611,http://koti.mbnet.fi:80/toni2/data/ldbh2o.PNG,https://web.archive.org/web/20051118164611/http://koti.mbnet.fi:80/toni2/data/ldbh2o.PNG,,114580,036b6adeee72c7ed4f16ef5717ab932ad3b65476,,
2005/October-1-2005-legoman1972-koti.mbnet.fi.png,official game: screenshot (RuneScape 2),RS2 client screenshot from koti.mbnet.fi.,,,2005-10-01,20051113050007,http://koti.mbnet.fi:80/toni2/data/legoman1972.PNG,https://web.archive.org/web/20051113050007/http://koti.mbnet.fi:80/toni2/data/legoman1972.PNG,,134266,236887cbcdb226d9f6c95f8dfd3cfec7de32dee9,,
2005/October-1-2005-lol-sikaka-delas-mulle-koti.mbnet.fi.png,official game: screenshot (RuneScape 2),RS2 client screenshot from koti.mbnet.fi.,,,2005-10-01,20051104162524,http://koti.mbnet.fi:80/toni2/data/lol%20sikaka%20delas%20mulle!.PNG,https://web.archive.org/web/20051104162524/http://koti.mbnet.fi:80/toni2/data/lol%20sikaka%20delas%20mulle!.PNG,,118211,696ad6b3627a2106b55879e6430e017ae05fdf91,,
2005/October-1-2005-lonen-koti.mbnet.fi.png,official game: screenshot (RuneScape 2),RS2 client screenshot from koti.mbnet.fi.,,,2005-10-01,20051204015548,http://koti.mbnet.fi:80/toni2/data/lonen.PNG,https://web.archive.org/web/20051204015548/http://koti.mbnet.fi:80/toni2/data/lonen.PNG,,135790,686577d4b4ca802616117aad445d79b17acfdc94,,
2005/October-1-2005-mage-leveleit-koti.mbnet.fi.png,official game: screenshot (RuneScape 2),RS2 client screenshot from koti.mbnet.fi.,,,2005-10-01,20051129121915,http://koti.mbnet.fi:80/toni2/data/mage%20leveleit.PNG,https://web.archive.org/web/20051129121915/http://koti.mbnet.fi:80/toni2/data/mage%20leveleit.PNG,,181798,9d069eeb63f08417e5a8e36018268c1d9ef277ed,,
2005/October-1-2005-mangajohn-koti.mbnet.fi.png,official game: screenshot (RuneScape 2),RS2 client screenshot from koti.mbnet.fi.,,,2005-10-01,20051113043019,http://koti.mbnet.fi:80/toni2/data/mangajohn.PNG,https://web.archive.org/web/20051113043019/http://koti.mbnet.fi:80/toni2/data/mangajohn.PNG,,126368,64c6a0e9eb632b98b2fb40f1c0546f9282c64068,,
2005/October-1-2005-mining80-koti.mbnet.fi.png,official game: screenshot (RuneScape 2),RS2 client screenshot from koti.mbnet.fi.,,,2005-10-01,20051109160342,http://koti.mbnet.fi:80/toni2/data/mining80.PNG,https://web.archive.org/web/20051109160342/http://koti.mbnet.fi:80/toni2/data/mining80.PNG,,126231,3e5b8d974b7f0dcc82068c9e6adcb75dab6d6763,,
2005/October-1-2005-mining84-koti.mbnet.fi.png,official game: screenshot (RuneScape 2),RS2 client screenshot from koti.mbnet.fi.,,,2005-10-01,20051113041048,http://koti.mbnet.fi:80/toni2/data/mining84.PNG,https://web.archive.org/web/20051113041048/http://koti.mbnet.fi:80/toni2/data/mining84.PNG,,146271,dbe4988decbbf1d16067a1f0cd9f7de0f8a9310c,,
2005/October-1-2005-mithnubclan-dscim-koti.mbnet.fi.png,official game: screenshot (RuneScape 2),RS2 client screenshot from koti.mbnet.fi.,,,2005-10-01,20051114065036,http://koti.mbnet.fi:80/toni2/data/mithnubclan%20dscim.PNG,https://web.archive.org/web/20051114065036/http://koti.mbnet.fi:80/toni2/data/mithnubclan%20dscim.PNG,,116410,5bd8d1c978cfb4677e2b684e0798d2a61791a1cd,,
2005/October-1-2005-mitsuhide7-koti.mbnet.fi.png,official game: screenshot (RuneScape 2),RS2 client screenshot from koti.mbnet.fi.,,,2005-10-01,20051101153529,http://koti.mbnet.fi:80/toni2/data/mitsuhide7.PNG,https://web.archive.org/web/20051101153529/http://koti.mbnet.fi:80/toni2/data/mitsuhide7.PNG,,147954,db9dbc5eea41d1d89091937fb7bf663b9e305a0e,,
2005/October-1-2005-msipkien-koti.mbnet.fi.png,official game: screenshot (RuneScape 2),RS2 client screenshot from koti.mbnet.fi.,,,2005-10-01,20051113103654,http://koti.mbnet.fi:80/toni2/data/msipkien.PNG,https://web.archive.org/web/20051113103654/http://koti.mbnet.fi:80/toni2/data/msipkien.PNG,,124068,d402bc0623256a4d88f033f3d65c6f774626ae26,,
2005/October-1-2005-multiple-logging-in-koti.mbnet.fi.png,official game: screenshot (RuneScape 2),RS2 client screenshot from koti.mbnet.fi.,,,2005-10-01,20051112085244,http://koti.mbnet.fi:80/toni2/data/multiple%20logging%20in.PNG,https://web.archive.org/web/20051112085244/http://koti.mbnet.fi:80/toni2/data/multiple%20logging%20in.PNG,,227420,414a83d2a0e3ed0ff4d1189b0a3633a6b80cc171,,
2005/October-1-2005-nails6-koti.mbnet.fi.png,official game: screenshot (RuneScape 2),RS2 client screenshot from koti.mbnet.fi.,,,2005-10-01,20051029065035,http://koti.mbnet.fi:80/toni2/data/nails6.PNG,https://web.archive.org/web/20051029065035/http://koti.mbnet.fi:80/toni2/data/nails6.PNG,,117641,ac7e1e4a8db4bfd21eb0bce1e8dd371d476171ec,,
2005/October-1-2005-omaster16-koti.mbnet.fi.png,official game: screenshot (RuneScape 2),RS2 client screenshot from koti.mbnet.fi.,,,2005-10-01,20051201102238,http://koti.mbnet.fi:80/toni2/data/omaster16.PNG,https://web.archive.org/web/20051201102238/http://koti.mbnet.fi:80/toni2/data/omaster16.PNG,,122397,6bd5168809aa9b0d3bd4476f3f7378ee579d2427,,
2005/October-1-2005-operationplz-koti.mbnet.fi.png,official game: screenshot (RuneScape 2),RS2 client screenshot from koti.mbnet.fi.,,,2005-10-01,20051111045205,http://koti.mbnet.fi:80/toni2/data/operationplz.PNG,https://web.archive.org/web/20051111045205/http://koti.mbnet.fi:80/toni2/data/operationplz.PNG,,141101,7dbff5e8660117256e1062555fc924e5ba4f535b,,
2005/October-1-2005-patient-x-koti.mbnet.fi.png,official game: screenshot (RuneScape 2),RS2 client screenshot from koti.mbnet.fi.,,,2005-10-01,20051107141910,http://koti.mbnet.fi:80/toni2/data/patient%20x.PNG,https://web.archive.org/web/20051107141910/http://koti.mbnet.fi:80/toni2/data/patient%20x.PNG,,123797,bb0da3829b09d49ddeb8fbfe702bcf9b3ff2c821,,
2005/October-1-2005-pray-54-koti.mbnet.fi.png,official game: screenshot (RuneScape 2),RS2 client screenshot from koti.mbnet.fi.,,,2005-10-01,20051101151735,http://koti.mbnet.fi:80/toni2/data/pray%2054.PNG,https://web.archive.org/web/20051101151735/http://koti.mbnet.fi:80/toni2/data/pray%2054.PNG,,127182,9ab41dcaefe230e45e78971c938bcd18e9c481f3,,
2005/October-1-2005-pray-65-koti.mbnet.fi.png,official game: screenshot (RuneScape 2),RS2 client screenshot from koti.mbnet.fi.,,,2005-10-01,20051112062835,http://koti.mbnet.fi:80/toni2/data/pray%2065.PNG,https://web.archive.org/web/20051112062835/http://koti.mbnet.fi:80/toni2/data/pray%2065.PNG,,177442,925fbd4e67689956b2279ca4885cc4fb0aa03f28,,
2005/October-1-2005-pray-70-koti.mbnet.fi.png,official game: screenshot (RuneScape 2),RS2 client screenshot from koti.mbnet.fi.,,,2005-10-01,20051113225909,http://koti.mbnet.fi:80/toni2/data/pray%2070.PNG,https://web.archive.org/web/20051113225909/http://koti.mbnet.fi:80/toni2/data/pray%2070.PNG,,133008,4c169b52d8834a4ef695efd90e2ba20389695545,,
2005/October-1-2005-pure-pk-koti.mbnet.fi.png,official game: screenshot (RuneScape 2),RS2 client screenshot from koti.mbnet.fi.,,,2005-10-01,20051112065021,http://koti.mbnet.fi:80/toni2/data/pure%20pk.PNG,https://web.archive.org/web/20051112065021/http://koti.mbnet.fi:80/toni2/data/pure%20pk.PNG,,117525,85b38f25642ffb51b75352c74e30e2f888b546b5,,
2005/October-1-2005-risk2win-koti.mbnet.fi.png,official game: screenshot (RuneScape 2),RS2 client screenshot from koti.mbnet.fi.,,,2005-10-01,20051116233826,http://koti.mbnet.fi:80/toni2/data/risk2win.PNG,https://web.archive.org/web/20051116233826/http://koti.mbnet.fi:80/toni2/data/risk2win.PNG,,148977,2723d0de89d3459bf6b635cce029a7bf4e7b0fca,,
2005/October-1-2005-s22724-koti.mbnet.fi.png,official game: screenshot (RuneScape 2),RS2 client screenshot from koti.mbnet.fi.,,,2005-10-01,20051113130416,http://koti.mbnet.fi:80/toni2/data/s22724.PNG,https://web.archive.org/web/20051113130416/http://koti.mbnet.fi:80/toni2/data/s22724.PNG,,157947,f41c5ea5a3d104361f54872fe046c59bf43f688a,,
2005/October-1-2005-saamedead-koti.mbnet.fi.png,official game: screenshot (RuneScape 2),RS2 client screenshot from koti.mbnet.fi.,,,2005-10-01,20051111213941,http://koti.mbnet.fi:80/toni2/data/saamedead.PNG,https://web.archive.org/web/20051111213941/http://koti.mbnet.fi:80/toni2/data/saamedead.PNG,,128911,daeeaaaa42d5ec603073b1fd6f2879dde2c2372c,,
2005/October-1-2005-shadester13-koti.mbnet.fi.png,official game: screenshot (RuneScape 2),RS2 client screenshot from koti.mbnet.fi.,,,2005-10-01,20051111044022,http://koti.mbnet.fi:80/toni2/data/shadester13.PNG,https://web.archive.org/web/20051111044022/http://koti.mbnet.fi:80/toni2/data/shadester13.PNG,,113282,91c912a01002b75878548f17727985fc7fc528f8,,
2005/October-1-2005-sir-santos-koti.mbnet.fi.png,official game: screenshot (RuneScape 2),RS2 client screenshot from koti.mbnet.fi.,,,2005-10-01,20051115150406,http://koti.mbnet.fi:80/toni2/data/sir%20santos.PNG,https://web.archive.org/web/20051115150406/http://koti.mbnet.fi:80/toni2/data/sir%20santos.PNG,,106951,d68e63bb605086ab3a3c934c189dc8740e329414,,
2005/October-1-2005-skyda1-koti.mbnet.fi.png,official game: screenshot (RuneScape 2),RS2 client screenshot from koti.mbnet.fi.,,,2005-10-01,20051109153546,http://koti.mbnet.fi:80/toni2/data/skyda1.PNG,https://web.archive.org/web/20051109153546/http://koti.mbnet.fi:80/toni2/data/skyda1.PNG,,120054,aaddbb1ca38402091b8945d83afee6979338ba7e,,
2005/October-1-2005-skydan-kanssa-mazessa-koti.mbnet.fi.png,official game: screenshot (RuneScape 2),RS2 client screenshot from koti.mbnet.fi.,,,2005-10-01,20051114002336,http://koti.mbnet.fi:80/toni2/data/skydan%20kanssa%20mazessa.PNG,https://web.archive.org/web/20051114002336/http://koti.mbnet.fi:80/toni2/data/skydan%20kanssa%20mazessa.PNG,,145451,a35b908691aa48048ac2f8e413c21490190cee59,,
2005/October-1-2005-slay-70-koti.mbnet.fi.png,official game: screenshot (RuneScape 2),RS2 client screenshot from koti.mbnet.fi.,,,2005-10-01,20051111041155,http://koti.mbnet.fi:80/toni2/data/slay%2070.PNG,https://web.archive.org/web/20051111041155/http://koti.mbnet.fi:80/toni2/data/slay%2070.PNG,,138337,c67008af46a01748ca6cad889f6a32dad612cfec,,
2005/October-1-2005-smilefire-koti.mbnet.fi.png,official game: screenshot (RuneScape 2),RS2 client screenshot from koti.mbnet.fi.,,,2005-10-01,20051206122909,http://koti.mbnet.fi:80/toni2/data/smilefire.PNG,https://web.archive.org/web/20051206122909/http://koti.mbnet.fi:80/toni2/data/smilefire.PNG,,119101,26a90e616fc4359e9bf5850275ba74e80ff80656,,
2005/October-1-2005-spliffy900-koti.mbnet.fi.png,official game: screenshot (RuneScape 2),RS2 client screenshot from koti.mbnet.fi.,,,2005-10-01,20051104201742,http://koti.mbnet.fi:80/toni2/data/spliffy900.PNG,https://web.archive.org/web/20051104201742/http://koti.mbnet.fi:80/toni2/data/spliffy900.PNG,,134634,512f41d5618f7022e4917de7f34cc3b5c75b051a,,
2005/October-1-2005-st-1600-mage-90-koti.mbnet.fi.png,official game: screenshot (RuneScape 2),RS2 client screenshot from koti.mbnet.fi.,,,2005-10-01,20051129202023,http://koti.mbnet.fi:80/toni2/data/st%201600%20mage%2090.PNG,https://web.archive.org/web/20051129202023/http://koti.mbnet.fi:80/toni2/data/st%201600%20mage%2090.PNG,,134903,5c8322530f55049aca5310fc21b96160cdba0681,,
2005/October-1-2005-st-1700-koti.mbnet.fi.png,official game: screenshot (RuneScape 2),RS2 client screenshot from koti.mbnet.fi.,,,2005-10-01,20051111041219,http://koti.mbnet.fi:80/toni2/data/st%201700.PNG,https://web.archive.org/web/20051111041219/http://koti.mbnet.fi:80/toni2/data/st%201700.PNG,,130908,aba48b006bf76c67db0ff2ef2a3a6751b9553a03,,
2005/October-1-2005-tappelua-wild-coursella-1-koti.mbnet.fi.png,official game: screenshot (RuneScape 2),RS2 client screenshot from koti.mbnet.fi.,,,2005-10-01,20051112133754,http://koti.mbnet.fi:80/toni2/data/tappelua%20wild%20coursella%201.PNG,https://web.archive.org/web/20051112133754/http://koti.mbnet.fi:80/toni2/data/tappelua%20wild%20coursella%201.PNG,,164031,a0ac73c86ba2c944d5eec14c2a1b2cf6f6341452,,
2005/October-1-2005-tappelua-wild-coursella-2-koti.mbnet.fi.png,official game: screenshot (RuneScape 2),RS2 client screenshot from koti.mbnet.fi.,,,2005-10-01,20051104164650,http://koti.mbnet.fi:80/toni2/data/tappelua%20wild%20coursella%202.PNG,https://web.archive.org/web/20051104164650/http://koti.mbnet.fi:80/toni2/data/tappelua%20wild%20coursella%202.PNG,,137424,fa61da2de33b30fea4f38ad0c7c445706fe3687d,,
2005/October-1-2005-tappelua-wild-coursella-4-koti.mbnet.fi.png,official game: screenshot (RuneScape 2),RS2 client screenshot from koti.mbnet.fi.,,,2005-10-01,20051206112243,http://koti.mbnet.fi:80/toni2/data/tappelua%20wild%20coursella%204.PNG,https://web.archive.org/web/20051206112243/http://koti.mbnet.fi:80/toni2/data/tappelua%20wild%20coursella%204.PNG,,154146,b909e9750f365ed8e9630d625e08a297261b498e,,
2005/October-1-2005-tappelua-wild-coursella-6-koti.mbnet.fi.png,official game: screenshot (RuneScape 2),RS2 client screenshot from koti.mbnet.fi.,,,2005-10-01,20051117051257,http://koti.mbnet.fi:80/toni2/data/tappelua%20wild%20coursella%206.PNG,https://web.archive.org/web/20051117051257/http://koti.mbnet.fi:80/toni2/data/tappelua%20wild%20coursella%206.PNG,,147704,b2183b66357f0bdce8d766316dc5f585658ca1d2,,
2005/October-1-2005-tkinw2fally-koti.mbnet.fi.png,official game: screenshot (RuneScape 2),RS2 client screenshot from koti.mbnet.fi.,,,2005-10-01,20051127043858,http://koti.mbnet.fi:80/toni2/data/tkinw2fally.PNG,https://web.archive.org/web/20051127043858/http://koti.mbnet.fi:80/toni2/data/tkinw2fally.PNG,,170103,67b4f081369d14501830498e2d8c150380600c80,,
2005/October-1-2005-tmrdsuomipk25-7-koti.mbnet.fi.png,official game: screenshot (RuneScape 2),RS2 client screenshot from koti.mbnet.fi.,,,2005-10-01,20051115161906,http://koti.mbnet.fi:80/toni2/data/tmrdsuomipk25.7.PNG,https://web.archive.org/web/20051115161906/http://koti.mbnet.fi:80/toni2/data/tmrdsuomipk25.7.PNG,,151906,92090aa4ad7c6ab95a858a5ea9e730a5303513f0,,
2005/October-1-2005-treeman10090-koti.mbnet.fi.png,official game: screenshot (RuneScape 2),RS2 client screenshot from koti.mbnet.fi.,,,2005-10-01,20051111164454,http://koti.mbnet.fi:80/toni2/data/treeman10090.PNG,https://web.archive.org/web/20051111164454/http://koti.mbnet.fi:80/toni2/data/treeman10090.PNG,,135794,58ce1e7574d0a7cca411bdbbfe4388f67e0227f1,,
2005/October-1-2005-trueownage-koti.mbnet.fi.png,official game: screenshot (RuneScape 2),RS2 client screenshot from koti.mbnet.fi.,,,2005-10-01,20051029080355,http://koti.mbnet.fi:80/toni2/data/trueownage.PNG,https://web.archive.org/web/20051029080355/http://koti.mbnet.fi:80/toni2/data/trueownage.PNG,,148469,6732f2743d03315c809e30a3b70726016f68e2fe,,
2005/October-1-2005-unknow-nub-koti.mbnet.fi.png,official game: screenshot (RuneScape 2),RS2 client screenshot from koti.mbnet.fi.,,,2005-10-01,20051114155035,http://koti.mbnet.fi:80/toni2/data/unknow%20nub.PNG,https://web.archive.org/web/20051114155035/http://koti.mbnet.fi:80/toni2/data/unknow%20nub.PNG,,118740,077171868cc5fc46b36c61143a1611aa07a820f5,,
2005/October-1-2005-unoderscore-koti.mbnet.fi.png,official game: screenshot (RuneScape 2),RS2 client screenshot from koti.mbnet.fi.,,,2005-10-01,20051113122506,http://koti.mbnet.fi:80/toni2/data/unoderscore.PNG,https://web.archive.org/web/20051113122506/http://koti.mbnet.fi:80/toni2/data/unoderscore.PNG,,101764,cae68dfd64acfa56accf654e2874cbaa4f6587fd,,
2005/October-1-2005-white-cats-koti.mbnet.fi.png,official game: screenshot (RuneScape 2),RS2 client screenshot from koti.mbnet.fi.,,,2005-10-01,20051111164517,http://koti.mbnet.fi:80/toni2/data/white%20cats.PNG,https://web.archive.org/web/20051111164517/http://koti.mbnet.fi:80/toni2/data/white%20cats.PNG,,165599,a618c4059d95fe247cc60be080b138b84522785f,,
2005/October-1-2005-zezdead2-koti.mbnet.fi.jpg,official game: screenshot (RuneScape 2),RS2 client screenshot from koti.mbnet.fi.,,,2005-10-01,20051031000210,http://koti.mbnet.fi:80/toni2/data/zezdead2.jpg,https://web.archive.org/web/20051031000210/http://koti.mbnet.fi:80/toni2/data/zezdead2.jpg,,105407,666d619c6399b6f9d5aa7ca421db791cfe89394b,,
2005/October-10-2005-runescape01-screenshot-geocities.com.jpg,official game: screenshot (RuneScape 2),RuneScape client screenshot (uploaded as runescape01.jpg).,,,2005-10-10,20051213175739,http://www.geocities.com:80/rwbrobstjr/images/runescape01.jpg,https://web.archive.org/web/20051213175739/http://www.geocities.com:80/rwbrobstjr/images/runescape01.jpg,,63648,efa66762b94019f966ee2a6514ebbfc874ec9968,,
2005/October-19-2005-13ev-runehq.com.png,official game: screenshot (RuneScape 2),"RS2 client screenshot from a RuneHQ guide (runehq.com) (file date 19 Oct 2005 is RuneHQ's server-migration date, not the creation date). Embedded in: Rune Headquarters :.:.: Your unfair Runescape advantage (https://web.archive.org/web/20050728090406/http://runehq.com:80/RHQCityGuidesView.php?id=00521).",,,2005-10-19,20111227012348,http://runehq.com:80/images/cityguides/13ev.png,https://web.archive.org/web/20111227012348/http://runehq.com:80/images/cityguides/13ev.png,,70505,bf0c45d7d1ad289853a885d31bf2a8c0bab4cbf1,,
2005/October-19-2005-amine-runehq.com.jpg,official game: screenshot (RuneScape 2),"RS2 client screenshot from a RuneHQ guide (runehq.com) (file date 19 Oct 2005 is RuneHQ's server-migration date, not the creation date). Embedded in: Rune Headquarters :.:.: Your unfair Runescape advantage (https://web.archive.org/web/20051202170637/http://runehq.com:80/RHQCityGuidesView.php?id=00510).",,,2005-10-19,20110713111308,http://runehq.com:80/images/cityguides/Rellekka/amine.jpg,https://web.archive.org/web/20110713111308/http://runehq.com:80/images/cityguides/Rellekka/amine.jpg,,46366,80ae99a8b6e5bae412ff73af7c3a9f4d05cbad4a,,
2005/October-19-2005-ashore-runehq.com.jpg,official game: screenshot (RuneScape 2),"RS2 client screenshot from a RuneHQ guide (runehq.com) (file date 19 Oct 2005 is RuneHQ's server-migration date, not the creation date). Embedded in: Rune Headquarters :.:.: Your unfair Runescape advantage (https://web.archive.org/web/20051202170637/http://runehq.com:80/RHQCityGuidesView.php?id=00510).",,,2005-10-19,20110713111308,http://runehq.com:80/images/cityguides/Rellekka/ashore.jpg,https://web.archive.org/web/20110713111308/http://runehq.com:80/images/cityguides/Rellekka/ashore.jpg,,44103,714926d227616d3f9448052f979b50425c5ae557,,
2005/October-19-2005-asmallfarm-runehq.com.jpg,official game: screenshot (RuneScape 2),"RS2 client screenshot from a RuneHQ guide (runehq.com) (file date 19 Oct 2005 is RuneHQ's server-migration date, not the creation date). Embedded in: Rune Headquarters :.:.: Your unfair Runescape advantage (https://web.archive.org/web/20051202170637/http://runehq.com:80/RHQCityGuidesView.php?id=00510).",,,2005-10-19,20110713111310,http://runehq.com:80/images/cityguides/Rellekka/asmallfarm.jpg,https://web.archive.org/web/20110713111310/http://runehq.com:80/images/cityguides/Rellekka/asmallfarm.jpg,,56505,e14e803904334c74d74a877f15b1c43522937a36,,
2005/October-19-2005-blooddiamond-runehq.com.jpg,official game: screenshot (RuneScape 2),"RS2 client screenshot from a RuneHQ guide (runehq.com) (file date 19 Oct 2005 is RuneHQ's server-migration date, not the creation date). Embedded in: Rune Headquarters :.:.: Your unfair Runescape advantage (https://web.archive.org/web/20051105010341/http://runehq.com:80/RHQQuestsView.php?id=00480).",,,2005-10-19,20110918041306,http://runehq.com:80/images/quests/blooddiamond.jpg,https://web.archive.org/web/20110918041306/http://runehq.com:80/images/quests/blooddiamond.jpg,,74253,f42c770714a4b0f5d1cdb9dd5739bb195c4e88ec,,
2005/October-19-2005-canifistanner-runehq.com.jpg,official game: screenshot (RuneScape 2),"RS2 client screenshot from a RuneHQ guide (runehq.com) (file date 19 Oct 2005 is RuneHQ's server-migration date, not the creation date). Embedded in: Rune Headquarters :.:.: Your unfair Runescape advantage (https://web.archive.org/web/20051205062630/http://runehq.com:80/RHQCityGuidesView.php?id=00390).",,,2005-10-19,20110920233323,http://runehq.com:80/images/cityguides/canifistanner.jpg,https://web.archive.org/web/20110920233323/http://runehq.com:80/images/cityguides/canifistanner.jpg,,37834,bc910775bb32bbcc70751df53004eb02bfd690c8,,
2005/October-19-2005-citylimits-runehq.com.jpg,official game: screenshot (RuneScape 2),"RS2 client screenshot from a RuneHQ guide (runehq.com) (file date 19 Oct 2005 is RuneHQ's server-migration date, not the creation date). Embedded in: Rune Headquarters :.:.: Your unfair Runescape advantage (https://web.archive.org/web/20051202170637/http://runehq.com:80/RHQCityGuidesView.php?id=00510).",,,2005-10-19,20110713111310,http://runehq.com:80/images/cityguides/Rellekka/citylimits.jpg,https://web.archive.org/web/20110713111310/http://runehq.com:80/images/cityguides/Rellekka/citylimits.jpg,,42703,a6df3fb6c4f378f9963f9cd09a312b54631c8d52,,
2005/October-19-2005-damiskilling-runehq.com.png,official game: screenshot (RuneScape 2),"RS2 client screenshot from a RuneHQ guide (runehq.com) (file date 19 Oct 2005 is RuneHQ's server-migration date, not the creation date). Embedded in: Rune Headquarters :.:.: Your unfair Runescape advantage (https://web.archive.org/web/20051105010341/http://runehq.com:80/RHQQuestsView.php?id=00480).",,,2005-10-19,20110918041307,http://runehq.com:80/images/maps/damiskilling.png,https://web.archive.org/web/20110918041307/http://runehq.com:80/images/maps/damiskilling.png,,42900,e11878d8a77b0cc5bbde8095060da496513b1e7b,,
2005/October-19-2005-ghostlyrobes-runehq.com.jpg,official game: screenshot (RuneScape 2),"RS2 client screenshot from a RuneHQ guide (runehq.com) (file date 19 Oct 2005 is RuneHQ's server-migration date, not the creation date). Embedded in: Rune Headquarters :.:.: Your unfair Runescape advantage (https://web.archive.org/web/20051129002559/http://runehq.com:80/RHQMiniQuestsView.php?id=00567).",,,2005-10-19,20111011124417,http://runehq.com:80/images/quests/Zaros/ghostlyrobes.jpg,https://web.archive.org/web/20111011124417/http://runehq.com:80/images/quests/Zaros/ghostlyrobes.jpg,,82804,05536c3a48d2e723a1a0a3d85aa7e1322336c978,,
2005/October-19-2005-ghostsahoy0bz-runehq.com.png,official game: screenshot (RuneScape 2),"RS2 client screenshot from a RuneHQ guide (runehq.com) (file date 19 Oct 2005 is RuneHQ's server-migration date, not the creation date). Embedded in: Rune Headquarters :.:.: Your unfair Runescape advantage (https://web.archive.org/web/20051202151435/http://runehq.com:80/RHQQuestsView.php?id=00449).",,,2005-10-19,20111225113332,http://runehq.com:80/images/quests/Ghosts_Ahoy/ghostsahoy0bz.png,https://web.archive.org/web/20111225113332/http://runehq.com:80/images/quests/Ghosts_Ahoy/ghostsahoy0bz.png,,145125,66757e33fc5714722c89061563623554ca881240,,
2005/October-19-2005-inside-runehq.com.jpg,official game: screenshot (RuneScape 2),"RS2 client screenshot from a RuneHQ guide (runehq.com) (file date 19 Oct 2005 is RuneHQ's server-migration date, not the creation date). Embedded in: Rune Headquarters :.:.: Your unfair Runescape advantage (https://web.archive.org/web/20051202170637/http://runehq.com:80/RHQCityGuidesView.php?id=00510).",,,2005-10-19,20110713111308,http://runehq.com:80/images/cityguides/Rellekka/inside.jpg,https://web.archive.org/web/20110713111308/http://runehq.com:80/images/cityguides/Rellekka/inside.jpg,,56343,14cc7179c394b50377d0f20ac2d0b26889ad4f94,,
2005/October-19-2005-lord-runehq.com.png,official game: screenshot (RuneScape 2),RS2 client screenshot from runehq.com (file date 19 Oct 2005 is RuneHQ's server-migration date). Embedded in: Rune Headquarters :.:.: Your unfair Runescape advantage (https://web.archive.org/web/20061020235821/http://www.runehq.com/RHQQuestsView.php?id=00604%3FEnglish=true).,,,2005-10-19,20110918122139,http://www.runehq.com/images/quests/memberquests/wanted/lord.png,https://web.archive.org/web/20110918122139/http://www.runehq.com/images/quests/memberquests/wanted/lord.png,,114133,598689c87400593ea97285f239a273b8145ca5b9,,
2005/October-19-2005-main-hall-runehq.com.jpg,official game: screenshot (RuneScape 2),"RS2 client screenshot from a RuneHQ guide (runehq.com) (file date 19 Oct 2005 is RuneHQ's server-migration date, not the creation date). Embedded in: Rune Headquarters :.:.: Your unfair Runescape advantage (https://web.archive.org/web/20051202170637/http://runehq.com:80/RHQCityGuidesView.php?id=00510).",,,2005-10-19,20110713111305,http://runehq.com:80/images/cityguides/Rellekka/main_hall.jpg,https://web.archive.org/web/20110713111305/http://runehq.com:80/images/cityguides/Rellekka/main_hall.jpg,,55462,5dec509a9e5b3687b524625c3a71d0b140c66a46,,
2005/October-19-2005-market-runehq.com.jpg,official game: screenshot (RuneScape 2),"RS2 client screenshot from a RuneHQ guide (runehq.com) (file date 19 Oct 2005 is RuneHQ's server-migration date, not the creation date). Embedded in: Rune Headquarters :.:.: Your unfair Runescape advantage (https://web.archive.org/web/20051202170637/http://runehq.com:80/RHQCityGuidesView.php?id=00510).",,,2005-10-19,20110713111305,http://runehq.com:80/images/cityguides/Rellekka/market.jpg,https://web.archive.org/web/20110713111305/http://runehq.com:80/images/cityguides/Rellekka/market.jpg,,47886,60eb7bf2d523549d130471059d676e228a656a3b,,
2005/October-19-2005-razmire3tq-runehq.com.png,official game: screenshot (RuneScape 2),"RS2 client screenshot from a RuneHQ guide (runehq.com) (file date 19 Oct 2005 is RuneHQ's server-migration date, not the creation date). Embedded in: Rune Headquarters :.:.: Your unfair Runescape advantage (https://web.archive.org/web/20051203192449/http://runehq.com:80/RHQCityGuidesView.php?id=00558).",,,2005-10-19,20110713111013,http://runehq.com:80/images/cityguides/Morton/razmire3tq.png,https://web.archive.org/web/20110713111013/http://runehq.com:80/images/cityguides/Morton/razmire3tq.png,,83480,4cb5e515e9cae2e60d8676d07fb7ed4574f9f1bc,,
2005/October-19-2005-siramik-runehq.com.png,official game: screenshot (RuneScape 2),RS2 client screenshot from runehq.com (file date 19 Oct 2005 is RuneHQ's server-migration date). Embedded in: Rune Headquarters :.:.: Your unfair Runescape advantage (https://web.archive.org/web/20061020235821/http://www.runehq.com/RHQQuestsView.php?id=00604%3FEnglish=true).,,,2005-10-19,20110918122139,http://www.runehq.com/images/quests/memberquests/wanted/siramik.png,https://web.archive.org/web/20110918122139/http://www.runehq.com/images/quests/memberquests/wanted/siramik.png,,73691,f3c09403b186edf79f543b45f6afd49ae7c1d56f,,
2005/October-19-2005-slayerd-runehq.com.jpg,official game: screenshot (RuneScape 2),"RS2 client screenshot from a RuneHQ guide (runehq.com) (file date 19 Oct 2005 is RuneHQ's server-migration date, not the creation date). Embedded in: Rune Headquarters :.:.: Your unfair Runescape advantage (https://web.archive.org/web/20051202170637/http://runehq.com:80/RHQCityGuidesView.php?id=00510).",,,2005-10-19,20110713111308,http://runehq.com:80/images/cityguides/Rellekka/slayerd.jpg,https://web.archive.org/web/20110713111308/http://runehq.com:80/images/cityguides/Rellekka/slayerd.jpg,,50690,d16abf155ce3d9ece04dd54fddc3191536b01dad,,
2005/October-19-2005-ulsquire3nv-runehq.com.png,official game: screenshot (RuneScape 2),"RS2 client screenshot from a RuneHQ guide (runehq.com) (file date 19 Oct 2005 is RuneHQ's server-migration date, not the creation date). Embedded in: Rune Headquarters :.:.: Your unfair Runescape advantage (https://web.archive.org/web/20051203192449/http://runehq.com:80/RHQCityGuidesView.php?id=00558).",,,2005-10-19,20110713111015,http://runehq.com:80/images/cityguides/Morton/ulsquire3nv.png,https://web.archive.org/web/20110713111015/http://runehq.com:80/images/cityguides/Morton/ulsquire3nv.png,,83147,fd88be44fe29d97823d8d03b597c3d5400e33a7e,,
2005/October-2-2005-mob268-shane.rsbandb.com.jpg,official game: screenshot (RuneScape 2),RS2 client screenshot from a 2004-05 fansite page (shane.rsbandb.com:80); found by the 2001-2005 fansite re-screen,,,2005-10-02,20051224182719,http://shane.rsbandb.com:80/wp-content/mob268.jpg,https://web.archive.org/web/20051224182719/http://shane.rsbandb.com:80/wp-content/mob268.jpg,,76901,2c99143e2d4a17c0237224dab42b222c4a97a6fc,,
2005/October-22-2005-wilderness-kill-abyssal-whip-drop-img478.imageshack.us.png,official game: screenshot (RuneScape 2),Wilderness player kill with the right-click loot menu showing an abyssal whip and other drops; chat: You have defeated ... .,,,2005-10-22,20051024021603,http://img478.imageshack.us:80/img478/7949/whip1pk3zn.png,https://web.archive.org/web/20051024021603/http://img478.imageshack.us:80/img478/7949/whip1pk3zn.png,,55058,666912749972b0717c07cb2c960bd72f24e5a315,,
2005/October-22-2005-wilderness-kill-screenshot-img487.imageshack.us.png,official game: screenshot (RuneScape 2),"Wilderness player kill (You have defeated Tabeh), inventory of runes and robes.",,,2005-10-22,20051025013215,http://img487.imageshack.us:80/img487/3103/magekill4hy.png,https://web.archive.org/web/20051025013215/http://img487.imageshack.us:80/img487/3103/magekill4hy.png,,77429,3e52643bfb1a97bb251caf8f03213d9ab0026614,,
2005/October-23-2005-howatt-img460.imageshack.us.jpg,official game: screenshot (RuneScape 2),"RS2 client screenshot. Posted in the forum thread ""Filming, Editing, And Producing High Quality Rs Videos - Runescape Community"".",,,2005-10-23,20130304014055,http://img460.imageshack.us/img460/9913/howatt5qf.jpg,https://web.archive.org/web/20130304014055/http://img460.imageshack.us/img460/9913/howatt5qf.jpg,https://web.archive.org/web/20061030114417/http://www.runescapecommunity.com/index.php?showtopic=419345,25753,eab845811ad5734d7b50d7ed9ad9b2e6fa126241,,
2005/October-23-2005-size-img457.imageshack.us.jpg,official game: screenshot (RuneScape 2),"RS2 client screenshot. Posted in the forum thread ""Filming, Editing, And Producing High Quality Rs Videos - Runescape Community"".",,,2005-10-23,20130304014054,http://img457.imageshack.us/img457/5840/size9cs.jpg,https://web.archive.org/web/20130304014054/http://img457.imageshack.us/img457/5840/size9cs.jpg,https://web.archive.org/web/20061030114417/http://www.runescapecommunity.com/index.php?showtopic=419345,99564,fa93a8154f3b87905eaec244b32af260c4ad475b,,
2005/October-23-2005-size2-img457.imageshack.us.jpg,official game: screenshot (RuneScape 2),"RS2 client screenshot. Posted in the forum thread ""Filming, Editing, And Producing High Quality Rs Videos - Runescape Community"".",,,2005-10-23,20130304014054,http://img457.imageshack.us/img457/4562/size20mz.jpg,https://web.archive.org/web/20130304014054/http://img457.imageshack.us/img457/4562/size20mz.jpg,https://web.archive.org/web/20061030114417/http://www.runescapecommunity.com/index.php?showtopic=419345,43195,b7f5e2d086a82622bd69e3e6a94ebd9160bc1773,,
2005/October-24-2005-23-10-05pic3-i16.photobucket.com.jpg,official game: screenshot (RuneScape 2),"RS2 client screenshot. Posted in the forum thread ""The Death Squad Recruiting - New Requirements! - Runescape Community"".",,,2005-10-24,20060107103127,http://i16.photobucket.com/albums/b41/jones36/23-10-05pic3.jpg,https://web.archive.org/web/20060107103127/http://i16.photobucket.com/albums/b41/jones36/23-10-05pic3.jpg,https://web.archive.org/web/20051031144428/http://www.runescapecommunity.com:80/index.php?showtopic=380247&amp;view=getlastpost,80645,8dfbbec6c2ee6875f8a084e36d2abb04e1e01357,,
2005/October-24-2005-23-10-05pic5-i16.photobucket.com.jpg,official game: screenshot (RuneScape 2),"RS2 client screenshot. Posted in the forum thread ""The Death Squad Recruiting - New Requirements! - Runescape Community"".",,,2005-10-24,20060107103149,http://i16.photobucket.com/albums/b41/jones36/23-10-05pic5.jpg,https://web.archive.org/web/20060107103149/http://i16.photobucket.com/albums/b41/jones36/23-10-05pic5.jpg,https://web.archive.org/web/20051031144428/http://www.runescapecommunity.com:80/index.php?showtopic=380247&amp;view=getlastpost,66819,a0bd771906be4428f3acdc64027098af7b393146,,
2005/October-26-2005-camotop1ev-img340.imageshack.us.png,official game: screenshot (RuneScape 2),RS2 screenshot posted to a 2004-05 fansite forum thread; found by the 2001-2005 fansite re-screen,,,2005-10-26,20051216163457,http://img340.imageshack.us/img340/6366/camotop1ev.png,https://web.archive.org/web/20051216163457/http://img340.imageshack.us/img340/6366/camotop1ev.png,,106669,bb68a4467d67993dfcd72aa95cf36f17fa74c3fe,,
2005/October-26-2005-imagen020-img237.imageshack.us.png,official game: screenshot (RuneScape 2),"RS2 client screenshot. Posted in the forum thread ""Mogres, Lizards, Pet Fish, Potions And Potatoes! - Runescape Community"".",,,2005-10-26,20051217064150,http://img237.imageshack.us/img237/3507/imagen0201mk.png,https://web.archive.org/web/20051217064150/http://img237.imageshack.us/img237/3507/imagen0201mk.png,https://web.archive.org/web/20051031140559/http://www.runescapecommunity.com:80/index.php?showtopic=342567&amp;view=getnewpost,7041,8553a708d0abe6480743b8cf4f98bd22ebd92443,,
2005/October-26-2005-newstuff7gh-img483.imageshack.us.png,official game: screenshot (RuneScape 2),RS2 screenshot posted to a 2004-05 fansite forum thread; found by the 2001-2005 fansite re-screen,,,2005-10-26,20051216075004,http://img483.imageshack.us/img483/3769/newstuff7gh.png,https://web.archive.org/web/20051216075004/http://img483.imageshack.us/img483/3769/newstuff7gh.png,,153441,c52833068e45447e0e723a443f5aa0eea6362a68,,
2005/October-27-2005-aisforapplemonkeysupersteroids-img359.imageshack.us.png,official game: screenshot (RuneScape 2),RS2 screenshot posted to a 2004-05 fansite forum thread; found by the 2001-2005 fansite re-screen,,,2005-10-27,20051216161143,http://img359.imageshack.us/img359/9683/aisforapplemonkeysupersteroids.png,https://web.archive.org/web/20051216161143/http://img359.imageshack.us/img359/9683/aisforapplemonkeysupersteroids.png,,816061,e256143ceb0dc478e4468718eecb6dd9845fb8df,,
2005/October-29-2005-cell-img500.imageshack.us.png,official game: screenshot (RuneScape 2),"RS2 client screenshot. Posted in the forum thread ""Mogres, Lizards, Pet Fish, Potions And Potatoes! - Runescape Community"".",,,2005-10-29,20051216075605,http://img500.imageshack.us/img500/9436/cell5on.png,https://web.archive.org/web/20051216075605/http://img500.imageshack.us/img500/9436/cell5on.png,https://web.archive.org/web/20051031140559/http://www.runescapecommunity.com:80/index.php?showtopic=342567&amp;view=getnewpost,218971,7fca26e426543303d5026ee3e505e395585711ec,,
2005/October-29-2005-image3-i7.photobucket.com.png,official game: screenshot (RuneScape 2),"RS2 client screenshot. Posted in the forum thread ""Flipsided Slayers [fs] - Runescape Community"".",,,2005-10-29,20060107010401,http://i7.photobucket.com/albums/y275/t4r1q/Image3.png,https://web.archive.org/web/20060107010401/http://i7.photobucket.com/albums/y275/t4r1q/Image3.png,https://web.archive.org/web/20051030183513/http://www.runescapecommunity.com:80/index.php?showtopic=381052&amp;view=getlastpost,137394,d573101c5cbf89f4e51f89323a68be21774fdad3,,
2005/October-29-2005-pkin11-i7.photobucket.com.png,official game: screenshot (RuneScape 2),"RS2 client screenshot. Posted in the forum thread ""Flipsided Slayers [fs] - Runescape Community"".",,,2005-10-29,20060107002622,http://i7.photobucket.com/albums/y275/t4r1q/pkin11.png,https://web.archive.org/web/20060107002622/http://i7.photobucket.com/albums/y275/t4r1q/pkin11.png,https://web.archive.org/web/20051030183513/http://www.runescapecommunity.com:80/index.php?showtopic=381052&amp;view=getlastpost,74240,1e709535ce684be0b86c2fdbc6517e45da84fb9d,,
2005/October-29-2005-puzzle-img500.imageshack.us.png,official game: screenshot (RuneScape 2),"RS2 client screenshot. Posted in the forum thread ""Mogres, Lizards, Pet Fish, Potions And Potatoes! - Runescape Community"".",,,2005-10-29,20051216080316,http://img500.imageshack.us/img500/4170/puzzle7ge.png,https://web.archive.org/web/20051216080316/http://img500.imageshack.us/img500/4170/puzzle7ge.png,https://web.archive.org/web/20051031140559/http://www.runescapecommunity.com:80/index.php?showtopic=342567&amp;view=getnewpost,224759,fb972e392894e2d9b93b1b601de86a5d5db3cb93,,
2005/October-3-2005-runescapeyourwoodcuttinglev-screenshot-img92.imageshack.us.jpg,official game: screenshot (RuneScape 2),RuneScape client screenshot (uploaded as runescapeyourwoodcuttingleveli.jpg).,,,2005-10-03,20070430231114,http://img92.imageshack.us/img92/8600/runescapeyourwoodcuttingleveli.jpg,https://web.archive.org/web/20070430231114/http://img92.imageshack.us/img92/8600/runescapeyourwoodcuttingleveli.jpg,,121106,d44ecc1f0e4339523d8b2ecea1e6f2c695b58802,,
2005/October-30-2005-cluescroll-screenshot-img473.imageshack.us.png,official game: screenshot (RuneScape 2),RuneScape client screenshot (uploaded as cluescroll6kr.png).,,,2005-10-30,20060707074557,http://img473.imageshack.us:80/img473/5005/cluescroll6kr.png,https://web.archive.org/web/20060707074557/http://img473.imageshack.us:80/img473/5005/cluescroll6kr.png,,172834,04d44f7607e6becd88035e38964f552c389daf83,,
2005/October-30-2005-kq-i7.photobucket.com.png,official game: screenshot (RuneScape 2),"RS2 client screenshot. Posted in the forum thread ""Flipsided Slayers [fs] - Runescape Community"".",,,2005-10-30,20060107003141,http://i7.photobucket.com/albums/y275/t4r1q/kq.png,https://web.archive.org/web/20060107003141/http://i7.photobucket.com/albums/y275/t4r1q/kq.png,https://web.archive.org/web/20051030183513/http://www.runescapecommunity.com:80/index.php?showtopic=381052&amp;view=getlastpost,114120,ba1fc0fa5a1cc4429e1290f8fabb823503e6b144,,
2005/October-30-2005-pkp2p-i7.photobucket.com.png,official game: screenshot (RuneScape 2),"RS2 client screenshot. Posted in the forum thread ""Flipsided Slayers [fs] - Runescape Community"".",,,2005-10-30,20060107010223,http://i7.photobucket.com/albums/y275/t4r1q/pkp2p.png,https://web.archive.org/web/20060107010223/http://i7.photobucket.com/albums/y275/t4r1q/pkp2p.png,https://web.archive.org/web/20051030183513/http://www.runescapecommunity.com:80/index.php?showtopic=381052&amp;view=getlastpost,106859,ab587cae711d266772207ffb08b5baf42512aa2e,,
2005/October-31-2005-desert-swiftswitch-screenshot-i17.photobucket.com.png,official game: screenshot (RuneScape 2),"Client screenshot in the desert, taken in the SwiftSwitch third-party client (dated 31 Oct 2005 in the file name).",,,2005-10-31,20060707131526,http://i17.photobucket.com:80/albums/b60/Buddymakerforrunehq/31Oct05-17.png,https://web.archive.org/web/20060707131526/http://i17.photobucket.com:80/albums/b60/Buddymakerforrunehq/31Oct05-17.png,,204724,a77eda0fd1818efdf8785ea5c66011fb264882b0,,
2005/October-31-2005-runescapeikennicolas-screenshot-img274.imageshack.us.jpg,official game: screenshot (RuneScape 2),RuneScape client screenshot (uploaded as runescapeikennicolas9xz.jpg).,,,2005-10-31,20070430231112,http://img274.imageshack.us/img274/1371/runescapeikennicolas9xz.jpg,https://web.archive.org/web/20070430231112/http://img274.imageshack.us/img274/1371/runescapeikennicolas9xz.jpg,,138414,cf109a951126906075158e7116929f0741fedd41,,
2005/October-8-2005-safespot-img66.imageshack.us.jpg,official game: screenshot (RuneScape 2),"RS2 client screenshot. Posted in the forum thread ""Killing Tztok-jad And Beating The Fight Cave - Runescape Community"".",,,2005-10-08,20070105011632,http://img66.imageshack.us/img66/6902/safespot6dc.jpg,https://web.archive.org/web/20070105011632/http://img66.imageshack.us/img66/6902/safespot6dc.jpg,https://web.archive.org/web/20060519004937/http://www.runescapecommunity.com/index.php?showtopic=418656,95229,eef249032c46fb8f2b543524770f560dd5e26b57,,
2005/October-8-2005-toyota-screenshot-angelfire.com.png,official game: screenshot (RuneScape 2),RuneScape client screenshot (uploaded as Toyota.png).,,,2005-10-08,20060414141719,http://www.angelfire.com:80/folk/toyota/runescape/Toyota.png,https://web.archive.org/web/20060414141719/http://www.angelfire.com:80/folk/toyota/runescape/Toyota.png,,237411,151ee37abad70099b38e878eea0bad400f11cc57,,
2005/September-10-2005-questcanfis-screenshot-img375.imageshack.us.jpg,official game: screenshot (RuneScape 2),RuneScape client screenshot (uploaded as questcanfis6rw.jpg).,,,2005-09-10,20070223003421,http://img375.imageshack.us:80/img375/9500/questcanfis6rw.jpg,https://web.archive.org/web/20070223003421/http://img375.imageshack.us:80/img375/9500/questcanfis6rw.jpg,,188894,d39c85eb95e12f2aa9729dcbd841c6238792c61f,,
2005/September-12-2005-cakeeatingcontest-img196.imageshack.us.png,official game: screenshot (RuneScape 2),"RS2 client screenshot. Posted in the forum thread ""Join Phobia Today! - Runescape Community"".",,,2005-09-12,20060114230133,http://img196.imageshack.us/img196/7397/cakeeatingcontest8hq.png,https://web.archive.org/web/20060114230133/http://img196.imageshack.us/img196/7397/cakeeatingcontest8hq.png,https://web.archive.org/web/20051031140726/http://www.runescapecommunity.com:80/index.php?showtopic=350111&amp;view=getnewpost,256808,7daefaa1179b10b78f7e00ea4c35811457ca6e50,,
2005/September-12-2005-party2-img389.imageshack.us.png,official game: screenshot (RuneScape 2),"RS2 client screenshot. Posted in the forum thread ""Join Phobia Today! - Runescape Community"".",,,2005-09-12,20060102131824,http://img389.imageshack.us/img389/5563/party27vy.png,https://web.archive.org/web/20060102131824/http://img389.imageshack.us/img389/5563/party27vy.png,https://web.archive.org/web/20051031140726/http://www.runescapecommunity.com:80/index.php?showtopic=350111&amp;view=getnewpost,123295,c8f293396eb264c0447cde3930e6cb3a3ad491d8,,
2005/September-12-2005-warsteel2-img372.imageshack.us.png,official game: screenshot (RuneScape 2),"RS2 client screenshot. Posted in the forum thread ""Join Phobia Today! - Runescape Community"".",,,2005-09-12,20060113212335,http://img372.imageshack.us/img372/5771/warsteel25rl.png,https://web.archive.org/web/20060113212335/http://img372.imageshack.us/img372/5771/warsteel25rl.png,https://web.archive.org/web/20051031140726/http://www.runescapecommunity.com:80/index.php?showtopic=350111&amp;view=getnewpost,143337,a3c480950b80a3037c314829933d82477cbe2374,,
2005/September-13-2005-12sep052045043si-img382.imageshack.us.png,official game: screenshot (RuneScape 2),RS2 screenshot posted to a 2004-05 fansite forum thread; found by the 2001-2005 fansite re-screen,,,2005-09-13,20051216133428,http://img382.imageshack.us/img382/5369/12sep052045043si.png,https://web.archive.org/web/20051216133428/http://img382.imageshack.us/img382/5369/12sep052045043si.png,,141566,0ee1f32d3ca64cf3e78aeae571814a40b994f1ae,,
2005/September-13-2005-12sep052129572qr-img382.imageshack.us.png,official game: screenshot (RuneScape 2),RS2 screenshot posted to a 2004-05 fansite forum thread; found by the 2001-2005 fansite re-screen,,,2005-09-13,20051216132232,http://img382.imageshack.us/img382/2810/12sep052129572qr.png,https://web.archive.org/web/20051216132232/http://img382.imageshack.us/img382/2810/12sep052129572qr.png,,195504,5b48a6d1509dfe42d8d89f1fe4b27269fce55a87,,
2005/September-13-2005-freakyforester-img377.imageshack.us.png,official game: screenshot (RuneScape 2),"RS2 client screenshot. Posted in the forum thread ""Item Picture Requests - Runescape Community"".",,,2005-09-13,20051216131434,http://img377.imageshack.us/img377/4087/freakyforester8ye.png,https://web.archive.org/web/20051216131434/http://img377.imageshack.us/img377/4087/freakyforester8ye.png,https://web.archive.org/web/20051031143448/http://www.runescapecommunity.com:80/index.php?showtopic=396983&amp;view=getnewpost,10321,74987ae6ec19501188d8d569dc6ba1268564168f,,
2005/September-13-2005-killlforjoy-ninetytwoattack-server2.uploadit.org.jpg,official game: screenshot (RuneScape 2),RS2 client screenshot from server2.uploadit.org.,,,2005-09-13,20051028232619,http://server2.uploadit.org:80/files/killlforjoy-ninetytwoattack.JPG,https://web.archive.org/web/20051028232619/http://server2.uploadit.org:80/files/killlforjoy-ninetytwoattack.JPG,,45173,71ce46322fb8968ba8ec39259ea81fa74903d691,,
2005/September-13-2005-newprayers-img150.imageshack.us.jpg,official game: screenshot (RuneScape 2),"RS2 client screenshot. Posted in the forum thread ""RuneCrypt Forum -> New Prayers"".",,,2005-09-13,20060102181816,http://img150.imageshack.us/img150/2199/newprayers2se.jpg,https://web.archive.org/web/20060102181816/http://img150.imageshack.us/img150/2199/newprayers2se.jpg,https://web.archive.org/web/20051025193918/http://www.runecrypt.com:80/forum/index.php?showtopic=8764,12360,1acb4cb6ff1d0533aaa9f7ccca70ec8cfbdf5bda,,
2005/September-14-2005-31-img400.imageshack.us.png,official game: screenshot (RuneScape 2),"RS2 client screenshot. Posted in the forum thread ""Who Has The Highest Hit? - Runescape Community"".",,,2005-09-14,20061023110341,http://img400.imageshack.us/img400/2391/312hz.png,https://web.archive.org/web/20061023110341/http://img400.imageshack.us/img400/2391/312hz.png,https://web.archive.org/web/20060519013136/http://www.runescapecommunity.com/index.php?showtopic=400881,862122,ee2de5b78abe067be9612cd9742d1c96a59bcc96,,
2005/September-17-2005-secondtoragsplatebodyand4thhal-img377.imageshack.us.png,official game: screenshot (RuneScape 2),RS2 screenshot posted to a 2004-05 fansite forum thread; found by the 2001-2005 fansite re-screen,,,2005-09-17,20051216133102,http://img377.imageshack.us/img377/4443/secondtoragsplatebodyand4thhal.png,https://web.archive.org/web/20051216133102/http://img377.imageshack.us/img377/4443/secondtoragsplatebodyand4thhal.png,,159669,e46009cc281874d32d0619695d179ca29c1071dc,,
2005/September-18-2005-3rdkarilscrossbowsomeonedied7k-img249.imageshack.us.png,official game: screenshot (RuneScape 2),RS2 screenshot posted to a 2004-05 fansite forum thread; found by the 2001-2005 fansite re-screen,,,2005-09-18,20051216115510,http://img249.imageshack.us/img249/6641/3rdkarilscrossbowsomeonedied7k.png,https://web.archive.org/web/20051216115510/http://img249.imageshack.us/img249/6641/3rdkarilscrossbowsomeonedied7k.png,,118622,4e3ed84375cc8cb781d2009cabfec2a04cd1b5a6,,
2005/September-18-2005-killlforjoy-eightysevendefandhundredtwel-server2.uploadit.org.jpg,official game: screenshot (RuneScape 2),RS2 client screenshot from server2.uploadit.org.,,,2005-09-18,20051029000455,http://server2.uploadit.org:80/files/killlforjoy-eightysevendefandhundredtwelvecombat.JPG,https://web.archive.org/web/20051029000455/http://server2.uploadit.org:80/files/killlforjoy-eightysevendefandhundredtwelvecombat.JPG,,67100,083ed845f93bce66ff37108ea53d5a0526fceab9,,
2005/September-18-2005-secondahrimsrobeskirt0tx-img173.imageshack.us.png,official game: screenshot (RuneScape 2),RS2 screenshot posted to a 2004-05 fansite forum thread; found by the 2001-2005 fansite re-screen,,,2005-09-18,20051216162952,http://img173.imageshack.us/img173/1255/secondahrimsrobeskirt0tx.png,https://web.archive.org/web/20051216162952/http://img173.imageshack.us/img173/1255/secondahrimsrobeskirt0tx.png,,159316,dd6dd423aff75e253f5ce75aeafea115de8fe91e,,
2005/September-18-2005-secondkarilscrossbow1of-img249.imageshack.us.png,official game: screenshot (RuneScape 2),RS2 screenshot posted to a 2004-05 fansite forum thread; found by the 2001-2005 fansite re-screen,,,2005-09-18,20051216114623,http://img249.imageshack.us/img249/442/secondkarilscrossbow1of.png,https://web.archive.org/web/20051216114623/http://img249.imageshack.us/img249/442/secondkarilscrossbow1of.png,,150238,316d0689ec76eba84b074670037a67c53034c5e4,,
2005/September-19-2005-postbox-img98.imageshack.us.jpg,official game: screenshot (RuneScape 2),"RS2 client screenshot. Posted in the forum thread ""Massive Minigame - Fight Pits - Runescape Community"".",,,2005-09-19,20060903042342,http://img98.imageshack.us/img98/9581/postbox6uk.jpg,https://web.archive.org/web/20060903042342/http://img98.imageshack.us/img98/9581/postbox6uk.jpg,https://web.archive.org/web/20051101021519/http://www.runescapecommunity.com:80/index.php?showtopic=404506,43222,e75d8646bc10dab5120ff513f16eaeb3fd7cbeb7,,
2005/September-2-2005-02sep05064528-img296.imageshack.us.png,official game: screenshot (RuneScape 2),"RS2 client screenshot. Posted in the forum thread ""My Achievements And Barrows Rewards - Runescape Community"".",,,2005-09-02,20060101101100,http://img296.imageshack.us/img296/4011/02sep050645285zk.png,https://web.archive.org/web/20060101101100/http://img296.imageshack.us/img296/4011/02sep050645285zk.png,https://web.archive.org/web/20051031141132/http://www.runescapecommunity.com:80/index.php?showtopic=386659&amp;view=getnewpost,167376,89cf5cd56439d56ba18d149c71700b78472131f6,,
2005/September-22-2005-norton-ownedplz-server2.uploadit.org.jpg,official game: screenshot (RuneScape 2),RS2 client screenshot from server2.uploadit.org.,,,2005-09-22,20051115064551,http://server2.uploadit.org:80/files/Norton-ownedplz.JPG,https://web.archive.org/web/20051115064551/http://server2.uploadit.org:80/files/Norton-ownedplz.JPG,,29895,b52b9af8d303f5dd6b74626353c9959421c9db08,,
2005/September-24-2005-maarek49yy-img238.imageshack.us.png,official game: screenshot (RuneScape 2),RS2 screenshot posted to a 2004-05 fansite forum thread; found by the 2001-2005 fansite re-screen,,,2005-09-24,20051231230000,http://img238.imageshack.us/img238/7251/maarek49yy.png,https://web.archive.org/web/20051231230000/http://img238.imageshack.us/img238/7251/maarek49yy.png,,50628,9c4915c8d23da66e18434c240aef6c1dfb3792b0,,
2005/September-24-2005-runescapeyourwoodcuttinglev-screenshot-img349.imageshack.us.jpg,official game: screenshot (RuneScape 2),RuneScape client screenshot (uploaded as runescapeyourwoodcuttingleveli.jpg).,,,2005-09-24,20070430231108,http://img349.imageshack.us/img349/8600/runescapeyourwoodcuttingleveli.jpg,https://web.archive.org/web/20070430231108/http://img349.imageshack.us/img349/8600/runescapeyourwoodcuttingleveli.jpg,,143047,da223483f5349c3a52933a75fabc89a7982dfd79,,
2005/September-24-2005-thirdahrimsquarterstaff-img399.imageshack.us.png,official game: screenshot (RuneScape 2),"RS2 client screenshot. Posted in the forum thread ""My Achievements And Barrows Rewards - Runescape Community"".",,,2005-09-24,20060101101025,http://img399.imageshack.us/img399/7663/thirdahrimsquarterstaff3yd.png,https://web.archive.org/web/20060101101025/http://img399.imageshack.us/img399/7663/thirdahrimsquarterstaff3yd.png,https://web.archive.org/web/20051031141132/http://www.runescapecommunity.com:80/index.php?showtopic=386659&amp;view=getnewpost,162310,25d9e8f57bcc432a9b8be1e778e703f2ccf27663,,
2005/September-24-2005-war5-img271.imageshack.us.png,official game: screenshot (RuneScape 2),"RS2 client screenshot. Posted in the forum thread ""Join Phobia Today! - Runescape Community"".",,,2005-09-24,20060117015042,http://img271.imageshack.us/img271/2713/war56hg.png,https://web.archive.org/web/20060117015042/http://img271.imageshack.us/img271/2713/war56hg.png,https://web.archive.org/web/20051031140726/http://www.runescapecommunity.com:80/index.php?showtopic=350111&amp;view=getnewpost,103771,570fac4be057f960cc8a3bd945cdd88d8a600e6e,,
2005/September-25-2005-client-in-firefox-screenshot-i4.photobucket.com.png,official game: screenshot (RuneScape 2),RuneScape client running in a Firefox window (file name walkin).,,,2005-09-25,20060707223906,http://i4.photobucket.com:80/albums/y101/finished/walkin.png,https://web.archive.org/web/20060707223906/http://i4.photobucket.com:80/albums/y101/finished/walkin.png,,243955,701bed1402166fd285a504680e6a774e1d661e21,,
2005/September-27-2005-stats-screenshot-deathpagesstorage.tripod.com.png,official game: screenshot (RuneScape 2),RuneScape client screenshot (uploaded as stats.png).,,,2005-09-27,20060414183803,http://deathpagesstorage.tripod.com:80/storage/scott/runescape/stats.png,https://web.archive.org/web/20060414183803/http://deathpagesstorage.tripod.com:80/storage/scott/runescape/stats.png,,178478,344be8e42ec50f5e1c012a35709380890296352f,,
2005/September-29-2005-trousers2-runehq.com.png,official game: screenshot (RuneScape 2),RS2 client screenshot from runehq.com. Embedded in: Rune Headquarters :.:.: Your unfair Runescape advantage (https://web.archive.org/web/20061020235726/http://www.runehq.com/RHQQuestsView.php?id=00552%3FEnglish=true).,,,2005-09-29,20071107051410,http://www.runehq.com/image/quests/p2p/mourningsendspart1/trousers2.png,https://web.archive.org/web/20071107051410/http://www.runehq.com/image/quests/p2p/mourningsendspart1/trousers2.png,,111353,374fdbea931fcc54eaf641bbfb32d9c8e6069769,,
2005/September-30-2005-whipownagepic3nx-th-img32.imageshack.us.jpg,official game: screenshot (RuneScape 2),"RS2 client screenshot. Posted in the forum thread ""RuneCrypt Forum -> Whip Ownage Pic"".",,,2005-09-30,20051224101057,http://img32.imageshack.us/img32/4186/whipownagepic3nx.th.jpg,https://web.archive.org/web/20051224101057/http://img32.imageshack.us/img32/4186/whipownagepic3nx.th.jpg,https://web.archive.org/web/20051025200224/http://www.runecrypt.com:80/forum/index.php?showtopic=10286,2900,d58e71f902f28b127c89ee1f576cb2a0ae47cfd4,,
2005/September-7-2005-lordadmas-img340.imageshack.us.png,official game: screenshot (RuneScape 2),"RS2 client screenshot. Posted in the forum thread ""RuneCrypt Forum -> Finally Been Solo Pking Again"".",,,2005-09-07,20060108020703,http://img340.imageshack.us/img340/3931/lordadmas1uz.png,https://web.archive.org/web/20060108020703/http://img340.imageshack.us/img340/3931/lordadmas1uz.png,https://web.archive.org/web/20051025192453/http://www.runecrypt.com:80/forum/index.php?showtopic=8340,959094,790c0039537aed0153b0c56686aa74cfbeecdd40,,
2005/September-7-2005-post-22-1126111817-invisionplus.net.jpg,official game: screenshot (RuneScape 2),RS2 client screenshot from invisionplus.net. Embedded in: How To Do Stuff: Player Kill Forum Rules And Helpful Links - Runescape Community (https://web.archive.org/web/20060829035419/http://www.runescapecommunity.com:80/index.php?showtopic=573062).,,,2005-09-07,20060905054347,http://www.invisionplus.net/forums/uploads/mbcrew/post-22-1126111817.jpg,https://web.archive.org/web/20060905054347/http://www.invisionplus.net/forums/uploads/mbcrew/post-22-1126111817.jpg,,67182,b92dd54cbfab4506fbd8d3cb972aca89c26f4687,,
2005/September-9-2005-nurse16dk-img355.imageshack.us.jpg,official game: screenshot (RuneScape 2),RS2 screenshot posted to a 2004-05 fansite forum thread; found by the 2001-2005 fansite re-screen,,,2005-09-09,20051223145335,http://img355.imageshack.us/img355/4313/nurse16dk.jpg,https://web.archive.org/web/20051223145335/http://img355.imageshack.us/img355/4313/nurse16dk.jpg,,76865,050975bf32c78251df5476dab00774b22c6d8a8e,,
2005/September-9-2005-nurse23jy-img355.imageshack.us.jpg,official game: screenshot (RuneScape 2),RS2 screenshot posted to a 2004-05 fansite forum thread; found by the 2001-2005 fansite re-screen,,,2005-09-09,20051223145506,http://img355.imageshack.us/img355/4485/nurse23jy.jpg,https://web.archive.org/web/20051223145506/http://img355.imageshack.us/img355/4485/nurse23jy.jpg,,77922,a9b94660104c90102ad43bd50430ca4e11c75a64,,
2005/September-9-2005-nurse32bh-img355.imageshack.us.jpg,official game: screenshot (RuneScape 2),RS2 screenshot posted to a 2004-05 fansite forum thread; found by the 2001-2005 fansite re-screen,,,2005-09-09,20051223145553,http://img355.imageshack.us/img355/6908/nurse32bh.jpg,https://web.archive.org/web/20051223145553/http://img355.imageshack.us/img355/6908/nurse32bh.jpg,,69984,ce7d98676b4eccc79ffeebf0be86d10e860450b1,,
2005/September-9-2005-nurse44vk-img355.imageshack.us.jpg,official game: screenshot (RuneScape 2),RS2 screenshot posted to a 2004-05 fansite forum thread; found by the 2001-2005 fansite re-screen,,,2005-09-09,20051223144409,http://img355.imageshack.us/img355/6026/nurse44vk.jpg,https://web.archive.org/web/20051223144409/http://img355.imageshack.us/img355/6026/nurse44vk.jpg,,71740,e85df7b6e4f568cf9708a679eed5e49a5071c695,,
2005/September-9-2005-nurse53gs-img355.imageshack.us.jpg,official game: screenshot (RuneScape 2),RS2 screenshot posted to a 2004-05 fansite forum thread; found by the 2001-2005 fansite re-screen,,,2005-09-09,20051223143257,http://img355.imageshack.us/img355/6408/nurse53gs.jpg,https://web.archive.org/web/20051223143257/http://img355.imageshack.us/img355/6408/nurse53gs.jpg,,74809,913ce4d814a49c7bf5f439f95f6a10a93d4a8730,,
2005/September-9-2005-nurse69el-img355.imageshack.us.jpg,official game: screenshot (RuneScape 2),RS2 screenshot posted to a 2004-05 fansite forum thread; found by the 2001-2005 fansite re-screen,,,2005-09-09,20051223145007,http://img355.imageshack.us/img355/452/nurse69el.jpg,https://web.archive.org/web/20051223145007/http://img355.imageshack.us/img355/452/nurse69el.jpg,,69258,990a7d52252deff9a4606acf2ba83e71fa6ad544,,
2005/September-9-2005-pinguru-peksastats2-server2.uploadit.org.jpg,official game: screenshot (RuneScape 2),RS2 client screenshot from server2.uploadit.org.,,,2005-09-09,20051109063434,http://server2.uploadit.org:80/files/pinguru-peksastats2.JPG,https://web.archive.org/web/20051109063434/http://server2.uploadit.org:80/files/pinguru-peksastats2.JPG,,74548,d3cb215931dcde7fe94f74251dba67fcf794981a,,
2005/September-9-2005-yostoownsk3no-img162.imageshack.us.png,official game: screenshot (RuneScape 2),RS2 screenshot posted to a 2004-05 fansite forum thread; found by the 2001-2005 fansite re-screen,,,2005-09-09,20051215070408,http://img162.imageshack.us/img162/3305/yostoownsk3no.png,https://web.archive.org/web/20051215070408/http://img162.imageshack.us/img162/3305/yostoownsk3no.png,,1022310,ab8701bc97486f74bcf4afcc70a4d75c170c9055,,
2006/April-11-2006-magearenacomplete-screenshot-img355.imageshack.us.png,official game: screenshot (RuneScape 2),RuneScape client screenshot (uploaded as magearenacomplete4cm.png).,,,2006-04-11,20070105202548,http://img355.imageshack.us:80/img355/9238/magearenacomplete4cm.png,https://web.archive.org/web/20070105202548/http://img355.imageshack.us:80/img355/9238/magearenacomplete4cm.png,,246596,afe84ef3ff60e241da29800b9554eb23fd4199c0,,
2006/April-11-2006-rsfvbd-img410.imageshack.us.jpg,official game: screenshot (RuneScape 2),"RS2 client screenshot. Posted in the forum thread ""Topic For All Info Regarding Lethal Axe's History - Runescape Community"".",,,2006-04-11,20070106062458,http://img410.imageshack.us/img410/9649/rsfvbd6di.jpg,https://web.archive.org/web/20070106062458/http://img410.imageshack.us/img410/9649/rsfvbd6di.jpg,https://web.archive.org/web/20060519015224/http://www.runescapecommunity.com/index.php?showtopic=541138,116867,fe90aae21910af4e5afafc3b72200380d95fe20a,,
2006/April-13-2006-dchain-img222.imageshack.us.png,official game: screenshot (RuneScape 2),"RS2 client screenshot. Posted in the forum thread ""Spazthegecko's Kalphite Queen Guide! - Runescape Community"".",,,2006-04-13,20130115130350,http://img222.imageshack.us/img222/8553/dchain0ev.png,https://web.archive.org/web/20130115130350/http://img222.imageshack.us/img222/8553/dchain0ev.png,https://web.archive.org/web/20060519005015/http://www.runescapecommunity.com/index.php?showtopic=487780,177624,40e6fcc4486183fb6de084650e86f58fe5235965,,
2006/April-13-2006-dchaintrade-img123.imageshack.us.png,official game: screenshot (RuneScape 2),"RS2 client screenshot. Posted in the forum thread ""Spazthegecko's Kalphite Queen Guide! - Runescape Community"".",,,2006-04-13,20130115130352,http://img123.imageshack.us/img123/2627/dchaintrade9lg.png,https://web.archive.org/web/20130115130352/http://img123.imageshack.us/img123/2627/dchaintrade9lg.png,https://web.archive.org/web/20060519005015/http://www.runescapecommunity.com/index.php?showtopic=487780,123785,5ca8f3877c5bd70c72c0c86ab397790ad0688ede,,
2006/April-23-2006-gapt-i66.photobucket.com.jpg,official game: screenshot (RuneScape 2),"RS2 client screenshot from i66.photobucket.com. Embedded in: ``!~#~my Best Pks~#~!``purple Phat, 15m Kill. - Runescape Community (https://web.archive.org/web/20060829035617/http://www.runescapecommunity.com:80/index.php?showtopic=622096).",,,2006-04-23,20060925145418,http://i66.photobucket.com/albums/h271/x25dax/gapt.jpg,https://web.archive.org/web/20060925145418/http://i66.photobucket.com/albums/h271/x25dax/gapt.jpg,,78844,34cec88eb05c940483fb5d3c1aa23c4d0ea0d5eb,,
2006/April-29-2006-rsfvseos3-img146.imageshack.us.png,official game: screenshot (RuneScape 2),"RS2 client screenshot. Posted in the forum thread ""Topic For All Info Regarding Lethal Axe's History - Runescape Community"".",,,2006-04-29,20070106081530,http://img146.imageshack.us/img146/4655/rsfvseos31ng.png,https://web.archive.org/web/20070106081530/http://img146.imageshack.us/img146/4655/rsfvseos31ng.png,https://web.archive.org/web/20060519015224/http://www.runescapecommunity.com/index.php?showtopic=541138,192026,0cb07cc6ca74d84ec4ac87ecc11cfcd3cfb3b744,,
2006/April-3-2006-newquest3-screenshot-img347.imageshack.us.png,official game: screenshot (RuneScape 2),RuneScape client screenshot (uploaded as newquest34od.png).,,,2006-04-03,20060922085248,http://img347.imageshack.us:80/img347/4689/newquest34od.png,https://web.archive.org/web/20060922085248/http://img347.imageshack.us:80/img347/4689/newquest34od.png,,152525,b922556311f11f61aed5001a5cab0cd1b83082cc,,
2006/April-4-2006-ranged-level-65-swiftswitch-screenshot-img.photobucket.com.png,official game: screenshot (RuneScape 2),"Ranged level-up to 65, taken in the SwiftSwitch third-party client (world list and chat panel visible).",,,2006-04-04,20060512041659,http://img.photobucket.com:80/albums/v601/Foldager/RS/65range.png,https://web.archive.org/web/20060512041659/http://img.photobucket.com:80/albums/v601/Foldager/RS/65range.png,,216276,5787b00fcc32cc9acf66f674d4d8389b75734274,,
2006/April-5-2006-runescape172140-screenshot-img368.imageshack.us.png,official game: screenshot (RuneScape 2),RuneScape client screenshot (uploaded as runescape1721408sr.png).,,,2006-04-05,20060722212345,http://img368.imageshack.us:80/img368/435/runescape1721408sr.png,https://web.archive.org/web/20060722212345/http://img368.imageshack.us:80/img368/435/runescape1721408sr.png,,223432,1194034eca15ec2ae191ebc0adeb2a37758b1455,,
2006/April-6-2006-strength-level-50-swiftswitch-screenshot-img.photobucket.com.png,official game: screenshot (RuneScape 2),"Strength level-up to 50, same player, SwiftSwitch client.",,,2006-04-06,20060512054439,http://img.photobucket.com:80/albums/v601/Foldager/RS/06mar20-50str1.png,https://web.archive.org/web/20060512054439/http://img.photobucket.com:80/albums/v601/Foldager/RS/06mar20-50str1.png,,227656,d88e9a8dc65a185f060bf4c2128e065594738ff1,,
2006/April-7-2006-ranged-level-70-swiftswitch-screenshot-img.photobucket.com.png,official game: screenshot (RuneScape 2),"Ranged level-up to 70, same player, SwiftSwitch client.",,,2006-04-07,20060512041712,http://img.photobucket.com:80/albums/v601/Foldager/RS/70range.png,https://web.archive.org/web/20060512041712/http://img.photobucket.com:80/albums/v601/Foldager/RS/70range.png,,238559,9be4fed87726fb646dca1554dcce28c9e03ddc4c,,
2006/April-9-2006-rsfvsbdvictory-img455.imageshack.us.jpg,official game: screenshot (RuneScape 2),"RS2 client screenshot. Posted in the forum thread ""Topic For All Info Regarding Lethal Axe's History - Runescape Community"".",,,2006-04-09,20070106081631,http://img455.imageshack.us/img455/9707/rsfvsbdvictory5cd.jpg,https://web.archive.org/web/20070106081631/http://img455.imageshack.us/img455/9707/rsfvsbdvictory5cd.jpg,https://web.archive.org/web/20060519015224/http://www.runescapecommunity.com/index.php?showtopic=541138,85814,b73884314317e7538ea7235fb41c7889af1a575b,,
2006/August-11-2006-22216054167-screenshot-f10.putfile.com.png,official game: screenshot (RuneScape 2),RuneScape client screenshot (uploaded as 22216054167.png).,,,2006-08-11,20070124145250,http://f10.putfile.com:80/thumb/8/22216054167.png,https://web.archive.org/web/20070124145250/http://f10.putfile.com:80/thumb/8/22216054167.png,,36511,85fb065601b540faaf4a949aefd9e96d26c59770,,
2006/August-12-2006-1holy1tg0-img61.imageshack.us.jpg,official game: screenshot (RuneScape 2),RS2 client screenshot from img61.imageshack.us. Embedded in: Massive Iron Fun War #2 - Runescape Community (https://web.archive.org/web/20060822022001/http://www.runescapecommunity.com:80/index.php?showtopic=621063).,,,2006-08-12,20060821234159,http://img61.imageshack.us/img61/8660/1holy1tg0.jpg,https://web.archive.org/web/20060821234159/http://img61.imageshack.us/img61/8660/1holy1tg0.jpg,,163845,25d27eba5197013748aeb19af36345e19dbdd5c9,,
2006/August-12-2006-cluescroll61-screenshot-img148.imageshack.us.png,official game: screenshot (RuneScape 2),RuneScape client screenshot (uploaded as cluescroll61ea0.png).,,,2006-08-12,20060818144551,http://img148.imageshack.us:80/img148/5487/cluescroll61ea0.png,https://web.archive.org/web/20060818144551/http://img148.imageshack.us:80/img148/5487/cluescroll61ea0.png,,151759,a885398ebdee8576591fd9950b24c91b07d39b57,,
2006/August-12-2006-rambodeadforwhip1el0-img92.imageshack.us.png,official game: screenshot (RuneScape 2),RS2 client screenshot from img92.imageshack.us. Embedded in: @-*- Gangsterprt2 -=- Pk Gallery- $$ 50m+ -join #fearmysocks - Runescape Community (https://web.archive.org/web/20061213223446/http://www.runescapecommunity.com:80/index.php?showtopic=645265).,,,2006-08-12,20130217234420,http://img92.imageshack.us/img92/9113/rambodeadforwhip1el0.png,https://web.archive.org/web/20130217234420/http://img92.imageshack.us/img92/9113/rambodeadforwhip1el0.png,,134097,3d2ad9bdbe0becef117b28139b8008ceaccf4fcf,,
2006/August-12-2006-wow1su3-img61.imageshack.us.jpg,official game: screenshot (RuneScape 2),RS2 client screenshot from img61.imageshack.us. Embedded in: Massive Iron Fun War #2 - Runescape Community (https://web.archive.org/web/20060822022001/http://www.runescapecommunity.com:80/index.php?showtopic=621063).,,,2006-08-12,20060822053139,http://img61.imageshack.us/img61/7417/wow1su3.jpg,https://web.archive.org/web/20060822053139/http://img61.imageshack.us/img61/7417/wow1su3.jpg,,177822,541d5747aa8b8e75e0219a392e09e3bbd8a03175,,
2006/August-12-2006-wow2cr9-img65.imageshack.us.jpg,official game: screenshot (RuneScape 2),RS2 client screenshot from img65.imageshack.us. Embedded in: Massive Iron Fun War #2 - Runescape Community (https://web.archive.org/web/20060822022001/http://www.runescapecommunity.com:80/index.php?showtopic=621063).,,,2006-08-12,20060821143257,http://img65.imageshack.us/img65/1041/wow2cr9.jpg,https://web.archive.org/web/20060821143257/http://img65.imageshack.us/img65/1041/wow2cr9.jpg,,178519,f19bf6630248afaa8b73813f52ecc4e5dc6e7e9d,,
2006/August-12-2006-wow3ui4-img65.imageshack.us.jpg,official game: screenshot (RuneScape 2),RS2 client screenshot from img65.imageshack.us. Embedded in: Massive Iron Fun War #2 - Runescape Community (https://web.archive.org/web/20060822022001/http://www.runescapecommunity.com:80/index.php?showtopic=621063).,,,2006-08-12,20060821142124,http://img65.imageshack.us/img65/2781/wow3ui4.jpg,https://web.archive.org/web/20060821142124/http://img65.imageshack.us/img65/2781/wow3ui4.jpg,,172631,e083728414a1cb6bcb06be0e59b7982c9ba2eac5,,
2006/August-13-2006-06aug13044015rb3-img82.imageshack.us.png,official game: screenshot (RuneScape 2),RS2 client screenshot from img82.imageshack.us. Embedded in: Xcalibur57's Pking Gallery:-)updated August 10th. - Runescape Community (https://web.archive.org/web/20060829040302/http://www.runescapecommunity.com:80/index.php?showtopic=595805&amp;st=0).,,,2006-08-13,20060904054750,http://img82.imageshack.us/img82/9877/06aug13044015rb3.png,https://web.archive.org/web/20060904054750/http://img82.imageshack.us/img82/9877/06aug13044015rb3.png,,147854,176337c330e125b2348da50e8743250d8ab648ba,,
2006/August-13-2006-06jul14212537lc1-img146.imageshack.us.png,official game: screenshot (RuneScape 2),RS2 client screenshot from img146.imageshack.us. Embedded in: 97 Runecrafting - Runescape Community (https://web.archive.org/web/20060920195517/http://www.runescapecommunity.com:80/index.php?showtopic=621454&).,,,2006-08-13,20060901072356,http://img146.imageshack.us/img146/7472/06jul14212537lc1.png,https://web.archive.org/web/20060901072356/http://img146.imageshack.us/img146/7472/06jul14212537lc1.png,,188729,e1f7d9252bfe47191d7e384d3ebab3c13b78bf34,,
2006/August-13-2006-ahirimftwkr0-img236.imageshack.us.jpg,official game: screenshot (RuneScape 2),"RS2 client screenshot from img236.imageshack.us. Embedded in: ``!~#~my Best Pks~#~!``purple Phat, 15m Kill. - Runescape Community (https://web.archive.org/web/20060829035617/http://www.runescapecommunity.com:80/index.php?showtopic=622096).",,,2006-08-13,20060927033944,http://img236.imageshack.us/img236/27/ahirimftwkr0.jpg,https://web.archive.org/web/20060927033944/http://img236.imageshack.us/img236/27/ahirimftwkr0.jpg,,65363,612096ab40140795d309c127c3365f0b503ff444,,
2006/August-13-2006-ahirimyi9-img236.imageshack.us.jpg,official game: screenshot (RuneScape 2),"RS2 client screenshot from img236.imageshack.us. Embedded in: ``!~#~my Best Pks~#~!``purple Phat, 15m Kill. - Runescape Community (https://web.archive.org/web/20060829035617/http://www.runescapecommunity.com:80/index.php?showtopic=622096).",,,2006-08-13,20060925122730,http://img236.imageshack.us/img236/3580/ahirimyi9.jpg,https://web.archive.org/web/20060925122730/http://img236.imageshack.us/img236/3580/ahirimyi9.jpg,,77606,11d0a568539136ecd1226e6cfd07db4988b00807,,
2006/August-13-2006-anotherwhipmygawdrd3-img127.imageshack.us.jpg,official game: screenshot (RuneScape 2),"RS2 client screenshot from img127.imageshack.us. Embedded in: ``!~#~my Best Pks~#~!``purple Phat, 15m Kill. - Runescape Community (https://web.archive.org/web/20060829035617/http://www.runescapecommunity.com:80/index.php?showtopic=622096).",,,2006-08-13,20060904000710,http://img127.imageshack.us/img127/8021/anotherwhipmygawdrd3.jpg,https://web.archive.org/web/20060904000710/http://img127.imageshack.us/img127/8021/anotherwhipmygawdrd3.jpg,,79962,72881d5247fe1197be16b7954446c0e0a9e5e8f1,,
2006/August-13-2006-anotherwippiezn5-img127.imageshack.us.jpg,official game: screenshot (RuneScape 2),"RS2 client screenshot from img127.imageshack.us. Embedded in: ``!~#~my Best Pks~#~!``purple Phat, 15m Kill. - Runescape Community (https://web.archive.org/web/20060829035617/http://www.runescapecommunity.com:80/index.php?showtopic=622096).",,,2006-08-13,20060903191821,http://img127.imageshack.us/img127/6084/anotherwippiezn5.jpg,https://web.archive.org/web/20060903191821/http://img127.imageshack.us/img127/6084/anotherwippiezn5.jpg,,79894,706809e4cd8a252c921669fb357ec5867762c09c,,
2006/August-13-2006-evilelvesrl3-img137.imageshack.us.png,official game: screenshot (RuneScape 2),RS2 client screenshot from img137.imageshack.us. Embedded in: Chrisrose100 Couple Pk's Cba To Post Loads - Runescape Community (https://web.archive.org/web/20060828232036/http://www.runescapecommunity.com:80/index.php?showtopic=624633).,,,2006-08-13,20060907001155,http://img137.imageshack.us/img137/7117/evilelvesrl3.png,https://web.archive.org/web/20060907001155/http://img137.imageshack.us/img137/7117/evilelvesrl3.png,,146170,93aade555f4264e9005090f5a05306677cad0c85,,
2006/August-13-2006-furyanddhw00txu5-img146.imageshack.us.jpg,official game: screenshot (RuneScape 2),"RS2 client screenshot from img146.imageshack.us. Embedded in: ``!~#~my Best Pks~#~!``purple Phat, 15m Kill. - Runescape Community (https://web.archive.org/web/20060829035617/http://www.runescapecommunity.com:80/index.php?showtopic=622096).",,,2006-08-13,20060924105848,http://img146.imageshack.us/img146/4812/furyanddhw00txu5.jpg,https://web.archive.org/web/20060924105848/http://img146.imageshack.us/img146/4812/furyanddhw00txu5.jpg,,69758,3649f77c377b25494f262da4158540a878bcefe6,,
2006/August-13-2006-koedlmfaoho3-img127.imageshack.us.jpg,official game: screenshot (RuneScape 2),"RS2 client screenshot from img127.imageshack.us. Embedded in: ``!~#~my Best Pks~#~!``purple Phat, 15m Kill. - Runescape Community (https://web.archive.org/web/20060829035617/http://www.runescapecommunity.com:80/index.php?showtopic=622096).",,,2006-08-13,20060904000243,http://img127.imageshack.us/img127/7278/koedlmfaoho3.jpg,https://web.archive.org/web/20060904000243/http://img127.imageshack.us/img127/7278/koedlmfaoho3.jpg,,73895,ec3798b29079acb5de93159c165c6a9fa824f29a,,
2006/August-13-2006-koforwhiped4-img127.imageshack.us.jpg,official game: screenshot (RuneScape 2),"RS2 client screenshot from img127.imageshack.us. Embedded in: ``!~#~my Best Pks~#~!``purple Phat, 15m Kill. - Runescape Community (https://web.archive.org/web/20060829035617/http://www.runescapecommunity.com:80/index.php?showtopic=622096).",,,2006-08-13,20060903191439,http://img127.imageshack.us/img127/7373/koforwhiped4.jpg,https://web.archive.org/web/20060903191439/http://img127.imageshack.us/img127/7373/koforwhiped4.jpg,,74569,c99e5ec34872481f422241e31fd01dcefed78b28,,
2006/August-13-2006-moreahirimskn7-img146.imageshack.us.jpg,official game: screenshot (RuneScape 2),"RS2 client screenshot from img146.imageshack.us. Embedded in: ``!~#~my Best Pks~#~!``purple Phat, 15m Kill. - Runescape Community (https://web.archive.org/web/20060829035617/http://www.runescapecommunity.com:80/index.php?showtopic=622096).",,,2006-08-13,20060925020013,http://img146.imageshack.us/img146/2753/moreahirimskn7.jpg,https://web.archive.org/web/20060925020013/http://img146.imageshack.us/img146/2753/moreahirimskn7.jpg,,82989,b033e00fb575d514cbd28f33a5b0200fca4fdd63,,
2006/August-13-2006-moreahirimswo0tjy2-img236.imageshack.us.jpg,official game: screenshot (RuneScape 2),"RS2 client screenshot from img236.imageshack.us. Embedded in: ``!~#~my Best Pks~#~!``purple Phat, 15m Kill. - Runescape Community (https://web.archive.org/web/20060829035617/http://www.runescapecommunity.com:80/index.php?showtopic=622096).",,,2006-08-13,20060925032211,http://img236.imageshack.us/img236/4642/moreahirimswo0tjy2.jpg,https://web.archive.org/web/20060925032211/http://img236.imageshack.us/img236/4642/moreahirimswo0tjy2.jpg,,75990,b4d33e6702d70c4d23eb5a366c2213a37ac6ee42,,
2006/August-13-2006-morehwhipsformeoc1-img233.imageshack.us.jpg,official game: screenshot (RuneScape 2),"RS2 client screenshot from img233.imageshack.us. Embedded in: ``!~#~my Best Pks~#~!``purple Phat, 15m Kill. - Runescape Community (https://web.archive.org/web/20060829035617/http://www.runescapecommunity.com:80/index.php?showtopic=622096).",,,2006-08-13,20060925144628,http://img233.imageshack.us/img233/3824/morehwhipsformeoc1.jpg,https://web.archive.org/web/20060925144628/http://img233.imageshack.us/img233/3824/morehwhipsformeoc1.jpg,,86775,ace0d7e720e1baa2a04ed78e234601ad7b57f176,,
2006/August-13-2006-moretoragth3-img236.imageshack.us.jpg,official game: screenshot (RuneScape 2),"RS2 client screenshot from img236.imageshack.us. Embedded in: ``!~#~my Best Pks~#~!``purple Phat, 15m Kill. - Runescape Community (https://web.archive.org/web/20060829035617/http://www.runescapecommunity.com:80/index.php?showtopic=622096).",,,2006-08-13,20060922112848,http://img236.imageshack.us/img236/7218/moretoragth3.jpg,https://web.archive.org/web/20060922112848/http://img236.imageshack.us/img236/7218/moretoragth3.jpg,,71481,21b81e79b5e4d88cef6531e61f3d313706319b8e,,
2006/August-13-2006-nowthisownsuj2-img230.imageshack.us.jpg,official game: screenshot (RuneScape 2),"RS2 client screenshot from img230.imageshack.us. Embedded in: ``!~#~my Best Pks~#~!``purple Phat, 15m Kill. - Runescape Community (https://web.archive.org/web/20060829035617/http://www.runescapecommunity.com:80/index.php?showtopic=622096).",,,2006-08-13,20060923041045,http://img230.imageshack.us/img230/7796/nowthisownsuj2.jpg,https://web.archive.org/web/20060923041045/http://img230.imageshack.us/img230/7796/nowthisownsuj2.jpg,,74098,cb0b8678bbb0a5aa52a68c7f95cbf9c4d5bb94a9,,
2006/August-13-2006-ooahirimscj6-img129.imageshack.us.jpg,official game: screenshot (RuneScape 2),"RS2 client screenshot from img129.imageshack.us. Embedded in: ``!~#~my Best Pks~#~!``purple Phat, 15m Kill. - Runescape Community (https://web.archive.org/web/20060829035617/http://www.runescapecommunity.com:80/index.php?showtopic=622096).",,,2006-08-13,20060903182200,http://img129.imageshack.us/img129/9485/ooahirimscj6.jpg,https://web.archive.org/web/20060903182200/http://img129.imageshack.us/img129/9485/ooahirimscj6.jpg,,70520,4d628ce0746a204df15454b4fc3ffbd965891eeb,,
2006/August-13-2006-pmgwhippvm1-img158.imageshack.us.jpg,official game: screenshot (RuneScape 2),"RS2 client screenshot from img158.imageshack.us. Embedded in: ``!~#~my Best Pks~#~!``purple Phat, 15m Kill. - Runescape Community (https://web.archive.org/web/20060829035617/http://www.runescapecommunity.com:80/index.php?showtopic=622096).",,,2006-08-13,20060903200933,http://img158.imageshack.us/img158/614/pmgwhippvm1.jpg,https://web.archive.org/web/20060903200933/http://img158.imageshack.us/img158/614/pmgwhippvm1.jpg,,77982,e444cc03a29b7250c3641fd6812a3fbbed167aec,,
2006/August-13-2006-rangingimpyn9-img129.imageshack.us.jpg,official game: screenshot (RuneScape 2),"RS2 client screenshot from img129.imageshack.us. Embedded in: ``!~#~my Best Pks~#~!``purple Phat, 15m Kill. - Runescape Community (https://web.archive.org/web/20060829035617/http://www.runescapecommunity.com:80/index.php?showtopic=622096).",,,2006-08-13,20060905121125,http://img129.imageshack.us/img129/6018/rangingimpyn9.jpg,https://web.archive.org/web/20060905121125/http://img129.imageshack.us/img129/6018/rangingimpyn9.jpg,,69234,4b4e7d6b1c7e8ae2f84a0003efdd6b497bfb81fc,,
2006/August-13-2006-runescape044-screenshot-img122.imageshack.us.png,official game: screenshot (RuneScape 2),RuneScape client screenshot (uploaded as runescape044ua3.png).,,,2006-08-13,20061207041828,http://img122.imageshack.us:80/img122/6115/runescape044ua3.png,https://web.archive.org/web/20061207041828/http://img122.imageshack.us:80/img122/6115/runescape044ua3.png,,366545,8ac3576e85159453d5ae431723ef4528016fe5be,,
2006/August-13-2006-smartgotownewdqj2-img68.imageshack.us.jpg,official game: screenshot (RuneScape 2),"RS2 client screenshot from img68.imageshack.us. Embedded in: ``!~#~my Best Pks~#~!``purple Phat, 15m Kill. - Runescape Community (https://web.archive.org/web/20060829035617/http://www.runescapecommunity.com:80/index.php?showtopic=622096).",,,2006-08-13,20060905025811,http://img68.imageshack.us/img68/1107/smartgotownewdqj2.jpg,https://web.archive.org/web/20060905025811/http://img68.imageshack.us/img68/1107/smartgotownewdqj2.jpg,,74695,5a602fda80141dd26cb894b84b4b79e21dd5e1e8,,
2006/August-13-2006-stake192848wk7-img73.imageshack.us.png,official game: screenshot (RuneScape 2),RS2 client screenshot from img73.imageshack.us. Embedded in: Mabs Staking Gallery - Runescape Community (https://web.archive.org/web/20060829035736/http://www.runescapecommunity.com:80/index.php?showtopic=625815).,,,2006-08-13,20060903130549,http://img73.imageshack.us/img73/7383/stake192848wk7.png,https://web.archive.org/web/20060903130549/http://img73.imageshack.us/img73/7383/stake192848wk7.png,,128987,474850f9d20c6811e575525d481b549ea18d1b79,,
2006/August-13-2006-whipandobty1-img158.imageshack.us.jpg,official game: screenshot (RuneScape 2),"RS2 client screenshot from img158.imageshack.us. Embedded in: ``!~#~my Best Pks~#~!``purple Phat, 15m Kill. - Runescape Community (https://web.archive.org/web/20060829035617/http://www.runescapecommunity.com:80/index.php?showtopic=622096).",,,2006-08-13,20060903201434,http://img158.imageshack.us/img158/5523/whipandobty1.jpg,https://web.archive.org/web/20060903201434/http://img158.imageshack.us/img158/5523/whipandobty1.jpg,,66321,1d1289f48fc95caae07bc571b3421be8547ae7c9,,
2006/August-13-2006-whipdmrm0-img56.imageshack.us.jpg,official game: screenshot (RuneScape 2),"RS2 client screenshot from img56.imageshack.us. Embedded in: ``!~#~my Best Pks~#~!``purple Phat, 15m Kill. - Runescape Community (https://web.archive.org/web/20060829035617/http://www.runescapecommunity.com:80/index.php?showtopic=622096).",,,2006-08-13,20060905053430,http://img56.imageshack.us/img56/5290/whipdmrm0.jpg,https://web.archive.org/web/20060905053430/http://img56.imageshack.us/img56/5290/whipdmrm0.jpg,,74168,cc898880ea9371e36e00f3250d1b395981825248,,
2006/August-13-2006-whipnumber7xs7-img158.imageshack.us.jpg,official game: screenshot (RuneScape 2),"RS2 client screenshot from img158.imageshack.us. Embedded in: ``!~#~my Best Pks~#~!``purple Phat, 15m Kill. - Runescape Community (https://web.archive.org/web/20060829035617/http://www.runescapecommunity.com:80/index.php?showtopic=622096).",,,2006-08-13,20060904222412,http://img158.imageshack.us/img158/2141/whipnumber7xs7.jpg,https://web.archive.org/web/20060904222412/http://img158.imageshack.us/img158/2141/whipnumber7xs7.jpg,,66910,55cce99cd4bb44aa2d821656b2de3051015b2541,,
2006/August-13-2006-whipodeargo1-img158.imageshack.us.jpg,official game: screenshot (RuneScape 2),"RS2 client screenshot from img158.imageshack.us. Embedded in: ``!~#~my Best Pks~#~!``purple Phat, 15m Kill. - Runescape Community (https://web.archive.org/web/20060829035617/http://www.runescapecommunity.com:80/index.php?showtopic=622096).",,,2006-08-13,20060904222053,http://img158.imageshack.us/img158/3084/whipodeargo1.jpg,https://web.archive.org/web/20060904222053/http://img158.imageshack.us/img158/3084/whipodeargo1.jpg,,73244,1d7e625761398b2a64f501e5714d28f2871a38ad,,
2006/August-13-2006-whippkagainddh7-img141.imageshack.us.png,official game: screenshot (RuneScape 2),RS2 client screenshot from img141.imageshack.us. Embedded in: 30 Minutes Of Pking = 2 Whips For Me =) - Runescape Community (https://web.archive.org/web/20060829035605/http://www.runescapecommunity.com:80/index.php?showtopic=621357).,,,2006-08-13,20060925070625,http://img141.imageshack.us/img141/9457/whippkagainddh7.png,https://web.archive.org/web/20060925070625/http://img141.imageshack.us/img141/9457/whippkagainddh7.png,,142492,3e578518ed040421f16eace404acd1693455bb42,,
2006/August-14-2006-iof2paza4-img80.imageshack.us.png,official game: screenshot (RuneScape 2),RS2 client screenshot from img80.imageshack.us. Embedded in: D I P S 3 T's Aka I Lov Desire's F2p Picture And Video Gallery - Runescape Community (https://web.archive.org/web/20060829035630/http://www.runescapecommunity.com:80/index.php?showtopic=622218).,,,2006-08-14,20060902051544,http://img80.imageshack.us/img80/1909/iof2paza4.png,https://web.archive.org/web/20060902051544/http://img80.imageshack.us/img80/1909/iof2paza4.png,,149734,9fbfb67f33b74da733cbb6271635579c174260a9,,
2006/August-14-2006-iof2pbib8-img80.imageshack.us.png,official game: screenshot (RuneScape 2),RS2 client screenshot from img80.imageshack.us. Embedded in: D I P S 3 T's Aka I Lov Desire's F2p Picture And Video Gallery - Runescape Community (https://web.archive.org/web/20060829035630/http://www.runescapecommunity.com:80/index.php?showtopic=622218).,,,2006-08-14,20060902051559,http://img80.imageshack.us/img80/1913/iof2pbib8.png,https://web.archive.org/web/20060902051559/http://img80.imageshack.us/img80/1913/iof2pbib8.png,,132527,52ce8c22bf129afd50ad43c6d601040c3bd039a6,,
2006/August-14-2006-iof2pcom0-img93.imageshack.us.png,official game: screenshot (RuneScape 2),RS2 client screenshot from img93.imageshack.us. Embedded in: D I P S 3 T's Aka I Lov Desire's F2p Picture And Video Gallery - Runescape Community (https://web.archive.org/web/20060829035630/http://www.runescapecommunity.com:80/index.php?showtopic=622218).,,,2006-08-14,20060904165249,http://img93.imageshack.us/img93/8181/iof2pcom0.png,https://web.archive.org/web/20060904165249/http://img93.imageshack.us/img93/8181/iof2pcom0.png,,151350,7bef1c5ca71e21ed128e3c88932b87844c208abe,,
2006/August-14-2006-iof2pfzn3-img93.imageshack.us.png,official game: screenshot (RuneScape 2),RS2 client screenshot from img93.imageshack.us. Embedded in: D I P S 3 T's Aka I Lov Desire's F2p Picture And Video Gallery - Runescape Community (https://web.archive.org/web/20060829035630/http://www.runescapecommunity.com:80/index.php?showtopic=622218).,,,2006-08-14,20060903225316,http://img93.imageshack.us/img93/1750/iof2pfzn3.png,https://web.archive.org/web/20060903225316/http://img93.imageshack.us/img93/1750/iof2pfzn3.png,,132874,9d183cbc4d7bac5441893bfea0b48e82c31301c3,,
2006/August-14-2006-iof2phbd6-img158.imageshack.us.png,official game: screenshot (RuneScape 2),RS2 client screenshot from img158.imageshack.us. Embedded in: D I P S 3 T's Aka I Lov Desire's F2p Picture And Video Gallery - Runescape Community (https://web.archive.org/web/20060829035630/http://www.runescapecommunity.com:80/index.php?showtopic=622218).,,,2006-08-14,20060904221452,http://img158.imageshack.us/img158/1510/iof2phbd6.png,https://web.archive.org/web/20060904221452/http://img158.imageshack.us/img158/1510/iof2phbd6.png,,129136,97dd97aa0219f04888c1d990d7ee607e0064fa88,,
2006/August-14-2006-jof2p6bma9-img92.imageshack.us.png,official game: screenshot (RuneScape 2),RS2 client screenshot from img92.imageshack.us. Embedded in: D I P S 3 T's Aka I Lov Desire's F2p Picture And Video Gallery - Runescape Community (https://web.archive.org/web/20060829035630/http://www.runescapecommunity.com:80/index.php?showtopic=622218).,,,2006-08-14,20060905034525,http://img92.imageshack.us/img92/5765/jof2p6bma9.png,https://web.archive.org/web/20060905034525/http://img92.imageshack.us/img92/5765/jof2p6bma9.png,,128861,15af2f830c791527ae15f72543da814391c73292,,
2006/August-14-2006-jof2p6fmc2-img65.imageshack.us.png,official game: screenshot (RuneScape 2),RS2 client screenshot from img65.imageshack.us. Embedded in: D I P S 3 T's Aka I Lov Desire's F2p Picture And Video Gallery - Runescape Community (https://web.archive.org/web/20060829035630/http://www.runescapecommunity.com:80/index.php?showtopic=622218).,,,2006-08-14,20060910041759,http://img65.imageshack.us/img65/5494/jof2p6fmc2.png,https://web.archive.org/web/20060910041759/http://img65.imageshack.us/img65/5494/jof2p6fmc2.png,,133268,6e862c439fc9fc600b6cd8978079ada78371f605,,
2006/August-14-2006-jof2p6jkx1-img75.imageshack.us.png,official game: screenshot (RuneScape 2),RS2 client screenshot from img75.imageshack.us. Embedded in: D I P S 3 T's Aka I Lov Desire's F2p Picture And Video Gallery - Runescape Community (https://web.archive.org/web/20060829035630/http://www.runescapecommunity.com:80/index.php?showtopic=622218).,,,2006-08-14,20060831190346,http://img75.imageshack.us/img75/8274/jof2p6jkx1.png,https://web.archive.org/web/20060831190346/http://img75.imageshack.us/img75/8274/jof2p6jkx1.png,,135815,1e251918fd283acaea3266bef180f5353094e60b,,
2006/August-14-2006-jof2p6lel6-img155.imageshack.us.png,official game: screenshot (RuneScape 2),RS2 client screenshot from img155.imageshack.us. Embedded in: D I P S 3 T's Aka I Lov Desire's F2p Picture And Video Gallery - Runescape Community (https://web.archive.org/web/20060829035630/http://www.runescapecommunity.com:80/index.php?showtopic=622218).,,,2006-08-14,20060905020600,http://img155.imageshack.us/img155/208/jof2p6lel6.png,https://web.archive.org/web/20060905020600/http://img155.imageshack.us/img155/208/jof2p6lel6.png,,162386,425851b3c2e211e8fe32eefa577909ab9fe381d8,,
2006/August-14-2006-jof2p6mkq4-img155.imageshack.us.png,official game: screenshot (RuneScape 2),RS2 client screenshot from img155.imageshack.us. Embedded in: D I P S 3 T's Aka I Lov Desire's F2p Picture And Video Gallery - Runescape Community (https://web.archive.org/web/20060829035630/http://www.runescapecommunity.com:80/index.php?showtopic=622218).,,,2006-08-14,20060905020855,http://img155.imageshack.us/img155/9131/jof2p6mkq4.png,https://web.archive.org/web/20060905020855/http://img155.imageshack.us/img155/9131/jof2p6mkq4.png,,138002,13ca8988735fc5d7a8e60b0a6e0e99d3f0cc718a,,
2006/August-14-2006-jof2p6nwi4-img155.imageshack.us.png,official game: screenshot (RuneScape 2),RS2 client screenshot from img155.imageshack.us. Embedded in: D I P S 3 T's Aka I Lov Desire's F2p Picture And Video Gallery - Runescape Community (https://web.archive.org/web/20060829035630/http://www.runescapecommunity.com:80/index.php?showtopic=622218).,,,2006-08-14,20060905020807,http://img155.imageshack.us/img155/4859/jof2p6nwi4.png,https://web.archive.org/web/20060905020807/http://img155.imageshack.us/img155/4859/jof2p6nwi4.png,,156918,32a33354f9a1deb925c71c2f3b657c04de3343bf,,
2006/August-14-2006-jof2p6orz1-img145.imageshack.us.png,official game: screenshot (RuneScape 2),RS2 client screenshot from img145.imageshack.us. Embedded in: D I P S 3 T's Aka I Lov Desire's F2p Picture And Video Gallery - Runescape Community (https://web.archive.org/web/20060829035630/http://www.runescapecommunity.com:80/index.php?showtopic=622218).,,,2006-08-14,20060905022749,http://img145.imageshack.us/img145/249/jof2p6orz1.png,https://web.archive.org/web/20060905022749/http://img145.imageshack.us/img145/249/jof2p6orz1.png,,176841,2c0688c93f9679daa6ceec6e19683c4fcd1e1589,,
2006/August-14-2006-jof2p6phn3-img155.imageshack.us.png,official game: screenshot (RuneScape 2),RS2 client screenshot from img155.imageshack.us. Embedded in: D I P S 3 T's Aka I Lov Desire's F2p Picture And Video Gallery - Runescape Community (https://web.archive.org/web/20060829035630/http://www.runescapecommunity.com:80/index.php?showtopic=622218).,,,2006-08-14,20060905020819,http://img155.imageshack.us/img155/5265/jof2p6phn3.png,https://web.archive.org/web/20060905020819/http://img155.imageshack.us/img155/5265/jof2p6phn3.png,,161983,1a0aa6013ebcc36d6d7af0eb8fe7ec94436a4afd,,
2006/August-14-2006-jof2p6qgu5-img56.imageshack.us.png,official game: screenshot (RuneScape 2),RS2 client screenshot from img56.imageshack.us. Embedded in: D I P S 3 T's Aka I Lov Desire's F2p Picture And Video Gallery - Runescape Community (https://web.archive.org/web/20060829035630/http://www.runescapecommunity.com:80/index.php?showtopic=622218).,,,2006-08-14,20060905053506,http://img56.imageshack.us/img56/1025/jof2p6qgu5.png,https://web.archive.org/web/20060905053506/http://img56.imageshack.us/img56/1025/jof2p6qgu5.png,,145911,b665a3bad68c4180e28db231881afdc3dd380a6b,,
2006/August-14-2006-jof2p6sbg8-img56.imageshack.us.png,official game: screenshot (RuneScape 2),RS2 client screenshot from img56.imageshack.us. Embedded in: D I P S 3 T's Aka I Lov Desire's F2p Picture And Video Gallery - Runescape Community (https://web.archive.org/web/20060829035630/http://www.runescapecommunity.com:80/index.php?showtopic=622218).,,,2006-08-14,20060905053520,http://img56.imageshack.us/img56/1594/jof2p6sbg8.png,https://web.archive.org/web/20060905053520/http://img56.imageshack.us/img56/1594/jof2p6sbg8.png,,179862,dcc439eea71148705ef1b4bf3183d4b4e5c4420e,,
2006/August-14-2006-jof2p6tas9-img68.imageshack.us.png,official game: screenshot (RuneScape 2),RS2 client screenshot from img68.imageshack.us. Embedded in: D I P S 3 T's Aka I Lov Desire's F2p Picture And Video Gallery - Runescape Community (https://web.archive.org/web/20060829035630/http://www.runescapecommunity.com:80/index.php?showtopic=622218).,,,2006-08-14,20060905213834,http://img68.imageshack.us/img68/6648/jof2p6tas9.png,https://web.archive.org/web/20060905213834/http://img68.imageshack.us/img68/6648/jof2p6tas9.png,,141879,f791ecbfcb4a0793c5194979160fd056d9fde732,,
2006/August-14-2006-kof2p4aoy3-img65.imageshack.us.png,official game: screenshot (RuneScape 2),RS2 client screenshot from img65.imageshack.us. Embedded in: D I P S 3 T's Aka I Lov Desire's F2p Picture And Video Gallery - Runescape Community (https://web.archive.org/web/20060829035630/http://www.runescapecommunity.com:80/index.php?showtopic=622218).,,,2006-08-14,20060910113648,http://img65.imageshack.us/img65/9159/kof2p4aoy3.png,https://web.archive.org/web/20060910113648/http://img65.imageshack.us/img65/9159/kof2p4aoy3.png,,165051,ea4b4fac812211dac459b30d5bccfd52ac74d0a0,,
2006/August-14-2006-kof2p4hha1-img159.imageshack.us.png,official game: screenshot (RuneScape 2),RS2 client screenshot from img159.imageshack.us. Embedded in: D I P S 3 T's Aka I Lov Desire's F2p Picture And Video Gallery - Runescape Community (https://web.archive.org/web/20060829035630/http://www.runescapecommunity.com:80/index.php?showtopic=622218).,,,2006-08-14,20060907024654,http://img159.imageshack.us/img159/3180/kof2p4hha1.png,https://web.archive.org/web/20060907024654/http://img159.imageshack.us/img159/3180/kof2p4hha1.png,,136978,fded2291b658887a3104daa43ac6d67652c29a6d,,
2006/August-14-2006-kof2p4jan1-img140.imageshack.us.png,official game: screenshot (RuneScape 2),RS2 client screenshot from img140.imageshack.us. Embedded in: D I P S 3 T's Aka I Lov Desire's F2p Picture And Video Gallery - Runescape Community (https://web.archive.org/web/20060829035630/http://www.runescapecommunity.com:80/index.php?showtopic=622218).,,,2006-08-14,20060925025711,http://img140.imageshack.us/img140/5019/kof2p4jan1.png,https://web.archive.org/web/20060925025711/http://img140.imageshack.us/img140/5019/kof2p4jan1.png,,153482,19c07c905204e409bdf1bcde2e9b992d3b133348,,
2006/August-14-2006-kof2p4kyn6-img140.imageshack.us.png,official game: screenshot (RuneScape 2),RS2 client screenshot from img140.imageshack.us. Embedded in: D I P S 3 T's Aka I Lov Desire's F2p Picture And Video Gallery - Runescape Community (https://web.archive.org/web/20060829035630/http://www.runescapecommunity.com:80/index.php?showtopic=622218).,,,2006-08-14,20060924184925,http://img140.imageshack.us/img140/3456/kof2p4kyn6.png,https://web.archive.org/web/20060924184925/http://img140.imageshack.us/img140/3456/kof2p4kyn6.png,,146056,ca1c7e4a86c17dca1d65fbdcd8e944181afb401c,,
2006/August-14-2006-kof2p4ljq6-img80.imageshack.us.png,official game: screenshot (RuneScape 2),RS2 client screenshot from img80.imageshack.us. Embedded in: D I P S 3 T's Aka I Lov Desire's F2p Picture And Video Gallery - Runescape Community (https://web.archive.org/web/20060829035630/http://www.runescapecommunity.com:80/index.php?showtopic=622218).,,,2006-08-14,20060902053545,http://img80.imageshack.us/img80/8549/kof2p4ljq6.png,https://web.archive.org/web/20060902053545/http://img80.imageshack.us/img80/8549/kof2p4ljq6.png,,131280,f31ef6935694f943aed2d2f5c009aac271afa901,,
2006/August-14-2006-kof2p4mns5-img136.imageshack.us.png,official game: screenshot (RuneScape 2),RS2 client screenshot from img136.imageshack.us. Embedded in: D I P S 3 T's Aka I Lov Desire's F2p Picture And Video Gallery - Runescape Community (https://web.archive.org/web/20060829035630/http://www.runescapecommunity.com:80/index.php?showtopic=622218).,,,2006-08-14,20060925202508,http://img136.imageshack.us/img136/1382/kof2p4mns5.png,https://web.archive.org/web/20060925202508/http://img136.imageshack.us/img136/1382/kof2p4mns5.png,,154954,7851b367c73ad3efd26373b6034fe0969443acc3,,
2006/August-14-2006-stake2222921je0-img129.imageshack.us.png,official game: screenshot (RuneScape 2),RS2 client screenshot from img129.imageshack.us. Embedded in: Mabs Staking Gallery - Runescape Community (https://web.archive.org/web/20060829035736/http://www.runescapecommunity.com:80/index.php?showtopic=625815).,,,2006-08-14,20060906074112,http://img129.imageshack.us/img129/2828/stake2222921je0.png,https://web.archive.org/web/20060906074112/http://img129.imageshack.us/img129/2828/stake2222921je0.png,,131609,65211ab3eddb1cd358871a215b3b20c2c44ab0ec,,
2006/August-14-2006-stake2223407wp6-img129.imageshack.us.png,official game: screenshot (RuneScape 2),RS2 client screenshot from img129.imageshack.us. Embedded in: Mabs Staking Gallery - Runescape Community (https://web.archive.org/web/20060829035736/http://www.runescapecommunity.com:80/index.php?showtopic=625815).,,,2006-08-14,20060915165202,http://img129.imageshack.us/img129/2413/stake2223407wp6.png,https://web.archive.org/web/20060915165202/http://img129.imageshack.us/img129/2413/stake2223407wp6.png,,132046,de290c398f15a8afe9e6b76d425b9d1810438002,,
2006/August-14-2006-stake222722kw2-img129.imageshack.us.png,official game: screenshot (RuneScape 2),RS2 client screenshot from img129.imageshack.us. Embedded in: Mabs Staking Gallery - Runescape Community (https://web.archive.org/web/20060829035736/http://www.runescapecommunity.com:80/index.php?showtopic=625815).,,,2006-08-14,20060915165102,http://img129.imageshack.us/img129/8656/stake222722kw2.png,https://web.archive.org/web/20060915165102/http://img129.imageshack.us/img129/8656/stake222722kw2.png,,136540,1f730c194f2f1d2c6dbcce25204b4a59e5b1a025,,
2006/August-15-2006-stake2095055tg1-img81.imageshack.us.png,official game: screenshot (RuneScape 2),RS2 client screenshot from img81.imageshack.us. Embedded in: Mabs Staking Gallery - Runescape Community (https://web.archive.org/web/20060829035736/http://www.runescapecommunity.com:80/index.php?showtopic=625815).,,,2006-08-15,20060904101857,http://img81.imageshack.us/img81/3721/stake2095055tg1.png,https://web.archive.org/web/20060904101857/http://img81.imageshack.us/img81/3721/stake2095055tg1.png,,130326,15fc20d8e00929b5df92f35e26723e57d8dc1bd0,,
2006/August-15-2006-stake3222407wr7-img158.imageshack.us.png,official game: screenshot (RuneScape 2),RS2 client screenshot from img158.imageshack.us. Embedded in: Mabs Staking Gallery - Runescape Community (https://web.archive.org/web/20060829035736/http://www.runescapecommunity.com:80/index.php?showtopic=625815).,,,2006-08-15,20060905093010,http://img158.imageshack.us/img158/6628/stake3222407wr7.png,https://web.archive.org/web/20060905093010/http://img158.imageshack.us/img158/6628/stake3222407wr7.png,,135335,31587f8e485317d04923dfd4369ac30eaa55aff8,,
2006/August-15-2006-stake3222612hb5-img106.imageshack.us.png,official game: screenshot (RuneScape 2),RS2 client screenshot from img106.imageshack.us. Embedded in: Mabs Staking Gallery - Runescape Community (https://web.archive.org/web/20060829035736/http://www.runescapecommunity.com:80/index.php?showtopic=625815).,,,2006-08-15,20060904163808,http://img106.imageshack.us/img106/4744/stake3222612hb5.png,https://web.archive.org/web/20060904163808/http://img106.imageshack.us/img106/4744/stake3222612hb5.png,,133552,8459957e46dd608e7e50e80ddd8d645ca393b76f,,
2006/August-15-2006-warsbankfb0-img529.imageshack.us.png,official game: screenshot (RuneScape 2),RS2 client screenshot from img529.imageshack.us. Embedded in: 30 Minutes Of Pking = 2 Whips For Me =) - Runescape Community (https://web.archive.org/web/20060829035605/http://www.runescapecommunity.com:80/index.php?showtopic=621357).,,,2006-08-15,20060924073917,http://img529.imageshack.us/img529/2410/warsbankfb0.png,https://web.archive.org/web/20060924073917/http://img529.imageshack.us/img529/2410/warsbankfb0.png,,144136,cace97db3c1baf4c4ac3df6e0f9d9c2ae8ea5747,,
2006/August-16-2006-06aug16180147tl6-img115.imageshack.us.png,official game: screenshot (RuneScape 2),RS2 client screenshot from img115.imageshack.us. Embedded in: New Pure In Progress - Runescape Community (https://web.archive.org/web/20061213223321/http://www.runescapecommunity.com:80/index.php?showtopic=588611).,,,2006-08-16,20070102065824,http://img115.imageshack.us/img115/4041/06aug16180147tl6.png,https://web.archive.org/web/20070102065824/http://img115.imageshack.us/img115/4041/06aug16180147tl6.png,,144411,e876f447201809a18525d587945afd2db126de38,,
2006/August-16-2006-22718013870-screenshot-f10.putfile.com.png,official game: screenshot (RuneScape 2),RuneScape client screenshot (uploaded as 22718013870.png).,,,2006-08-16,20070225114911,http://f10.putfile.com:80/thumb/8/22718013870.png,https://web.archive.org/web/20070225114911/http://f10.putfile.com:80/thumb/8/22718013870.png,,42165,c2cb69ebee7db780b3ade1fb56cf5879f9819db4,,
2006/August-16-2006-69kirikuru-ast-fast.com.jpg,official game: screenshot (RuneScape 2),RS2 client screenshot from ast-fast.com. Embedded in: Today's Kills - Runescape Community (https://web.archive.org/web/20060828232103/http://www.runescapecommunity.com:80/index.php?showtopic=624724).,,,2006-08-16,20060923230650,http://www.ast-fast.com/rs/16.8.2006/69kirikuru.jpg,https://web.archive.org/web/20060923230650/http://www.ast-fast.com/rs/16.8.2006/69kirikuru.jpg,,335504,fb8a1c018e9861133cb18f6390488a8982268b20,,
2006/August-16-2006-bbs1aw1-img79.imageshack.us.png,official game: screenshot (RuneScape 2),"RS2 client screenshot from img79.imageshack.us. Embedded in: You Stakers Got ""boyd"" By O O Alex 0 0 (big Wins) - Runescape Community (https://web.archive.org/web/20060829035654/http://www.runescapecommunity.com:80/index.php?showtopic=624517).",,,2006-08-16,20060902045600,http://img79.imageshack.us/img79/4757/bbs1aw1.png,https://web.archive.org/web/20060902045600/http://img79.imageshack.us/img79/4757/bbs1aw1.png,,747499,e10c93887eacd39fdbf685e1d53355b317a16455,,
2006/August-16-2006-bbs3qc5-img79.imageshack.us.png,official game: screenshot (RuneScape 2),"RS2 client screenshot from img79.imageshack.us. Embedded in: You Stakers Got ""boyd"" By O O Alex 0 0 (big Wins) - Runescape Community (https://web.archive.org/web/20060829035654/http://www.runescapecommunity.com:80/index.php?showtopic=624517).",,,2006-08-16,20060902045458,http://img79.imageshack.us/img79/1295/bbs3qc5.png,https://web.archive.org/web/20060902045458/http://img79.imageshack.us/img79/1295/bbs3qc5.png,,697271,aede2fd03cca38b2ab56318ca0c0505ad35c9d5b,,
2006/August-16-2006-bubaldea-ast-fast.com.jpg,official game: screenshot (RuneScape 2),RS2 client screenshot from ast-fast.com. Embedded in: Today's Kills - Runescape Community (https://web.archive.org/web/20060828232103/http://www.runescapecommunity.com:80/index.php?showtopic=624724).,,,2006-08-16,20060924134305,http://www.ast-fast.com/rs/16.8.2006/Bubaldea.jpg,https://web.archive.org/web/20060924134305/http://www.ast-fast.com/rs/16.8.2006/Bubaldea.jpg,,304092,481353b7b10c86d0f1bf9db7150988ac8e3f7b11,,
2006/August-16-2006-chris-ric-ast-fast.com.jpg,official game: screenshot (RuneScape 2),RS2 client screenshot from ast-fast.com. Embedded in: Today's Kills - Runescape Community (https://web.archive.org/web/20060828232103/http://www.runescapecommunity.com:80/index.php?showtopic=624724).,,,2006-08-16,20060922122025,http://www.ast-fast.com/rs/16.8.2006/Chris%20Ric.jpg,https://web.archive.org/web/20060922122025/http://www.ast-fast.com/rs/16.8.2006/Chris%20Ric.jpg,,326119,3002371fd4a67d44da1cab7cc70999fc7b1497da,,
2006/August-16-2006-cool-bunny-ast-fast.com.jpg,official game: screenshot (RuneScape 2),RS2 client screenshot from ast-fast.com. Embedded in: Today's Kills - Runescape Community (https://web.archive.org/web/20060828232103/http://www.runescapecommunity.com:80/index.php?showtopic=624724).,,,2006-08-16,20060923230714,http://www.ast-fast.com/rs/16.8.2006/Cool%20Bunny.jpg,https://web.archive.org/web/20060923230714/http://www.ast-fast.com/rs/16.8.2006/Cool%20Bunny.jpg,,349327,8ebf2175298b3895fd7ff614498116596b14f5d0,,
2006/August-16-2006-gorddock-ast-fast.com.jpg,official game: screenshot (RuneScape 2),RS2 client screenshot from ast-fast.com. Embedded in: Today's Kills - Runescape Community (https://web.archive.org/web/20060828232103/http://www.runescapecommunity.com:80/index.php?showtopic=624724).,,,2006-08-16,20060924134345,http://www.ast-fast.com/rs/16.8.2006/Gorddock.jpg,https://web.archive.org/web/20060924134345/http://www.ast-fast.com/rs/16.8.2006/Gorddock.jpg,,345156,2acaa5e2fd98d9b16d21f59606ee61db86ff8ee1,,
2006/August-16-2006-lynx-sabre-ast-fast.com.jpg,official game: screenshot (RuneScape 2),RS2 client screenshot from ast-fast.com. Embedded in: Today's Kills - Runescape Community (https://web.archive.org/web/20060828232103/http://www.runescapecommunity.com:80/index.php?showtopic=624724).,,,2006-08-16,20060922122139,http://www.ast-fast.com/rs/16.8.2006/Lynx%20%20Sabre.jpg,https://web.archive.org/web/20060922122139/http://www.ast-fast.com/rs/16.8.2006/Lynx%20%20Sabre.jpg,,341748,62f0cbb15d17e9cd3b1037a2ab66a455cc01b093,,
2006/August-16-2006-matt6923-ast-fast.com.jpg,official game: screenshot (RuneScape 2),RS2 client screenshot from ast-fast.com. Embedded in: Today's Kills - Runescape Community (https://web.archive.org/web/20060828232103/http://www.runescapecommunity.com:80/index.php?showtopic=624724).,,,2006-08-16,20060923230701,http://www.ast-fast.com/rs/16.8.2006/Matt6923.jpg,https://web.archive.org/web/20060923230701/http://www.ast-fast.com/rs/16.8.2006/Matt6923.jpg,,316002,c349ccf1beae314adb21f6bbce2eb095bf50e3b9,,
2006/August-16-2006-pk2vw4-img137.imageshack.us.png,official game: screenshot (RuneScape 2),RS2 client screenshot from img137.imageshack.us. Embedded in: New Pker With Pictures (who Needs Attack?)(updated Aug 21) - Runescape Community (https://web.archive.org/web/20060828232107/http://www.runescapecommunity.com:80/index.php?showtopic=624977).,,,2006-08-16,20060909150922,http://img137.imageshack.us/img137/3016/pk2vw4.png,https://web.archive.org/web/20060909150922/http://img137.imageshack.us/img137/3016/pk2vw4.png,,139691,ba23336992db9ad0f50ff6755b1c2491ec9c235c,,
2006/August-16-2006-pk4pk2-img104.imageshack.us.png,official game: screenshot (RuneScape 2),RS2 client screenshot from img104.imageshack.us. Embedded in: New Pker With Pictures (who Needs Attack?)(updated Aug 21) - Runescape Community (https://web.archive.org/web/20060828232107/http://www.runescapecommunity.com:80/index.php?showtopic=624977).,,,2006-08-16,20060905084312,http://img104.imageshack.us/img104/5731/pk4pk2.png,https://web.archive.org/web/20060905084312/http://img104.imageshack.us/img104/5731/pk4pk2.png,,143982,67504b5371c95dfa220d28893a6dcbe8665331f1,,
2006/August-16-2006-rybka40-ast-fast.com.jpg,official game: screenshot (RuneScape 2),RS2 client screenshot from ast-fast.com. Embedded in: Today's Kills - Runescape Community (https://web.archive.org/web/20060828232103/http://www.runescapecommunity.com:80/index.php?showtopic=624724).,,,2006-08-16,20060924134224,http://www.ast-fast.com/rs/16.8.2006/Rybka40.jpg,https://web.archive.org/web/20060924134224/http://www.ast-fast.com/rs/16.8.2006/Rybka40.jpg,,348182,3888163fb3c0778522f1749aa90a3d651e86c55b,,
2006/August-16-2006-twixinthemi0-ast-fast.com.jpg,official game: screenshot (RuneScape 2),RS2 client screenshot from ast-fast.com. Embedded in: Today's Kills - Runescape Community (https://web.archive.org/web/20060828232103/http://www.runescapecommunity.com:80/index.php?showtopic=624724).,,,2006-08-16,20060922122150,http://www.ast-fast.com/rs/16.8.2006/Twixinthemi0.jpg,https://web.archive.org/web/20060922122150/http://www.ast-fast.com/rs/16.8.2006/Twixinthemi0.jpg,,341663,a2f8e12d3756be525ae8bead8aa79e08ed1d7e04,,
2006/August-16-2006-w3751-ast-fast.com.jpg,official game: screenshot (RuneScape 2),RS2 client screenshot from ast-fast.com. Embedded in: Today's Kills - Runescape Community (https://web.archive.org/web/20060828232103/http://www.runescapecommunity.com:80/index.php?showtopic=624724).,,,2006-08-16,20060923230353,http://www.ast-fast.com/rs/16.8.2006/W3751.jpg,https://web.archive.org/web/20060923230353/http://www.ast-fast.com/rs/16.8.2006/W3751.jpg,,356833,503bc3c46fa7fcabbaa4e4c3fef621253821cf5a,,
2006/August-17-2006-16finnalddefeatsamishgiglo160806hh1-img98.imageshack.us.png,official game: screenshot (RuneScape 2),"RS2 client screenshot. Posted in the forum thread ""Finnald's 200m Gallery - Runescape Community"".",,,2006-08-17,20060905095241,http://img98.imageshack.us/img98/94/16finnalddefeatsamishgiglo160806hh1.png,https://web.archive.org/web/20060905095241/http://img98.imageshack.us/img98/94/16finnalddefeatsamishgiglo160806hh1.png,https://web.archive.org/web/20060829035356/http://www.runescapecommunity.com:80/index.php?showtopic=552921,126283,1a62af1915b26b2e6d251caf514be0d23c1ac721,,
2006/August-17-2006-16finnalddefeatsdarckeagle170806wj7-img65.imageshack.us.png,official game: screenshot (RuneScape 2),"RS2 client screenshot. Posted in the forum thread ""Finnald's 200m Gallery - Runescape Community"".",,,2006-08-17,20060903212953,http://img65.imageshack.us/img65/1359/16finnalddefeatsdarckeagle170806wj7.png,https://web.archive.org/web/20060903212953/http://img65.imageshack.us/img65/1359/16finnalddefeatsdarckeagle170806wj7.png,https://web.archive.org/web/20060829035356/http://www.runescapecommunity.com:80/index.php?showtopic=552921,125074,67834a0fa9cb0b1820652f68ba17586c9aa693a8,,
2006/August-17-2006-edgy10js4-img155.imageshack.us.png,official game: screenshot (RuneScape 2),RS2 client screenshot from img155.imageshack.us. Embedded in: ~~baranged Gallery 3~~ - Runescape Community (https://web.archive.org/web/20060828232123/http://www.runescapecommunity.com:80/index.php?showtopic=625112).,,,2006-08-17,20060906052017,http://img155.imageshack.us/img155/8076/edgy10js4.png,https://web.archive.org/web/20060906052017/http://img155.imageshack.us/img155/8076/edgy10js4.png,,137051,d6bfe3b6b893fd40937d53119ee87831de13d3c7,,
2006/August-17-2006-edgydungeon10wy4-img155.imageshack.us.png,official game: screenshot (RuneScape 2),RS2 client screenshot from img155.imageshack.us. Embedded in: ~~baranged Gallery 3~~ - Runescape Community (https://web.archive.org/web/20060828232123/http://www.runescapecommunity.com:80/index.php?showtopic=625112).,,,2006-08-17,20060907103024,http://img155.imageshack.us/img155/9509/edgydungeon10wy4.png,https://web.archive.org/web/20060907103024/http://img155.imageshack.us/img155/9509/edgydungeon10wy4.png,,156758,801d57e932402298af2eb7c96910084e141ff038,,
2006/August-17-2006-edgydungeon8at9-img95.imageshack.us.png,official game: screenshot (RuneScape 2),RS2 client screenshot from img95.imageshack.us. Embedded in: ~~baranged Gallery 3~~ - Runescape Community (https://web.archive.org/web/20060828232123/http://www.runescapecommunity.com:80/index.php?showtopic=625112).,,,2006-08-17,20060906054238,http://img95.imageshack.us/img95/6058/edgydungeon8at9.png,https://web.archive.org/web/20060906054238/http://img95.imageshack.us/img95/6058/edgydungeon8at9.png,,162478,fab47446f002ff404b0c15a5a2f45bb400f1020d,,
2006/August-17-2006-noobyx6-img160.imageshack.us.png,official game: screenshot (RuneScape 2),RS2 client screenshot from img160.imageshack.us. Embedded in: Hmm Dunno If This Is Allowed Here? - Runescape Community (https://web.archive.org/web/20060829041246/http://www.runescapecommunity.com:80/index.php?showtopic=624789&amp;view=getnewpost).,,,2006-08-17,20060915014948,http://img160.imageshack.us/img160/2962/noobyx6.png,https://web.archive.org/web/20060915014948/http://img160.imageshack.us/img160/2962/noobyx6.png,,145629,25b7b6bafbd3a105c0361c1730d4eca18d0d8e6d,,
2006/August-18-2006-pk6lj3-img145.imageshack.us.png,official game: screenshot (RuneScape 2),RS2 client screenshot from img145.imageshack.us. Embedded in: New Pker With Pictures (who Needs Attack?)(updated Aug 21) - Runescape Community (https://web.archive.org/web/20060828232107/http://www.runescapecommunity.com:80/index.php?showtopic=624977).,,,2006-08-18,20060905021816,http://img145.imageshack.us/img145/1746/pk6lj3.png,https://web.archive.org/web/20060905021816/http://img145.imageshack.us/img145/1746/pk6lj3.png,,123957,49f11ea7a2b3763bc76a775dfc8015d46a897756,,
2006/August-18-2006-stake4101040pq7-img91.imageshack.us.png,official game: screenshot (RuneScape 2),RS2 client screenshot from img91.imageshack.us. Embedded in: Mabs Staking Gallery - Runescape Community (https://web.archive.org/web/20060829035736/http://www.runescapecommunity.com:80/index.php?showtopic=625815).,,,2006-08-18,20060904103347,http://img91.imageshack.us/img91/7250/stake4101040pq7.png,https://web.archive.org/web/20060904103347/http://img91.imageshack.us/img91/7250/stake4101040pq7.png,,129268,c8e367556cafac1a90a15bfe2b51bc3209534f43,,
2006/August-18-2006-stake4112348pe7-img91.imageshack.us.png,official game: screenshot (RuneScape 2),RS2 client screenshot from img91.imageshack.us. Embedded in: Mabs Staking Gallery - Runescape Community (https://web.archive.org/web/20060829035736/http://www.runescapecommunity.com:80/index.php?showtopic=625815).,,,2006-08-18,20060904102802,http://img91.imageshack.us/img91/773/stake4112348pe7.png,https://web.archive.org/web/20060904102802/http://img91.imageshack.us/img91/773/stake4112348pe7.png,,128293,28065bd5d89c64595847fd96cf27f6e38c9de705,,
2006/August-18-2006-stake4113514kw0-img91.imageshack.us.png,official game: screenshot (RuneScape 2),RS2 client screenshot from img91.imageshack.us. Embedded in: Mabs Staking Gallery - Runescape Community (https://web.archive.org/web/20060829035736/http://www.runescapecommunity.com:80/index.php?showtopic=625815).,,,2006-08-18,20060904103323,http://img91.imageshack.us/img91/6555/stake4113514kw0.png,https://web.archive.org/web/20060904103323/http://img91.imageshack.us/img91/6555/stake4113514kw0.png,,132422,37ffae759e23a40b70e24491799b22c88e23d4e3,,
2006/August-18-2006-stake4113719lg2-img91.imageshack.us.png,official game: screenshot (RuneScape 2),RS2 client screenshot from img91.imageshack.us. Embedded in: Mabs Staking Gallery - Runescape Community (https://web.archive.org/web/20060829035736/http://www.runescapecommunity.com:80/index.php?showtopic=625815).,,,2006-08-18,20060904103335,http://img91.imageshack.us/img91/6967/stake4113719lg2.png,https://web.archive.org/web/20060904103335/http://img91.imageshack.us/img91/6967/stake4113719lg2.png,,128808,b69e8da6d28e7cd4aa7c9f803106d33bde9460a2,,
2006/August-18-2006-stake4115834qf5-img91.imageshack.us.png,official game: screenshot (RuneScape 2),RS2 client screenshot from img91.imageshack.us. Embedded in: Mabs Staking Gallery - Runescape Community (https://web.archive.org/web/20060829035736/http://www.runescapecommunity.com:80/index.php?showtopic=625815).,,,2006-08-18,20060904103411,http://img91.imageshack.us/img91/7462/stake4115834qf5.png,https://web.archive.org/web/20060904103411/http://img91.imageshack.us/img91/7462/stake4115834qf5.png,,129773,81d2e9eff6d987dd1c9a8c67c3e04973ff2f6196,,
2006/August-18-2006-stake4120122qt7-img91.imageshack.us.png,official game: screenshot (RuneScape 2),RS2 client screenshot from img91.imageshack.us. Embedded in: Mabs Staking Gallery - Runescape Community (https://web.archive.org/web/20060829035736/http://www.runescapecommunity.com:80/index.php?showtopic=625815).,,,2006-08-18,20060904103311,http://img91.imageshack.us/img91/6174/stake4120122qt7.png,https://web.archive.org/web/20060904103311/http://img91.imageshack.us/img91/6174/stake4120122qt7.png,,131463,e0b8977487063a168f798768b289f760b999c257,,
2006/August-18-2006-stake4154133oa3-img91.imageshack.us.png,official game: screenshot (RuneScape 2),RS2 client screenshot from img91.imageshack.us. Embedded in: Mabs Staking Gallery - Runescape Community (https://web.archive.org/web/20060829035736/http://www.runescapecommunity.com:80/index.php?showtopic=625815).,,,2006-08-18,20060904103115,http://img91.imageshack.us/img91/3906/stake4154133oa3.png,https://web.archive.org/web/20060904103115/http://img91.imageshack.us/img91/3906/stake4154133oa3.png,,134032,9a2f66c19439a8eb85b79af9184bdeb9e6bafcc5,,
2006/August-18-2006-up-bmp-usera.imagecave.com.jpg,official game: screenshot (RuneScape 2),RS2 client screenshot from usera.imagecave.com. Embedded in: A Day Of Staking - Runescape Community (https://web.archive.org/web/20060829035706/http://www.runescapecommunity.com:80/index.php?showtopic=625581).,,,2006-08-18,20060921085150,http://usera.imagecave.com/blif42/up.bmp.jpg,https://web.archive.org/web/20060921085150/http://usera.imagecave.com/blif42/up.bmp.jpg,,51140,c5b6fb730dcdaed72ccadc5a1fe41bf6a6c73f5c,,
2006/August-2-2006-06aug02020132bg2-img158.imageshack.us.png,official game: screenshot (RuneScape 2),RS2 client screenshot from img158.imageshack.us. Embedded in: Xcalibur57's Pking Gallery:-)updated August 10th. - Runescape Community (https://web.archive.org/web/20060829040302/http://www.runescapecommunity.com:80/index.php?showtopic=595805&amp;st=0).,,,2006-08-02,20060905165934,http://img158.imageshack.us/img158/3184/06aug02020132bg2.png,https://web.archive.org/web/20060905165934/http://img158.imageshack.us/img158/3184/06aug02020132bg2.png,,139123,abcbed766084eab2bc322946ed21ef0877236f5e,,
2006/August-20-2006-akillwithallainceuz2-img68.imageshack.us.png,official game: screenshot (RuneScape 2),RS2 client screenshot from img68.imageshack.us. Embedded in: 30 Minutes Of Pking = 2 Whips For Me =) - Runescape Community (https://web.archive.org/web/20060829035605/http://www.runescapecommunity.com:80/index.php?showtopic=621357).,,,2006-08-20,20060905030042,http://img68.imageshack.us/img68/2778/akillwithallainceuz2.png,https://web.archive.org/web/20060905030042/http://img68.imageshack.us/img68/2778/akillwithallainceuz2.png,,146338,42285702066fd2585c847da69a1254acfc103e46,,
2006/August-20-2006-killedconker1992hl8-img68.imageshack.us.png,official game: screenshot (RuneScape 2),RS2 client screenshot from img68.imageshack.us. Embedded in: 30 Minutes Of Pking = 2 Whips For Me =) - Runescape Community (https://web.archive.org/web/20060829035605/http://www.runescapecommunity.com:80/index.php?showtopic=621357).,,,2006-08-20,20060905102045,http://img68.imageshack.us/img68/7326/killedconker1992hl8.png,https://web.archive.org/web/20060905102045/http://img68.imageshack.us/img68/7326/killedconker1992hl8.png,,155616,f9a645b66875fc15eadc32923b91ff71c9a1fe44,,
2006/August-20-2006-killedyeteemanzn7-img243.imageshack.us.png,official game: screenshot (RuneScape 2),RS2 client screenshot from img243.imageshack.us. Embedded in: 30 Minutes Of Pking = 2 Whips For Me =) - Runescape Community (https://web.archive.org/web/20060829035605/http://www.runescapecommunity.com:80/index.php?showtopic=621357).,,,2006-08-20,20060923205646,http://img243.imageshack.us/img243/7059/killedyeteemanzn7.png,https://web.archive.org/web/20060923205646/http://img243.imageshack.us/img243/7059/killedyeteemanzn7.png,,139552,cea6deec1198b745cd68b085d203354cb78ece9c,,
2006/August-20-2006-pk11sj6-img81.imageshack.us.png,official game: screenshot (RuneScape 2),RS2 client screenshot from img81.imageshack.us. Embedded in: New Pker With Pictures (who Needs Attack?)(updated Aug 21) - Runescape Community (https://web.archive.org/web/20060828232107/http://www.runescapecommunity.com:80/index.php?showtopic=624977).,,,2006-08-20,20060905164442,http://img81.imageshack.us/img81/6718/pk11sj6.png,https://web.archive.org/web/20060905164442/http://img81.imageshack.us/img81/6718/pk11sj6.png,,170939,86ee228fdf9d674fab6a770da20c198d24630fb1,,
2006/August-21-2006-killerilsaldurob5-img101.imageshack.us.png,official game: screenshot (RuneScape 2),RS2 client screenshot from img101.imageshack.us. Embedded in: 30 Minutes Of Pking = 2 Whips For Me =) - Runescape Community (https://web.archive.org/web/20060829035605/http://www.runescapecommunity.com:80/index.php?showtopic=621357).,,,2006-08-21,20060927190955,http://img101.imageshack.us/img101/9194/killerilsaldurob5.png,https://web.archive.org/web/20060927190955/http://img101.imageshack.us/img101/9194/killerilsaldurob5.png,,143350,cb94659022d8aa9564d29bc45bb410695664a471,,
2006/August-21-2006-pk14ni4-img82.imageshack.us.png,official game: screenshot (RuneScape 2),RS2 client screenshot from img82.imageshack.us. Embedded in: New Pker With Pictures (who Needs Attack?)(updated Aug 21) - Runescape Community (https://web.archive.org/web/20060828232107/http://www.runescapecommunity.com:80/index.php?showtopic=624977).,,,2006-08-21,20060831183827,http://img82.imageshack.us/img82/5407/pk14ni4.png,https://web.archive.org/web/20060831183827/http://img82.imageshack.us/img82/5407/pk14ni4.png,,154135,b4071c4da550623812dfc5ea4d8d9432ad458f9a,,
2006/August-24-2006-killeddjipyxg6-img214.imageshack.us.png,official game: screenshot (RuneScape 2),RS2 client screenshot from img214.imageshack.us. Embedded in: 30 Minutes Of Pking = 2 Whips For Me =) - Runescape Community (https://web.archive.org/web/20060829035605/http://www.runescapecommunity.com:80/index.php?showtopic=621357).,,,2006-08-24,20060924161927,http://img214.imageshack.us/img214/7001/killeddjipyxg6.png,https://web.archive.org/web/20060924161927/http://img214.imageshack.us/img214/7001/killeddjipyxg6.png,,158989,8dc820b1aba388f77a05264d7f42ed0acab1144f,,
2006/August-26-2006-deaths27ri5-img103.imageshack.us.png,official game: screenshot (RuneScape 2),RS2 client screenshot from img103.imageshack.us. Embedded in: Arch3r's ~0wn4g3~ Gallery ! - Runescape Community (https://web.archive.org/web/20060829035507/http://www.runescapecommunity.com:80/index.php?showtopic=608491).,,,2006-08-26,20060904072951,http://img103.imageshack.us/img103/6549/deaths27ri5.png,https://web.archive.org/web/20060904072951/http://img103.imageshack.us/img103/6549/deaths27ri5.png,,136481,d75271ade823a1b6bafcc8edd4f273650f8ce11d,,
2006/August-26-2006-runescimnr33as6-img103.imageshack.us.png,official game: screenshot (RuneScape 2),RS2 client screenshot from img103.imageshack.us. Embedded in: Arch3r's ~0wn4g3~ Gallery ! - Runescape Community (https://web.archive.org/web/20060829035507/http://www.runescapecommunity.com:80/index.php?showtopic=608491).,,,2006-08-26,20060904074934,http://img103.imageshack.us/img103/3489/runescimnr33as6.png,https://web.archive.org/web/20060904074934/http://img103.imageshack.us/img103/3489/runescimnr33as6.png,,140083,3c8aa962f9c72967f19613e720b510d0ea594828,,
2006/August-26-2006-stats260806kopiewt9-img103.imageshack.us.png,official game: screenshot (RuneScape 2),RS2 client screenshot from img103.imageshack.us. Embedded in: Arch3r's ~0wn4g3~ Gallery ! - Runescape Community (https://web.archive.org/web/20060829035507/http://www.runescapecommunity.com:80/index.php?showtopic=608491).,,,2006-08-26,20060904075841,http://img103.imageshack.us/img103/1821/stats260806kopiewt9.png,https://web.archive.org/web/20060904075841/http://img103.imageshack.us/img103/1821/stats260806kopiewt9.png,,150638,148800a83c40b13ae7bab9a0ba6a1a4ffc59549a,,
2006/August-4-2006-d5589f822b-img3.freeimagehosting.net.jpg,official game: screenshot (RuneScape 2),RS2 client screenshot from img3.freeimagehosting.net. Embedded in: First 2 Fight Skills Clan's F2p Drop Party - Runescape Community (https://web.archive.org/web/20060821233818/http://www.runescapecommunity.com:80/index.php?showtopic=613804).,,,2006-08-04,20060821221634,http://img3.freeimagehosting.net/uploads/d5589f822b.jpg,https://web.archive.org/web/20060821221634/http://img3.freeimagehosting.net/uploads/d5589f822b.jpg,,112390,edde5245152f8fbe609e0c06b9ebf5b590c37826,,
2006/August-5-2006-06aug05161320ms9-img439.imageshack.us.png,official game: screenshot (RuneScape 2),RS2 client screenshot from img439.imageshack.us. Embedded in: New Pure In Progress - Runescape Community (https://web.archive.org/web/20061213223321/http://www.runescapecommunity.com:80/index.php?showtopic=588611).,,,2006-08-05,20070301083325,http://img439.imageshack.us/img439/5056/06aug05161320ms9.png,https://web.archive.org/web/20070301083325/http://img439.imageshack.us/img439/5056/06aug05161320ms9.png,,136244,44a4eff5bad6ba69b7e9b73084385ac37d9dbf56,,
2006/August-5-2006-runebaxescimhc7-img81.imageshack.us.png,official game: screenshot (RuneScape 2),RS2 client screenshot from img81.imageshack.us. Embedded in: Arch3r's ~0wn4g3~ Gallery ! - Runescape Community (https://web.archive.org/web/20060829035507/http://www.runescapecommunity.com:80/index.php?showtopic=608491).,,,2006-08-05,20060904101717,http://img81.imageshack.us/img81/379/runebaxescimhc7.png,https://web.archive.org/web/20060904101717/http://img81.imageshack.us/img81/379/runebaxescimhc7.png,,141865,7bd2c33288849929c00956e72ec1e0fb5508df20,,
2006/August-6-2006-rune2hscimhp0-img145.imageshack.us.png,official game: screenshot (RuneScape 2),RS2 client screenshot from img145.imageshack.us. Embedded in: Arch3r's ~0wn4g3~ Gallery ! - Runescape Community (https://web.archive.org/web/20060829035507/http://www.runescapecommunity.com:80/index.php?showtopic=608491).,,,2006-08-06,20060905023353,http://img145.imageshack.us/img145/6314/rune2hscimhp0.png,https://web.archive.org/web/20060905023353/http://img145.imageshack.us/img145/6314/rune2hscimhp0.png,,151429,09c71281d261b71f7fb3468e298291e21a2e1aad,,
2006/August-7-2006-kof2pkill15xd2-img529.imageshack.us.png,official game: screenshot (RuneScape 2),RS2 client screenshot from img529.imageshack.us. Embedded in: D I P S 3 T's Aka I Lov Desire's F2p Picture And Video Gallery - Runescape Community (https://web.archive.org/web/20060829035630/http://www.runescapecommunity.com:80/index.php?showtopic=622218).,,,2006-08-07,20060927002134,http://img529.imageshack.us/img529/5987/kof2pkill15xd2.png,https://web.archive.org/web/20060927002134/http://img529.imageshack.us/img529/5987/kof2pkill15xd2.png,,146201,22aa39a5d39374d76ac7b97565baceabe76eccf5,,
2006/August-7-2006-kof2pkill16oa2-img529.imageshack.us.png,official game: screenshot (RuneScape 2),RS2 client screenshot from img529.imageshack.us. Embedded in: D I P S 3 T's Aka I Lov Desire's F2p Picture And Video Gallery - Runescape Community (https://web.archive.org/web/20060829035630/http://www.runescapecommunity.com:80/index.php?showtopic=622218).,,,2006-08-07,20060923230206,http://img529.imageshack.us/img529/7251/kof2pkill16oa2.png,https://web.archive.org/web/20060923230206/http://img529.imageshack.us/img529/7251/kof2pkill16oa2.png,,120419,4d1daed30af035a1bab2c07c7741567e8a995b2b,,
2006/August-7-2006-kof2pkill3ss8-img412.imageshack.us.png,official game: screenshot (RuneScape 2),RS2 client screenshot from img412.imageshack.us. Embedded in: D I P S 3 T's Aka I Lov Desire's F2p Picture And Video Gallery - Runescape Community (https://web.archive.org/web/20060829035630/http://www.runescapecommunity.com:80/index.php?showtopic=622218).,,,2006-08-07,20060927182457,http://img412.imageshack.us/img412/2746/kof2pkill3ss8.png,https://web.archive.org/web/20060927182457/http://img412.imageshack.us/img412/2746/kof2pkill3ss8.png,,131135,3c107dcd3e12d064a826fd23a35dd27ef560e53f,,
2006/December-1-2006-10ad8-img133.imageshack.us.png,official game: screenshot (RuneScape 2),RS2 client screenshot from img133.imageshack.us. Embedded in: Godofwar455s Pking Gallery =) - Runescape Community (https://web.archive.org/web/20061217035225/http://www.runescapecommunity.com:80/index.php?showtopic=653688).,,,2006-12-01,20070214011428,http://img133.imageshack.us/img133/3325/10ad8.png,https://web.archive.org/web/20070214011428/http://img133.imageshack.us/img133/3325/10ad8.png,,143549,635e9c4b0202c0552a5cb9d28f228540e04d2535,,
2006/December-1-2006-3rk9-img469.imageshack.us.png,official game: screenshot (RuneScape 2),RS2 client screenshot from img469.imageshack.us. Embedded in: Godofwar455s Pking Gallery =) - Runescape Community (https://web.archive.org/web/20061217035225/http://www.runescapecommunity.com:80/index.php?showtopic=653688).,,,2006-12-01,20070214020343,http://img469.imageshack.us/img469/2575/3rk9.png,https://web.archive.org/web/20070214020343/http://img469.imageshack.us/img469/2575/3rk9.png,,147464,ea30be50e5195da56db7095bb5f52a7c95d0675e,,
2006/December-1-2006-7kx9-img133.imageshack.us.png,official game: screenshot (RuneScape 2),RS2 client screenshot from img133.imageshack.us. Embedded in: Godofwar455s Pking Gallery =) - Runescape Community (https://web.archive.org/web/20061217035225/http://www.runescapecommunity.com:80/index.php?showtopic=653688).,,,2006-12-01,20070214011348,http://img133.imageshack.us/img133/6716/7kx9.png,https://web.archive.org/web/20070214011348/http://img133.imageshack.us/img133/6716/7kx9.png,,140285,28fc088cc5bf8455e6878323e520ec51dead6e18,,
2006/December-1-2006-9kk2-img469.imageshack.us.png,official game: screenshot (RuneScape 2),RS2 client screenshot from img469.imageshack.us. Embedded in: Godofwar455s Pking Gallery =) - Runescape Community (https://web.archive.org/web/20061217035225/http://www.runescapecommunity.com:80/index.php?showtopic=653688).,,,2006-12-01,20070214020326,http://img469.imageshack.us/img469/2120/9kk2.png,https://web.archive.org/web/20070214020326/http://img469.imageshack.us/img469/2120/9kk2.png,,158740,a6130a7643d9e556d24ad28e3271255bbe34cf48,,
2006/December-10-2006-hahaqt6-img489.imageshack.us.png,official game: screenshot (RuneScape 2),RS2 client screenshot from img489.imageshack.us. Embedded in: ~!~ Farimeir01's First Lure Vid ~!~ - Runescape Community (https://web.archive.org/web/20061212091154/http://www.runescapecommunity.com:80/index.php?showtopic=704396).,,,2006-12-10,20070116212513,http://img489.imageshack.us/img489/5207/hahaqt6.png,https://web.archive.org/web/20070116212513/http://img489.imageshack.us/img489/5207/hahaqt6.png,,133511,be5dd0b2c5d57268d1d29ce43e503a206cafbf87,,
2006/December-10-2006-prayer97-16-i92.photobucket.com.jpg,official game: screenshot (RuneScape 2),RS2 client screenshot from i92.photobucket.com. Embedded in: Rr's Thrilling Sunday Afternoon - Runescape Community (https://web.archive.org/web/20061213222710/http://www.runescapecommunity.com:80/index.php?showtopic=705717).,,,2006-12-10,20061223181246,http://i92.photobucket.com/albums/l4/Handycapduck/Prayer97-16.jpg,https://web.archive.org/web/20061223181246/http://i92.photobucket.com/albums/l4/Handycapduck/Prayer97-16.jpg,,75185,443f9b35c2ddd64c7359bf1b42b017cf504a001f,,
2006/December-16-2006-koedspiilipls-screenshot-xs110.xs.to.png,official game: screenshot (RuneScape 2),RuneScape client screenshot (uploaded as koedspiilipls.PNG).,,,2006-12-16,20070121215146,http://xs110.xs.to:80/xs110/06506/koedspiilipls.PNG,https://web.archive.org/web/20070121215146/http://xs110.xs.to:80/xs110/06506/koedspiilipls.PNG,,150944,1891723b556c068d66397ce7e0b0bd64f3ab197b,,
2006/December-2-2006-edgu63al9-img282.imageshack.us.png,official game: screenshot (RuneScape 2),RS2 client screenshot from img282.imageshack.us. Embedded in: ~~baranged Gallery 5~~ - Runescape Community (https://web.archive.org/web/20061212092335/http://www.runescapecommunity.com:80/index.php?showtopic=699840).,,,2006-12-02,20070302165406,http://img282.imageshack.us/img282/5396/edgu63al9.png,https://web.archive.org/web/20070302165406/http://img282.imageshack.us/img282/5396/edgu63al9.png,,155283,4d398d42a4a4013a30d274e17da63c17bd276f97,,
2006/December-2-2006-lure13phatoc6-img90.imageshack.us.png,official game: screenshot (RuneScape 2),RS2 client screenshot from img90.imageshack.us. Embedded in: ~~baranged Gallery 5~~ - Runescape Community (https://web.archive.org/web/20061212092335/http://www.runescapecommunity.com:80/index.php?showtopic=699840).,,,2006-12-02,20070104013447,http://img90.imageshack.us/img90/8123/lure13phatoc6.png,https://web.archive.org/web/20070104013447/http://img90.imageshack.us/img90/8123/lure13phatoc6.png,,143521,60206c7fce0528ab7f0035dafc480c70241ed089,,
2006/December-2-2006-whip5ih8-img191.imageshack.us.png,official game: screenshot (RuneScape 2),RS2 client screenshot from img191.imageshack.us. Embedded in: ~~baranged Gallery 5~~ - Runescape Community (https://web.archive.org/web/20061212092335/http://www.runescapecommunity.com:80/index.php?showtopic=699840).,,,2006-12-02,20070302201409,http://img191.imageshack.us/img191/7023/whip5ih8.png,https://web.archive.org/web/20070302201409/http://img191.imageshack.us/img191/7023/whip5ih8.png,,95091,caf254ff73bc133e0608e9fd35b59218fe45bb2d,,
2006/December-2-2006-whip6cz8-img191.imageshack.us.png,official game: screenshot (RuneScape 2),RS2 client screenshot from img191.imageshack.us. Embedded in: ~~baranged Gallery 5~~ - Runescape Community (https://web.archive.org/web/20061212092335/http://www.runescapecommunity.com:80/index.php?showtopic=699840).,,,2006-12-02,20070302174733,http://img191.imageshack.us/img191/5146/whip6cz8.png,https://web.archive.org/web/20070302174733/http://img191.imageshack.us/img191/5146/whip6cz8.png,,176963,6afac7cd7b9f795dfd7cb9b80ba23d96564ec68d,,
2006/December-2-2006-whipnumber1bb2-img137.imageshack.us.png,official game: screenshot (RuneScape 2),RS2 client screenshot from img137.imageshack.us. Embedded in: ~~baranged Gallery 5~~ - Runescape Community (https://web.archive.org/web/20061212092335/http://www.runescapecommunity.com:80/index.php?showtopic=699840).,,,2006-12-02,20070301233653,http://img137.imageshack.us/img137/1553/whipnumber1bb2.png,https://web.archive.org/web/20070301233653/http://img137.imageshack.us/img137/1553/whipnumber1bb2.png,,165861,d2a4216a3b943841c5a51b50914a23acf687d183,,
2006/December-2-2006-whipnumber2yc0-img137.imageshack.us.png,official game: screenshot (RuneScape 2),RS2 client screenshot from img137.imageshack.us. Embedded in: ~~baranged Gallery 5~~ - Runescape Community (https://web.archive.org/web/20061212092335/http://www.runescapecommunity.com:80/index.php?showtopic=699840).,,,2006-12-02,20070302014734,http://img137.imageshack.us/img137/1658/whipnumber2yc0.png,https://web.archive.org/web/20070302014734/http://img137.imageshack.us/img137/1658/whipnumber2yc0.png,,146867,512cc2834481b5c6889ac6994e808da8586b8e75,,
2006/December-2-2006-whipnumber3vc8-img136.imageshack.us.png,official game: screenshot (RuneScape 2),RS2 client screenshot from img136.imageshack.us. Embedded in: ~~baranged Gallery 5~~ - Runescape Community (https://web.archive.org/web/20061212092335/http://www.runescapecommunity.com:80/index.php?showtopic=699840).,,,2006-12-02,20070301114949,http://img136.imageshack.us/img136/7755/whipnumber3vc8.png,https://web.archive.org/web/20070301114949/http://img136.imageshack.us/img136/7755/whipnumber3vc8.png,,142087,0909d2d15c68031d1ebccc189fc25a527892d728,,
2006/December-2-2006-whiptoragsedgy24it1-img137.imageshack.us.png,official game: screenshot (RuneScape 2),RS2 client screenshot from img137.imageshack.us. Embedded in: ~~baranged Gallery 5~~ - Runescape Community (https://web.archive.org/web/20061212092335/http://www.runescapecommunity.com:80/index.php?showtopic=699840).,,,2006-12-02,20070302015056,http://img137.imageshack.us/img137/719/whiptoragsedgy24it1.png,https://web.archive.org/web/20070302015056/http://img137.imageshack.us/img137/719/whiptoragsedgy24it1.png,,153018,84892b5c0f927ad9c5b30b906caaa5726db585ac,,
2006/December-20-2006-runescapepic-screenshot-img111.imageshack.us.png,official game: screenshot (RuneScape 2),RuneScape client screenshot (uploaded as runescapepichw9.png).,,,2006-12-20,20070107004407,http://img111.imageshack.us:80/img111/2909/runescapepichw9.png,https://web.archive.org/web/20070107004407/http://img111.imageshack.us:80/img111/2909/runescapepichw9.png,,125954,3756483325c24a8fcd7f81f74c2d48e89b460f18,,
2006/December-22-2006-ktvsdi3-img404.imageshack.us.jpg,official game: screenshot (RuneScape 2),"RS2 client screenshot. Posted in the forum thread ""Topic For All Info Regarding Lethal Axe's History - Runescape Community"".",,,2006-12-22,20070106105158,http://img404.imageshack.us/img404/5702/ktvsdi39hy.jpg,https://web.archive.org/web/20070106105158/http://img404.imageshack.us/img404/5702/ktvsdi39hy.jpg,https://web.archive.org/web/20060519015224/http://www.runescapecommunity.com/index.php?showtopic=541138,79013,0b7b9b37c84d360d0a835f9a41e0e92785abf547,,
2006/December-22-2006-ktvstd4-img404.imageshack.us.jpg,official game: screenshot (RuneScape 2),"RS2 client screenshot. Posted in the forum thread ""Topic For All Info Regarding Lethal Axe's History - Runescape Community"".",,,2006-12-22,20070106105008,http://img404.imageshack.us/img404/69/ktvstd45ng.jpg,https://web.archive.org/web/20070106105008/http://img404.imageshack.us/img404/69/ktvstd45ng.jpg,https://web.archive.org/web/20060519015224/http://www.runescapecommunity.com/index.php?showtopic=541138,76488,280aabdbaa62321ace5b4889959afa5a690f1b9b,,
2006/December-30-2006-equipment-tab-overhead-chat-client-img1.putfile.com.jpg,official game: screenshot (RuneScape 2),"RS2 client screenshot (putfile thumbnail) of a player with yellow overhead chat text, equipment tab open, chat box full, hosted on putfile.com",,,2006-12-30,20070107195208,http://img1.putfile.com:80/thumb/12/36306240024.jpg,https://web.archive.org/web/20070107195208/http://img1.putfile.com:80/thumb/12/36306240024.jpg,,14696,956f574682e387875695b5cd46eba62eef7c3298,,
2006/December-5-2006-blackmaskvd7-img101.imageshack.us.png,official game: screenshot (RuneScape 2),RS2 client screenshot from img101.imageshack.us. Embedded in: ~: Venom Vamp And Peasant Pk's Vids:~ - Runescape Community (https://web.archive.org/web/20061210031235/http://www.runescapecommunity.com:80/index.php?showtopic=697277).,,,2006-12-05,20070218033640,http://img101.imageshack.us/img101/8586/blackmaskvd7.png,https://web.archive.org/web/20070218033640/http://img101.imageshack.us/img101/8586/blackmaskvd7.png,,446450,a11cb9c852089de1fe04f11d499d2daf78e10312,,
2006/December-5-2006-dharokszl3-img217.imageshack.us.png,official game: screenshot (RuneScape 2),RS2 client screenshot from img217.imageshack.us. Embedded in: ~: Venom Vamp And Peasant Pk's Vids:~ - Runescape Community (https://web.archive.org/web/20061210031235/http://www.runescapecommunity.com:80/index.php?showtopic=697277).,,,2006-12-05,20070217133626,http://img217.imageshack.us/img217/9218/dharokszl3.png,https://web.archive.org/web/20070217133626/http://img217.imageshack.us/img217/9218/dharokszl3.png,,118290,af938de378d70ed3e0d04fa5b8c8dae70442c429,,
2006/December-5-2006-lurekn9-img151.imageshack.us.png,official game: screenshot (RuneScape 2),RS2 client screenshot from img151.imageshack.us. Embedded in: ~: Venom Vamp And Peasant Pk's Vids:~ - Runescape Community (https://web.archive.org/web/20061210031235/http://www.runescapecommunity.com:80/index.php?showtopic=697277).,,,2006-12-05,20070217233429,http://img151.imageshack.us/img151/5272/lurekn9.png,https://web.archive.org/web/20070217233429/http://img151.imageshack.us/img151/5272/lurekn9.png,,142346,f29257cb377ef25bced20d729ebc2702b6c006aa,,
2006/December-5-2006-whipandobshieldpkux3-img177.imageshack.us.png,official game: screenshot (RuneScape 2),RS2 client screenshot from img177.imageshack.us. Embedded in: ~: Venom Vamp And Peasant Pk's Vids:~ - Runescape Community (https://web.archive.org/web/20061210031235/http://www.runescapecommunity.com:80/index.php?showtopic=697277).,,,2006-12-05,20070217070630,http://img177.imageshack.us/img177/3987/whipandobshieldpkux3.png,https://web.archive.org/web/20070217070630/http://img177.imageshack.us/img177/3987/whipandobshieldpkux3.png,,108442,3716d9f131cd1caf2743414f0cfcc757d992d820,,
2006/December-6-2006-bigdeadtt1-img82.imageshack.us.png,official game: screenshot (RuneScape 2),RS2 client screenshot from img82.imageshack.us. Embedded in: Corruption Vs The Gladiatorz & Fa's - Runescape Community (https://web.archive.org/web/20061210025930/http://www.runescapecommunity.com:80/index.php?showtopic=702832).,,,2006-12-06,20061222002333,http://img82.imageshack.us/img82/9518/bigdeadtt1.png,https://web.archive.org/web/20061222002333/http://img82.imageshack.us/img82/9518/bigdeadtt1.png,,121484,0240b08ee696cd740a1f9d9cdf54462d633ba700,,
2006/December-6-2006-thandeadib4-img150.imageshack.us.png,official game: screenshot (RuneScape 2),RS2 client screenshot from img150.imageshack.us. Embedded in: Corruption Vs The Gladiatorz & Fa's - Runescape Community (https://web.archive.org/web/20061210025930/http://www.runescapecommunity.com:80/index.php?showtopic=702832).,,,2006-12-06,20070101183700,http://img150.imageshack.us/img150/6793/thandeadib4.png,https://web.archive.org/web/20070101183700/http://img150.imageshack.us/img150/6793/thandeadib4.png,,120278,3f5fa82c90808596938c920db02bbfa7f02ea961,,
2006/December-6-2006-whip10tb1-img501.imageshack.us.jpg,official game: screenshot (RuneScape 2),RS2 client screenshot from img501.imageshack.us. Embedded in: Abyss Arr0w Presents! - Runescape Community (https://web.archive.org/web/20061211013427/http://www.runescapecommunity.com:80/index.php?showtopic=703893).,,,2006-12-06,20070116213535,http://img501.imageshack.us/img501/2294/whip10tb1.jpg,https://web.archive.org/web/20070116213535/http://img501.imageshack.us/img501/2294/whip10tb1.jpg,,59361,2c823b404f66d4678780343f18143566f3bbe3b7,,
2006/December-7-2006-questid-screenshot-img460.imageshack.us.png,official game: screenshot (RuneScape 2),RuneScape client screenshot (uploaded as questidnt0.png).,,,2006-12-07,20070107101814,http://img460.imageshack.us:80/img460/7450/questidnt0.png,https://web.archive.org/web/20070107101814/http://img460.imageshack.us:80/img460/7450/questidnt0.png,,320151,4fdf7bc773f37d5f77739e1df6dd92c7f0e9d223,,
2006/December-8-2006-about2getpkdwu8-img200.imageshack.us.png,official game: screenshot (RuneScape 2),RS2 client screenshot from img200.imageshack.us. Embedded in: Tzhaar Owns Pk Vid 2 ~ The Revenge ~ Range/mager With Fire Cape - Runescape Community (https://web.archive.org/web/20061221011430/http://www.runescapecommunity.com:80/index.php?showtopic=686309).,,,2006-12-08,20070116212436,http://img200.imageshack.us/img200/9484/about2getpkdwu8.png,https://web.archive.org/web/20070116212436/http://img200.imageshack.us/img200/9484/about2getpkdwu8.png,,107180,59db8ae57f80bd6304bf004d29aaf5d77bfaed77,,
2006/December-9-2006-ekakunnonlureyl6-img99.imageshack.us.jpg,official game: screenshot (RuneScape 2),RS2 client screenshot from img99.imageshack.us. Embedded in: My First Lure - Runescape Community (https://web.archive.org/web/20061213222658/http://www.runescapecommunity.com:80/index.php?showtopic=704431).,,,2006-12-09,20061215090106,http://img99.imageshack.us/img99/1392/ekakunnonlureyl6.jpg,https://web.archive.org/web/20061215090106/http://img99.imageshack.us/img99/1392/ekakunnonlureyl6.jpg,,83323,95fa0946d413d8280de5c9066b717120c8477548,,
2006/February-1-2006-pk-550hazepk-i43.photobucket.com.png,official game: screenshot (RuneScape 2),"Wilderness player-kill screenshot (loot menu / kill screen), file named after the victim or event: 550hazepk.png. From the PKer album Startin9PK on Photobucket.",,,2006-02-01,20060923033940,http://i43.photobucket.com:80/albums/e374/Startin9PK/550hazepk.png,https://web.archive.org/web/20060923033940/http://i43.photobucket.com:80/albums/e374/Startin9PK/550hazepk.png,,133973,7b91a6e848dd095b99434268982d123fa74c14ea,,
2006/February-1-2006-pk-bigtroll-i43.photobucket.com.png,official game: screenshot (RuneScape 2),"Wilderness player-kill screenshot (loot menu / kill screen), file named after the victim or event: Bigtroll.png. From the PKer album Startin9PK on Photobucket.",,,2006-02-01,20060925145702,http://i43.photobucket.com:80/albums/e374/Startin9PK/Bigtroll.png,https://web.archive.org/web/20060925145702/http://i43.photobucket.com:80/albums/e374/Startin9PK/Bigtroll.png,,136394,49538a5c970f22dba09b2187ce16ada5fba8e789,,
2006/February-1-2006-pk-dante324-i43.photobucket.com.png,official game: screenshot (RuneScape 2),"Wilderness player-kill screenshot (loot menu / kill screen), file named after the victim or event: Dante324.png. From the PKer album Startin9PK on Photobucket.",,,2006-02-01,20060925051024,http://i43.photobucket.com:80/albums/e374/Startin9PK/Dante324.png,https://web.archive.org/web/20060925051024/http://i43.photobucket.com:80/albums/e374/Startin9PK/Dante324.png,,157683,48caa005ce34179ce0aade1ae16b89fd292acd44,,
2006/February-1-2006-pk-darknes8-i43.photobucket.com.png,official game: screenshot (RuneScape 2),"Wilderness player-kill screenshot (loot menu / kill screen), file named after the victim or event: DarkNes8.png. From the PKer album Startin9PK on Photobucket.",,,2006-02-01,20060924210001,http://i43.photobucket.com:80/albums/e374/Startin9PK/DarkNes8.png,https://web.archive.org/web/20060924210001/http://i43.photobucket.com:80/albums/e374/Startin9PK/DarkNes8.png,,131991,07cd089305ea4b0c412141d70c2d86872bc7d9ac,,
2006/February-1-2006-pk-eaton3-i43.photobucket.com.png,official game: screenshot (RuneScape 2),"Wilderness player-kill screenshot (loot menu / kill screen), file named after the victim or event: Eaton3.png. From the PKer album Startin9PK on Photobucket.",,,2006-02-01,20060925224911,http://i43.photobucket.com:80/albums/e374/Startin9PK/Eaton3.png,https://web.archive.org/web/20060925224911/http://i43.photobucket.com:80/albums/e374/Startin9PK/Eaton3.png,,147381,b97c692fb66cb11459dfd4bb278bf46f036bd2c2,,
2006/February-1-2006-pk-eroticka-i43.photobucket.com.png,official game: screenshot (RuneScape 2),"Wilderness player-kill screenshot (loot menu / kill screen), file named after the victim or event: Eroticka.png. From the PKer album Startin9PK on Photobucket.",,,2006-02-01,20060927053811,http://i43.photobucket.com:80/albums/e374/Startin9PK/Eroticka.png,https://web.archive.org/web/20060927053811/http://i43.photobucket.com:80/albums/e374/Startin9PK/Eroticka.png,,139251,2d10cf8f596c802ac31caa9beeba222d50b5bcbe,,
2006/February-1-2006-pk-jamesstaton-i43.photobucket.com.png,official game: screenshot (RuneScape 2),"Wilderness player-kill screenshot (loot menu / kill screen), file named after the victim or event: JamesStaton.png. From the PKer album Startin9PK on Photobucket.",,,2006-02-01,20060923124409,http://i43.photobucket.com:80/albums/e374/Startin9PK/JamesStaton.png,https://web.archive.org/web/20060923124409/http://i43.photobucket.com:80/albums/e374/Startin9PK/JamesStaton.png,,154438,c15aee28ddd5ae6e47d6acc1bd853bc0badd7a6f,,
2006/February-1-2006-pk-johnathont-i43.photobucket.com.png,official game: screenshot (RuneScape 2),"Wilderness player-kill screenshot (loot menu / kill screen), file named after the victim or event: Johnathont.png. From the PKer album Startin9PK on Photobucket.",,,2006-02-01,20060923034144,http://i43.photobucket.com:80/albums/e374/Startin9PK/Johnathont.png,https://web.archive.org/web/20060923034144/http://i43.photobucket.com:80/albums/e374/Startin9PK/Johnathont.png,,134588,d78c82659f5335150fa3435189157cd6ba1a7e29,,
2006/February-1-2006-pk-kenshin207-i43.photobucket.com.png,official game: screenshot (RuneScape 2),"Wilderness player-kill screenshot (loot menu / kill screen), file named after the victim or event: Kenshin207.png. From the PKer album Startin9PK on Photobucket.",,,2006-02-01,20060925150023,http://i43.photobucket.com:80/albums/e374/Startin9PK/Kenshin207.png,https://web.archive.org/web/20060925150023/http://i43.photobucket.com:80/albums/e374/Startin9PK/Kenshin207.png,,135039,d02773cfcb43749cad0d790d79a476ad5aa1bc0b,,
2006/February-1-2006-pk-mimic77th-i43.photobucket.com.png,official game: screenshot (RuneScape 2),"Wilderness player-kill screenshot (loot menu / kill screen), file named after the victim or event: Mimic77th.png. From the PKer album Startin9PK on Photobucket.",,,2006-02-01,20060925051540,http://i43.photobucket.com:80/albums/e374/Startin9PK/Mimic77th.png,https://web.archive.org/web/20060925051540/http://i43.photobucket.com:80/albums/e374/Startin9PK/Mimic77th.png,,125901,cc8750f53c7bf87bcf6da78a6d38f201b2a9c143,,
2006/February-1-2006-pk-mrsatam4-i43.photobucket.com.png,official game: screenshot (RuneScape 2),"Wilderness player-kill screenshot (loot menu / kill screen), file named after the victim or event: MrSatam4.png. From the PKer album Startin9PK on Photobucket.",,,2006-02-01,20060924210013,http://i43.photobucket.com:80/albums/e374/Startin9PK/MrSatam4.png,https://web.archive.org/web/20060924210013/http://i43.photobucket.com:80/albums/e374/Startin9PK/MrSatam4.png,,144080,1ddbf82eaa5a0f20c4c2e44cff7b3583b9fb2d9c,,
2006/February-1-2006-pk-olekiller22-i43.photobucket.com.png,official game: screenshot (RuneScape 2),"Wilderness player-kill screenshot (loot menu / kill screen), file named after the victim or event: OleKiller22.png. From the PKer album Startin9PK on Photobucket.",,,2006-02-01,20060925225520,http://i43.photobucket.com:80/albums/e374/Startin9PK/OleKiller22.png,https://web.archive.org/web/20060925225520/http://i43.photobucket.com:80/albums/e374/Startin9PK/OleKiller22.png,,163314,e6882929c357b4a5686e1ae2728c5ea5ca3a041d,,
2006/February-1-2006-pk-philisfat-i43.photobucket.com.png,official game: screenshot (RuneScape 2),"Wilderness player-kill screenshot (loot menu / kill screen), file named after the victim or event: Philisfat.png. From the PKer album Startin9PK on Photobucket.",,,2006-02-01,20060927053926,http://i43.photobucket.com:80/albums/e374/Startin9PK/Philisfat.png,https://web.archive.org/web/20060927053926/http://i43.photobucket.com:80/albums/e374/Startin9PK/Philisfat.png,,145860,efb922396ac977497836b4e87cf4a8ab72286ecb,,
2006/February-1-2006-pk-realdarkrain-i43.photobucket.com.png,official game: screenshot (RuneScape 2),"Wilderness player-kill screenshot (loot menu / kill screen), file named after the victim or event: Realdarkrain.png. From the PKer album Startin9PK on Photobucket.",,,2006-02-01,20060923124609,http://i43.photobucket.com:80/albums/e374/Startin9PK/Realdarkrain.png,https://web.archive.org/web/20060923124609/http://i43.photobucket.com:80/albums/e374/Startin9PK/Realdarkrain.png,,142008,08c324c3333133dd4d6955f691d30ae1461496a1,,
2006/February-1-2006-pk-shadowy11-i43.photobucket.com.png,official game: screenshot (RuneScape 2),"Wilderness player-kill screenshot (loot menu / kill screen), file named after the victim or event: Shadowy11.png. From the PKer album Startin9PK on Photobucket.",,,2006-02-01,20060923033952,http://i43.photobucket.com:80/albums/e374/Startin9PK/Shadowy11.png,https://web.archive.org/web/20060923033952/http://i43.photobucket.com:80/albums/e374/Startin9PK/Shadowy11.png,,168778,b2f37748c3a91c525d54766764faac20c87b97d8,,
2006/February-1-2006-pk-sleepycrew-i43.photobucket.com.png,official game: screenshot (RuneScape 2),"Wilderness player-kill screenshot (loot menu / kill screen), file named after the victim or event: sleepycrew.png. From the PKer album Startin9PK on Photobucket.",,,2006-02-01,20060925051655,http://i43.photobucket.com:80/albums/e374/Startin9PK/sleepycrew.png,https://web.archive.org/web/20060925051655/http://i43.photobucket.com:80/albums/e374/Startin9PK/sleepycrew.png,,146644,f6c93ba69b4c74e37b94f7333ec29f21ba42c5b1,,
2006/February-1-2006-pk-steponfat-i43.photobucket.com.png,official game: screenshot (RuneScape 2),"Wilderness player-kill screenshot (loot menu / kill screen), file named after the victim or event: Steponfat.png. From the PKer album Startin9PK on Photobucket.",,,2006-02-01,20060925145831,http://i43.photobucket.com:80/albums/e374/Startin9PK/Steponfat.png,https://web.archive.org/web/20060925145831/http://i43.photobucket.com:80/albums/e374/Startin9PK/Steponfat.png,,149486,d9fb15e8c3d1eac3cd1d2e5df500b483609742d2,,
2006/February-12-2006-pk44-img497.imageshack.us.png,official game: screenshot (RuneScape 2),"RS2 client screenshot. Posted in the forum thread ""All Of The0ry's Kills - RuneCrypt Forum"".",,,2006-02-12,20070714124508,http://img497.imageshack.us/img497/8223/pk449hf.png,https://web.archive.org/web/20070714124508/http://img497.imageshack.us/img497/8223/pk449hf.png,https://web.archive.org/web/20060314022710/http://www.runecrypt.com:80/forum/index.php?showtopic=21923,97017,bb6ad98cd9a4db244b50d43c0188502723b9c93a,,
2006/February-12-2006-yetanotherpk-img322.imageshack.us.png,official game: screenshot (RuneScape 2),"RS2 client screenshot. Posted in the forum thread ""All Of The0ry's Kills - RuneCrypt Forum"".",,,2006-02-12,20070714124450,http://img322.imageshack.us/img322/1039/yetanotherpk1tj.png,https://web.archive.org/web/20070714124450/http://img322.imageshack.us/img322/1039/yetanotherpk1tj.png,https://web.archive.org/web/20060314022710/http://www.runecrypt.com:80/forum/index.php?showtopic=21923,96408,05de681ad8d4c44cf8052538bcc76dc470864cd0,,
2006/February-13-2006-ketzek-img114.imageshack.us.png,official game: screenshot (RuneScape 2),"RS2 client screenshot. Posted in the forum thread ""Killing Tztok-jad And Beating The Fight Cave - Runescape Community"".",,,2006-02-13,20130409040438,http://img114.imageshack.us/img114/1071/ketzek8zx.png,https://web.archive.org/web/20130409040438/http://img114.imageshack.us/img114/1071/ketzek8zx.png,https://web.archive.org/web/20060519004937/http://www.runescapecommunity.com/index.php?showtopic=418656,24976,33ca2a87f1a465b083c912ad1f962bb1eb494c0a,,
2006/February-13-2006-tztokjad-img114.imageshack.us.png,official game: screenshot (RuneScape 2),"RS2 client screenshot. Posted in the forum thread ""Killing Tztok-jad And Beating The Fight Cave - Runescape Community"".",,,2006-02-13,20070110040131,http://img114.imageshack.us/img114/7696/tztokjad7du.png,https://web.archive.org/web/20070110040131/http://img114.imageshack.us/img114/7696/tztokjad7du.png,https://web.archive.org/web/20060519004937/http://www.runescapecommunity.com/index.php?showtopic=418656,25543,c3818a8554206371d9f87819813e1d21bcb34409,,
2006/February-13-2006-ythurkot-img114.imageshack.us.png,official game: screenshot (RuneScape 2),"RS2 client screenshot. Posted in the forum thread ""Killing Tztok-jad And Beating The Fight Cave - Runescape Community"".",,,2006-02-13,20070110035823,http://img114.imageshack.us/img114/1955/ythurkot6pf.png,https://web.archive.org/web/20070110035823/http://img114.imageshack.us/img114/1955/ythurkot6pf.png,https://web.archive.org/web/20060519004937/http://www.runescapecommunity.com/index.php?showtopic=418656,19534,ca3a456d9e73451005562292333cd1253ecd1b38,,
2006/February-2-2006-cigs-i13.photobucket.com.png,official game: screenshot (RuneScape 2),"RS2 client screenshot. Posted in the forum thread ""cigs and the camel"".",,,2006-02-02,20070412001142,http://i13.photobucket.com/albums/a289/trekkie123/cigs.png,https://web.archive.org/web/20070412001142/http://i13.photobucket.com/albums/a289/trekkie123/cigs.png,https://web.archive.org/web/20060326202828/http://www.rsbandb.com:80/forums/about25957.html&amp;highlight=,215321,71a5620d51a16a65c3860490807a14bcc6062823,,
2006/February-28-2006-felkrash-runehq.com.png,official game: screenshot (RuneScape 2),RS2 client screenshot from a RuneHQ guide (runehq.com). Embedded in: Rune Headquarters :.:.: Your unfair Runescape advantage (https://web.archive.org/web/20060409052826/http://runehq.com:80/RHQMiniQuestsView.php?id=00681).,,,2006-02-28,20070216092422,http://runehq.com:80/image/minigames/ratpits/felkrash.png,https://web.archive.org/web/20070216092422/http://runehq.com:80/image/minigames/ratpits/felkrash.png,,38411,a3a5aa997c12a7a67aece9af08b963b0a876506f,,
2006/February-28-2006-smokinjoe-runehq.com.png,official game: screenshot (RuneScape 2),RS2 client screenshot from a RuneHQ guide (runehq.com). Embedded in: Rune Headquarters :.:.: Your unfair Runescape advantage (https://web.archive.org/web/20060409052826/http://runehq.com:80/RHQMiniQuestsView.php?id=00681).,,,2006-02-28,20070216092452,http://runehq.com:80/image/minigames/ratpits/smokinjoe.png,https://web.archive.org/web/20070216092452/http://runehq.com:80/image/minigames/ratpits/smokinjoe.png,,39867,342ab9981c2f9e376043fddaca9a86181da74465,,
2006/February-4-2006-daggar-img27.imageshack.us.jpg,official game: screenshot (RuneScape 2),"RS2 client screenshot. Posted in the forum thread ""Runescape Community -> Watch Tower"".",,,2006-02-04,20060919104034,http://img27.imageshack.us/img27/6412/daggar.jpg,https://web.archive.org/web/20060919104034/http://img27.imageshack.us/img27/6412/daggar.jpg,https://web.archive.org/web/20041122053953/http://www.runescapecommunity.com:80/index.php?showtopic=150052,67198,5f73b714c3f283382ff135e099ce581b7cca7edd,,
2006/February-4-2006-pk1-img27.exs.cx.jpg,official game: screenshot (RuneScape 2),RS2 client screenshot from img27.exs.cx. Embedded in: Runescape Community -> Low Value Pks! (https://web.archive.org/web/20040817204301/http://www.runescapecommunity.com:80/index.php?showtopic=115570).,,,2006-02-04,20110804054626,http://img27.exs.cx/img27/4654/pk1.jpg,https://web.archive.org/web/20110804054626/http://img27.exs.cx/img27/4654/pk1.jpg,,69291,be84b5beb1defe63f911ea08f610b430b41da2cf,,
2006/January-13-2006-pk-lvl-114-screenshot-matt411vm00.tripod.com.bmp,official game: screenshot (RuneScape 2),RuneScape client screenshot (uploaded as pk_lvl_114.bmp).,,,2006-01-13,20070218090939,http://matt411vm00.tripod.com:80/runescape_pk_pics/thumbnails/400x300/pk_lvl_114.bmp,https://web.archive.org/web/20070218090939/http://matt411vm00.tripod.com:80/runescape_pk_pics/thumbnails/400x300/pk_lvl_114.bmp,,360054,d91bea0facbca65083b0f30a4ab09cd45e9e3385,,
2006/January-13-2006-pk-torag-screenshot-matt411vm00.tripod.com.bmp,official game: screenshot (RuneScape 2),RuneScape client screenshot (uploaded as PK_TORAG.bmp).,,,2006-01-13,20061214181605,http://matt411vm00.tripod.com:80/runescape_pk_pics/PK_TORAG.bmp,https://web.archive.org/web/20061214181605/http://matt411vm00.tripod.com:80/runescape_pk_pics/PK_TORAG.bmp,,1440054,3907d35657126c46684639e66216b81400499157,,
2006/January-19-2006-lucky-screenshot-img.photobucket.com.png,official game: screenshot (RuneScape 2),RuneScape client screenshot (uploaded as lucky.png).,,,2006-01-19,20060502031402,http://img.photobucket.com:80/albums/v248/linkin_park_dude225/lucky.png,https://web.archive.org/web/20060502031402/http://img.photobucket.com:80/albums/v248/linkin_park_dude225/lucky.png,,146056,c92a8a1a07223adf9614e19e6993d906ea756c85,,
2006/January-20-2006-headmourner-runehq.com.png,official game: screenshot (RuneScape 2),RS2 client screenshot from runehq.com. Embedded in: Rune Headquarters :.:.: Your unfair Runescape advantage (https://web.archive.org/web/20061020234655/http://www.runehq.com/RHQQuestsView.php?id=00605%3FEnglish=true).,,,2006-01-20,20071107102238,http://www.runehq.com/image/quests/p2p/mourningsendspart2/headmourner.png,https://web.archive.org/web/20071107102238/http://www.runehq.com/image/quests/p2p/mourningsendspart2/headmourner.png,,47373,6d4edac88d10cf4699b203cd222b773d017a7ddc,,
2006/January-22-2006-70crafting-img39.imageshack.us.png,official game: screenshot (RuneScape 2),"RS2 client screenshot. Posted in the forum thread ""Broken's Achievements - Updated Daily - Runescape Community"".",,,2006-01-22,20070212111123,http://img39.imageshack.us/img39/7564/70crafting9bz.png,https://web.archive.org/web/20070212111123/http://img39.imageshack.us/img39/7564/70crafting9bz.png,https://web.archive.org/web/20060519013210/http://www.runescapecommunity.com/index.php?showtopic=438725,83322,517391bd1842fc35596f64a211444c4c5e20983f,,
2006/January-22-2006-waterbirth-dagannoth-client-x12.putfile.com.jpg,official game: screenshot (RuneScape 2),"RS2 client screenshot fighting dagannoths on a Waterbirth-style shore, inventory full of bones, hosted on putfile.com",,,2006-01-22,20060505020907,http://x12.putfile.com:80/1/2018454082.jpg,https://web.archive.org/web/20060505020907/http://x12.putfile.com:80/1/2018454082.jpg,,432178,0cdf1b95151e50be50750e1a1772b089d89727b5,,
2006/January-24-2006-mybank-screenshot-runescapebanker.tripod.com.jpg,official game: screenshot (RuneScape 2),RuneScape client screenshot (uploaded as mybank.jpg).,,,2006-01-24,20061116002240,http://runescapebanker.tripod.com/sitebuildercontent/sitebuilderpictures/mybank.jpg,https://web.archive.org/web/20061116002240/http://runescapebanker.tripod.com/sitebuildercontent/sitebuilderpictures/mybank.jpg,,42875,f54cf3d1e4835d9eb5238d8ed75e89089a2aab54,,
2006/January-25-2006-6finnalddefeatsbigdaddy2808120-img89.imageshack.us.png,official game: screenshot (RuneScape 2),"RS2 client screenshot. Posted in the forum thread ""Finnald's 200m Gallery - Runescape Community"".",,,2006-01-25,20060902053020,http://img89.imageshack.us/img89/1651/6finnalddefeatsbigdaddy2808120.png,https://web.archive.org/web/20060902053020/http://img89.imageshack.us/img89/1651/6finnalddefeatsbigdaddy2808120.png,https://web.archive.org/web/20060829035356/http://www.runescapecommunity.com:80/index.php?showtopic=552921,115675,e4874dbbf4c0060cb59359f4e8e2306e2682d323,,
2006/January-30-2006-1monthmembs-img98.imageshack.us.png,official game: screenshot (RuneScape 2),"RS2 client screenshot. Posted in the forum thread ""99 Farming? =0! - RuneCrypt Forum"".",,,2006-01-30,20060223152414,http://img98.imageshack.us/img98/3060/1monthmembs9ts.png,https://web.archive.org/web/20060223152414/http://img98.imageshack.us/img98/3060/1monthmembs9ts.png,https://web.archive.org/web/20060215162552/http://www.runecrypt.com:80/forum/index.php?showtopic=21080,250676,90054af7e8d504b15debde93cca8641d02e6a6b9,,
2006/January-30-2006-76mage5qm-th-img100.imageshack.us.png,official game: screenshot (RuneScape 2),"RS2 client screenshot. Posted in the forum thread ""Mage Lvl P10x - RuneCrypt Forum"".",,,2006-01-30,20060224014240,http://img100.imageshack.us/img100/3629/76mage5qm.th.png,https://web.archive.org/web/20060224014240/http://img100.imageshack.us/img100/3629/76mage5qm.th.png,https://web.archive.org/web/20060215162537/http://www.runecrypt.com:80/forum/index.php?showtopic=21078,4590,d4d9dd0e68ae74fffc70dce304f9354290820dbf,,
2006/January-30-2006-dragonpick-img203.imageshack.us.png,official game: screenshot (RuneScape 2),"RS2 client screenshot. Posted in the forum thread ""Dragon Pick!!!"".",,,2006-01-30,20060330081402,http://img203.imageshack.us/img203/6915/dragonpick8qv.png,https://web.archive.org/web/20060330081402/http://img203.imageshack.us/img203/6915/dragonpick8qv.png,https://web.archive.org/web/20060325012151/http://forums.rsbandb.com:80/viewtopic.php?t=25806,56271,b907e9676807cca288434f6fd3a698e50aeca5e0,,
2006/January-30-2006-lol2-bmp-usera.imagecave.com.jpg,official game: screenshot (RuneScape 2),"RS2 client screenshot from usera.imagecave.com. Embedded in: Runesquares, Harpie Bugs And New Potato Recipes! - Runescape Community (https://web.archive.org/web/20060219193743/http://www.runescapecommunity.com:80/index.php?showtopic=475072).",,,2006-01-30,20060228223218,http://usera.imagecave.com/chiel15/LOL2.bmp.jpg,https://web.archive.org/web/20060228223218/http://usera.imagecave.com/chiel15/LOL2.bmp.jpg,,79620,2783dd441c1304abaf7e3867e7a4583c026caf25,,
2006/January-31-2006-untitled-img352.imageshack.us.png,official game: screenshot (RuneScape 2),"RS2 client screenshot. Posted in the forum thread ""Owned   ... Rune kill on my lvl 26 pure"".",,,2006-01-31,20060309175439,http://img352.imageshack.us/img352/2617/untitled6gp.png,https://web.archive.org/web/20060309175439/http://img352.imageshack.us/img352/2617/untitled6gp.png,https://web.archive.org/web/20060326202935/http://www.rsbandb.com:80/forums/about25885.html&amp;highlight=,118962,bca1738e26e0f130b509cc8f939aca9b91d8a8e9,,
2006/July-13-2006-clocktower1-screenshot-img233.imageshack.us.jpg,official game: screenshot (RuneScape 2),RuneScape client screenshot (uploaded as clocktower16zw.jpg).,,,2006-07-13,20090829061835,http://img233.imageshack.us/img233/585/clocktower16zw.jpg,https://web.archive.org/web/20090829061835/http://img233.imageshack.us/img233/585/clocktower16zw.jpg,,13036,78fa690eb9fa024af35dcee0548d982c3e05ae14,,
2006/July-13-2006-clocktower10-screenshot-img301.imageshack.us.jpg,official game: screenshot (RuneScape 2),RuneScape client screenshot (uploaded as clocktower106dm.jpg).,,,2006-07-13,20090829061835,http://img301.imageshack.us/img301/2200/clocktower106dm.jpg,https://web.archive.org/web/20090829061835/http://img301.imageshack.us/img301/2200/clocktower106dm.jpg,,11104,495c1e35aeecd2ba1f191504288fcbb13d44772d,,
2006/July-13-2006-clocktower11-screenshot-img110.imageshack.us.jpg,official game: screenshot (RuneScape 2),RuneScape client screenshot (uploaded as clocktower117mh.jpg).,,,2006-07-13,20090829061835,http://img110.imageshack.us/img110/7271/clocktower117mh.jpg,https://web.archive.org/web/20090829061835/http://img110.imageshack.us/img110/7271/clocktower117mh.jpg,,11409,57cdb9f072aebf4d6216c9a5b8ba625b82f1b019,,
2006/July-13-2006-clocktower2-screenshot-img360.imageshack.us.jpg,official game: screenshot (RuneScape 2),RuneScape client screenshot (uploaded as clocktower28iq.jpg).,,,2006-07-13,20090829061836,http://img360.imageshack.us/img360/9904/clocktower28iq.jpg,https://web.archive.org/web/20090829061836/http://img360.imageshack.us/img360/9904/clocktower28iq.jpg,,12445,3667e96d62f88571f119c5c76d6ef1765789bcfd,,
2006/July-13-2006-clocktower3-screenshot-img156.imageshack.us.jpg,official game: screenshot (RuneScape 2),RuneScape client screenshot (uploaded as clocktower34hp.jpg).,,,2006-07-13,20090829061835,http://img156.imageshack.us/img156/9683/clocktower34hp.jpg,https://web.archive.org/web/20090829061835/http://img156.imageshack.us/img156/9683/clocktower34hp.jpg,,12832,548d9cd1905bc2b33bcd037c55daa8c6710ea1f1,,
2006/July-13-2006-clocktower4-screenshot-img232.imageshack.us.jpg,official game: screenshot (RuneScape 2),RuneScape client screenshot (uploaded as clocktower41ae.jpg).,,,2006-07-13,20090829061836,http://img232.imageshack.us/img232/8766/clocktower41ae.jpg,https://web.archive.org/web/20090829061836/http://img232.imageshack.us/img232/8766/clocktower41ae.jpg,,10475,92f10465d519e78597b5ca2e3434bf47179e41bc,,
2006/July-13-2006-clocktower5-screenshot-img126.imageshack.us.jpg,official game: screenshot (RuneScape 2),RuneScape client screenshot (uploaded as clocktower58ad.jpg).,,,2006-07-13,20090829061835,http://img126.imageshack.us/img126/3964/clocktower58ad.jpg,https://web.archive.org/web/20090829061835/http://img126.imageshack.us/img126/3964/clocktower58ad.jpg,,11587,c2ebd27feb6b94a6120ad99f86fb07fd1d63f637,,
2006/July-13-2006-clocktower6-screenshot-img148.imageshack.us.jpg,official game: screenshot (RuneScape 2),RuneScape client screenshot (uploaded as clocktower61gc.jpg).,,,2006-07-13,20090829061835,http://img148.imageshack.us/img148/5706/clocktower61gc.jpg,https://web.archive.org/web/20090829061835/http://img148.imageshack.us/img148/5706/clocktower61gc.jpg,,10013,2cf55d4eaa93a6f881fe74e66cda408a7b3d7a88,,
2006/July-13-2006-clocktower7-screenshot-img235.imageshack.us.jpg,official game: screenshot (RuneScape 2),RuneScape client screenshot (uploaded as clocktower70hw.jpg).,,,2006-07-13,20090829061836,http://img235.imageshack.us/img235/9876/clocktower70hw.jpg,https://web.archive.org/web/20090829061836/http://img235.imageshack.us/img235/9876/clocktower70hw.jpg,,9631,26f152d7d0f5e75f7ff388eb274b26cb6a6b7c15,,
2006/July-13-2006-clocktower8-screenshot-img20.imageshack.us.jpg,official game: screenshot (RuneScape 2),RuneScape client screenshot (uploaded as clocktower83gp.jpg).,,,2006-07-13,20090829061835,http://img20.imageshack.us/img20/2416/clocktower83gp.jpg,https://web.archive.org/web/20090829061835/http://img20.imageshack.us/img20/2416/clocktower83gp.jpg,,11722,c7cf29856a3fc4aa5af66107de7f59023c876c73,,
2006/July-13-2006-clocktower9-screenshot-img127.imageshack.us.jpg,official game: screenshot (RuneScape 2),RuneScape client screenshot (uploaded as clocktower98oh.jpg).,,,2006-07-13,20090829061835,http://img127.imageshack.us/img127/812/clocktower98oh.jpg,https://web.archive.org/web/20090829061835/http://img127.imageshack.us/img127/812/clocktower98oh.jpg,,10867,606da367e708e191adbdaf75e4713f607c22f8e4,,
2006/July-13-2006-perfect-bank-screenshot-hyperdude111.tripod.com-2.bmp,official game: screenshot (RuneScape 2),RuneScape client screenshot (uploaded as perfect_bank.bmp).,,,2006-07-13,20070217114614,http://hyperdude111.tripod.com:80/my_runescape_pics/thumbnails/400x300/perfect_bank.bmp,https://web.archive.org/web/20070217114614/http://hyperdude111.tripod.com:80/my_runescape_pics/thumbnails/400x300/perfect_bank.bmp,,326454,f603b9790cd53521dd321f05ae578cfa5776764a,,
2006/July-13-2006-perfect-bank-screenshot-hyperdude111.tripod.com.bmp,official game: screenshot (RuneScape 2),RuneScape client screenshot (uploaded as perfect_bank.bmp).,,,2006-07-13,20070217063031,http://hyperdude111.tripod.com:80/my_runescape_pics/perfect_bank.bmp,https://web.archive.org/web/20070217063031/http://hyperdude111.tripod.com:80/my_runescape_pics/perfect_bank.bmp,,1244718,f4e15b856d6484d3746f4c4acb72dd315471c025,,
2006/July-14-2006-deviantart-runescape-gov-screenshot-tn1-3.deviantart.com.gif,official game: screenshot (RuneScape 2),"RuneScape screenshot posted on DeviantArt, original title from the file name: Runescape_gov__by_NickW.gif.",,,2006-07-14,20060925001030,http://tn1-3.deviantart.com:80/fs11/150/i/2006/194/b/9/Runescape_gov__by_NickW.gif,https://web.archive.org/web/20060925001030/http://tn1-3.deviantart.com:80/fs11/150/i/2006/194/b/9/Runescape_gov__by_NickW.gif,,6147,6f15f2e54ff0acdf6eb0981fb10acc233b6ecb24,,
2006/July-15-2006-zammyfinishedjd6-th-img225.imageshack.us.jpg,official game: screenshot (RuneScape 2),"RS2 client screenshot. Posted in the forum thread ""Massive Construction Update - Runescape Community"".",,,2006-07-15,20060831150808,http://img225.imageshack.us/img225/6573/zammyfinishedjd6.th.jpg,https://web.archive.org/web/20060831150808/http://img225.imageshack.us/img225/6573/zammyfinishedjd6.th.jpg,https://web.archive.org/web/20060828015624/http://www.runescapecommunity.com:80/index.php?showtopic=590122&amp;st=0,3252,5bc1190ddc69ed45ae439e1009d0ff3864b4958f,,
2006/July-17-2006-client-screenshot-bored-xs303.xs.to.png,official game: screenshot (RuneScape 2),"Client screenshot uploaded as bored.png (inventory of gems, chat log).",,,2006-07-17,20060911090357,http://xs303.xs.to/xs303/06291/bored.png,https://web.archive.org/web/20060911090357/http://xs303.xs.to/xs303/06291/bored.png,,544217,ea4ec379d67324769cedc9112eeefe3613a3a8b1,,
2006/July-18-2006-cluescroll46-screenshot-img245.imageshack.us.png,official game: screenshot (RuneScape 2),RuneScape client screenshot (uploaded as cluescroll46vm8.png).,,,2006-07-18,20060721185532,http://img245.imageshack.us:80/img245/7038/cluescroll46vm8.png,https://web.archive.org/web/20060721185532/http://img245.imageshack.us:80/img245/7038/cluescroll46vm8.png,,153123,ee84236ec3e7a3760b9bae41ec22e85152aedcaf,,
2006/July-20-2006-06jul19172232pe8-img131.imageshack.us.png,official game: screenshot (RuneScape 2),RS2 client screenshot from img131.imageshack.us. Embedded in: Xcalibur57's Pking Gallery:-)updated August 10th. - Runescape Community (https://web.archive.org/web/20060829040302/http://www.runescapecommunity.com:80/index.php?showtopic=595805&amp;st=0).,,,2006-07-20,20060905205455,http://img131.imageshack.us/img131/4125/06jul19172232pe8.png,https://web.archive.org/web/20060905205455/http://img131.imageshack.us/img131/4125/06jul19172232pe8.png,,146265,b251d283ac7f3a1279684cec4d0bf6b9a471a3e9,,
2006/July-20-2006-06jul19233647mw8-img131.imageshack.us.png,official game: screenshot (RuneScape 2),RS2 client screenshot from img131.imageshack.us. Embedded in: Xcalibur57's Pking Gallery:-)updated August 10th. - Runescape Community (https://web.archive.org/web/20060829040302/http://www.runescapecommunity.com:80/index.php?showtopic=595805&amp;st=0).,,,2006-07-20,20060905205421,http://img131.imageshack.us/img131/678/06jul19233647mw8.png,https://web.archive.org/web/20060905205421/http://img131.imageshack.us/img131/678/06jul19233647mw8.png,,135631,a5df69eecf6d3dbc0847fcfba8c8a3f5523601ea,,
2006/July-22-2006-slovakpurems9-img114.imageshack.us.jpg,official game: screenshot (RuneScape 2),RS2 client screenshot from img114.imageshack.us. Embedded in: Under 100k Kills - Runescape Community (https://web.archive.org/web/20060829035455/http://www.runescapecommunity.com:80/index.php?showtopic=599557).,,,2006-07-22,20060902212201,http://img114.imageshack.us/img114/6880/slovakpurems9.jpg,https://web.archive.org/web/20060902212201/http://img114.imageshack.us/img114/6880/slovakpurems9.jpg,,87487,ca53c77e405839ac95c471146c8f143467440fc4,,
2006/July-25-2006-06jul25042536sq8-img131.imageshack.us.png,official game: screenshot (RuneScape 2),RS2 client screenshot from img131.imageshack.us. Embedded in: Xcalibur57's Pking Gallery:-)updated August 10th. - Runescape Community (https://web.archive.org/web/20060829040302/http://www.runescapecommunity.com:80/index.php?showtopic=595805&amp;st=0).,,,2006-07-25,20060905205406,http://img131.imageshack.us/img131/539/06jul25042536sq8.png,https://web.archive.org/web/20060905205406/http://img131.imageshack.us/img131/539/06jul25042536sq8.png,,140500,40a81a180e8fbd43c920573813c2f15e12630e06,,
2006/July-29-2006-kitehelmvu9-img92.imageshack.us.png,official game: screenshot (RuneScape 2),RS2 client screenshot from img92.imageshack.us. Embedded in: Arch3r's ~0wn4g3~ Gallery ! - Runescape Community (https://web.archive.org/web/20060829035507/http://www.runescapecommunity.com:80/index.php?showtopic=608491).,,,2006-07-29,20060905222245,http://img92.imageshack.us/img92/2370/kitehelmvu9.png,https://web.archive.org/web/20060905222245/http://img92.imageshack.us/img92/2370/kitehelmvu9.png,,139305,06ad5c7ced7842a624fea9c29cc0b3c91dc5aefd,,
2006/July-8-2006-121mv-img136.imageshack.us.jpg,official game: screenshot (RuneScape 2),RS2 client screenshot from img136.imageshack.us. Embedded in: New Pure In Progress - Runescape Community (https://web.archive.org/web/20061213223321/http://www.runescapecommunity.com:80/index.php?showtopic=588611).,,,2006-07-08,20070301113606,http://img136.imageshack.us/img136/3327/121mv.jpg,https://web.archive.org/web/20070301113606/http://img136.imageshack.us/img136/3327/121mv.jpg,,117494,a42c8f63c19b5f654b58c90b547e71f7cef94a4f,,
2006/July-8-2006-137em-img136.imageshack.us.jpg,official game: screenshot (RuneScape 2),RS2 client screenshot from img136.imageshack.us. Embedded in: New Pure In Progress - Runescape Community (https://web.archive.org/web/20061213223321/http://www.runescapecommunity.com:80/index.php?showtopic=588611).,,,2006-07-08,20070302173733,http://img136.imageshack.us/img136/9581/137em.jpg,https://web.archive.org/web/20070302173733/http://img136.imageshack.us/img136/9581/137em.jpg,,113235,b382035eb7595b9a52afba23ef49ecda00d83146,,
2006/July-8-2006-161ew-img136.imageshack.us.jpg,official game: screenshot (RuneScape 2),RS2 client screenshot from img136.imageshack.us. Embedded in: New Pure In Progress - Runescape Community (https://web.archive.org/web/20061213223321/http://www.runescapecommunity.com:80/index.php?showtopic=588611).,,,2006-07-08,20070301113658,http://img136.imageshack.us/img136/7353/161ew.jpg,https://web.archive.org/web/20070301113658/http://img136.imageshack.us/img136/7353/161ew.jpg,,114665,a41c7d5e422a085bb12fb9e48953f65b109ce25a,,
2006/July-8-2006-185rj-img136.imageshack.us.jpg,official game: screenshot (RuneScape 2),RS2 client screenshot from img136.imageshack.us. Embedded in: New Pure In Progress - Runescape Community (https://web.archive.org/web/20061213223321/http://www.runescapecommunity.com:80/index.php?showtopic=588611).,,,2006-07-08,20070302032731,http://img136.imageshack.us/img136/4365/185rj.jpg,https://web.archive.org/web/20070302032731/http://img136.imageshack.us/img136/4365/185rj.jpg,,105194,473c3d00d70426ac5d0ef97885a305ffb0d1acf4,,
2006/July-8-2006-43jx-img137.imageshack.us.png,official game: screenshot (RuneScape 2),RS2 client screenshot from img137.imageshack.us. Embedded in: New Pure In Progress - Runescape Community (https://web.archive.org/web/20061213223321/http://www.runescapecommunity.com:80/index.php?showtopic=588611).,,,2006-07-08,20070301043804,http://img137.imageshack.us/img137/535/43jx.png,https://web.archive.org/web/20070301043804/http://img137.imageshack.us/img137/535/43jx.png,,117695,2785da63586025bb423a1598d108612979b51ee7,,
2006/July-8-2006-59xq-img137.imageshack.us.png,official game: screenshot (RuneScape 2),RS2 client screenshot from img137.imageshack.us. Embedded in: New Pure In Progress - Runescape Community (https://web.archive.org/web/20061213223321/http://www.runescapecommunity.com:80/index.php?showtopic=588611).,,,2006-07-08,20070302012944,http://img137.imageshack.us/img137/1496/59xq.png,https://web.archive.org/web/20070302012944/http://img137.imageshack.us/img137/1496/59xq.png,,141641,141bf74575f4d0e0957ef54de3879725ef4f3a24,,
2006/July-8-2006-716bk-img102.imageshack.us.png,official game: screenshot (RuneScape 2),RS2 client screenshot from img102.imageshack.us. Embedded in: New Pure In Progress - Runescape Community (https://web.archive.org/web/20061213223321/http://www.runescapecommunity.com:80/index.php?showtopic=588611).,,,2006-07-08,20070211154956,http://img102.imageshack.us/img102/2923/716bk.png,https://web.archive.org/web/20070211154956/http://img102.imageshack.us/img102/2923/716bk.png,,134604,9c5678f49a58c98df8c07a12541ad331eabdc230,,
2006/June-15-2006-strength-level-85-wilderness-screenshot-i73.photobucket.com.png,official game: screenshot (RuneScape 2),"Strength level-up to 85 in the Wilderness (file name 85strenth06Jun10), from one PKer's Photobucket album.",,,2006-06-15,20060718002242,http://i73.photobucket.com:80/albums/i218/Purple_0wnz/85strenth06Jun10.png,https://web.archive.org/web/20060718002242/http://i73.photobucket.com:80/albums/i218/Purple_0wnz/85strenth06Jun10.png,,139694,9831b40f62855b0ef608624a43d36f937cf51c7a,,
2006/June-15-2006-wilderness-kill-loot-menu-blitzingbow-i73.photobucket.com.png,official game: screenshot (RuneScape 2),"Wilderness kill with the loot menu open (file name Blitzingbow), same PKer's album.",,,2006-06-15,20060718002317,http://i73.photobucket.com:80/albums/i218/Purple_0wnz/Blitzingbow.png,https://web.archive.org/web/20060718002317/http://i73.photobucket.com:80/albums/i218/Purple_0wnz/Blitzingbow.png,,147522,d1b91384040dbbe76653a56d5411c7eb25c212e2,,
2006/June-15-2006-wilderness-kill-loot-menu-traxz-i73.photobucket.com.png,official game: screenshot (RuneScape 2),"Wilderness kill with the loot menu open (file name TRAXZ), same album.",,,2006-06-15,20060718002445,http://i73.photobucket.com:80/albums/i218/Purple_0wnz/TRAXZ.png,https://web.archive.org/web/20060718002445/http://i73.photobucket.com:80/albums/i218/Purple_0wnz/TRAXZ.png,,136476,76fb39edc83d3b1524ebcb12d2ce8504a7414025,,
2006/June-15-2006-wilderness-kill-loot-menu-vasyl105-i73.photobucket.com.png,official game: screenshot (RuneScape 2),"Wilderness kill with the loot menu open (file name vasyl105), same album.",,,2006-06-15,20060718002433,http://i73.photobucket.com:80/albums/i218/Purple_0wnz/vasyl105.png,https://web.archive.org/web/20060718002433/http://i73.photobucket.com:80/albums/i218/Purple_0wnz/vasyl105.png,,138915,bdaea59686d38b0207c501198b1b8dd9408693c8,,
2006/June-17-2006-runescapestats-screenshot-img220.imageshack.us.png,official game: screenshot (RuneScape 2),RuneScape client screenshot (uploaded as runescapestats9vc.png).,,,2006-06-17,20060910212403,http://img220.imageshack.us/img220/8668/runescapestats9vc.png,https://web.archive.org/web/20060910212403/http://img220.imageshack.us/img220/8668/runescapestats9vc.png,,340755,07f1454791d882a34b529f3057416eb9cb715946,,
2006/June-18-2006-desktop-client-right-click-menu-f5.putfile.com.jpg,official game: screenshot (RuneScape 2),"Full Windows desktop screenshot of the RS2 client in a browser window with a right-click options menu open over a group of players, taskbar visible, hosted on putfile.com",,,2006-06-18,20070107123459,http://f5.putfile.com:80/6/16808120658.jpg,https://web.archive.org/web/20070107123459/http://f5.putfile.com:80/6/16808120658.jpg,,63470,5f67622db667f4d07647b9709e741b233570b62f,,
2006/June-2-2006-holeandkazgar-img260.imageshack.us.png,official game: screenshot (RuneScape 2),"RS2 client screenshot. Posted in the forum thread ""How To Gain 70k Mining Experiance An Hour! - Runescape Community"".",,,2006-06-02,20060710141149,http://img260.imageshack.us/img260/8338/holeandkazgar8wm.png,https://web.archive.org/web/20060710141149/http://img260.imageshack.us/img260/8338/holeandkazgar8wm.png,https://web.archive.org/web/20060721153959/http://www.runescapecommunity.com:80/index.php?showtopic=557502&amp;view=getlastpost,65837,9e3aac1e929f5830944d770431528bfc7050a38a,,
2006/June-2-2006-rocks-img529.imageshack.us.png,official game: screenshot (RuneScape 2),"RS2 client screenshot. Posted in the forum thread ""How To Gain 70k Mining Experiance An Hour! - Runescape Community"".",,,2006-06-02,20060722035506,http://img529.imageshack.us/img529/5821/rocks8eo.png,https://web.archive.org/web/20060722035506/http://img529.imageshack.us/img529/5821/rocks8eo.png,https://web.archive.org/web/20060721153959/http://www.runescapecommunity.com:80/index.php?showtopic=557502&amp;view=getlastpost,49880,2fea83042e9c5fdc2227cd91b233c9ed2a94b4de,,
2006/June-25-2006-maulpk4vk-img439.imageshack.us.png,official game: screenshot (RuneScape 2),RS2 client screenshot from img439.imageshack.us. Embedded in: Arch3r's ~0wn4g3~ Gallery ! - Runescape Community (https://web.archive.org/web/20060829035507/http://www.runescapecommunity.com:80/index.php?showtopic=608491).,,,2006-06-25,20060926173644,http://img439.imageshack.us/img439/3470/maulpk4vk.png,https://web.archive.org/web/20060926173644/http://img439.imageshack.us/img439/3470/maulpk4vk.png,,155112,1798dfcef44a67ed8f1b9b1352dcc78a2e1f1bc3,,
2006/June-26-2006-clanleaderdead1ei-img323.imageshack.us.png,official game: screenshot (RuneScape 2),RS2 client screenshot from img323.imageshack.us. Embedded in: Baranged Kills Part 2 - Runescape Community (https://web.archive.org/web/20060829035431/http://www.runescapecommunity.com:80/index.php?showtopic=578780).,,,2006-06-26,20060901005449,http://img323.imageshack.us/img323/7629/clanleaderdead1ei.png,https://web.archive.org/web/20060901005449/http://img323.imageshack.us/img323/7629/clanleaderdead1ei.png,,166847,c93cf67a3e93c594fa8b3f463edb25966837ce75,,
2006/June-26-2006-edgydungeonownage7rp-img191.imageshack.us.png,official game: screenshot (RuneScape 2),RS2 client screenshot from img191.imageshack.us. Embedded in: Baranged Kills Part 2 - Runescape Community (https://web.archive.org/web/20060829035431/http://www.runescapecommunity.com:80/index.php?showtopic=578780).,,,2006-06-26,20060927165322,http://img191.imageshack.us/img191/654/edgydungeonownage7rp.png,https://web.archive.org/web/20060927165322/http://img191.imageshack.us/img191/654/edgydungeonownage7rp.png,,242464,75ba99b2921026ee8be36987f079eaff2e1f030c,,
2006/June-26-2006-tfownage9cr-img438.imageshack.us.png,official game: screenshot (RuneScape 2),RS2 client screenshot from img438.imageshack.us. Embedded in: Baranged Kills Part 2 - Runescape Community (https://web.archive.org/web/20060829035431/http://www.runescapecommunity.com:80/index.php?showtopic=578780).,,,2006-06-26,20060928053713,http://img438.imageshack.us/img438/5688/tfownage9cr.png,https://web.archive.org/web/20060928053713/http://img438.imageshack.us/img438/5688/tfownage9cr.png,,198973,2e4acb3c0e72e24897924139f5ed6b0995ce78cc,,
2006/June-27-2006-0runescape-screenshot-img160.imageshack.us.png,official game: screenshot (RuneScape 2),RuneScape client screenshot (uploaded as 0runescape3ar.png).,,,2006-06-27,20070302160852,http://img160.imageshack.us:80/img160/3962/0runescape3ar.png,https://web.archive.org/web/20070302160852/http://img160.imageshack.us:80/img160/3962/0runescape3ar.png,,222140,f8ec0f898a9782a386ad4493ddd217203b49ba49,,
2006/June-27-2006-dharoklegsyaya7qj-img82.imageshack.us.png,official game: screenshot (RuneScape 2),RS2 client screenshot from a RuneHQ guide (img82.imageshack.us). Embedded in: |+_+| 8th Pk Vid - The Rundown |+_+| - Runescape Community (https://web.archive.org/web/20061030130511/http://www.runescapecommunity.com/index.php?showtopic=579065).,,,2006-06-27,20070301104809,http://img82.imageshack.us/img82/5808/dharoklegsyaya7qj.png,https://web.archive.org/web/20070301104809/http://img82.imageshack.us/img82/5808/dharoklegsyaya7qj.png,,1019786,6d264af081bb643bfad8c2b72a8fb2e71b70887f,,
2006/June-27-2006-halgrive-runehq.com.png,official game: screenshot (RuneScape 2),RS2 client screenshot from runehq.com. Embedded in: Rune Headquarters :.:.: Your unfair Runescape advantage (https://web.archive.org/web/20061020235415/http://www.runehq.com/RHQQuestsView.php?id=00174%3FEnglish=true).,,,2006-06-27,20070212011712,http://www.runehq.com/image/quests/p2p/sheepherder/halgrive.png,https://web.archive.org/web/20070212011712/http://www.runehq.com/image/quests/p2p/sheepherder/halgrive.png,,105394,b5eade87ce3c919c8960fd8fbbb34712fe8700f3,,
2006/June-27-2006-incinerator-runehq.com.png,official game: screenshot (RuneScape 2),RS2 client screenshot from runehq.com. Embedded in: Rune Headquarters :.:.: Your unfair Runescape advantage (https://web.archive.org/web/20061020235415/http://www.runehq.com/RHQQuestsView.php?id=00174%3FEnglish=true).,,,2006-06-27,20070212011752,http://www.runehq.com/image/quests/p2p/sheepherder/incinerator.png,https://web.archive.org/web/20070212011752/http://www.runehq.com/image/quests/p2p/sheepherder/incinerator.png,,67168,f39ea223ce0255f59560019e21ea3cf5fc6e487a,,
2006/June-27-2006-orbon-runehq.com.png,official game: screenshot (RuneScape 2),RS2 client screenshot from runehq.com. Embedded in: Rune Headquarters :.:.: Your unfair Runescape advantage (https://web.archive.org/web/20061020235415/http://www.runehq.com/RHQQuestsView.php?id=00174%3FEnglish=true).,,,2006-06-27,20070212011732,http://www.runehq.com/image/quests/p2p/sheepherder/orbon.png,https://web.archive.org/web/20070212011732/http://www.runehq.com/image/quests/p2p/sheepherder/orbon.png,,130656,fe3ee596079891f3afa6e489371abea80ad3f593,,
2006/June-28-2006-login-i60.photobucket.com.png,official game: screenshot (RuneScape 2),"RS2 client screenshot. Posted in the forum thread """"The Rest"" Compilation - Runescape Community"".",,,2006-06-28,20180124092555,http://i60.photobucket.com/albums/h32/mcribben/login.png,https://web.archive.org/web/20180124092555/http://i60.photobucket.com/albums/h32/mcribben/login.png,https://web.archive.org/web/20061030114144/http://www.runescapecommunity.com/index.php?showtopic=413649,204091,4281f85ed1e73f2bcb56a95674896836abe61785,,
2006/June-29-2006-lol12zm-img440.imageshack.us.png,official game: screenshot (RuneScape 2),RS2 client screenshot from img440.imageshack.us. Embedded in: Arch3r's ~0wn4g3~ Gallery ! - Runescape Community (https://web.archive.org/web/20060829035507/http://www.runescapecommunity.com:80/index.php?showtopic=608491).,,,2006-06-29,20060926092419,http://img440.imageshack.us/img440/3295/lol12zm.png,https://web.archive.org/web/20060926092419/http://img440.imageshack.us/img440/3295/lol12zm.png,,123575,44f559a848c98a5ebe8d1969ec58675f21bcd72c,,
2006/June-3-2006-102xx-img145.imageshack.us.jpg,official game: screenshot (RuneScape 2),"RS2 client screenshot. Posted in the forum thread """"f2p Pures Are Obsolete...""or Are They? - Runescape Community"".",,,2006-06-03,20060905154558,http://img145.imageshack.us/img145/4245/102xx1tu.jpg,https://web.archive.org/web/20060905154558/http://img145.imageshack.us/img145/4245/102xx1tu.jpg,https://web.archive.org/web/20060829035407/http://www.runescapecommunity.com:80/index.php?showtopic=558736,81235,b8989f6ed8180d64d3f85cee50bd70949d434006,,
2006/June-3-2006-103xx-img145.imageshack.us.jpg,official game: screenshot (RuneScape 2),"RS2 client screenshot. Posted in the forum thread """"f2p Pures Are Obsolete...""or Are They? - Runescape Community"".",,,2006-06-03,20060905155259,http://img145.imageshack.us/img145/7470/103xx7gh.jpg,https://web.archive.org/web/20060905155259/http://img145.imageshack.us/img145/7470/103xx7gh.jpg,https://web.archive.org/web/20060829035407/http://www.runescapecommunity.com:80/index.php?showtopic=558736,72254,bd478d71bf9cd85dcbfa87244de1d3e061c91ff8,,
2006/June-3-2006-105xx-img145.imageshack.us.jpg,official game: screenshot (RuneScape 2),"RS2 client screenshot. Posted in the forum thread """"f2p Pures Are Obsolete...""or Are They? - Runescape Community"".",,,2006-06-03,20060905155334,http://img145.imageshack.us/img145/9702/105xx0tk.jpg,https://web.archive.org/web/20060905155334/http://img145.imageshack.us/img145/9702/105xx0tk.jpg,https://web.archive.org/web/20060829035407/http://www.runescapecommunity.com:80/index.php?showtopic=558736,88509,2e5978a38b17fbe3a275d0b82af9b2270452b51e,,
2006/June-3-2006-106xx-img145.imageshack.us.jpg,official game: screenshot (RuneScape 2),"RS2 client screenshot. Posted in the forum thread """"f2p Pures Are Obsolete...""or Are They? - Runescape Community"".",,,2006-06-03,20060905154533,http://img145.imageshack.us/img145/8346/106xx2kv.jpg,https://web.archive.org/web/20060905154533/http://img145.imageshack.us/img145/8346/106xx2kv.jpg,https://web.archive.org/web/20060829035407/http://www.runescapecommunity.com:80/index.php?showtopic=558736,81261,49eb0d2a0354771f98c18e4bb08fb2f12e439875,,
2006/June-3-2006-107xx8ck-img145.imageshack.us.jpg,official game: screenshot (RuneScape 2),"RS2 client screenshot from img145.imageshack.us. Embedded in: ""f2p Pures Are Obsolete...""or Are They? - Runescape Community (https://web.archive.org/web/20060829035407/http://www.runescapecommunity.com:80/index.php?showtopic=558736).",,,2006-06-03,20060905155209,http://img145.imageshack.us/img145/2958/107xx8ck.jpg,https://web.archive.org/web/20060905155209/http://img145.imageshack.us/img145/2958/107xx8ck.jpg,,97219,2658803eecdf301c06e22e73caad2b4cba8bec3b,,
2006/June-3-2006-108xx2dh-img145.imageshack.us.jpg,official game: screenshot (RuneScape 2),"RS2 client screenshot from img145.imageshack.us. Embedded in: ""f2p Pures Are Obsolete...""or Are They? - Runescape Community (https://web.archive.org/web/20060829035407/http://www.runescapecommunity.com:80/index.php?showtopic=558736).",,,2006-06-03,20060905154611,http://img145.imageshack.us/img145/5175/108xx2dh.jpg,https://web.archive.org/web/20060905154611/http://img145.imageshack.us/img145/5175/108xx2dh.jpg,,83770,6e6c0194b6111897ed418ff9f55fdabd81bf1763,,
2006/June-3-2006-110x5ot-img145.imageshack.us.jpg,official game: screenshot (RuneScape 2),"RS2 client screenshot from img145.imageshack.us. Embedded in: ""f2p Pures Are Obsolete...""or Are They? - Runescape Community (https://web.archive.org/web/20060829035407/http://www.runescapecommunity.com:80/index.php?showtopic=558736).",,,2006-06-03,20060905154700,http://img145.imageshack.us/img145/6240/110x5ot.jpg,https://web.archive.org/web/20060905154700/http://img145.imageshack.us/img145/6240/110x5ot.jpg,,79233,5b7ca7582d07e63b7b54b2733ec2c80a0550df0a,,
2006/June-3-2006-111x8ba-img145.imageshack.us.jpg,official game: screenshot (RuneScape 2),"RS2 client screenshot from img145.imageshack.us. Embedded in: ""f2p Pures Are Obsolete...""or Are They? - Runescape Community (https://web.archive.org/web/20060829035407/http://www.runescapecommunity.com:80/index.php?showtopic=558736).",,,2006-06-03,20060905154712,http://img145.imageshack.us/img145/4387/111x8ba.jpg,https://web.archive.org/web/20060905154712/http://img145.imageshack.us/img145/4387/111x8ba.jpg,,78840,36216b77c9e120ac3004b0800278018e1467c777,,
2006/June-3-2006-114xx9lw-img145.imageshack.us.jpg,official game: screenshot (RuneScape 2),"RS2 client screenshot from img145.imageshack.us. Embedded in: ""f2p Pures Are Obsolete...""or Are They? - Runescape Community (https://web.archive.org/web/20060829035407/http://www.runescapecommunity.com:80/index.php?showtopic=558736).",,,2006-06-03,20060905155222,http://img145.imageshack.us/img145/6000/114xx9lw.jpg,https://web.archive.org/web/20060905155222/http://img145.imageshack.us/img145/6000/114xx9lw.jpg,,80381,91f5ab7f77e57514c1b6995b69792d499e6fb84f,,
2006/June-3-2006-115xx1lw-img145.imageshack.us.jpg,official game: screenshot (RuneScape 2),"RS2 client screenshot from img145.imageshack.us. Embedded in: ""f2p Pures Are Obsolete...""or Are They? - Runescape Community (https://web.archive.org/web/20060829035407/http://www.runescapecommunity.com:80/index.php?showtopic=558736).",,,2006-06-03,20060905154521,http://img145.imageshack.us/img145/4710/115xx1lw.jpg,https://web.archive.org/web/20060905154521/http://img145.imageshack.us/img145/4710/115xx1lw.jpg,,87436,d8be77810aee84e5ae0f88421ae4646669e342b4,,
2006/June-3-2006-118xx9wk-img145.imageshack.us.jpg,official game: screenshot (RuneScape 2),"RS2 client screenshot from img145.imageshack.us. Embedded in: ""f2p Pures Are Obsolete...""or Are They? - Runescape Community (https://web.archive.org/web/20060829035407/http://www.runescapecommunity.com:80/index.php?showtopic=558736).",,,2006-06-03,20060905154509,http://img145.imageshack.us/img145/8851/118xx9wk.jpg,https://web.archive.org/web/20060905154509/http://img145.imageshack.us/img145/8851/118xx9wk.jpg,,77699,6c4956d45a082494bf81a6269a0e16a405b4b97e,,
2006/June-3-2006-124xx8nl-img145.imageshack.us.jpg,official game: screenshot (RuneScape 2),"RS2 client screenshot from img145.imageshack.us. Embedded in: ""f2p Pures Are Obsolete...""or Are They? - Runescape Community (https://web.archive.org/web/20060829035407/http://www.runescapecommunity.com:80/index.php?showtopic=558736).",,,2006-06-03,20060905154545,http://img145.imageshack.us/img145/8861/124xx8nl.jpg,https://web.archive.org/web/20060905154545/http://img145.imageshack.us/img145/8861/124xx8nl.jpg,,85081,2df0dd372a959748abf1d2377f325d69c3f01f8f,,
2006/June-3-2006-127xx6dm-img145.imageshack.us.jpg,official game: screenshot (RuneScape 2),"RS2 client screenshot from img145.imageshack.us. Embedded in: ""f2p Pures Are Obsolete...""or Are They? - Runescape Community (https://web.archive.org/web/20060829035407/http://www.runescapecommunity.com:80/index.php?showtopic=558736).",,,2006-06-03,20060905155310,http://img145.imageshack.us/img145/8763/127xx6dm.jpg,https://web.archive.org/web/20060905155310/http://img145.imageshack.us/img145/8763/127xx6dm.jpg,,72000,d34c212f612076ac03208870bc36a71e5df58b4b,,
2006/June-3-2006-129xx8ga-img145.imageshack.us.jpg,official game: screenshot (RuneScape 2),"RS2 client screenshot from img145.imageshack.us. Embedded in: ""f2p Pures Are Obsolete...""or Are They? - Runescape Community (https://web.archive.org/web/20060829035407/http://www.runescapecommunity.com:80/index.php?showtopic=558736).",,,2006-06-03,20060905154439,http://img145.imageshack.us/img145/999/129xx8ga.jpg,https://web.archive.org/web/20060905154439/http://img145.imageshack.us/img145/999/129xx8ga.jpg,,83434,167f6b01c09e6212fc6b74d2019952e72f00cb38,,
2006/June-3-2006-131xx1ox-img145.imageshack.us.jpg,official game: screenshot (RuneScape 2),"RS2 client screenshot from img145.imageshack.us. Embedded in: ""f2p Pures Are Obsolete...""or Are They? - Runescape Community (https://web.archive.org/web/20060829035407/http://www.runescapecommunity.com:80/index.php?showtopic=558736).",,,2006-06-03,20060905155234,http://img145.imageshack.us/img145/6641/131xx1ox.jpg,https://web.archive.org/web/20060905155234/http://img145.imageshack.us/img145/6641/131xx1ox.jpg,,77561,3534ad110d748fa253104c2d3314ffd0b8acf807,,
2006/June-3-2006-132xx2ui-img145.imageshack.us.jpg,official game: screenshot (RuneScape 2),"RS2 client screenshot from img145.imageshack.us. Embedded in: ""f2p Pures Are Obsolete...""or Are They? - Runescape Community (https://web.archive.org/web/20060829035407/http://www.runescapecommunity.com:80/index.php?showtopic=558736).",,,2006-06-03,20060905155156,http://img145.imageshack.us/img145/2290/132xx2ui.jpg,https://web.archive.org/web/20060905155156/http://img145.imageshack.us/img145/2290/132xx2ui.jpg,,73886,4238c6a2e2efe15a43a4035a3f5ca2191aa3707b,,
2006/June-3-2006-136xx4ih-img145.imageshack.us.jpg,official game: screenshot (RuneScape 2),"RS2 client screenshot from img145.imageshack.us. Embedded in: ""f2p Pures Are Obsolete...""or Are They? - Runescape Community (https://web.archive.org/web/20060829035407/http://www.runescapecommunity.com:80/index.php?showtopic=558736).",,,2006-06-03,20060905154724,http://img145.imageshack.us/img145/2097/136xx4ih.jpg,https://web.archive.org/web/20060905154724/http://img145.imageshack.us/img145/2097/136xx4ih.jpg,,79860,ec03e558b964019ec3102425349e7fe6ae05f338,,
2006/June-3-2006-138xx2nl-img145.imageshack.us.jpg,official game: screenshot (RuneScape 2),"RS2 client screenshot from img145.imageshack.us. Embedded in: ""f2p Pures Are Obsolete...""or Are They? - Runescape Community (https://web.archive.org/web/20060829035407/http://www.runescapecommunity.com:80/index.php?showtopic=558736).",,,2006-06-03,20060905154452,http://img145.imageshack.us/img145/4093/138xx2nl.jpg,https://web.archive.org/web/20060905154452/http://img145.imageshack.us/img145/4093/138xx2nl.jpg,,76719,4195366e4eb4a7969e6c15fc34a2912125e2b34e,,
2006/June-3-2006-139xx7su-img145.imageshack.us.jpg,official game: screenshot (RuneScape 2),"RS2 client screenshot from img145.imageshack.us. Embedded in: ""f2p Pures Are Obsolete...""or Are They? - Runescape Community (https://web.archive.org/web/20060829035407/http://www.runescapecommunity.com:80/index.php?showtopic=558736).",,,2006-06-03,20060905155324,http://img145.imageshack.us/img145/9695/139xx7su.jpg,https://web.archive.org/web/20060905155324/http://img145.imageshack.us/img145/9695/139xx7su.jpg,,72695,412d6c89ca7302e4c289e766fcb852312c5fda6c,,
2006/June-3-2006-140xx9lg-img145.imageshack.us.jpg,official game: screenshot (RuneScape 2),"RS2 client screenshot from img145.imageshack.us. Embedded in: ""f2p Pures Are Obsolete...""or Are They? - Runescape Community (https://web.archive.org/web/20060829035407/http://www.runescapecommunity.com:80/index.php?showtopic=558736).",,,2006-06-03,20060905155246,http://img145.imageshack.us/img145/7217/140xx9lg.jpg,https://web.archive.org/web/20060905155246/http://img145.imageshack.us/img145/7217/140xx9lg.jpg,,80235,67774a7c2e744a7c1eb96390470912a67f9ef3f5,,
2006/June-3-2006-161xx3bl-img64.imageshack.us.jpg,official game: screenshot (RuneScape 2),"RS2 client screenshot from img64.imageshack.us. Embedded in: ""f2p Pures Are Obsolete...""or Are They? - Runescape Community (https://web.archive.org/web/20060829035407/http://www.runescapecommunity.com:80/index.php?showtopic=558736).",,,2006-06-03,20060902213024,http://img64.imageshack.us/img64/9664/161xx3bl.jpg,https://web.archive.org/web/20060902213024/http://img64.imageshack.us/img64/9664/161xx3bl.jpg,,79178,9508424362d8d30b20dd58ddea4af7ef0807ad7d,,
2006/June-3-2006-bankofrs2auoter-screenshot-runescape-2-autoers.tripod.com.jpg,official game: screenshot (RuneScape 2),RuneScape client screenshot (uploaded as bankofrs2auoter.jpg).,,,2006-06-03,20070112053909,http://runescape-2-autoers.tripod.com:80/sitebuildercontent/sitebuilderpictures/bankofrs2auoter.jpg,https://web.archive.org/web/20070112053909/http://runescape-2-autoers.tripod.com:80/sitebuildercontent/sitebuilderpictures/bankofrs2auoter.jpg,,82267,7572dad38a5082caa2171a41bf5eb11e09a6877a,,
2006/March-13-2006-naturespiritpic1-img44.exs.cx.png,official game: screenshot (RuneScape 2),"RS2 client screenshot. Posted in the forum thread ""Runescape Community -> Nature Spirit"".",,,2006-03-13,20060902221930,http://img44.exs.cx:80/img44/8981/naturespiritpic1.png,https://web.archive.org/web/20060902221930/http://img44.exs.cx:80/img44/8981/naturespiritpic1.png,https://web.archive.org/web/20041127050255/http://www.runescapecommunity.com:80/index.php?showtopic=155927,543966,f2ecc2e01eb9b9abdfaa031129845fb5021d8ea4,,
2006/March-13-2006-naturespiritpic2-img44.exs.cx.png,official game: screenshot (RuneScape 2),"RS2 client screenshot. Posted in the forum thread ""Runescape Community -> Nature Spirit"".",,,2006-03-13,20060903142311,http://img44.exs.cx:80/img44/4091/naturespiritpic2.png,https://web.archive.org/web/20060903142311/http://img44.exs.cx:80/img44/4091/naturespiritpic2.png,https://web.archive.org/web/20041127050255/http://www.runescapecommunity.com:80/index.php?showtopic=155927,548118,bda313bb73833fbb3b3ce98aed3223ea4b51eacd,,
2006/March-13-2006-naturespiritpic3-img44.exs.cx.png,official game: screenshot (RuneScape 2),"RS2 client screenshot. Posted in the forum thread ""Runescape Community -> Nature Spirit"".",,,2006-03-13,20060903142335,http://img44.exs.cx:80/img44/4130/naturespiritpic3.png,https://web.archive.org/web/20060903142335/http://img44.exs.cx:80/img44/4130/naturespiritpic3.png,https://web.archive.org/web/20041127050255/http://www.runescapecommunity.com:80/index.php?showtopic=155927,537678,947ed0ee3f9ea9adf6159c0adc7b235039cad577,,
2006/March-13-2006-naturespiritpic5-img44.exs.cx.png,official game: screenshot (RuneScape 2),"RS2 client screenshot. Posted in the forum thread ""Runescape Community -> Nature Spirit"".",,,2006-03-13,20060903142351,http://img44.exs.cx:80/img44/6444/naturespiritpic5.png,https://web.archive.org/web/20060903142351/http://img44.exs.cx:80/img44/6444/naturespiritpic5.png,https://web.archive.org/web/20041127050255/http://www.runescapecommunity.com:80/index.php?showtopic=155927,535894,a0d869e28af98bc48a404be84822c501a1c901f3,,
2006/March-20-2006-moddaniel-img163.exs.cx.jpg,official game: screenshot (RuneScape 2),"RS2 client screenshot. Posted in the forum thread ""Pictures of Famous People Go Here"".",,,2006-03-20,20060526234258,http://img163.exs.cx:80/img163/5783/moddaniel9kn.jpg,https://web.archive.org/web/20060526234258/http://img163.exs.cx:80/img163/5783/moddaniel9kn.jpg,https://web.archive.org/web/20060310113259/http://forums.rsbandb.com:80/viewtopic.php?t=1345,271749,4621f6a553d2623544a2a2f7a54e536eb5bbcd17,,
2006/March-24-2006-magic-level-up-client-x10.putfile.com.jpg,official game: screenshot (RuneScape 2),"RS2 client screenshot with web-client top bar, chat shows Congratulations you just advanced a magic level, stats tab open, combat 30 total 127, hosted on putfile.com",,,2006-03-24,20060620153146,http://x10.putfile.com:80/3/8119321112.jpg,https://web.archive.org/web/20060620153146/http://x10.putfile.com:80/3/8119321112.jpg,,84394,eb719a5d4fb423f20f1eded9aef4560881211d03,,
2006/March-26-2006-ranged-50-level-up-client-x10.putfile.com.jpg,official game: screenshot (RuneScape 2),"RS2 client screenshot with web-client top bar, level-up dialogue Your ranging level is now 50, stats tab open, combat 34 total 151, hosted on putfile.com",,,2006-03-26,20060620153217,http://x10.putfile.com:80/3/8322424847.jpg,https://web.archive.org/web/20060620153217/http://x10.putfile.com:80/3/8322424847.jpg,,88395,c00979f35a44d981db9fad969d61fd8c75150854,,
2006/March-29-2006-1-img35.imageshack.us.png,official game: screenshot (RuneScape 2),"RS2 client screenshot. Posted in the forum thread ""Runescape Community -> Temple Of Ikov"".",,,2006-03-29,20060414173746,http://img35.imageshack.us/img35/5379/1.png,https://web.archive.org/web/20060414173746/http://img35.imageshack.us/img35/5379/1.png,https://web.archive.org/web/20041122054407/http://www.runescapecommunity.com:80/index.php?showtopic=146263,84769,53a4087a858d2880bdd9fe341e8aece4178d4d8e,,
2006/March-29-2006-cavetoisland-img35.imageshack.us.jpg,official game: screenshot (RuneScape 2),"RS2 client screenshot. Posted in the forum thread ""Runescape Community -> Watch Tower"".",,,2006-03-29,20060905063726,http://img35.imageshack.us/img35/7045/cavetoisland.jpg,https://web.archive.org/web/20060905063726/http://img35.imageshack.us/img35/7045/cavetoisland.jpg,https://web.archive.org/web/20041122053953/http://www.runescapecommunity.com:80/index.php?showtopic=150052,39779,e33437baa9820741de64cab837ac7dbdd1b52d93,,
2006/March-29-2006-relicpartone-img35.imageshack.us.jpg,official game: screenshot (RuneScape 2),"RS2 client screenshot. Posted in the forum thread ""Runescape Community -> Watch Tower"".",,,2006-03-29,20060905063852,http://img35.imageshack.us/img35/9167/relicpartone.jpg,https://web.archive.org/web/20060905063852/http://img35.imageshack.us/img35/9167/relicpartone.jpg,https://web.archive.org/web/20041122053953/http://www.runescapecommunity.com:80/index.php?showtopic=150052,41341,87ce8ad044af8ae34eb3657b0d6ebdadcf932e62,,
2006/March-4-2006-52mage-screenshot-i4.photobucket.com.png,official game: screenshot (RuneScape 2),RuneScape client screenshot (uploaded as 52mage.png).,,,2006-03-04,20060421165105,http://i4.photobucket.com:80/albums/y107/pure-s--t--r/52mage.png,https://web.archive.org/web/20060421165105/http://i4.photobucket.com:80/albums/y107/pure-s--t--r/52mage.png,,149062,7a219fdd37e5c8ed5ab0ab3867ffafdf8fd73761,,
2006/May-13-2006-stump-img130.imageshack.us.png,official game: screenshot (RuneScape 2),"RS2 client screenshot. Posted in the forum thread ""Cor Vs Valor. - Runescape Community"".",,,2006-05-13,20110730175712,http://img130.imageshack.us/img130/4774/stump9dp.png,https://web.archive.org/web/20110730175712/http://img130.imageshack.us/img130/4774/stump9dp.png,https://web.archive.org/web/20060519020910/http://www.runescapecommunity.com/index.php?showtopic=543189,62452,f5f8fd50ba2e7e971245a2a70d7d680de951cd3c,,
2006/May-14-2006-13finnalddefeatsgerrit11109040-img82.imageshack.us.png,official game: screenshot (RuneScape 2),"RS2 client screenshot. Posted in the forum thread ""Finnald's 200m Gallery - Runescape Community"".",,,2006-05-14,20060831193751,http://img82.imageshack.us/img82/1130/13finnalddefeatsgerrit11109040.png,https://web.archive.org/web/20060831193751/http://img82.imageshack.us/img82/1130/13finnalddefeatsgerrit11109040.png,https://web.archive.org/web/20060829035356/http://www.runescapecommunity.com:80/index.php?showtopic=552921,130233,18b80a9c278733feb8600610cc920b07b53072d9,,
2006/May-14-2006-13finnalddefeatsmousanouar1504-img139.imageshack.us.png,official game: screenshot (RuneScape 2),"RS2 client screenshot. Posted in the forum thread ""Finnald's 200m Gallery - Runescape Community"".",,,2006-05-14,20060904080302,http://img139.imageshack.us/img139/7426/13finnalddefeatsmousanouar1504.png,https://web.archive.org/web/20060904080302/http://img139.imageshack.us/img139/7426/13finnalddefeatsmousanouar1504.png,https://web.archive.org/web/20060829035356/http://www.runescapecommunity.com:80/index.php?showtopic=552921,135611,f984c776ca83f6d39a4b9860b1cea7d3e5026812,,
2006/May-14-2006-13finnalddefeatspownedurazz090-img92.imageshack.us.png,official game: screenshot (RuneScape 2),"RS2 client screenshot. Posted in the forum thread ""Finnald's 200m Gallery - Runescape Community"".",,,2006-05-14,20060905111443,http://img92.imageshack.us/img92/6569/13finnalddefeatspownedurazz090.png,https://web.archive.org/web/20060905111443/http://img92.imageshack.us/img92/6569/13finnalddefeatspownedurazz090.png,https://web.archive.org/web/20060829035356/http://www.runescapecommunity.com:80/index.php?showtopic=552921,118591,4f9dc74413bc534bafa704dae10a2d15918705cb,,
2006/May-14-2006-13finnalddefeatssablink1820704-img103.imageshack.us.png,official game: screenshot (RuneScape 2),"RS2 client screenshot. Posted in the forum thread ""Finnald's 200m Gallery - Runescape Community"".",,,2006-05-14,20060904080523,http://img103.imageshack.us/img103/4748/13finnalddefeatssablink1820704.png,https://web.archive.org/web/20060904080523/http://img103.imageshack.us/img103/4748/13finnalddefeatssablink1820704.png,https://web.archive.org/web/20060829035356/http://www.runescapecommunity.com:80/index.php?showtopic=552921,104717,67ea209c77eda0ddb261653a30e45f04fb9d179b,,
2006/May-14-2006-13finnalddefeatsshibidybow1404-img90.imageshack.us.png,official game: screenshot (RuneScape 2),"RS2 client screenshot. Posted in the forum thread ""Finnald's 200m Gallery - Runescape Community"".",,,2006-05-14,20060902052410,http://img90.imageshack.us/img90/2784/13finnalddefeatsshibidybow1404.png,https://web.archive.org/web/20060902052410/http://img90.imageshack.us/img90/2784/13finnalddefeatsshibidybow1404.png,https://web.archive.org/web/20060829035356/http://www.runescapecommunity.com:80/index.php?showtopic=552921,140848,e601cdb1a43e2c64a692f96c4d370dbeb9e3a70f,,
2006/May-14-2006-13finnalddefeatsssgohanss09040-img103.imageshack.us.png,official game: screenshot (RuneScape 2),"RS2 client screenshot. Posted in the forum thread ""Finnald's 200m Gallery - Runescape Community"".",,,2006-05-14,20060904080448,http://img103.imageshack.us/img103/1804/13finnalddefeatsssgohanss09040.png,https://web.archive.org/web/20060904080448/http://img103.imageshack.us/img103/1804/13finnalddefeatsssgohanss09040.png,https://web.archive.org/web/20060829035356/http://www.runescapecommunity.com:80/index.php?showtopic=552921,137200,09b3878ea2dd4adc47bc7d06278a1a9f4602c5a0,,
2006/May-14-2006-13finnalddefeatswisdomjay11040-img111.imageshack.us.png,official game: screenshot (RuneScape 2),"RS2 client screenshot. Posted in the forum thread ""Finnald's 200m Gallery - Runescape Community"".",,,2006-05-14,20060905162406,http://img111.imageshack.us/img111/2893/13finnalddefeatswisdomjay11040.png,https://web.archive.org/web/20060905162406/http://img111.imageshack.us/img111/2893/13finnalddefeatswisdomjay11040.png,https://web.archive.org/web/20060829035356/http://www.runescapecommunity.com:80/index.php?showtopic=552921,129919,99c15d17fd5832767ca546dbade3ed62dad30614,,
2006/May-14-2006-14finnalddefeatsikirousi140506-img46.imageshack.us.png,official game: screenshot (RuneScape 2),"RS2 client screenshot. Posted in the forum thread ""Finnald's 200m Gallery - Runescape Community"".",,,2006-05-14,20060905201154,http://img46.imageshack.us/img46/2267/14finnalddefeatsikirousi140506.png,https://web.archive.org/web/20060905201154/http://img46.imageshack.us/img46/2267/14finnalddefeatsikirousi140506.png,https://web.archive.org/web/20060829035356/http://www.runescapecommunity.com:80/index.php?showtopic=552921,132863,3eb5e7efff7975d623e6fb6ceb91ab38d9d06b45,,
2006/May-14-2006-5cripter-i63.photobucket.com.png,official game: screenshot (RuneScape 2),"RS2 client screenshot. Posted in the forum thread ""St Vs 'the' And St Vs Sth On P2p (portals) - Runescape Community"".",,,2006-05-14,20110730175656,http://i63.photobucket.com/albums/h125/Mworthy/5cripter.png,https://web.archive.org/web/20110730175656/http://i63.photobucket.com/albums/h125/Mworthy/5cripter.png,https://web.archive.org/web/20060519020926/http://www.runescapecommunity.com/index.php?showtopic=543837,112492,2ef44a033c7bf4260814fc7ab562734e0d2fa00b,,
2006/May-14-2006-badegg-img477.imageshack.us.png,official game: screenshot (RuneScape 2),"RS2 client screenshot. Posted in the forum thread ""'the' Got Egg'd! - Runescape Community"".",,,2006-05-14,20121215062111,http://img477.imageshack.us/img477/9634/badegg9jz.png,https://web.archive.org/web/20121215062111/http://img477.imageshack.us/img477/9634/badegg9jz.png,https://web.archive.org/web/20060519021039/http://www.runescapecommunity.com/index.php?showtopic=543110,133006,45bfb0c10735397c59e1c7c52df335cb6c8c15f2,,
2006/May-14-2006-d-img486.imageshack.us.png,official game: screenshot (RuneScape 2),"RS2 client screenshot. Posted in the forum thread ""'the' Got Egg'd! - Runescape Community"".",,,2006-05-14,20121215062110,http://img486.imageshack.us/img486/3241/d2hf.png,https://web.archive.org/web/20121215062110/http://img486.imageshack.us/img486/3241/d2hf.png,https://web.archive.org/web/20060519021039/http://www.runescapecommunity.com/index.php?showtopic=543110,59930,1534b475b77c69e139e12510d4c98040924c149c,,
2006/May-14-2006-g1ygas-img221.imageshack.us.png,official game: screenshot (RuneScape 2),"RS2 client screenshot. Posted in the forum thread ""St Vs 'the' And St Vs Sth On P2p (portals) - Runescape Community"".",,,2006-05-14,20110730175656,http://img221.imageshack.us/img221/3584/g1ygas7xp.png,https://web.archive.org/web/20110730175656/http://img221.imageshack.us/img221/3584/g1ygas7xp.png,https://web.archive.org/web/20060519020926/http://www.runescapecommunity.com/index.php?showtopic=543837,129761,ab7157d2f82d44f03f23181e76e70a2c03512996,,
2006/May-14-2006-paintwhip-img272.imageshack.us.png,official game: screenshot (RuneScape 2),"RS2 client screenshot. Posted in the forum thread ""St Vs 'the' And St Vs Sth On P2p (portals) - Runescape Community"".",,,2006-05-14,20110730175656,http://img272.imageshack.us/img272/6274/paintwhip0mu.png,https://web.archive.org/web/20110730175656/http://img272.imageshack.us/img272/6274/paintwhip0mu.png,https://web.archive.org/web/20060519020926/http://www.runescapecommunity.com/index.php?showtopic=543837,676297,82522548c189ab140ef60f6e4741e44ffc6ed7a2,,
2006/May-14-2006-scott5210-i63.photobucket.com.png,official game: screenshot (RuneScape 2),"RS2 client screenshot. Posted in the forum thread ""St Vs 'the' And St Vs Sth On P2p (portals) - Runescape Community"".",,,2006-05-14,20110730175656,http://i63.photobucket.com/albums/h125/Mworthy/Scott5210.png,https://web.archive.org/web/20110730175656/http://i63.photobucket.com/albums/h125/Mworthy/Scott5210.png,https://web.archive.org/web/20060519020926/http://www.runescapecommunity.com/index.php?showtopic=543837,112416,1f5af43993c1b6d325e10e67fcb6e894ce6b8ea8,,
2006/May-14-2006-thataznboy-i34.photobucket.com.png,official game: screenshot (RuneScape 2),"RS2 client screenshot. Posted in the forum thread ""St Vs 'the' And St Vs Sth On P2p (portals) - Runescape Community"".",,,2006-05-14,20110730175656,http://i34.photobucket.com/albums/d138/Mona72866/Thataznboy.png,https://web.archive.org/web/20110730175656/http://i34.photobucket.com/albums/d138/Mona72866/Thataznboy.png,https://web.archive.org/web/20060519020926/http://www.runescapecommunity.com/index.php?showtopic=543837,123674,c6c3619e5002bcceec03c1cfe856754265cd70bf,,
2006/May-14-2006-tolden-img477.imageshack.us.png,official game: screenshot (RuneScape 2),"RS2 client screenshot. Posted in the forum thread ""'the' Got Egg'd! - Runescape Community"".",,,2006-05-14,20121215062111,http://img477.imageshack.us/img477/7894/tolden8ti.png,https://web.archive.org/web/20121215062111/http://img477.imageshack.us/img477/7894/tolden8ti.png,https://web.archive.org/web/20060519021039/http://www.runescapecommunity.com/index.php?showtopic=543110,132494,44dfe240e29a914aba27f9caeb21026f21ad7e17,,
2006/May-15-2006-name-plavljaniccol-i39.photobucket.com.jpg,official game: screenshot (RuneScape 2),"RS2 client screenshot. Posted in the forum thread ""Eos V Col - Runescape Community"".",,,2006-05-15,20110629220522,http://i39.photobucket.com/albums/e183/Jakegeee/name-PlavljanicCol.jpg,https://web.archive.org/web/20110629220522/http://i39.photobucket.com/albums/e183/Jakegeee/name-PlavljanicCol.jpg,https://web.archive.org/web/20060519020859/http://www.runescapecommunity.com/index.php?showtopic=544647,69343,c5cd4f92e9f9637f29ff63597ba7a38944afcb2b,,
2006/May-16-2006-endingoptsvsvalor-img351.imageshack.us.png,official game: screenshot (RuneScape 2),"RS2 client screenshot. Posted in the forum thread ""Corruption + Corrupted Vs Valor + Divine Forces Then Mi - Runescape Community"".",,,2006-05-16,20110629194158,http://img351.imageshack.us/img351/4981/endingoptsvsvalor4jh.png,https://web.archive.org/web/20110629194158/http://img351.imageshack.us/img351/4981/endingoptsvsvalor4jh.png,https://web.archive.org/web/20060519021049/http://www.runescapecommunity.com/index.php?showtopic=544710,66119,92183dd89b8ec2b0e376906b1ba25235c17e9501,,
2006/May-16-2006-shajmay15th-img55.imageshack.us.png,official game: screenshot (RuneScape 2),"RS2 client screenshot. Posted in the forum thread ""Corruption + Corrupted Vs Valor + Divine Forces Then Mi - Runescape Community"".",,,2006-05-16,20110629194158,http://img55.imageshack.us/img55/1748/shajmay15th3hk.png,https://web.archive.org/web/20110629194158/http://img55.imageshack.us/img55/1748/shajmay15th3hk.png,https://web.archive.org/web/20060519021049/http://www.runescapecommunity.com/index.php?showtopic=544710,54580,cc639145784c4e7f2bb8f2b95b3e7c265578274b,,
2006/May-18-2006-deviantart-my-runescape-stats-tn3-1.deviantart.com.jpg,official game: screenshot (RuneScape 2),"RuneScape screenshot posted on DeviantArt, original title from the file name: My_runescape_stats__by_ChrIslam.jpg.",,,2006-05-18,20061108152014,http://tn3-1.deviantart.com:80/fs10/300W/i/2006/138/0/5/My_runescape_stats__by_ChrIslam.jpg,https://web.archive.org/web/20061108152014/http://tn3-1.deviantart.com:80/fs10/300W/i/2006/138/0/5/My_runescape_stats__by_ChrIslam.jpg,,18265,01f3a4dbd47a1dc7bfaa42b007646ebc738e5bd0,,
2006/May-2-2006-2000m-proof-bank-client-h1.ripway.com.jpg,official game: screenshot (RuneScape 2),"RS2 client screenshot titled 2000mproof, player in a bank with a single coin stack in the inventory, chat visible, hosted on ripway.com user mrgibblet",,,2006-05-02,20060528034131,http://h1.ripway.com:80/mrgibblet/2000mproof.jpg,https://web.archive.org/web/20060528034131/http://h1.ripway.com:80/mrgibblet/2000mproof.jpg,,101201,b1f9fde91acb16a0c980ffc22a1d9763f53564de,,
2006/May-23-2006-clawsofguthix-screenshot-img60.imageshack.us.png,official game: screenshot (RuneScape 2),RuneScape client screenshot (uploaded as clawsofguthix7vx.png).,,,2006-05-23,20070329014954,http://img60.imageshack.us:80/img60/7728/clawsofguthix7vx.png,https://web.archive.org/web/20070329014954/http://img60.imageshack.us:80/img60/7728/clawsofguthix7vx.png,,59373,4dcc3bddd058553e39087cc769359f97d54eef76,,
2006/May-24-2006-secondspot-img367.imageshack.us.png,official game: screenshot (RuneScape 2),"RS2 client screenshot. Posted in the forum thread ""Eddy's Blue Dragon Ranging Guide! - Runescape Community"".",,,2006-05-24,20130301120257,http://img367.imageshack.us/img367/5658/secondspot6jt.png,https://web.archive.org/web/20130301120257/http://img367.imageshack.us/img367/5658/secondspot6jt.png,https://web.archive.org/web/20061230213122/http://www.runescapecommunity.com:80/index.php?showtopic=554051&amp;view=getnewpost,38627,9a1da35cb26eec887e5538d04538237f579c30f9,,
2006/May-27-2006-14finnalddefeatsdeadfate270506-img98.imageshack.us.png,official game: screenshot (RuneScape 2),"RS2 client screenshot. Posted in the forum thread ""Finnald's 200m Gallery - Runescape Community"".",,,2006-05-27,20060905025513,http://img98.imageshack.us/img98/6812/14finnalddefeatsdeadfate270506.png,https://web.archive.org/web/20060905025513/http://img98.imageshack.us/img98/6812/14finnalddefeatsdeadfate270506.png,https://web.archive.org/web/20060829035356/http://www.runescapecommunity.com:80/index.php?showtopic=552921,139968,24dd5b7bc0c1c7eea32b24568dd5fa7e09cbfc23,,
2006/May-27-2006-deviantart-runescape-screenshot-annotated-tn3-1.deviantart.com.png,official game: screenshot (RuneScape 2),"RuneScape screenshot posted on DeviantArt, original title from the file name: Runescape_Screenshot_1_by_sheik_zelda.png.",,,2006-05-27,20061108155919,http://tn3-1.deviantart.com:80/fs9/300W/i/2006/147/0/e/Runescape_Screenshot_1_by_sheik_zelda.png,https://web.archive.org/web/20061108155919/http://tn3-1.deviantart.com:80/fs9/300W/i/2006/147/0/e/Runescape_Screenshot_1_by_sheik_zelda.png,,22155,e7ff13470db5f9230be97f7603a4db9595870388,,
2006/May-27-2006-finnalddefeatssiikarcherforrob-img129.imageshack.us.png,official game: screenshot (RuneScape 2),"RS2 client screenshot. Posted in the forum thread ""Finnald's 200m Gallery - Runescape Community"".",,,2006-05-27,20060905121529,http://img129.imageshack.us/img129/4043/finnalddefeatssiikarcherforrob.png,https://web.archive.org/web/20060905121529/http://img129.imageshack.us/img129/4043/finnalddefeatssiikarcherforrob.png,https://web.archive.org/web/20060829035356/http://www.runescapecommunity.com:80/index.php?showtopic=552921,152405,131450c2e9dd9d6a5742749785bbbd5154871a4e,,
2006/May-27-2006-fnalflamedefeatslawriukasltinw-img82.imageshack.us.png,official game: screenshot (RuneScape 2),"RS2 client screenshot. Posted in the forum thread ""Finnald's 200m Gallery - Runescape Community"".",,,2006-05-27,20060831193827,http://img82.imageshack.us/img82/6148/fnalflamedefeatslawriukasltinw.png,https://web.archive.org/web/20060831193827/http://img82.imageshack.us/img82/6148/fnalflamedefeatslawriukasltinw.png,https://web.archive.org/web/20060829035356/http://www.runescapecommunity.com:80/index.php?showtopic=552921,155048,bfc25a9ee9d31921e7266ee0b21f86a2c071bdd7,,
2006/May-27-2006-swhip-img82.imageshack.us.png,official game: screenshot (RuneScape 2),"RS2 client screenshot. Posted in the forum thread ""Finnald's 200m Gallery - Runescape Community"".",,,2006-05-27,20060831184358,http://img82.imageshack.us/img82/6448/swhip5ch.png,https://web.archive.org/web/20060831184358/http://img82.imageshack.us/img82/6448/swhip5ch.png,https://web.archive.org/web/20060829035356/http://www.runescapecommunity.com:80/index.php?showtopic=552921,148114,8ddfbb991b4b4b8172e2e75147ac6173a9724e28,,
2006/May-28-2006-spot1-img141.imageshack.us.png,official game: screenshot (RuneScape 2),"RS2 client screenshot. Posted in the forum thread ""Eddy's Blue Dragon Ranging Guide! - Runescape Community"".",,,2006-05-28,20130310023657,http://img141.imageshack.us/img141/4870/spot15gj.png,https://web.archive.org/web/20130310023657/http://img141.imageshack.us/img141/4870/spot15gj.png,https://web.archive.org/web/20061230213122/http://www.runescapecommunity.com:80/index.php?showtopic=554051&amp;view=getnewpost,28630,f23c562f3aa69f9d197f22be8bda6000303c5310,,
2006/May-31-2006-deviantart-runescape-screenshot-tn1-2.deviantart.com.jpg,official game: screenshot (RuneScape 2),"RuneScape screenshot posted on DeviantArt, original title from the file name: RuneScape1_by_shark2005327.jpg.",,,2006-05-31,20060827201244,http://tn1-2.deviantart.com:80/fs9/150/i/2006/151/6/3/RuneScape1_by_shark2005327.jpg,https://web.archive.org/web/20060827201244/http://tn1-2.deviantart.com:80/fs9/150/i/2006/151/6/3/RuneScape1_by_shark2005327.jpg,,6480,5555040ba22aea647d7b402cd0e533b1c0e6ad89,,
2006/May-6-2006-12500422477-screenshot-f5.putfile.com.png,official game: screenshot (RuneScape 2),RuneScape client screenshot (uploaded as 12500422477.png).,,,2006-05-06,20060716011401,http://f5.putfile.com:80/5/12500422477.png,https://web.archive.org/web/20060716011401/http://f5.putfile.com:80/5/12500422477.png,,124779,4a134fc4a72906aaa8193441722ac3af6fc3f713,,
2006/November-11-2006-killedbily55withruneboows7-img314.imageshack.us.png,official game: screenshot (RuneScape 2),RS2 client screenshot from img314.imageshack.us. Embedded in: Godofwar455s Pking Gallery =) - Runescape Community (https://web.archive.org/web/20061217035225/http://www.runescapecommunity.com:80/index.php?showtopic=653688).,,,2006-11-11,20070214004104,http://img314.imageshack.us/img314/4305/killedbily55withruneboows7.png,https://web.archive.org/web/20070214004104/http://img314.imageshack.us/img314/4305/killedbily55withruneboows7.png,,145549,8f5bc93c7b9c3f0e6fb8a6db651e5762cee2d25e,,
2006/November-11-2006-killeddanielcs1nf3-img395.imageshack.us.png,official game: screenshot (RuneScape 2),RS2 client screenshot from img395.imageshack.us. Embedded in: Godofwar455s Pking Gallery =) - Runescape Community (https://web.archive.org/web/20061217035225/http://www.runescapecommunity.com:80/index.php?showtopic=653688).,,,2006-11-11,20070214035949,http://img395.imageshack.us/img395/6084/killeddanielcs1nf3.png,https://web.archive.org/web/20070214035949/http://img395.imageshack.us/img395/6084/killeddanielcs1nf3.png,,146074,bc71fbf9463539c3a06bf943ca98368405913e45,,
2006/November-11-2006-killedvova2002nd0-img395.imageshack.us.png,official game: screenshot (RuneScape 2),RS2 client screenshot from img395.imageshack.us. Embedded in: Godofwar455s Pking Gallery =) - Runescape Community (https://web.archive.org/web/20061217035225/http://www.runescapecommunity.com:80/index.php?showtopic=653688).,,,2006-11-11,20070106220241,http://img395.imageshack.us/img395/1048/killedvova2002nd0.png,https://web.archive.org/web/20070106220241/http://img395.imageshack.us/img395/1048/killedvova2002nd0.png,,153390,7d725f1ea8b8220189397a8d82b9b8dbbb8a451e,,
2006/November-13-2006-06nov12214555fg6-img91.imageshack.us.png,official game: screenshot (RuneScape 2),RS2 client screenshot from img91.imageshack.us. Embedded in: Godofwar455s Pking Gallery =) - Runescape Community (https://web.archive.org/web/20061217035225/http://www.runescapecommunity.com:80/index.php?showtopic=653688).,,,2006-11-13,20070212215140,http://img91.imageshack.us/img91/993/06nov12214555fg6.png,https://web.archive.org/web/20070212215140/http://img91.imageshack.us/img91/993/06nov12214555fg6.png,,147029,ca858e3c7ada6bbde98c128fdccd6c5e97f682a6,,
2006/November-16-2006-06nov15183004fz2-img293.imageshack.us.png,official game: screenshot (RuneScape 2),RS2 client screenshot from img293.imageshack.us. Embedded in: Godofwar455s Pking Gallery =) - Runescape Community (https://web.archive.org/web/20061217035225/http://www.runescapecommunity.com:80/index.php?showtopic=653688).,,,2006-11-16,20070214011420,http://img293.imageshack.us/img293/1223/06nov15183004fz2.png,https://web.archive.org/web/20070214011420/http://img293.imageshack.us/img293/1223/06nov15183004fz2.png,,137543,6dd097109567ffbbb24ea515025b8805a0b92dd1,,
2006/November-16-2006-06nov15201212uu9-img293.imageshack.us.png,official game: screenshot (RuneScape 2),RS2 client screenshot from img293.imageshack.us. Embedded in: Godofwar455s Pking Gallery =) - Runescape Community (https://web.archive.org/web/20061217035225/http://www.runescapecommunity.com:80/index.php?showtopic=653688).,,,2006-11-16,20070214011443,http://img293.imageshack.us/img293/4134/06nov15201212uu9.png,https://web.archive.org/web/20070214011443/http://img293.imageshack.us/img293/4134/06nov15201212uu9.png,,166098,de27142372134f9a52a4bf1988aac174fc86ed4f,,
2006/November-16-2006-06nov15211808ow2-img140.imageshack.us.png,official game: screenshot (RuneScape 2),RS2 client screenshot from img140.imageshack.us. Embedded in: Godofwar455s Pking Gallery =) - Runescape Community (https://web.archive.org/web/20061217035225/http://www.runescapecommunity.com:80/index.php?showtopic=653688).,,,2006-11-16,20070214011316,http://img140.imageshack.us/img140/2876/06nov15211808ow2.png,https://web.archive.org/web/20070214011316/http://img140.imageshack.us/img140/2876/06nov15211808ow2.png,,158221,f6a278167e29f03a761f9417839f21bdfb27035e,,
2006/November-20-2006-06nov16192147ne0-img477.imageshack.us.png,official game: screenshot (RuneScape 2),RS2 client screenshot from img477.imageshack.us. Embedded in: Godofwar455s Pking Gallery =) - Runescape Community (https://web.archive.org/web/20061217035225/http://www.runescapecommunity.com:80/index.php?showtopic=653688).,,,2006-11-20,20070214032311,http://img477.imageshack.us/img477/554/06nov16192147ne0.png,https://web.archive.org/web/20070214032311/http://img477.imageshack.us/img477/554/06nov16192147ne0.png,,146245,d4133a4fc1ecea02f6a58db34ee043b527709aab,,
2006/November-21-2006-06nov20203653al9-img183.imageshack.us.png,official game: screenshot (RuneScape 2),RS2 client screenshot from img183.imageshack.us. Embedded in: Godofwar455s Pking Gallery =) - Runescape Community (https://web.archive.org/web/20061217035225/http://www.runescapecommunity.com:80/index.php?showtopic=653688).,,,2006-11-21,20070214034039,http://img183.imageshack.us/img183/5022/06nov20203653al9.png,https://web.archive.org/web/20070214034039/http://img183.imageshack.us/img183/5022/06nov20203653al9.png,,146570,c458a5626465f15d552456836daa073c7610e65f,,
2006/November-23-2006-06nov22154009hf8-img150.imageshack.us.png,official game: screenshot (RuneScape 2),RS2 client screenshot from img150.imageshack.us. Embedded in: New Pure In Progress - Runescape Community (https://web.archive.org/web/20061213223321/http://www.runescapecommunity.com:80/index.php?showtopic=588611).,,,2006-11-23,20070212034848,http://img150.imageshack.us/img150/9969/06nov22154009hf8.png,https://web.archive.org/web/20070212034848/http://img150.imageshack.us/img150/9969/06nov22154009hf8.png,,157034,8d819bc0d98468749b38066989d7674b1189fbf8,,
2006/November-3-2006-06nov02082949bb3-img206.imageshack.us.png,official game: screenshot (RuneScape 2),RS2 client screenshot from img206.imageshack.us. Embedded in: Godofwar455s Pking Gallery =) - Runescape Community (https://web.archive.org/web/20061217035225/http://www.runescapecommunity.com:80/index.php?showtopic=653688).,,,2006-11-03,20070214015307,http://img206.imageshack.us/img206/9871/06nov02082949bb3.png,https://web.archive.org/web/20070214015307/http://img206.imageshack.us/img206/9871/06nov02082949bb3.png,,144130,206fb97e92080692b41f47717822dc7c1f023d0d,,
2006/November-3-2006-06oct29190148ra7-img421.imageshack.us.png,official game: screenshot (RuneScape 2),RS2 client screenshot from img421.imageshack.us. Embedded in: Godofwar455s Pking Gallery =) - Runescape Community (https://web.archive.org/web/20061217035225/http://www.runescapecommunity.com:80/index.php?showtopic=653688).,,,2006-11-03,20070214034020,http://img421.imageshack.us/img421/9958/06oct29190148ra7.png,https://web.archive.org/web/20070214034020/http://img421.imageshack.us/img421/9958/06oct29190148ra7.png,,143645,4a75dcc0f9379c81dbb9ae5a951c585260df0349,,
2006/November-30-2006-hint1cz8-img190.imageshack.us.png,official game: screenshot (RuneScape 2),RS2 client screenshot from img190.imageshack.us. Embedded in: The Elvemage And Fearny86 Whip-trick Scandal Vid Collection! 100% - Runescape Community (https://web.archive.org/web/20061219022112/http://www.runescapecommunity.com:80/index.php?showtopic=698032).,,,2006-11-30,20070302031749,http://img190.imageshack.us/img190/2797/hint1cz8.png,https://web.archive.org/web/20070302031749/http://img190.imageshack.us/img190/2797/hint1cz8.png,,78144,220280187522de06617343f82ae1753a75ba9601,,
2006/November-30-2006-hint2ch2-img190.imageshack.us.png,official game: screenshot (RuneScape 2),RS2 client screenshot from img190.imageshack.us. Embedded in: The Elvemage And Fearny86 Whip-trick Scandal Vid Collection! 100% - Runescape Community (https://web.archive.org/web/20061219022112/http://www.runescapecommunity.com:80/index.php?showtopic=698032).,,,2006-11-30,20070302013926,http://img190.imageshack.us/img190/8756/hint2ch2.png,https://web.archive.org/web/20070302013926/http://img190.imageshack.us/img190/8756/hint2ch2.png,,100456,e1e1e5f2b5589f965022f85ada74c80700fcc9d4,,
2006/November-30-2006-hint3fq2-img95.imageshack.us.png,official game: screenshot (RuneScape 2),RS2 client screenshot from img95.imageshack.us. Embedded in: The Elvemage And Fearny86 Whip-trick Scandal Vid Collection! 100% - Runescape Community (https://web.archive.org/web/20061219022112/http://www.runescapecommunity.com:80/index.php?showtopic=698032).,,,2006-11-30,20130613161816,http://img95.imageshack.us/img95/8532/hint3fq2.png,https://web.archive.org/web/20130613161816/http://img95.imageshack.us/img95/8532/hint3fq2.png,,89811,c4a00cc1a9288c775557415a8f9bdcce4647352e,,
2006/November-4-2006-whippkvv4-img401.imageshack.us.png,official game: screenshot (RuneScape 2),RS2 client screenshot from img401.imageshack.us. Embedded in: @-*- Gangsterprt2 -=- Pk Gallery- $$ 50m+ -join #fearmysocks - Runescape Community (https://web.archive.org/web/20061213223446/http://www.runescapecommunity.com:80/index.php?showtopic=645265).,,,2006-11-04,20070302051632,http://img401.imageshack.us/img401/7198/whippkvv4.png,https://web.archive.org/web/20070302051632/http://img401.imageshack.us/img401/7198/whippkvv4.png,,123575,4b6dcc2cc620caa429a579a090cb7c902d665436,,
2006/November-7-2006-ejquestguide-screenshot-img375.imageshack.us.png,official game: screenshot (RuneScape 2),RuneScape client screenshot (uploaded as ejquestguideyw5.png).,,,2006-11-07,20070218022018,http://img375.imageshack.us:80/img375/5483/ejquestguideyw5.png,https://web.archive.org/web/20070218022018/http://img375.imageshack.us:80/img375/5483/ejquestguideyw5.png,,90680,1ec30bb7189c9cf6ff955380a13e66325880d7a2,,
2006/November-8-2006-ejquestguide2-screenshot-img292.imageshack.us.png,official game: screenshot (RuneScape 2),RuneScape client screenshot (uploaded as ejquestguide2ip2.png).,,,2006-11-08,20070219013406,http://img292.imageshack.us:80/img292/4227/ejquestguide2ip2.png,https://web.archive.org/web/20070219013406/http://img292.imageshack.us:80/img292/4227/ejquestguide2ip2.png,,92480,77b074ded9259eb0ceed7d93a11f3d889bea0765,,
2006/November-8-2006-enlightenedjourneyquestguide3-screenshot-img292.imageshack.us.png,official game: screenshot (RuneScape 2),RuneScape client screenshot (uploaded as enlightenedjourneyquestguide3zu7.png).,,,2006-11-08,20070219013516,http://img292.imageshack.us:80/img292/9028/enlightenedjourneyquestguide3zu7.png,https://web.archive.org/web/20070219013516/http://img292.imageshack.us:80/img292/9028/enlightenedjourneyquestguide3zu7.png,,94292,8b26d356a9f4c5a150dfe56fc9303c8274f4480c,,
2006/October-1-2006-killedace780pe4-img174.imageshack.us.png,official game: screenshot (RuneScape 2),RS2 client screenshot from img174.imageshack.us. Embedded in: Godofwar455s Pking Gallery =) - Runescape Community (https://web.archive.org/web/20061217035225/http://www.runescapecommunity.com:80/index.php?showtopic=653688).,,,2006-10-01,20070214020143,http://img174.imageshack.us/img174/200/killedace780pe4.png,https://web.archive.org/web/20070214020143/http://img174.imageshack.us/img174/200/killedace780pe4.png,,140179,33067e2eb4a6181361e0e0822091450f151d7762,,
2006/October-10-2006-99firemaking2zb7-img181.imageshack.us.jpg,official game: screenshot (RuneScape 2),RS2 client screenshot from img181.imageshack.us. Embedded in: |~~~~~~~~| Bright_side4's Achievements |~~~~~~~~| - Runescape Community (https://web.archive.org/web/20061030120834/http://www.runescapecommunity.com/index.php?showtopic=662416).,,,2006-10-10,20111230055222,http://img181.imageshack.us/img181/8618/99firemaking2zb7.jpg,https://web.archive.org/web/20111230055222/http://img181.imageshack.us/img181/8618/99firemaking2zb7.jpg,,108322,2fb3529fe8fb3dd1f8b18103c00d2ecf33484bce,,
2006/October-10-2006-99rcingkt1-img143.imageshack.us.jpg,official game: screenshot (RuneScape 2),RS2 client screenshot from img143.imageshack.us. Embedded in: |~~~~~~~~| Bright_side4's Achievements |~~~~~~~~| - Runescape Community (https://web.archive.org/web/20061030120834/http://www.runescapecommunity.com/index.php?showtopic=662416).,,,2006-10-10,20070319223111,http://img143.imageshack.us/img143/8633/99rcingkt1.jpg,https://web.archive.org/web/20070319223111/http://img143.imageshack.us/img143/8633/99rcingkt1.jpg,,89148,782509caee6120b7f9360c7d4fa28cd337a7f6fd,,
2006/October-12-2006-06oct12094135au0-img244.imageshack.us.png,official game: screenshot (RuneScape 2),RS2 client screenshot from img244.imageshack.us. Embedded in: Godofwar455s Pking Gallery =) - Runescape Community (https://web.archive.org/web/20061217035225/http://www.runescapecommunity.com:80/index.php?showtopic=653688).,,,2006-10-12,20070214024303,http://img244.imageshack.us/img244/4248/06oct12094135au0.png,https://web.archive.org/web/20070214024303/http://img244.imageshack.us/img244/4248/06oct12094135au0.png,,140151,ed77e79aa79b632050c7b49d484accb64935b431,,
2006/October-12-2006-killedhellsreturnct0-img245.imageshack.us.png,official game: screenshot (RuneScape 2),RS2 client screenshot from img245.imageshack.us. Embedded in: Godofwar455s Pking Gallery =) - Runescape Community (https://web.archive.org/web/20061217035225/http://www.runescapecommunity.com:80/index.php?showtopic=653688).,,,2006-10-12,20070214040540,http://img245.imageshack.us/img245/9510/killedhellsreturnct0.png,https://web.archive.org/web/20070214040540/http://img245.imageshack.us/img245/9510/killedhellsreturnct0.png,,144436,f93fc4e4231b6908ad27ee4483be985877d40552,,
2006/October-14-2006-killeddeathbeddp1-img165.imageshack.us.png,official game: screenshot (RuneScape 2),RS2 client screenshot from img165.imageshack.us. Embedded in: Godofwar455s Pking Gallery =) - Runescape Community (https://web.archive.org/web/20061217035225/http://www.runescapecommunity.com:80/index.php?showtopic=653688).,,,2006-10-14,20070214033947,http://img165.imageshack.us/img165/1306/killeddeathbeddp1.png,https://web.archive.org/web/20070214033947/http://img165.imageshack.us/img165/1306/killeddeathbeddp1.png,,146789,a750693aae3f4383576451fd0d0c4a881de4652b,,
2006/October-14-2006-killedengmasteras2-img206.imageshack.us.png,official game: screenshot (RuneScape 2),RS2 client screenshot from img206.imageshack.us. Embedded in: Godofwar455s Pking Gallery =) - Runescape Community (https://web.archive.org/web/20061217035225/http://www.runescapecommunity.com:80/index.php?showtopic=653688).,,,2006-10-14,20070214015420,http://img206.imageshack.us/img206/8895/killedengmasteras2.png,https://web.archive.org/web/20070214015420/http://img206.imageshack.us/img206/8895/killedengmasteras2.png,,150285,740b7c903bca6b51543c70bcdd471e5a3562025f,,
2006/October-15-2006-76smithingap3-img219.imageshack.us.png,official game: screenshot (RuneScape 2),RS2 client screenshot from img219.imageshack.us. Embedded in: |~~~~~~~~| Bright_side4's Achievements |~~~~~~~~| - Runescape Community (https://web.archive.org/web/20061030120834/http://www.runescapecommunity.com/index.php?showtopic=662416).,,,2006-10-15,20111230055258,http://img219.imageshack.us/img219/953/76smithingap3.png,https://web.archive.org/web/20111230055258/http://img219.imageshack.us/img219/953/76smithingap3.png,,178621,fab9c4b0cb96dd77c9e95658cb663c2484fa5e71,,
2006/October-16-2006-killedyeteemanforwarriorringandobbycapep-img139.imageshack.us.png,official game: screenshot (RuneScape 2),RS2 client screenshot from img139.imageshack.us. Embedded in: Godofwar455s Pking Gallery =) - Runescape Community (https://web.archive.org/web/20061217035225/http://www.runescapecommunity.com:80/index.php?showtopic=653688).,,,2006-10-16,20070214035648,http://img139.imageshack.us/img139/2236/killedyeteemanforwarriorringandobbycapepd0.png,https://web.archive.org/web/20070214035648/http://img139.imageshack.us/img139/2236/killedyeteemanforwarriorringandobbycapepd0.png,,211217,b93d85258006e087b7dd2354b68ba657161570ea,,
2006/October-17-2006-whippkofgohan285bi6-img99.imageshack.us.png,official game: screenshot (RuneScape 2),RS2 client screenshot from img99.imageshack.us. Embedded in: Godofwar455s Pking Gallery =) - Runescape Community (https://web.archive.org/web/20061217035225/http://www.runescapecommunity.com:80/index.php?showtopic=653688).,,,2006-10-17,20070212210705,http://img99.imageshack.us/img99/4183/whippkofgohan285bi6.png,https://web.archive.org/web/20070212210705/http://img99.imageshack.us/img99/4183/whippkofgohan285bi6.png,,144961,925c1edf177a123bf7150ed67b1668e6bd8514d1,,
2006/October-18-2006-professoroddenstein-runehq.com.png,official game: screenshot (RuneScape 2),RS2 client screenshot from runehq.com. Embedded in: Rune Headquarters :.:.: Your unfair Runescape advantage (https://web.archive.org/web/20061021001340/http://www.runehq.com/RHQQuestsView.php?id=00168%3FEnglish=true).,,,2006-10-18,20071107052002,http://www.runehq.com/image/quests/f2p/ernest_the_chicken/professoroddenstein.png,https://web.archive.org/web/20071107052002/http://www.runehq.com/image/quests/f2p/ernest_the_chicken/professoroddenstein.png,,39112,6a2a7650408cd132eb752702be8c594947f5572d,,
2006/October-18-2006-veronica-runehq.com.png,official game: screenshot (RuneScape 2),RS2 client screenshot from runehq.com. Embedded in: Rune Headquarters :.:.: Your unfair Runescape advantage (https://web.archive.org/web/20061021001340/http://www.runehq.com/RHQQuestsView.php?id=00168%3FEnglish=true).,,,2006-10-18,20071107051919,http://www.runehq.com/image/quests/f2p/ernest_the_chicken/veronica.png,https://web.archive.org/web/20071107051919/http://www.runehq.com/image/quests/f2p/ernest_the_chicken/veronica.png,,54365,982f874e1eeb39427f3217a7085b331a5cefa477,,
2006/October-2-2006-06oct01222016ov2-img126.imageshack.us.png,official game: screenshot (RuneScape 2),RS2 client screenshot from img126.imageshack.us. Embedded in: Godofwar455s Pking Gallery =) - Runescape Community (https://web.archive.org/web/20061217035225/http://www.runescapecommunity.com:80/index.php?showtopic=653688).,,,2006-10-02,20070211181531,http://img126.imageshack.us/img126/9854/06oct01222016ov2.png,https://web.archive.org/web/20070211181531/http://img126.imageshack.us/img126/9854/06oct01222016ov2.png,,147316,ab272093db8a29b665de2c67a731e2a62db7c548,,
2006/October-2-2006-killledlancerevo27by0-img527.imageshack.us.png,official game: screenshot (RuneScape 2),RS2 client screenshot from img527.imageshack.us. Embedded in: Godofwar455s Pking Gallery =) - Runescape Community (https://web.archive.org/web/20061217035225/http://www.runescapecommunity.com:80/index.php?showtopic=653688).,,,2006-10-02,20070214011050,http://img527.imageshack.us/img527/6498/killledlancerevo27by0.png,https://web.archive.org/web/20070214011050/http://img527.imageshack.us/img527/6498/killledlancerevo27by0.png,,131331,5021c9cc908bf65cef418c18debf906100dd7f3b,,
2006/October-20-2006-fisermanen2-img216.imageshack.us.png,official game: screenshot (RuneScape 2),RS2 client screenshot from img216.imageshack.us. Embedded in: Godofwar455s Pking Gallery =) - Runescape Community (https://web.archive.org/web/20061217035225/http://www.runescapecommunity.com:80/index.php?showtopic=653688).,,,2006-10-20,20070302034316,http://img216.imageshack.us/img216/7711/fisermanen2.png,https://web.archive.org/web/20070302034316/http://img216.imageshack.us/img216/7711/fisermanen2.png,,141705,19f10dd549a06cce96865cd57cd27aadf4926124,,
2006/October-20-2006-killedegan8901ro2-img216.imageshack.us.png,official game: screenshot (RuneScape 2),RS2 client screenshot from img216.imageshack.us. Embedded in: Godofwar455s Pking Gallery =) - Runescape Community (https://web.archive.org/web/20061217035225/http://www.runescapecommunity.com:80/index.php?showtopic=653688).,,,2006-10-20,20070214013405,http://img216.imageshack.us/img216/7339/killedegan8901ro2.png,https://web.archive.org/web/20070214013405/http://img216.imageshack.us/img216/7339/killedegan8901ro2.png,,148263,b8595e351f989864c555251cd335ee416fc8aa05,,
2006/October-20-2006-killedtooodleypd4-img216.imageshack.us.png,official game: screenshot (RuneScape 2),RS2 client screenshot from img216.imageshack.us. Embedded in: Godofwar455s Pking Gallery =) - Runescape Community (https://web.archive.org/web/20061217035225/http://www.runescapecommunity.com:80/index.php?showtopic=653688).,,,2006-10-20,20070301195519,http://img216.imageshack.us/img216/1513/killedtooodleypd4.png,https://web.archive.org/web/20070301195519/http://img216.imageshack.us/img216/1513/killedtooodleypd4.png,,143646,54208077979f801c2182274e90b616b8b458c6a1,,
2006/October-20-2006-mjolnirscomplete-screenshot-img214.imageshack.us.png,official game: screenshot (RuneScape 2),RuneScape client screenshot (uploaded as mjolnirscompletezx6.png).,,,2006-10-20,20061107194609,http://img214.imageshack.us:80/img214/1927/mjolnirscompletezx6.png,https://web.archive.org/web/20061107194609/http://img214.imageshack.us:80/img214/1927/mjolnirscompletezx6.png,,226304,7b2f4839e088b8247f99e28051c929d6f3722191,,
2006/October-26-2006-killedtadster05kl5-img140.imageshack.us.png,official game: screenshot (RuneScape 2),RS2 client screenshot from img140.imageshack.us. Embedded in: Godofwar455s Pking Gallery =) - Runescape Community (https://web.archive.org/web/20061217035225/http://www.runescapecommunity.com:80/index.php?showtopic=653688).,,,2006-10-26,20070214005253,http://img140.imageshack.us/img140/4849/killedtadster05kl5.png,https://web.archive.org/web/20070214005253/http://img140.imageshack.us/img140/4849/killedtadster05kl5.png,,157610,e3150f0a7d001068672f0980ea9c54ff470a42a8,,
2006/October-27-2006-endingopsvseh-img.photobucket.com.png,official game: screenshot (RuneScape 2),RS2 client screenshot from a RuneHQ guide (img.photobucket.com). Embedded in: Corruption Vs Eternal Honor - Runescape Community (https://web.archive.org/web/20061030124720/http://www.runescapecommunity.com/index.php?showtopic=674525).,,,2006-10-27,20140902222004,http://img.photobucket.com/albums/v299/Chopa234/endingopsvseh.png,https://web.archive.org/web/20140902222004/http://img.photobucket.com/albums/v299/Chopa234/endingopsvseh.png,,131435,afd4e3a0067e53cfd3ae759476d21bc6afe6dca3,,
2006/October-27-2006-startingopseh-img.photobucket.com.png,official game: screenshot (RuneScape 2),"RS2 client screenshot. Posted in the forum thread ""Corruption Vs Eternal Honor - Runescape Community"".",,,2006-10-27,20140902222003,http://img.photobucket.com/albums/v299/Chopa234/startingopseh.png,https://web.archive.org/web/20140902222003/http://img.photobucket.com/albums/v299/Chopa234/startingopseh.png,https://web.archive.org/web/20061030124720/http://www.runescapecommunity.com/index.php?showtopic=674525,110733,d3f0e577fa9b0a59c1d2e8607621f1ca7315e24d,,
2006/October-28-2006-1ip4-img115.imageshack.us.png,official game: screenshot (RuneScape 2),RS2 client screenshot from img115.imageshack.us. Embedded in: 1 Bill + Lure And Pk Gallery! Numba 1 Lurer In Rs! - Runescape Community (https://web.archive.org/web/20061211013138/http://www.runescapecommunity.com:80/index.php?showtopic=674648).,,,2006-10-28,20070102062902,http://img115.imageshack.us/img115/5079/1ip4.png,https://web.archive.org/web/20070102062902/http://img115.imageshack.us/img115/5079/1ip4.png,,238152,f5272d0887b4004dc0636bcf36e3a890f310f9a1,,
2006/October-29-2006-06oct29-15-1-i87.photobucket.com.png,official game: screenshot (RuneScape 2),"RS2 client screenshot. Posted in the forum thread ""Rr's Day Out - Runescape Community"".",,,2006-10-29,20140902221719,http://i87.photobucket.com/albums/k155/mttboi/06Oct29-15-1.png,https://web.archive.org/web/20140902221719/http://i87.photobucket.com/albums/k155/mttboi/06Oct29-15-1.png,https://web.archive.org/web/20061030124812/http://www.runescapecommunity.com/index.php?showtopic=676404,155002,9f691c3858ee2fb974fb4058cf901699d96646cb,,
2006/October-29-2006-06oct29-15-i87.photobucket.com.png,official game: screenshot (RuneScape 2),"RS2 client screenshot. Posted in the forum thread ""Rr's Day Out - Runescape Community"".",,,2006-10-29,20140902221719,http://i87.photobucket.com/albums/k155/mttboi/06Oct29-15.png,https://web.archive.org/web/20140902221719/http://i87.photobucket.com/albums/k155/mttboi/06Oct29-15.png,https://web.archive.org/web/20061030124812/http://www.runescapecommunity.com/index.php?showtopic=676404,185342,cf95a5fa4a7b9b44d3c31fa9480ad54af42e1531,,
2006/October-29-2006-clusterending-img.photobucket.com.png,official game: screenshot (RuneScape 2),"RS2 client screenshot. Posted in the forum thread ""Corruption Cleans House - Runescape Community"".",,,2006-10-29,20140902221732,http://img.photobucket.com/albums/v299/Chopa234/clusterending.png,https://web.archive.org/web/20140902221732/http://img.photobucket.com/albums/v299/Chopa234/clusterending.png,https://web.archive.org/web/20061030124726/http://www.runescapecommunity.com/index.php?showtopic=676326,151548,aa729452cb9a60cbe7533fedec90dad93e3808a9,,
2006/October-29-2006-clusteropsstart-img.photobucket.com.png,official game: screenshot (RuneScape 2),"RS2 client screenshot. Posted in the forum thread ""Corruption Cleans House - Runescape Community"".",,,2006-10-29,20140902221732,http://img.photobucket.com/albums/v299/Chopa234/clusteropsstart.png,https://web.archive.org/web/20140902221732/http://img.photobucket.com/albums/v299/Chopa234/clusteropsstart.png,https://web.archive.org/web/20061030124726/http://www.runescapecommunity.com/index.php?showtopic=676326,147119,f1a95e6700565a4ae6175d151174974e2783b6e5,,
2006/October-3-2006-killedmanicjokerbc2-img221.imageshack.us.png,official game: screenshot (RuneScape 2),RS2 client screenshot from img221.imageshack.us. Embedded in: Godofwar455s Pking Gallery =) - Runescape Community (https://web.archive.org/web/20061217035225/http://www.runescapecommunity.com:80/index.php?showtopic=653688).,,,2006-10-03,20070213042800,http://img221.imageshack.us/img221/3742/killedmanicjokerbc2.png,https://web.archive.org/web/20070213042800/http://img221.imageshack.us/img221/3742/killedmanicjokerbc2.png,,144533,78c386baec84ccda832d1edfa0f312182da35660,,
2006/October-4-2006-killedc0olblizzhs4-img136.imageshack.us.png,official game: screenshot (RuneScape 2),RS2 client screenshot from img136.imageshack.us. Embedded in: Godofwar455s Pking Gallery =) - Runescape Community (https://web.archive.org/web/20061217035225/http://www.runescapecommunity.com:80/index.php?showtopic=653688).,,,2006-10-04,20070214011902,http://img136.imageshack.us/img136/7029/killedc0olblizzhs4.png,https://web.archive.org/web/20070214011902/http://img136.imageshack.us/img136/7029/killedc0olblizzhs4.png,,163864,6570f8253bbd4e04fececaf7297bc320b7e0539d,,
2006/October-4-2006-killeddrakienaxs2-img136.imageshack.us.png,official game: screenshot (RuneScape 2),RS2 client screenshot from img136.imageshack.us. Embedded in: Godofwar455s Pking Gallery =) - Runescape Community (https://web.archive.org/web/20061217035225/http://www.runescapecommunity.com:80/index.php?showtopic=653688).,,,2006-10-04,20070214011813,http://img136.imageshack.us/img136/8905/killeddrakienaxs2.png,https://web.archive.org/web/20070214011813/http://img136.imageshack.us/img136/8905/killeddrakienaxs2.png,,146054,da2c849778fdac467b88eb4071833b9579b650db,,
2006/October-4-2006-killedmaximos777runebootsinpilebe5-img136.imageshack.us.png,official game: screenshot (RuneScape 2),RS2 client screenshot from img136.imageshack.us. Embedded in: Godofwar455s Pking Gallery =) - Runescape Community (https://web.archive.org/web/20061217035225/http://www.runescapecommunity.com:80/index.php?showtopic=653688).,,,2006-10-04,20070214012451,http://img136.imageshack.us/img136/6863/killedmaximos777runebootsinpilebe5.png,https://web.archive.org/web/20070214012451/http://img136.imageshack.us/img136/6863/killedmaximos777runebootsinpilebe5.png,,134870,2ef33c2b67699a1e1457e8c499e0ad74c5a63104,,
2006/October-5-2006-deathaltar-runehq.com.png,official game: screenshot (RuneScape 2),RS2 client screenshot from runehq.com. Embedded in: Rune Headquarters :.:.: Your unfair Runescape advantage (https://web.archive.org/web/20061020234655/http://www.runehq.com/RHQQuestsView.php?id=00605%3FEnglish=true).,,,2006-10-05,20071107102135,http://www.runehq.com/image/quests/p2p/mourningsendspart2/deathaltar.png,https://web.archive.org/web/20071107102135/http://www.runehq.com/image/quests/p2p/mourningsendspart2/deathaltar.png,,54999,bb679700ddf719fe121578c30ba492d0b86be2f2,,
2006/October-5-2006-k0edroflfulldhmt4-img174.imageshack.us.png,official game: screenshot (RuneScape 2),RS2 client screenshot from img174.imageshack.us. Embedded in: @-*- Gangsterprt2 -=- Pk Gallery- $$ 50m+ -join #fearmysocks - Runescape Community (https://web.archive.org/web/20061213223446/http://www.runescapecommunity.com:80/index.php?showtopic=645265).,,,2006-10-05,20070302175359,http://img174.imageshack.us/img174/7079/k0edroflfulldhmt4.png,https://web.archive.org/web/20070302175359/http://img174.imageshack.us/img174/7079/k0edroflfulldhmt4.png,,133630,f26307987d1a3f1042a1aadf28f9909ba1fb56fc,,
2006/October-8-2006-noobs-i87.photobucket.com.jpg,official game: screenshot (RuneScape 2),"RS2 client screenshot. Posted in the forum thread ""Zezima caught"".",,,2006-10-08,20061202093107,http://i87.photobucket.com/albums/k126/raiden500/noobs.jpg,https://web.archive.org/web/20061202093107/http://i87.photobucket.com/albums/k126/raiden500/noobs.jpg,https://web.archive.org/web/20061031115026/http://www.rsbandb.com/forums/about40742.html,1218870,d064a6ba2fc37dad31843a8af93575a35bc34439,,
2006/October-9-2006-71smithinggo4-img214.imageshack.us.png,official game: screenshot (RuneScape 2),"RS2 client screenshot. Posted in the forum thread ""Only 29 More To Go... - Runescape Community"".",,,2006-10-09,20070823034607,http://img214.imageshack.us/img214/8092/71smithinggo4.png,https://web.archive.org/web/20070823034607/http://img214.imageshack.us/img214/8092/71smithinggo4.png,https://web.archive.org/web/20061030120715/http://www.runescapecommunity.com/index.php?showtopic=442256,206437,f0416bff1385b221ba6d3414f543118b4ee0e900,,
2006/October-9-2006-killedjdabladate0-img382.imageshack.us.png,official game: screenshot (RuneScape 2),RS2 client screenshot from img382.imageshack.us. Embedded in: Godofwar455s Pking Gallery =) - Runescape Community (https://web.archive.org/web/20061217035225/http://www.runescapecommunity.com:80/index.php?showtopic=653688).,,,2006-10-09,20070214004944,http://img382.imageshack.us/img382/3268/killedjdabladate0.png,https://web.archive.org/web/20070214004944/http://img382.imageshack.us/img382/3268/killedjdabladate0.png,,133549,16d94f816040eabaa761cad1be039756d8f19acb,,
2006/September-10-2006-runescape-screenshot-img84.imageshack.us.png,official game: screenshot (RuneScape 2),RuneScape client screenshot (uploaded as runescapehg2.png).,,,2006-09-10,20070302130533,http://img84.imageshack.us:80/img84/5286/runescapehg2.png,https://web.archive.org/web/20070302130533/http://img84.imageshack.us:80/img84/5286/runescapehg2.png,,212810,ea98880bb33ddac1b2fa8df3b69a442fd536c5e6,,
2006/September-10-2006-whipnm7bk3-img136.imageshack.us.png,official game: screenshot (RuneScape 2),RS2 client screenshot from img136.imageshack.us. Embedded in: @-*- Gangsterprt2 -=- Pk Gallery- $$ 50m+ -join #fearmysocks - Runescape Community (https://web.archive.org/web/20061213223446/http://www.runescapecommunity.com:80/index.php?showtopic=645265).,,,2006-09-10,20070301015249,http://img136.imageshack.us/img136/4553/whipnm7bk3.png,https://web.archive.org/web/20070301015249/http://img136.imageshack.us/img136/4553/whipnm7bk3.png,,135398,3773ed71d63e9861812f69dabf94755578f40817,,
2006/September-12-2006-strength-level-75-screenshot-i73.photobucket.com.png,official game: screenshot (RuneScape 2),"Strength level-up to 75 in a dungeon, full client screenshot (file name str75), from a Photobucket album named RS.",,,2006-09-12,20061218051139,http://i73.photobucket.com:80/albums/i239/ajuripats/RS/str75.png,https://web.archive.org/web/20061218051139/http://i73.photobucket.com:80/albums/i239/ajuripats/RS/str75.png,,284736,93010d2c0c87752491ce7575baeb4665308f389b,,
2006/September-13-2006-runescape170-screenshot-img125.imageshack.us.png,official game: screenshot (RuneScape 2),RuneScape client screenshot (uploaded as runescape170oc3.png).,,,2006-09-13,20061211150810,http://img125.imageshack.us:80/img125/2086/runescape170oc3.png,https://web.archive.org/web/20061211150810/http://img125.imageshack.us:80/img125/2086/runescape170oc3.png,,148198,cd8c28d9f292867914d89bdde062b5f699a0008c,,
2006/September-15-2006-3116k0kz1-img182.imageshack.us.png,official game: screenshot (RuneScape 2),RS2 client screenshot from img182.imageshack.us. Embedded in: @-*- Gangsterprt2 -=- Pk Gallery- $$ 50m+ -join #fearmysocks - Runescape Community (https://web.archive.org/web/20061213223446/http://www.runescapecommunity.com:80/index.php?showtopic=645265).,,,2006-09-15,20070302165948,http://img182.imageshack.us/img182/4010/3116k0kz1.png,https://web.archive.org/web/20070302165948/http://img182.imageshack.us/img182/4010/3116k0kz1.png,,413516,dc3b244a9f96fda93c75e99e70462515dde364b9,,
2006/September-16-2006-awnearlyhadwhipmo9-img64.imageshack.us.png,official game: screenshot (RuneScape 2),RS2 client screenshot from img64.imageshack.us. Embedded in: @-*- Gangsterprt2 -=- Pk Gallery- $$ 50m+ -join #fearmysocks - Runescape Community (https://web.archive.org/web/20061213223446/http://www.runescapecommunity.com:80/index.php?showtopic=645265).,,,2006-09-16,20070211191105,http://img64.imageshack.us/img64/203/awnearlyhadwhipmo9.png,https://web.archive.org/web/20070211191105/http://img64.imageshack.us/img64/203/awnearlyhadwhipmo9.png,,133026,1e4c618513cf71016151fa1185de0b9433ea35f5,,
2006/September-16-2006-duel-arena-06ix16-10-1-i68.photobucket.com.png,official game: screenshot (RuneScape 2),"Duel Arena victory window, uploaded as 06IX16-10-1.png.",,,2006-09-16,20060928013130,http://i68.photobucket.com:80/albums/i1/Bananamatic/06IX16-10-1.png,https://web.archive.org/web/20060928013130/http://i68.photobucket.com:80/albums/i1/Bananamatic/06IX16-10-1.png,,168568,e7b463a4f63348dc4d70d0fd6c218e7c261d1eeb,,
2006/September-16-2006-duel-arena-06ix16-10-i68.photobucket.com.png,official game: screenshot (RuneScape 2),"Duel Arena victory window, uploaded as 06IX16-10.png.",,,2006-09-16,20060925105130,http://i68.photobucket.com:80/albums/i1/Bananamatic/06IX16-10.png,https://web.archive.org/web/20060925105130/http://i68.photobucket.com:80/albums/i1/Bananamatic/06IX16-10.png,,166374,6d124af48964032dd46230348af3c61485f203cf,,
2006/September-27-2006-kiledsnowflakelolfy7-img157.imageshack.us.png,official game: screenshot (RuneScape 2),RS2 client screenshot from img157.imageshack.us. Embedded in: Godofwar455s Pking Gallery =) - Runescape Community (https://web.archive.org/web/20061217035225/http://www.runescapecommunity.com:80/index.php?showtopic=653688).,,,2006-09-27,20070214022836,http://img157.imageshack.us/img157/6695/kiledsnowflakelolfy7.png,https://web.archive.org/web/20070214022836/http://img157.imageshack.us/img157/6695/kiledsnowflakelolfy7.png,,123438,46639c76beb317e73a8f0a8847f3b04607c2f0b1,,
2006/September-27-2006-killed00dante00dd7-img157.imageshack.us.png,official game: screenshot (RuneScape 2),RS2 client screenshot from img157.imageshack.us. Embedded in: Godofwar455s Pking Gallery =) - Runescape Community (https://web.archive.org/web/20061217035225/http://www.runescapecommunity.com:80/index.php?showtopic=653688).,,,2006-09-27,20070302022141,http://img157.imageshack.us/img157/740/killed00dante00dd7.png,https://web.archive.org/web/20070302022141/http://img157.imageshack.us/img157/740/killed00dante00dd7.png,,142449,e657a56d8918d8d1957a43f638f9e346c2a398d6,,
2006/September-27-2006-killedassa1lan4rq0-img157.imageshack.us.png,official game: screenshot (RuneScape 2),RS2 client screenshot from img157.imageshack.us. Embedded in: Godofwar455s Pking Gallery =) - Runescape Community (https://web.archive.org/web/20061217035225/http://www.runescapecommunity.com:80/index.php?showtopic=653688).,,,2006-09-27,20070302022151,http://img157.imageshack.us/img157/2826/killedassa1lan4rq0.png,https://web.archive.org/web/20070302022151/http://img157.imageshack.us/img157/2826/killedassa1lan4rq0.png,,134202,db657ba2f418dd99559ca8012e2ec6268ba6a6f6,,
2006/September-27-2006-killedbluedeathxcca0-img157.imageshack.us.png,official game: screenshot (RuneScape 2),RS2 client screenshot from img157.imageshack.us. Embedded in: Godofwar455s Pking Gallery =) - Runescape Community (https://web.archive.org/web/20061217035225/http://www.runescapecommunity.com:80/index.php?showtopic=653688).,,,2006-09-27,20070302020810,http://img157.imageshack.us/img157/5686/killedbluedeathxcca0.png,https://web.archive.org/web/20070302020810/http://img157.imageshack.us/img157/5686/killedbluedeathxcca0.png,,138077,a7c9156adf92fe8599da7f673701073b14eef3ea,,
2006/September-27-2006-killeddj368df8-img157.imageshack.us.png,official game: screenshot (RuneScape 2),RS2 client screenshot from img157.imageshack.us. Embedded in: Godofwar455s Pking Gallery =) - Runescape Community (https://web.archive.org/web/20061217035225/http://www.runescapecommunity.com:80/index.php?showtopic=653688).,,,2006-09-27,20070302021945,http://img157.imageshack.us/img157/3425/killeddj368df8.png,https://web.archive.org/web/20070302021945/http://img157.imageshack.us/img157/3425/killeddj368df8.png,,148707,3fc6f0f17143f4b53e84ed5f863982169376cec0,,
2006/September-27-2006-killedhotty16gz0-img135.imageshack.us.png,official game: screenshot (RuneScape 2),RS2 client screenshot from img135.imageshack.us. Embedded in: Godofwar455s Pking Gallery =) - Runescape Community (https://web.archive.org/web/20061217035225/http://www.runescapecommunity.com:80/index.php?showtopic=653688).,,,2006-09-27,20070214032443,http://img135.imageshack.us/img135/6997/killedhotty16gz0.png,https://web.archive.org/web/20070214032443/http://img135.imageshack.us/img135/6997/killedhotty16gz0.png,,145988,541024c918a8468009d4edd6c2b220c7b35f4d58,,
2006/September-27-2006-killedtysoncai2000sw8-img135.imageshack.us.png,official game: screenshot (RuneScape 2),RS2 client screenshot from img135.imageshack.us. Embedded in: Godofwar455s Pking Gallery =) - Runescape Community (https://web.archive.org/web/20061217035225/http://www.runescapecommunity.com:80/index.php?showtopic=653688).,,,2006-09-27,20070214032832,http://img135.imageshack.us/img135/3918/killedtysoncai2000sw8.png,https://web.archive.org/web/20070214032832/http://img135.imageshack.us/img135/3918/killedtysoncai2000sw8.png,,137973,a78df3db5e6b586339929e27a3ae811b84e226d2,,
2006/September-27-2006-killedwarrior1335oj2-img135.imageshack.us.png,official game: screenshot (RuneScape 2),RS2 client screenshot from img135.imageshack.us. Embedded in: Godofwar455s Pking Gallery =) - Runescape Community (https://web.archive.org/web/20061217035225/http://www.runescapecommunity.com:80/index.php?showtopic=653688).,,,2006-09-27,20070214032739,http://img135.imageshack.us/img135/1073/killedwarrior1335oj2.png,https://web.archive.org/web/20070214032739/http://img135.imageshack.us/img135/1073/killedwarrior1335oj2.png,,138327,151b4dd509aef3864d8a4ff16f4f507c2e5c34a5,,
2006/September-27-2006-killedwinston292dd8-img135.imageshack.us.png,official game: screenshot (RuneScape 2),RS2 client screenshot from img135.imageshack.us. Embedded in: Godofwar455s Pking Gallery =) - Runescape Community (https://web.archive.org/web/20061217035225/http://www.runescapecommunity.com:80/index.php?showtopic=653688).,,,2006-09-27,20070214032709,http://img135.imageshack.us/img135/3789/killedwinston292dd8.png,https://web.archive.org/web/20070214032709/http://img135.imageshack.us/img135/3789/killedwinston292dd8.png,,149469,749b0cb8dcc9b79fd9994b7cf4d635ba12e86a9b,,
2006/September-3-2006-runescape157-screenshot-img291.imageshack.us.png,official game: screenshot (RuneScape 2),RuneScape client screenshot (uploaded as runescape157id1.png).,,,2006-09-03,20061211000333,http://img291.imageshack.us:80/img291/8228/runescape157id1.png,https://web.archive.org/web/20061211000333/http://img291.imageshack.us:80/img291/8228/runescape157id1.png,,155516,1336821b519eaf59cd2e2f31dd62555d476dbd8b,,
2006/September-3-2006-runescape160-screenshot-img291.imageshack.us.png,official game: screenshot (RuneScape 2),RuneScape client screenshot (uploaded as runescape160us2.png).,,,2006-09-03,20070107035840,http://img291.imageshack.us:80/img291/4379/runescape160us2.png,https://web.archive.org/web/20070107035840/http://img291.imageshack.us:80/img291/4379/runescape160us2.png,,180990,39618df6968e65821d66c3f6b5d20a80dfc6708c,,
2006/September-3-2006-runescape161-screenshot-img291.imageshack.us.png,official game: screenshot (RuneScape 2),RuneScape client screenshot (uploaded as runescape161nj9.png).,,,2006-09-03,20061206190733,http://img291.imageshack.us:80/img291/1408/runescape161nj9.png,https://web.archive.org/web/20061206190733/http://img291.imageshack.us:80/img291/1408/runescape161nj9.png,,164916,11a3896c4de3cd31630ce5abfa463d2bcdaa52a2,,
2006/September-4-2006-zezima-sighting-screenshot-allforrunescape.tripod.com.jpg,official game: screenshot (RuneScape 2),"Client screenshot from the all_you_need_for_runescape Tripod fan site, file named zezima (the era's best-known player), right-click menu on Zezima.",,,2006-09-04,20070317054701,http://allforrunescape.tripod.com:80/all_you_need_for_runescape/zezima.jpg,https://web.archive.org/web/20070317054701/http://allforrunescape.tripod.com:80/all_you_need_for_runescape/zezima.jpg,,92634,86f5ea30351190a2a2cc2c9802ac046356cbf6cd,,
2007/April-17-2007-whip2-screenshot-xs114.xs.to.png,official game: screenshot (RuneScape 2),RuneScape client screenshot (uploaded as whip2.png).,,,2007-04-17,20070419183327,http://xs114.xs.to:80/xs114/07162/whip2.png,https://web.archive.org/web/20070419183327/http://xs114.xs.to:80/xs114/07162/whip2.png,,174208,2b71313aa949ca0371506774df8ff39092835d8d,,
2007/February-1-2007-quests-screenshot-img387.imageshack.us.jpg,official game: screenshot (RuneScape 2),RuneScape client screenshot (uploaded as questsri6.jpg).,,,2007-02-01,20070317155931,http://img387.imageshack.us:80/img387/331/questsri6.jpg,https://web.archive.org/web/20070317155931/http://img387.imageshack.us:80/img387/331/questsri6.jpg,,88097,ce81b5a5158c037f2f729bcaef4b992aa6a0b9dc,,
2007/February-1-2007-runescapekuva6-screenshot-img143.imageshack.us.png,official game: screenshot (RuneScape 2),RuneScape client screenshot (uploaded as runescapekuva6oj6.png).,,,2007-02-01,20070203080436,http://img143.imageshack.us:80/img143/2449/runescapekuva6oj6.png,https://web.archive.org/web/20070203080436/http://img143.imageshack.us:80/img143/2449/runescapekuva6oj6.png,,180103,bb7df2b55c237470e61c2400a4cc82083a6a3c05,,
2007/February-1-2007-screenshot105-screenshot-xs512.xs.to.png,official game: screenshot (RuneScape 2),RuneScape client screenshot (uploaded as ScreenShot105.png).,,,2007-02-01,20070203053614,http://xs512.xs.to:80/xs512/07054/ScreenShot105.png,https://web.archive.org/web/20070203053614/http://xs512.xs.to:80/xs512/07054/ScreenShot105.png,,154902,66548e8f08fe47e71a91ae0af750fccbf7090ab7,,
2007/February-13-2007-gkhazard-screenshot-img233.imageshack.us.png,official game: screenshot (RuneScape 2),RuneScape client screenshot (uploaded as gkhazardea1.png).,,,2007-02-13,20070216101142,http://img233.imageshack.us:80/img233/3369/gkhazardea1.png,https://web.archive.org/web/20070216101142/http://img233.imageshack.us:80/img233/3369/gkhazardea1.png,,172353,e7f79f3514acc5d514472fd33d254c0dcb03b6d7,,
2007/February-15-2007-merlin10010part1-screenshot-img245.imageshack.us.png,official game: screenshot (RuneScape 2),RuneScape client screenshot (uploaded as merlin10010part1nz6.png).,,,2007-02-15,20070217064155,http://img245.imageshack.us:80/img245/816/merlin10010part1nz6.png,https://web.archive.org/web/20070217064155/http://img245.imageshack.us:80/img245/816/merlin10010part1nz6.png,,192037,9b61b9d14b61ae26695e81212a7a0a2c32141087,,
2007/February-15-2007-merlin10010part2-screenshot-img145.imageshack.us.png,official game: screenshot (RuneScape 2),RuneScape client screenshot (uploaded as merlin10010part2dq1.png).,,,2007-02-15,20070217093514,http://img145.imageshack.us:80/img145/6333/merlin10010part2dq1.png,https://web.archive.org/web/20070217093514/http://img145.imageshack.us:80/img145/6333/merlin10010part2dq1.png,,192980,3c985e32f106fe7bf944c50b2a7c7ed54d51655a,,
2007/February-15-2007-runescape1-screenshot-img243.imageshack.us.png,official game: screenshot (RuneScape 2),RuneScape client screenshot (uploaded as runescape1rx6.png).,,,2007-02-15,20070225134203,http://img243.imageshack.us:80/img243/9440/runescape1rx6.png,https://web.archive.org/web/20070225134203/http://img243.imageshack.us:80/img243/9440/runescape1rx6.png,,126323,f01bd075b7f8086412d3dcfeab1b36a255c8c879,,
2007/February-19-2007-newquest456-screenshot-img91.imageshack.us.png,official game: screenshot (RuneScape 2),RuneScape client screenshot (uploaded as newquest456jg9.png).,,,2007-02-19,20070324122908,http://img91.imageshack.us:80/img91/8570/newquest456jg9.png,https://web.archive.org/web/20070324122908/http://img91.imageshack.us:80/img91/8570/newquest456jg9.png,,158858,e5ed6f112f477ff5b55f87284ddd3ebd4e9e62cf,,
2007/February-2-2007-453oe-img226.imageshack.us.jpg,official game: screenshot (RuneScape 2),RS2 client screenshot from img226.imageshack.us. Embedded in: New Pure In Progress - Runescape Community (https://web.archive.org/web/20061213223321/http://www.runescapecommunity.com:80/index.php?showtopic=588611).,,,2007-02-02,20070302054004,http://img226.imageshack.us/img226/3324/453oe.jpg,https://web.archive.org/web/20070302054004/http://img226.imageshack.us/img226/3324/453oe.jpg,,102561,fbda779ba4e5e722597c872783532efc0288385b,,
2007/February-23-2007-accountsell2-screenshot-xs412.xs.to.png,official game: screenshot (RuneScape 2),RuneScape client screenshot (uploaded as accountsell2.PNG).,,,2007-02-23,20070228160046,http://xs412.xs.to:80/xs412/07085/accountsell2.PNG,https://web.archive.org/web/20070228160046/http://xs412.xs.to:80/xs412/07085/accountsell2.PNG,,195152,811377f73df86e7f29bef8e7125e1251388bb468,,
2007/February-23-2007-accountsell3-screenshot-xs412.xs.to.png,official game: screenshot (RuneScape 2),RuneScape client screenshot (uploaded as accountsell3.PNG).,,,2007-02-23,20070228160058,http://xs412.xs.to:80/xs412/07085/accountsell3.PNG,https://web.archive.org/web/20070228160058/http://xs412.xs.to:80/xs412/07085/accountsell3.PNG,,195826,9004a7396d6131e9dbaebf1314058fabcaa2b650,,
2007/February-23-2007-screenshot155-screenshot-xs412.xs.to.png,official game: screenshot (RuneScape 2),RuneScape client screenshot (uploaded as ScreenShot155.png).,,,2007-02-23,20070225172346,http://xs412.xs.to:80/xs412/07085/ScreenShot155.png,https://web.archive.org/web/20070225172346/http://xs412.xs.to:80/xs412/07085/ScreenShot155.png,,157264,ba4e3df03811fef09d10f7c8905dcae1d5c139ff,,
2007/February-23-2007-screenshot157-screenshot-xs412.xs.to.png,official game: screenshot (RuneScape 2),RuneScape client screenshot (uploaded as ScreenShot157.png).,,,2007-02-23,20070225155542,http://xs412.xs.to:80/xs412/07085/ScreenShot157.png,https://web.archive.org/web/20070225155542/http://xs412.xs.to:80/xs412/07085/ScreenShot157.png,,172091,369ba7a8ae80792520ed3f9d003decd2d8062206,,
2007/February-27-2007-runescape-screenshot-img391.imageshack.us.jpg,official game: screenshot (RuneScape 2),RuneScape client screenshot (uploaded as runescapevc3.jpg).,,,2007-02-27,20070316191428,http://img391.imageshack.us:80/img391/7043/runescapevc3.jpg,https://web.archive.org/web/20070316191428/http://img391.imageshack.us:80/img391/7043/runescapevc3.jpg,,78995,177fc26480488fafa887e62d632eee5f5d722e1d,,
2007/February-5-2007-screenshot111-screenshot-xs512.xs.to.png,official game: screenshot (RuneScape 2),RuneScape client screenshot (uploaded as ScreenShot111.png).,,,2007-02-05,20070207020602,http://xs512.xs.to:80/xs512/07061/ScreenShot111.png,https://web.archive.org/web/20070207020602/http://xs512.xs.to:80/xs512/07061/ScreenShot111.png,,143676,65cdea4eaa06763da8d5e7dd58eab459ff58296f,,
2007/February-8-2007-whip27kn1-img243.imageshack.us.png,official game: screenshot (RuneScape 2),RS2 client screenshot from img243.imageshack.us. Embedded in: @-*- Gangsterprt2 -=- Pk Gallery- $$ 50m+ -join #fearmysocks - Runescape Community (https://web.archive.org/web/20061213223446/http://www.runescapecommunity.com:80/index.php?showtopic=645265).,,,2007-02-08,20070302163058,http://img243.imageshack.us/img243/7577/whip27kn1.png,https://web.archive.org/web/20070302163058/http://img243.imageshack.us/img243/7577/whip27kn1.png,,120747,41e943e018afc725334c3609a859ccc3bbf5a8cd,,
2007/February-9-2007-runescapethingy-screenshot-img77.imageshack.us.png,official game: screenshot (RuneScape 2),RuneScape client screenshot (uploaded as runescapethingyei2.png).,,,2007-02-09,20070212063249,http://img77.imageshack.us:80/img77/5180/runescapethingyei2.png,https://web.archive.org/web/20070212063249/http://img77.imageshack.us:80/img77/5180/runescapethingyei2.png,,258689,6f698d08ba4778cdbd85dcd0c52350af31b34c76,,
2007/January-10-2007-reward-screenshot-img398.imageshack.us.png,official game: screenshot (RuneScape 2),RuneScape client screenshot (uploaded as rewardvy7.png).,,,2007-01-10,20070219142421,http://img398.imageshack.us:80/img398/205/rewardvy7.png,https://web.archive.org/web/20070219142421/http://img398.imageshack.us:80/img398/205/rewardvy7.png,,220255,5932076c5f812578e072e5082f70d3954edc8088,,
2007/January-27-2007-runescape-screenshot-img264.imageshack.us.jpg,official game: screenshot (RuneScape 2),RuneScape client screenshot (uploaded as runescapezn5.jpg).,,,2007-01-27,20070306144752,http://img264.imageshack.us:80/img264/1613/runescapezn5.jpg,https://web.archive.org/web/20070306144752/http://img264.imageshack.us:80/img264/1613/runescapezn5.jpg,,22458,5cbc9887017e6c7ed7d035b2137bfd1ddc7e7684,,
2007/January-3-2007-koedfreedscim-screenshot-xs511.xs.to.png,official game: screenshot (RuneScape 2),RuneScape client screenshot (uploaded as koedfreedscim.PNG).,,,2007-01-03,20070110113048,http://xs511.xs.to:80/xs511/07013/koedfreedscim.PNG,https://web.archive.org/web/20070110113048/http://xs511.xs.to:80/xs511/07013/koedfreedscim.PNG,,117268,13db07ec857f3fb254de9d810ac8af562b5c11fd,,
2007/January-3-2007-koedfullrune5thtoday-screenshot-xs511.xs.to.png,official game: screenshot (RuneScape 2),RuneScape client screenshot (uploaded as koedfullrune5thtoday.PNG).,,,2007-01-03,20070110113204,http://xs511.xs.to:80/xs511/07013/koedfullrune5thtoday.PNG,https://web.archive.org/web/20070110113204/http://xs511.xs.to:80/xs511/07013/koedfullrune5thtoday.PNG,,137679,be872517f10b9d0573d100b0d4c059a4bcb94e52,,
2007/January-3-2007-koedfullruneftw-screenshot-xs411.xs.to.png,official game: screenshot (RuneScape 2),RuneScape client screenshot (uploaded as koedfullruneftw.PNG).,,,2007-01-03,20070112044030,http://xs411.xs.to:80/xs411/07013/koedfullruneftw.PNG,https://web.archive.org/web/20070112044030/http://xs411.xs.to:80/xs411/07013/koedfullruneftw.PNG,,126099,45b12b46ffca17000a6d18edb379c3a45459b1db,,
2007/January-3-2007-tanksftw-screenshot-xs411.xs.to.png,official game: screenshot (RuneScape 2),RuneScape client screenshot (uploaded as tanksftw.PNG).,,,2007-01-03,20070112043435,http://xs411.xs.to:80/xs411/07013/tanksftw.PNG,https://web.archive.org/web/20070112043435/http://xs411.xs.to:80/xs411/07013/tanksftw.PNG,,159440,9e455ab7f3fde38c7b497e3a128fb223fe3a481e,,
2007/January-3-2007-vahasenrunee-screenshot-xs511.xs.to.png,official game: screenshot (RuneScape 2),RuneScape client screenshot (uploaded as vahasenrunee.PNG).,,,2007-01-03,20070110112942,http://xs511.xs.to:80/xs511/07013/vahasenrunee.PNG,https://web.archive.org/web/20070110112942/http://xs511.xs.to:80/xs511/07013/vahasenrunee.PNG,,134679,fc637676584042f1ec2f1e1397327a2ecab40bb5,,
2007/January-4-2007-06oct17223357zt7-img154.imageshack.us.png,official game: screenshot (RuneScape 2),RS2 client screenshot from img154.imageshack.us. Embedded in: Godofwar455s Pking Gallery =) - Runescape Community (https://web.archive.org/web/20061217035225/http://www.runescapecommunity.com:80/index.php?showtopic=653688).,,,2007-01-04,20070214022613,http://img154.imageshack.us/img154/5371/06oct17223357zt7.png,https://web.archive.org/web/20070214022613/http://img154.imageshack.us/img154/5371/06oct17223357zt7.png,,137001,a5a1c0d5b6a27497d9755ed284be4e2982b71370,,
2007/January-4-2007-68yy-img154.imageshack.us.png,official game: screenshot (RuneScape 2),RS2 client screenshot from img154.imageshack.us. Embedded in: New Pure In Progress - Runescape Community (https://web.archive.org/web/20061213223321/http://www.runescapecommunity.com:80/index.php?showtopic=588611).,,,2007-01-04,20070302060729,http://img154.imageshack.us/img154/5540/68yy.png,https://web.archive.org/web/20070302060729/http://img154.imageshack.us/img154/5540/68yy.png,,138081,b6cecf4534415202d0084fcaf02f8db9cf31f24c,,
2007/January-4-2007-wilderness-level-12-shark-client-img1.putfile.com.jpg,official game: screenshot (RuneScape 2),"RS2 client screenshot (putfile thumbnail) in the Wilderness at level 12, eating sharks, game message about a free ticket to Lumbridge",,,2007-01-04,20070113035124,http://img1.putfile.com:80/thumb/1/311245871.jpg,https://web.archive.org/web/20070113035124/http://img1.putfile.com:80/thumb/1/311245871.jpg,,13279,a254078fab5636ef49e9bd4f48a233abbc0b2127,,
2007/January-6-2007-guthixlegs-screenshot-img373.imageshack.us.png,official game: screenshot (RuneScape 2),RuneScape client screenshot (uploaded as guthixlegsjm6.png).,,,2007-01-06,20070205044558,http://img373.imageshack.us:80/img373/2440/guthixlegsjm6.png,https://web.archive.org/web/20070205044558/http://img373.imageshack.us:80/img373/2440/guthixlegsjm6.png,,183969,d51cd691a0a78b5b9d9190c7659c7b59dcdb8bc8,,
2007/January-7-2007-castle-session-1-stats-tab-client-img1.putfile.com.jpg,official game: screenshot (RuneScape 2),"RS2 client screenshot (putfile thumbnail), player on castle grounds with banners, stats tab open, Fish sale chat, one of a 3-shot series",,,2007-01-07,20070110094651,http://img1.putfile.com:80/thumb/1/611054343.jpg,https://web.archive.org/web/20070110094651/http://img1.putfile.com:80/thumb/1/611054343.jpg,,14955,ff9efabdb1b5ba84b41e649768d1bb66f7783fa5,,
2007/January-7-2007-castle-session-2-inventory-client-img1.putfile.com.jpg,official game: screenshot (RuneScape 2),"RS2 client screenshot (putfile thumbnail), same castle session, inventory tab open, one of a 3-shot series",,,2007-01-07,20070110094757,http://img1.putfile.com:80/thumb/1/611074816.jpg,https://web.archive.org/web/20070110094757/http://img1.putfile.com:80/thumb/1/611074816.jpg,,14218,2993c287a70458f6b2597ea792f71bb8e83d1905,,
2007/January-7-2007-castle-session-3-red-interface-client-img1.putfile.com.jpg,official game: screenshot (RuneScape 2),"RS2 client screenshot (putfile thumbnail), same castle session, a red side-panel interface open, chat says Welcome to RuneScape, one of a 3-shot series",,,2007-01-07,20070110094841,http://img1.putfile.com:80/thumb/1/611113689.jpg,https://web.archive.org/web/20070110094841/http://img1.putfile.com:80/thumb/1/611113689.jpg,,13320,4507bea3fb1a947d771dd5d778a37d9c02ae5d8b,,
2007/March-2-2007-cluescroll2-screenshot-img85.imageshack.us.png,official game: screenshot (RuneScape 2),RuneScape client screenshot (uploaded as cluescroll2qp9.png).,,,2007-03-02,20070329052102,http://img85.imageshack.us:80/img85/9537/cluescroll2qp9.png,https://web.archive.org/web/20070329052102/http://img85.imageshack.us:80/img85/9537/cluescroll2qp9.png,,214805,85df6c8ec38c4dc3e91a36b8159c2b9dcfc795fe,,
runescape-classic/April-15-2004-rsc-wilderness-first-full-kill-classic-koti.mbnet.fi.jpg,official game: screenshot (RuneScape Classic),"RuneScape Classic screenshot, Wilderness PK loot menu, from the Finnish player folder koti.mbnet.fi/kuukke",,,2004-04-15,20050123090330,http://koti.mbnet.fi:80/kuukke/data/ekat%20fullit%20conanil.JPG,https://web.archive.org/web/20050123090330/http://koti.mbnet.fi:80/kuukke/data/ekat%20fullit%20conanil.JPG,,37397,e41f415b2efeb33b715bff1b82f4b38bd0ee722b,,
runescape-classic/April-5-2005-runescape-img118.exs.cx.jpg,official game: screenshot (RuneScape Classic),RuneScape Classic running in Internet Explorer on runescape.com.,,,2005-04-05,20050627131107,http://img118.exs.cx/img118/4352/runescape5hi.jpg,https://web.archive.org/web/20050627131107/http://img118.exs.cx/img118/4352/runescape5hi.jpg,,86676,6fd6eebebb1181a94b95f19b4a1922d526e10c76,,
runescape-classic/August-2-2004-rsc-wilderness-full-rune-kill-classic-koti.mbnet.fi.jpg,official game: screenshot (RuneScape Classic),"RuneScape Classic screenshot, Wilderness PK loot menu, from the Finnish player folder koti.mbnet.fi/kuukke",,,2004-08-02,20050121020649,http://koti.mbnet.fi:80/kuukke/data/ful%20rune%20tappo.JPG,https://web.archive.org/web/20050121020649/http://koti.mbnet.fi:80/kuukke/data/ful%20rune%20tappo.JPG,,38200,3016b5a5473e5f13d2f7e4500d8799346117fc14,,
runescape-classic/December-24-2004-runescapesmither-img135.exs.cx.jpg,official game: screenshot (RuneScape Classic),"RuneScape Classic screenshot: players in party hats (Musashi22, Eagle 234).",,,2004-12-24,20060312030021,http://img135.exs.cx/img135/8/runescapesmither5kd.jpg,https://web.archive.org/web/20060312030021/http://img135.exs.cx/img135/8/runescapesmither5kd.jpg,,31395,6f2ff21a86d8c63028b5d2c3de75928bda026034,,
runescape-classic/December-29-2003-rsc-wilderness-kill5-classic-koti.mbnet.fi.jpg,official game: screenshot (RuneScape Classic),"RuneScape Classic screenshot, Wilderness level 23 PK loot menu, from the Finnish player folder koti.mbnet.fi/kuukke",,,2003-12-29,20050121012244,http://koti.mbnet.fi:80/kuukke/data/kill5.JPG,https://web.archive.org/web/20050121012244/http://koti.mbnet.fi:80/kuukke/data/kill5.JPG,,43075,ebfd2dc61670eec845926b216024472fd9e12d4a,,
runescape-classic/December-3-2004-rsc-wilderness-jamip-kill-classic-koti.mbnet.fi.jpg,official game: screenshot (RuneScape Classic),"RuneScape Classic screenshot, Wilderness PK loot menu, from the Finnish player folder koti.mbnet.fi/kuukke",,,2004-12-03,20050122204358,http://koti.mbnet.fi:80/kuukke/data/jamideed.JPG,https://web.archive.org/web/20050122204358/http://koti.mbnet.fi:80/kuukke/data/jamideed.JPG,,36838,c8833ab7aeb8f4f1f798a46760b15c71353c50fe,,
runescape-classic/February-2-2004-rune-heroes-angelfire.com.jpg,official game: screenshot (RuneScape Classic),RuneScape Classic screenshot.,,,2004-02-02,20181218025513,http://www.angelfire.com/rpg2/koppen/Rune_Heroes.jpg,https://web.archive.org/web/20181218025513/http://www.angelfire.com/rpg2/koppen/Rune_Heroes.jpg,,27711,775418b62d85d6da57ea0d6effde4d19a1432dda,,
runescape-classic/February-2-2004-rune-lavamaze-angelfire.com.jpg,official game: screenshot (RuneScape Classic),RuneScape Classic screenshot.,,,2004-02-02,20181218025510,http://www.angelfire.com/rpg2/koppen/Rune_lavamaze.jpg,https://web.archive.org/web/20181218025510/http://www.angelfire.com/rpg2/koppen/Rune_lavamaze.jpg,,53241,2d4b23cf28745d029e52220f3a9626fee8f3549b,,
runescape-classic/February-2-2004-rune-wilderness-angelfire.com.jpg,official game: screenshot (RuneScape Classic),RuneScape Classic screenshot.,,,2004-02-02,20181218025513,http://www.angelfire.com/rpg2/koppen/Rune_wilderness.jpg,https://web.archive.org/web/20181218025513/http://www.angelfire.com/rpg2/koppen/Rune_wilderness.jpg,,35171,3f200b5850c613c2fdd3a69f153e4c2e126072c0,,
runescape-classic/March-1-2004-rsc-wilderness-jamip-kill-2-classic-koti.mbnet.fi.jpg,official game: screenshot (RuneScape Classic),"RuneScape Classic screenshot, Wilderness PK loot menu, from the Finnish player folder koti.mbnet.fi/kuukke",,,2004-03-01,20050123082849,http://koti.mbnet.fi:80/kuukke/data/jamided.JPG,https://web.archive.org/web/20050123082849/http://koti.mbnet.fi:80/kuukke/data/jamided.JPG,,37288,1859a94bfb21739eedd1f80db240d708d7ff75d5,,
runescape-classic/March-27-2004-runefull3-angelfire.com.jpg,official game: screenshot (RuneScape Classic),RuneScape Classic screenshot.,,,2004-03-27,20040709234153,http://www.angelfire.com/dragon2/kbdslayer0/images/proof/runefull3.JPG,https://web.archive.org/web/20040709234153/http://www.angelfire.com/dragon2/kbdslayer0/images/proof/runefull3.JPG,,42364,b79747f14be02bc3483d00c831045b8ede6351a5,,
runescape-classic/March-27-2004-runefullnew1-angelfire.com.jpg,official game: screenshot (RuneScape Classic),RuneScape Classic screenshot.,,,2004-03-27,20040710220049,http://www.angelfire.com/dragon2/kbdslayer0/images/proof/runefullnew1.JPG,https://web.archive.org/web/20040710220049/http://www.angelfire.com/dragon2/kbdslayer0/images/proof/runefullnew1.JPG,,45810,1fd53935ec886e92f62b3e0f6917e3ac1922f59d,,
runescape-classic/March-27-2004-runefullnew2-angelfire.com.jpg,official game: screenshot (RuneScape Classic),RuneScape Classic screenshot.,,,2004-03-27,20040711115201,http://www.angelfire.com/dragon2/kbdslayer0/images/proof/runefullnew2.JPG,https://web.archive.org/web/20040711115201/http://www.angelfire.com/dragon2/kbdslayer0/images/proof/runefullnew2.JPG,,40369,288ae50b15d5d8b789629966693a9e8a58bc8c7e,,
runescape-classic/May-11-2002-rsc-rune-doll-cheese-chat-classic-shaarunescape.8m.com.jpg,official game: screenshot (RuneScape Classic),"RuneScape Classic screenshot, players chatting 'Cheese!!' around a table, from the fan site shaarunescape.8m.com",,,2002-05-11,20041127020623,http://www.shaarunescape.8m.com:80/images/rune_doll.jpg,https://web.archive.org/web/20041127020623/http://www.shaarunescape.8m.com:80/images/rune_doll.jpg,,42495,77ae7d56aa9131f0a21915e7b3874377303b431a,,
runescape-classic/September-29-2002-rsc-what-is-this-place-classic-runescaper.20m.com.jpg,official game: screenshot (RuneScape Classic),"RuneScape Classic screenshot by a stone structure ('what is this place and why can't I open it, is it a quest'), from runescaper.20m.com",,,2002-09-29,20041111030357,http://www.runescaper.20m.com:80/images/whatisthisplaceandwhycantiopenitandisitaquest.jpg,https://web.archive.org/web/20041111030357/http://www.runescaper.20m.com:80/images/whatisthisplaceandwhycantiopenitandisitaquest.jpg,,26736,e818357dc93fe39dd9554265bfcdaf7b77f356a2,,
